2026-02-06 15:49:36,016 - INFO - Iniciando scraping de 5 páginas
2026-02-06 15:49:36,016 - INFO - Fazendo scraping da página 1: https://www.zapimoveis.com.br/venda/imoveis/pr+guarapuava/?pagina=1
2026-02-06 15:49:36,313 - ERROR - Erro ao acessar página 1: 403 Client Error: Forbidden for url: https://www.zapimoveis.com.br/venda/imoveis/pr+guarapuava/?pagina=1
2026-02-06 15:49:36,313 - INFO - Fazendo scraping da página 2: https://www.zapimoveis.com.br/venda/imoveis/pr+guarapuava/?pagina=2
2026-02-06 15:49:36,452 - ERROR - Erro ao acessar página 2: 403 Client Error: Forbidden for url: https://www.zapimoveis.com.br/venda/imoveis/pr+guarapuava/?pagina=2
2026-02-06 15:49:36,453 - INFO - Fazendo scraping da página 3: https://www.zapimoveis.com.br/venda/imoveis/pr+guarapuava/?pagina=3
2026-02-06 15:49:36,593 - ERROR - Erro ao acessar página 3: 403 Client Error: Forbidden for url: https://www.zapimoveis.com.br/venda/imoveis/pr+guarapuava/?pagina=3
2026-02-06 15:49:36,593 - INFO - Fazendo scraping da página 4: https://www.zapimoveis.com.br/venda/imoveis/pr+guarapuava/?pagina=4
2026-02-06 15:49:36,756 - ERROR - Erro ao acessar página 4: 403 Client Error: Forbidden for url: https://www.zapimoveis.com.br/venda/imoveis/pr+guarapuava/?pagina=4
2026-02-06 15:49:36,757 - INFO - Fazendo scraping da página 5: https://www.zapimoveis.com.br/venda/imoveis/pr+guarapuava/?pagina=5
2026-02-06 15:49:36,897 - ERROR - Erro ao acessar página 5: 403 Client Error: Forbidden for url: https://www.zapimoveis.com.br/venda/imoveis/pr+guarapuava/?pagina=5
2026-02-06 15:49:36,898 - INFO - Total de imóveis coletados: 0
2026-02-06 15:50:05,737 - INFO - Iniciando scraping de 5 páginas
2026-02-06 15:50:05,737 - INFO - Fazendo scraping da página 1: https://www.zapimoveis.com.br/venda/imoveis/pr+guarapuava/?pagina=1
2026-02-06 15:50:05,890 - ERROR - Erro ao acessar página 1: 403 Client Error: Forbidden for url: https://www.zapimoveis.com.br/venda/imoveis/pr+guarapuava/?pagina=1
2026-02-06 15:50:05,890 - INFO - Fazendo scraping da página 2: https://www.zapimoveis.com.br/venda/imoveis/pr+guarapuava/?pagina=2
2026-02-06 15:50:06,032 - ERROR - Erro ao acessar página 2: 403 Client Error: Forbidden for url: https://www.zapimoveis.com.br/venda/imoveis/pr+guarapuava/?pagina=2
2026-02-06 15:50:06,032 - INFO - Fazendo scraping da página 3: https://www.zapimoveis.com.br/venda/imoveis/pr+guarapuava/?pagina=3
2026-02-06 15:50:06,171 - ERROR - Erro ao acessar página 3: 403 Client Error: Forbidden for url: https://www.zapimoveis.com.br/venda/imoveis/pr+guarapuava/?pagina=3
2026-02-06 15:50:06,171 - INFO - Fazendo scraping da página 4: https://www.zapimoveis.com.br/venda/imoveis/pr+guarapuava/?pagina=4
2026-02-06 15:50:06,310 - ERROR - Erro ao acessar página 4: 403 Client Error: Forbidden for url: https://www.zapimoveis.com.br/venda/imoveis/pr+guarapuava/?pagina=4
2026-02-06 15:50:06,311 - INFO - Fazendo scraping da página 5: https://www.zapimoveis.com.br/venda/imoveis/pr+guarapuava/?pagina=5
2026-02-06 15:50:06,465 - ERROR - Erro ao acessar página 5: 403 Client Error: Forbidden for url: https://www.zapimoveis.com.br/venda/imoveis/pr+guarapuava/?pagina=5
2026-02-06 15:50:06,466 - INFO - Total de imóveis coletados: 0
2026-02-06 15:56:20,130 - [INFO] - Inicializando Selenium WebDriver...
2026-02-06 15:56:20,130 - [INFO] - ====== WebDriver manager ======
2026-02-06 15:56:20,190 - [INFO] - Get LATEST chromedriver version for google-chrome
2026-02-06 15:56:20,322 - [INFO] - Get LATEST chromedriver version for google-chrome
2026-02-06 15:56:20,414 - [INFO] - There is no [linux64] chromedriver "144.0.7559.133" for browser google-chrome "144.0.7559" in cache
2026-02-06 15:56:20,414 - [INFO] - Get LATEST chromedriver version for google-chrome
2026-02-06 15:56:20,665 - [INFO] - WebDriver version 144.0.7559.133 selected
2026-02-06 15:56:20,669 - [INFO] - Modern chrome version https://storage.googleapis.com/chrome-for-testing-public/144.0.7559.133/linux64/chromedriver-linux64.zip
2026-02-06 15:56:20,670 - [INFO] - About to download new driver from https://storage.googleapis.com/chrome-for-testing-public/144.0.7559.133/linux64/chromedriver-linux64.zip
2026-02-06 15:56:20,959 - [INFO] - Driver downloading response is 200
2026-02-06 15:56:21,587 - [INFO] - Get LATEST chromedriver version for google-chrome
2026-02-06 15:56:21,770 - [INFO] - Driver has been saved in cache [/home/felipe/.wdm/drivers/chromedriver/linux64/144.0.7559.133]
2026-02-06 15:56:22,619 - [INFO] - ✓ Selenium WebDriver inicializado com sucesso
2026-02-06 15:56:22,619 - [INFO] - ======================================================================
2026-02-06 15:56:22,619 - [INFO] - INICIANDO SCRAPING: pr+guarapuava
2026-02-06 15:56:22,619 - [INFO] - ======================================================================
2026-02-06 15:56:22,619 - [INFO] - 
--- PÁGINA 1/3 ---
2026-02-06 15:56:22,619 - [INFO] - → Acessando: https://www.zapimoveis.com.br/venda/imoveis/pr+guarapuava/?pagina=1
2026-02-06 15:56:27,145 - [INFO] - ✓ Página carregada
2026-02-06 15:56:27,352 - [INFO] - Procurando cards de imóveis...
2026-02-06 15:56:27,354 - [INFO] - Estratégia 1 - Links de imóvel encontrados: 0
2026-02-06 15:56:27,355 - [INFO] - Estratégia 2 - Cards por data-testid: 0
2026-02-06 15:56:27,355 - [INFO] - Estratégia 3 - Articles encontradas: 8
2026-02-06 15:56:27,356 - [INFO] - ✓ 0 imóveis extraídos da página
2026-02-06 15:56:27,356 - [INFO] - Aguardando 2.0s antes da próxima página...
2026-02-06 15:56:29,356 - [INFO] - 
--- PÁGINA 2/3 ---
2026-02-06 15:56:29,356 - [INFO] - → Acessando: https://www.zapimoveis.com.br/venda/imoveis/pr+guarapuava/?pagina=2
2026-02-06 15:56:32,509 - [INFO] - ✓ Página carregada
2026-02-06 15:56:32,513 - [INFO] - Procurando cards de imóveis...
2026-02-06 15:56:32,513 - [INFO] - Estratégia 1 - Links de imóvel encontrados: 0
2026-02-06 15:56:32,513 - [INFO] - Estratégia 2 - Cards por data-testid: 0
2026-02-06 15:56:32,513 - [INFO] - Estratégia 3 - Articles encontradas: 0
2026-02-06 15:56:32,513 - [WARNING] - ⚠ Nenhum card de imóvel encontrado!
2026-02-06 15:56:32,513 - [INFO] - Aguardando 2.0s antes da próxima página...
2026-02-06 15:56:34,513 - [INFO] - 
--- PÁGINA 3/3 ---
2026-02-06 15:56:34,513 - [INFO] - → Acessando: https://www.zapimoveis.com.br/venda/imoveis/pr+guarapuava/?pagina=3
2026-02-06 15:56:37,571 - [INFO] - ✓ Página carregada
2026-02-06 15:56:37,575 - [INFO] - Procurando cards de imóveis...
2026-02-06 15:56:37,575 - [INFO] - Estratégia 1 - Links de imóvel encontrados: 0
2026-02-06 15:56:37,575 - [INFO] - Estratégia 2 - Cards por data-testid: 0
2026-02-06 15:56:37,575 - [INFO] - Estratégia 3 - Articles encontradas: 0
2026-02-06 15:56:37,575 - [WARNING] - ⚠ Nenhum card de imóvel encontrado!
2026-02-06 15:56:37,575 - [WARNING] - 
⚠ Nenhum imóvel foi coletado de pr+guarapuava
2026-02-06 15:56:37,576 - [WARNING] - Nenhum imóvel foi coletado
2026-02-06 15:56:37,650 - [INFO] - ✓ WebDriver fechado
2026-02-06 15:57:45,882 - [INFO] - Inicializando WebDriver...
2026-02-06 15:57:45,882 - [INFO] - ====== WebDriver manager ======
2026-02-06 15:57:45,941 - [INFO] - Get LATEST chromedriver version for google-chrome
2026-02-06 15:57:46,034 - [INFO] - Get LATEST chromedriver version for google-chrome
2026-02-06 15:57:46,128 - [INFO] - Driver [/home/felipe/.wdm/drivers/chromedriver/linux64/144.0.7559.133/chromedriver-linux64/chromedriver] found in cache
2026-02-06 15:57:46,974 - [INFO] - ✓ WebDriver inicializado
2026-02-06 15:57:46,974 - [INFO] - ======================================================================
2026-02-06 15:57:46,974 - [INFO] - SCRAPING: pr+guarapuava
2026-02-06 15:57:46,974 - [INFO] - ======================================================================
2026-02-06 15:57:46,974 - [INFO] - 
[PÁGINA 1/3]
2026-02-06 15:57:46,974 - [INFO] - Acessando: https://www.zapimoveis.com.br/venda/imoveis/pr+guarapuava/?pagina=1
2026-02-06 15:57:52,242 - [INFO] - ✓ Página carregada
2026-02-06 15:57:52,414 - [INFO] - Encontrados 4 blocos JSON-LD
2026-02-06 15:57:52,414 - [INFO] - ItemList encontrado com 30 itens
2026-02-06 15:57:52,414 - [INFO] - ✓ 0 imóveis extraídos do JSON-LD
2026-02-06 15:57:52,414 - [INFO] - Aguardando 2.0s...
2026-02-06 15:57:54,414 - [INFO] - 
[PÁGINA 2/3]
2026-02-06 15:57:54,415 - [INFO] - Acessando: https://www.zapimoveis.com.br/venda/imoveis/pr+guarapuava/?pagina=2
2026-02-06 15:57:58,584 - [INFO] - ✓ Página carregada
2026-02-06 15:57:58,588 - [INFO] - Encontrados 0 blocos JSON-LD
2026-02-06 15:57:58,588 - [INFO] - ✓ 0 imóveis extraídos do JSON-LD
2026-02-06 15:57:58,588 - [INFO] - Aguardando 2.0s...
2026-02-06 15:58:00,588 - [INFO] - 
[PÁGINA 3/3]
2026-02-06 15:58:00,588 - [INFO] - Acessando: https://www.zapimoveis.com.br/venda/imoveis/pr+guarapuava/?pagina=3
2026-02-06 15:58:04,647 - [INFO] - ✓ Página carregada
2026-02-06 15:58:04,651 - [INFO] - Encontrados 0 blocos JSON-LD
2026-02-06 15:58:04,651 - [INFO] - ✓ 0 imóveis extraídos do JSON-LD
2026-02-06 15:58:04,651 - [WARNING] - 
⚠ Nenhum imóvel coletado de pr+guarapuava
2026-02-06 15:58:04,727 - [INFO] - ✓ WebDriver fechado
2026-02-06 16:00:28,959 - [INFO] - Inicializando WebDriver...
2026-02-06 16:00:28,960 - [INFO] - ====== WebDriver manager ======
2026-02-06 16:00:29,018 - [INFO] - Get LATEST chromedriver version for google-chrome
2026-02-06 16:00:29,121 - [INFO] - Get LATEST chromedriver version for google-chrome
2026-02-06 16:00:29,215 - [INFO] - Driver [/home/felipe/.wdm/drivers/chromedriver/linux64/144.0.7559.133/chromedriver-linux64/chromedriver] found in cache
2026-02-06 16:00:30,061 - [INFO] - ✓ WebDriver inicializado
2026-02-06 16:00:30,061 - [INFO] - ======================================================================
2026-02-06 16:00:30,061 - [INFO] - SCRAPING: pr+guarapuava
2026-02-06 16:00:30,061 - [INFO] - ======================================================================
2026-02-06 16:00:30,061 - [INFO] - 
[PÁGINA 1/3]
2026-02-06 16:00:30,061 - [INFO] - Acessando: https://www.zapimoveis.com.br/venda/imoveis/pr+guarapuava/?pagina=1
2026-02-06 16:00:34,846 - [INFO] - ✓ Página carregada
2026-02-06 16:00:35,015 - [INFO] - Encontrados 4 blocos JSON-LD
2026-02-06 16:00:35,015 - [INFO] - ItemList encontrado com 30 itens
2026-02-06 16:00:35,016 - [INFO] - ✓ 30 imóveis extraídos do JSON-LD
2026-02-06 16:00:35,016 - [INFO] - Total acumulado: 30 imóveis
2026-02-06 16:00:35,016 - [INFO] -   • Rua dos Garis, Guarapuava - R$ 200,000
2026-02-06 16:00:35,016 - [INFO] -   • Rua Senador Pinheiro Machado, Guarapuava - R$ 641,000
2026-02-06 16:00:35,016 - [INFO] -   • Rua Marabá, Guarapuava - R$ 180,000
2026-02-06 16:00:35,016 - [INFO] - Aguardando 2.0s...
2026-02-06 16:00:37,016 - [INFO] - 
[PÁGINA 2/3]
2026-02-06 16:00:37,016 - [INFO] - Acessando: https://www.zapimoveis.com.br/venda/imoveis/pr+guarapuava/?pagina=2
2026-02-06 16:00:41,177 - [INFO] - ✓ Página carregada
2026-02-06 16:00:41,181 - [INFO] - Encontrados 0 blocos JSON-LD
2026-02-06 16:00:41,181 - [INFO] - ✓ 0 imóveis extraídos do JSON-LD
2026-02-06 16:00:41,181 - [INFO] - Aguardando 2.0s...
2026-02-06 16:00:43,181 - [INFO] - 
[PÁGINA 3/3]
2026-02-06 16:00:43,181 - [INFO] - Acessando: https://www.zapimoveis.com.br/venda/imoveis/pr+guarapuava/?pagina=3
2026-02-06 16:00:47,243 - [INFO] - ✓ Página carregada
2026-02-06 16:00:47,246 - [INFO] - Encontrados 0 blocos JSON-LD
2026-02-06 16:00:47,247 - [INFO] - ✓ 0 imóveis extraídos do JSON-LD
2026-02-06 16:00:47,247 - [INFO] - 
✓ 30 imóveis de pr+guarapuava
2026-02-06 16:00:47,247 - [INFO] - 
======================================================================
2026-02-06 16:00:47,247 - [INFO] - RESUMO DOS DADOS
2026-02-06 16:00:47,247 - [INFO] - ======================================================================
2026-02-06 16:00:47,253 - [INFO] - ✓ Dados salvos: data/raw/imoveis_guarapuava.csv
2026-02-06 16:00:47,328 - [INFO] - ✓ WebDriver fechado
2026-02-06 16:01:20,668 - [INFO] - Inicializando WebDriver...
2026-02-06 16:01:20,668 - [INFO] - ====== WebDriver manager ======
2026-02-06 16:01:20,724 - [INFO] - Get LATEST chromedriver version for google-chrome
2026-02-06 16:01:20,818 - [INFO] - Get LATEST chromedriver version for google-chrome
2026-02-06 16:01:20,907 - [INFO] - Driver [/home/felipe/.wdm/drivers/chromedriver/linux64/144.0.7559.133/chromedriver-linux64/chromedriver] found in cache
2026-02-06 16:01:21,749 - [INFO] - ✓ WebDriver inicializado
2026-02-06 16:01:21,749 - [INFO] - ======================================================================
2026-02-06 16:01:21,749 - [INFO] - SCRAPING: pr+guarapuava
2026-02-06 16:01:21,749 - [INFO] - ======================================================================
2026-02-06 16:01:21,749 - [INFO] - 
[PÁGINA 1/3]
2026-02-06 16:01:21,749 - [INFO] - Acessando: https://www.zapimoveis.com.br/venda/imoveis/pr+guarapuava/?pagina=1
2026-02-06 16:01:31,522 - [INFO] - ✓ Página carregada
2026-02-06 16:01:31,693 - [INFO] - Encontrados 4 blocos JSON-LD
2026-02-06 16:01:31,693 - [INFO] - ItemList encontrado com 30 itens
2026-02-06 16:01:31,693 - [INFO] - ✓ 30 imóveis extraídos do JSON-LD
2026-02-06 16:01:31,693 - [INFO] - Total acumulado: 30 imóveis
2026-02-06 16:01:31,693 - [INFO] -   • Rua dos Garis, Guarapuava - R$ 200,000
2026-02-06 16:01:31,693 - [INFO] -   • Rua Senador Pinheiro Machado, Guarapuava - R$ 641,000
2026-02-06 16:01:31,694 - [INFO] -   • Rua Marabá, Guarapuava - R$ 180,000
2026-02-06 16:01:31,694 - [INFO] - Aguardando 2.0s...
2026-02-06 16:01:33,694 - [INFO] - 
[PÁGINA 2/3]
2026-02-06 16:01:33,694 - [INFO] - Acessando: https://www.zapimoveis.com.br/venda/imoveis/pr+guarapuava/?pagina=2
2026-02-06 16:01:42,876 - [INFO] - ✓ Página carregada
2026-02-06 16:01:42,879 - [INFO] - Encontrados 0 blocos JSON-LD
2026-02-06 16:01:42,879 - [INFO] - ✓ 0 imóveis extraídos do JSON-LD
2026-02-06 16:01:42,879 - [INFO] - Aguardando 2.0s...
2026-02-06 16:01:44,880 - [INFO] - 
[PÁGINA 3/3]
2026-02-06 16:01:44,880 - [INFO] - Acessando: https://www.zapimoveis.com.br/venda/imoveis/pr+guarapuava/?pagina=3
2026-02-06 16:01:53,951 - [INFO] - ✓ Página carregada
2026-02-06 16:01:53,955 - [INFO] - Encontrados 0 blocos JSON-LD
2026-02-06 16:01:53,955 - [INFO] - ✓ 0 imóveis extraídos do JSON-LD
2026-02-06 16:01:53,956 - [INFO] - 
✓ 30 imóveis de pr+guarapuava
2026-02-06 16:01:53,956 - [INFO] - 
======================================================================
2026-02-06 16:01:53,956 - [INFO] - RESUMO DOS DADOS
2026-02-06 16:01:53,956 - [INFO] - ======================================================================
2026-02-06 16:01:53,961 - [INFO] - ✓ Dados salvos: data/raw/imoveis_guarapuava.csv
2026-02-06 16:01:54,037 - [INFO] - ✓ WebDriver fechado
2026-02-06 16:22:05,475 - INFO - ============================================================
2026-02-06 16:22:05,476 - INFO - INICIANDO SCRAPING
2026-02-06 16:22:05,476 - INFO - Cidade: Guarapuava/PR
2026-02-06 16:22:05,476 - INFO - Páginas: 5
2026-02-06 16:22:05,476 - INFO - Delay entre páginas: 5.0-10.0s
2026-02-06 16:22:05,476 - INFO - ============================================================
2026-02-06 16:22:05,476 - INFO - ============================================================
2026-02-06 16:22:05,476 - INFO - PÁGINA 1
2026-02-06 16:22:05,476 - INFO - ============================================================
2026-02-06 16:22:05,476 - INFO - ====== WebDriver manager ======
2026-02-06 16:22:05,531 - INFO - Get LATEST chromedriver version for google-chrome
2026-02-06 16:22:05,637 - INFO - Get LATEST chromedriver version for google-chrome
2026-02-06 16:22:05,725 - INFO - Driver [/home/felipe/.wdm/drivers/chromedriver/linux64/144.0.7559.133/chromedriver-linux64/chromedriver] found in cache
2026-02-06 16:22:06,541 - INFO - Driver criado com User-Agent: Mozilla/5.0 (X11; Linux x86_64) AppleWebKit/537.36...
2026-02-06 16:22:06,541 - INFO - Acessando: https://www.zapimoveis.com.br/venda/imoveis/pr+guarapuava/?pagina=1
2026-02-06 16:22:07,585 - INFO - Aguardando 7.6s para carregamento...
2026-02-06 16:22:23,698 - INFO - Analisando página HTML...
2026-02-06 16:22:23,699 - INFO - Tentativa 1 (data-testid=property-card): 0 cards
2026-02-06 16:22:23,703 - INFO - Tentativa 2 (class contendo 'card'): 16 cards
2026-02-06 16:22:23,705 - INFO - ✓ Página 1: 0 imóveis extraídos
2026-02-06 16:22:23,782 - INFO - Driver fechado
2026-02-06 16:22:23,782 - INFO - Aguardando 9.6s antes da próxima página...
2026-02-06 16:22:33,406 - INFO - ============================================================
2026-02-06 16:22:33,406 - INFO - PÁGINA 2
2026-02-06 16:22:33,406 - INFO - ============================================================
2026-02-06 16:22:33,406 - INFO - ====== WebDriver manager ======
2026-02-06 16:22:33,464 - INFO - Get LATEST chromedriver version for google-chrome
2026-02-06 16:22:33,555 - INFO - Get LATEST chromedriver version for google-chrome
2026-02-06 16:22:33,639 - INFO - Driver [/home/felipe/.wdm/drivers/chromedriver/linux64/144.0.7559.133/chromedriver-linux64/chromedriver] found in cache
2026-02-06 16:22:34,444 - INFO - Driver criado com User-Agent: Mozilla/5.0 (X11; Linux x86_64) AppleWebKit/537.36...
2026-02-06 16:22:34,444 - INFO - Acessando: https://www.zapimoveis.com.br/venda/imoveis/pr+guarapuava/?pagina=2
2026-02-06 16:22:35,492 - INFO - Aguardando 7.4s para carregamento...
2026-02-06 16:22:50,339 - INFO - Analisando página HTML...
2026-02-06 16:22:50,342 - INFO - Tentativa 1 (data-testid=property-card): 0 cards
2026-02-06 16:22:50,346 - INFO - Tentativa 2 (class contendo 'card'): 16 cards
2026-02-06 16:22:50,348 - INFO - ✓ Página 2: 0 imóveis extraídos
2026-02-06 16:22:50,431 - INFO - Driver fechado
2026-02-06 16:22:50,432 - INFO - Aguardando 9.5s antes da próxima página...
2026-02-06 16:22:59,899 - INFO - ============================================================
2026-02-06 16:22:59,900 - INFO - PÁGINA 3
2026-02-06 16:22:59,900 - INFO - ============================================================
2026-02-06 16:22:59,900 - INFO - ====== WebDriver manager ======
2026-02-06 16:22:59,955 - INFO - Get LATEST chromedriver version for google-chrome
2026-02-06 16:23:00,045 - INFO - Get LATEST chromedriver version for google-chrome
2026-02-06 16:23:00,143 - INFO - Driver [/home/felipe/.wdm/drivers/chromedriver/linux64/144.0.7559.133/chromedriver-linux64/chromedriver] found in cache
2026-02-06 16:23:00,964 - INFO - Driver criado com User-Agent: Mozilla/5.0 (Windows NT 10.0; Win64; x64) AppleWeb...
2026-02-06 16:23:00,964 - INFO - Acessando: https://www.zapimoveis.com.br/venda/imoveis/pr+guarapuava/?pagina=3
2026-02-06 16:23:02,148 - INFO - Aguardando 7.5s para carregamento...
2026-02-06 16:23:18,179 - INFO - Analisando página HTML...
2026-02-06 16:23:18,180 - INFO - Tentativa 1 (data-testid=property-card): 0 cards
2026-02-06 16:23:18,184 - INFO - Tentativa 2 (class contendo 'card'): 16 cards
2026-02-06 16:23:18,186 - INFO - ✓ Página 3: 0 imóveis extraídos
2026-02-06 16:23:18,264 - INFO - Driver fechado
2026-02-06 16:23:18,264 - INFO - Aguardando 7.7s antes da próxima página...
2026-02-06 16:23:25,950 - INFO - ============================================================
2026-02-06 16:23:25,951 - INFO - PÁGINA 4
2026-02-06 16:23:25,951 - INFO - ============================================================
2026-02-06 16:23:25,951 - INFO - ====== WebDriver manager ======
2026-02-06 16:23:26,007 - INFO - Get LATEST chromedriver version for google-chrome
2026-02-06 16:23:26,099 - INFO - Get LATEST chromedriver version for google-chrome
2026-02-06 16:23:26,193 - INFO - Driver [/home/felipe/.wdm/drivers/chromedriver/linux64/144.0.7559.133/chromedriver-linux64/chromedriver] found in cache
2026-02-06 16:23:27,015 - INFO - Driver criado com User-Agent: Mozilla/5.0 (X11; Linux x86_64) AppleWebKit/537.36...
2026-02-06 16:23:27,015 - INFO - Acessando: https://www.zapimoveis.com.br/venda/imoveis/pr+guarapuava/?pagina=4
2026-02-06 16:23:28,059 - INFO - Aguardando 5.6s para carregamento...
2026-02-06 16:23:41,699 - INFO - Analisando página HTML...
2026-02-06 16:23:41,700 - INFO - Tentativa 1 (data-testid=property-card): 0 cards
2026-02-06 16:23:41,704 - INFO - Tentativa 2 (class contendo 'card'): 16 cards
2026-02-06 16:23:41,706 - INFO - ✓ Página 4: 0 imóveis extraídos
2026-02-06 16:23:41,780 - INFO - Driver fechado
2026-02-06 16:23:41,781 - INFO - Aguardando 5.8s antes da próxima página...
2026-02-06 16:23:47,578 - INFO - ============================================================
2026-02-06 16:23:47,578 - INFO - PÁGINA 5
2026-02-06 16:23:47,578 - INFO - ============================================================
2026-02-06 16:23:47,578 - INFO - ====== WebDriver manager ======
2026-02-06 16:23:47,634 - INFO - Get LATEST chromedriver version for google-chrome
2026-02-06 16:23:47,724 - INFO - Get LATEST chromedriver version for google-chrome
2026-02-06 16:23:47,813 - INFO - Driver [/home/felipe/.wdm/drivers/chromedriver/linux64/144.0.7559.133/chromedriver-linux64/chromedriver] found in cache
2026-02-06 16:23:48,619 - INFO - Driver criado com User-Agent: Mozilla/5.0 (Macintosh; Intel Mac OS X 10_15_7) Ap...
2026-02-06 16:23:48,619 - INFO - Acessando: https://www.zapimoveis.com.br/venda/imoveis/pr+guarapuava/?pagina=5
2026-02-06 16:23:49,711 - INFO - Aguardando 6.9s para carregamento...
2026-02-06 16:24:05,973 - INFO - Analisando página HTML...
2026-02-06 16:24:05,974 - INFO - Tentativa 1 (data-testid=property-card): 0 cards
2026-02-06 16:24:05,977 - INFO - Tentativa 2 (class contendo 'card'): 0 cards
2026-02-06 16:24:05,979 - INFO - Tentativa 3 (links com /imovel/): 30 cards
2026-02-06 16:24:05,982 - INFO - ✓ Página 5: 0 imóveis extraídos
2026-02-06 16:24:06,059 - INFO - Driver fechado
2026-02-06 16:24:06,061 - INFO - ============================================================
2026-02-06 16:24:06,061 - INFO - SCRAPING CONCLUÍDO
2026-02-06 16:24:06,061 - INFO - Total de imóveis coletados: 0
2026-02-06 16:24:06,061 - INFO - ============================================================
2026-02-06 16:26:33,235 - INFO - ============================================================
2026-02-06 16:26:33,235 - INFO - INICIANDO SCRAPING
2026-02-06 16:26:33,235 - INFO - Cidade: Guarapuava/PR
2026-02-06 16:26:33,236 - INFO - Páginas: 5
2026-02-06 16:26:33,236 - INFO - Delay entre páginas: 5.0-10.0s
2026-02-06 16:26:33,236 - INFO - ============================================================
2026-02-06 16:26:33,236 - INFO - ============================================================
2026-02-06 16:26:33,236 - INFO - PÁGINA 1
2026-02-06 16:26:33,236 - INFO - ============================================================
2026-02-06 16:26:33,236 - INFO - ====== WebDriver manager ======
2026-02-06 16:26:33,292 - INFO - Get LATEST chromedriver version for google-chrome
2026-02-06 16:26:33,388 - INFO - Get LATEST chromedriver version for google-chrome
2026-02-06 16:26:33,472 - INFO - Driver [/home/felipe/.wdm/drivers/chromedriver/linux64/144.0.7559.133/chromedriver-linux64/chromedriver] found in cache
2026-02-06 16:26:34,278 - INFO - Driver criado com User-Agent: Mozilla/5.0 (Windows NT 10.0; Win64; x64) AppleWeb...
2026-02-06 16:26:34,278 - INFO - Acessando: https://www.zapimoveis.com.br/venda/imoveis/pr+guarapuava/?pagina=1
2026-02-06 16:26:35,038 - INFO - Aguardando 5.1s para carregamento...
2026-02-06 16:26:48,029 - INFO - Analisando página HTML...
2026-02-06 16:26:48,031 - INFO - Tentativa 1 (data-testid=property-card): 0 cards
2026-02-06 16:26:48,035 - INFO - Tentativa 2 (class contendo 'card'): 16 cards
2026-02-06 16:26:48,035 - INFO - ✓ Página 1: 8 imóveis extraídos
2026-02-06 16:26:48,110 - INFO - Driver fechado
2026-02-06 16:26:48,111 - INFO - Aguardando 8.7s antes da próxima página...
2026-02-06 16:26:56,823 - INFO - ============================================================
2026-02-06 16:26:56,823 - INFO - PÁGINA 2
2026-02-06 16:26:56,823 - INFO - ============================================================
2026-02-06 16:26:56,824 - INFO - ====== WebDriver manager ======
2026-02-06 16:26:56,880 - INFO - Get LATEST chromedriver version for google-chrome
2026-02-06 16:26:56,972 - INFO - Get LATEST chromedriver version for google-chrome
2026-02-06 16:26:57,049 - INFO - Driver [/home/felipe/.wdm/drivers/chromedriver/linux64/144.0.7559.133/chromedriver-linux64/chromedriver] found in cache
2026-02-06 16:26:57,863 - INFO - Driver criado com User-Agent: Mozilla/5.0 (Windows NT 10.0; Win64; x64) AppleWeb...
2026-02-06 16:26:57,863 - INFO - Acessando: https://www.zapimoveis.com.br/venda/imoveis/pr+guarapuava/?pagina=2
2026-02-06 16:26:58,895 - INFO - Aguardando 7.7s para carregamento...
2026-02-06 16:27:14,307 - INFO - Analisando página HTML...
2026-02-06 16:27:14,309 - INFO - Tentativa 1 (data-testid=property-card): 0 cards
2026-02-06 16:27:14,312 - INFO - Tentativa 2 (class contendo 'card'): 16 cards
2026-02-06 16:27:14,313 - INFO - ✓ Página 2: 8 imóveis extraídos
2026-02-06 16:27:14,398 - INFO - Driver fechado
2026-02-06 16:27:14,399 - INFO - Aguardando 7.5s antes da próxima página...
2026-02-06 16:27:21,857 - INFO - ============================================================
2026-02-06 16:27:21,857 - INFO - PÁGINA 3
2026-02-06 16:27:21,858 - INFO - ============================================================
2026-02-06 16:27:21,858 - INFO - ====== WebDriver manager ======
2026-02-06 16:27:21,914 - INFO - Get LATEST chromedriver version for google-chrome
2026-02-06 16:27:21,997 - INFO - Get LATEST chromedriver version for google-chrome
2026-02-06 16:27:22,078 - INFO - Driver [/home/felipe/.wdm/drivers/chromedriver/linux64/144.0.7559.133/chromedriver-linux64/chromedriver] found in cache
2026-02-06 16:27:22,898 - INFO - Driver criado com User-Agent: Mozilla/5.0 (Windows NT 10.0; Win64; x64) AppleWeb...
2026-02-06 16:27:22,898 - INFO - Acessando: https://www.zapimoveis.com.br/venda/imoveis/pr+guarapuava/?pagina=3
2026-02-06 16:27:23,905 - INFO - Aguardando 6.2s para carregamento...
2026-02-06 16:27:37,785 - INFO - Analisando página HTML...
2026-02-06 16:27:37,787 - INFO - Tentativa 1 (data-testid=property-card): 0 cards
2026-02-06 16:27:37,790 - INFO - Tentativa 2 (class contendo 'card'): 16 cards
2026-02-06 16:27:37,791 - INFO - ✓ Página 3: 8 imóveis extraídos
2026-02-06 16:27:37,866 - INFO - Driver fechado
2026-02-06 16:27:37,867 - INFO - Aguardando 8.2s antes da próxima página...
2026-02-06 16:27:46,048 - INFO - ============================================================
2026-02-06 16:27:46,048 - INFO - PÁGINA 4
2026-02-06 16:27:46,049 - INFO - ============================================================
2026-02-06 16:27:46,049 - INFO - ====== WebDriver manager ======
2026-02-06 16:27:46,107 - INFO - Get LATEST chromedriver version for google-chrome
2026-02-06 16:27:46,198 - INFO - Get LATEST chromedriver version for google-chrome
2026-02-06 16:27:46,300 - INFO - Driver [/home/felipe/.wdm/drivers/chromedriver/linux64/144.0.7559.133/chromedriver-linux64/chromedriver] found in cache
2026-02-06 16:27:47,125 - INFO - Driver criado com User-Agent: Mozilla/5.0 (Windows NT 10.0; Win64; x64; rv:121.0...
2026-02-06 16:27:47,125 - INFO - Acessando: https://www.zapimoveis.com.br/venda/imoveis/pr+guarapuava/?pagina=4
2026-02-06 16:27:47,809 - INFO - Aguardando 6.4s para carregamento...
2026-02-06 16:28:02,146 - INFO - Analisando página HTML...
2026-02-06 16:28:02,149 - INFO - Tentativa 1 (data-testid=property-card): 0 cards
2026-02-06 16:28:02,156 - INFO - Tentativa 2 (class contendo 'card'): 16 cards
2026-02-06 16:28:02,157 - INFO - ✓ Página 4: 8 imóveis extraídos
2026-02-06 16:28:02,232 - INFO - Driver fechado
2026-02-06 16:28:02,233 - INFO - Aguardando 5.4s antes da próxima página...
2026-02-06 16:28:07,595 - INFO - ============================================================
2026-02-06 16:28:07,595 - INFO - PÁGINA 5
2026-02-06 16:28:07,595 - INFO - ============================================================
2026-02-06 16:28:07,595 - INFO - ====== WebDriver manager ======
2026-02-06 16:28:07,652 - INFO - Get LATEST chromedriver version for google-chrome
2026-02-06 16:28:07,742 - INFO - Get LATEST chromedriver version for google-chrome
2026-02-06 16:28:07,839 - INFO - Driver [/home/felipe/.wdm/drivers/chromedriver/linux64/144.0.7559.133/chromedriver-linux64/chromedriver] found in cache
2026-02-06 16:28:08,637 - INFO - Driver criado com User-Agent: Mozilla/5.0 (Macintosh; Intel Mac OS X 10_15_7) Ap...
2026-02-06 16:28:08,637 - INFO - Acessando: https://www.zapimoveis.com.br/venda/imoveis/pr+guarapuava/?pagina=5
2026-02-06 16:28:09,818 - INFO - Aguardando 6.5s para carregamento...
2026-02-06 16:28:24,363 - INFO - Analisando página HTML...
2026-02-06 16:28:24,364 - INFO - Tentativa 1 (data-testid=property-card): 0 cards
2026-02-06 16:28:24,368 - INFO - Tentativa 2 (class contendo 'card'): 16 cards
2026-02-06 16:28:24,369 - INFO - ✓ Página 5: 8 imóveis extraídos
2026-02-06 16:28:24,446 - INFO - Driver fechado
2026-02-06 16:28:24,447 - INFO - ============================================================
2026-02-06 16:28:24,448 - INFO - SCRAPING CONCLUÍDO
2026-02-06 16:28:24,448 - INFO - Total de imóveis coletados: 1
2026-02-06 16:28:24,448 - INFO - ============================================================
2026-02-06 16:28:24,456 - INFO - ✓ Dados salvos em data/raw/imoveis_guarapuava_20260206_162824.csv
2026-02-06 16:34:20,910 - INFO - ============================================================
2026-02-06 16:34:20,910 - INFO - INICIANDO SCRAPING
2026-02-06 16:34:20,910 - INFO - Cidade: Guarapuava/PR
2026-02-06 16:34:20,910 - INFO - Páginas: 5
2026-02-06 16:34:20,910 - INFO - Delay entre páginas: 5.0-10.0s
2026-02-06 16:34:20,910 - INFO - ============================================================
2026-02-06 16:34:20,910 - INFO - ============================================================
2026-02-06 16:34:20,910 - INFO - PÁGINA 1
2026-02-06 16:34:20,910 - INFO - ============================================================
2026-02-06 16:34:20,910 - INFO - ====== WebDriver manager ======
2026-02-06 16:34:20,966 - INFO - Get LATEST chromedriver version for google-chrome
2026-02-06 16:34:21,059 - INFO - Get LATEST chromedriver version for google-chrome
2026-02-06 16:34:21,143 - INFO - Driver [/home/felipe/.wdm/drivers/chromedriver/linux64/144.0.7559.133/chromedriver-linux64/chromedriver] found in cache
2026-02-06 16:34:21,981 - INFO - Driver criado com User-Agent: Mozilla/5.0 (Windows NT 10.0; Win64; x64) AppleWeb...
2026-02-06 16:34:21,982 - INFO - Acessando: https://www.zapimoveis.com.br/venda/imoveis/pr+guarapuava/?pagina=1
2026-02-06 16:34:22,609 - INFO - Aguardando 7.6s para carregamento...
2026-02-06 16:34:38,715 - INFO - Analisando página HTML...
2026-02-06 16:34:38,717 - INFO - Tentativa 1 (links com /imovel/): 30 cards
2026-02-06 16:34:38,718 - INFO - ✓ Página 1: 30 imóveis extraídos
2026-02-06 16:34:38,794 - INFO - Driver fechado
2026-02-06 16:34:38,794 - INFO - Aguardando 6.4s antes da próxima página...
2026-02-06 16:34:45,205 - INFO - ============================================================
2026-02-06 16:34:45,205 - INFO - PÁGINA 2
2026-02-06 16:34:45,205 - INFO - ============================================================
2026-02-06 16:34:45,205 - INFO - ====== WebDriver manager ======
2026-02-06 16:34:45,265 - INFO - Get LATEST chromedriver version for google-chrome
2026-02-06 16:34:45,354 - INFO - Get LATEST chromedriver version for google-chrome
2026-02-06 16:34:45,436 - INFO - Driver [/home/felipe/.wdm/drivers/chromedriver/linux64/144.0.7559.133/chromedriver-linux64/chromedriver] found in cache
2026-02-06 16:34:46,244 - INFO - Driver criado com User-Agent: Mozilla/5.0 (Windows NT 10.0; Win64; x64) AppleWeb...
2026-02-06 16:34:46,244 - INFO - Acessando: https://www.zapimoveis.com.br/venda/imoveis/pr+guarapuava/?pagina=2
2026-02-06 16:34:47,399 - INFO - Aguardando 7.2s para carregamento...
2026-02-06 16:35:02,145 - INFO - Analisando página HTML...
2026-02-06 16:35:02,147 - INFO - Tentativa 1 (links com /imovel/): 38 cards
2026-02-06 16:35:02,149 - INFO - ✓ Página 2: 38 imóveis extraídos
2026-02-06 16:35:02,226 - INFO - Driver fechado
2026-02-06 16:35:02,227 - INFO - Aguardando 8.3s antes da próxima página...
2026-02-06 16:35:10,482 - INFO - ============================================================
2026-02-06 16:35:10,482 - INFO - PÁGINA 3
2026-02-06 16:35:10,482 - INFO - ============================================================
2026-02-06 16:35:10,482 - INFO - ====== WebDriver manager ======
2026-02-06 16:35:10,538 - INFO - Get LATEST chromedriver version for google-chrome
2026-02-06 16:35:10,639 - INFO - Get LATEST chromedriver version for google-chrome
2026-02-06 16:35:10,729 - INFO - Driver [/home/felipe/.wdm/drivers/chromedriver/linux64/144.0.7559.133/chromedriver-linux64/chromedriver] found in cache
2026-02-06 16:35:11,528 - INFO - Driver criado com User-Agent: Mozilla/5.0 (Windows NT 10.0; Win64; x64) AppleWeb...
2026-02-06 16:35:11,528 - INFO - Acessando: https://www.zapimoveis.com.br/venda/imoveis/pr+guarapuava/?pagina=3
2026-02-06 16:35:12,213 - INFO - Aguardando 6.7s para carregamento...
2026-02-06 16:35:26,253 - INFO - Analisando página HTML...
2026-02-06 16:35:26,255 - INFO - Tentativa 1 (links com /imovel/): 30 cards
2026-02-06 16:35:26,256 - INFO - ✓ Página 3: 30 imóveis extraídos
2026-02-06 16:35:26,329 - INFO - Driver fechado
2026-02-06 16:35:26,329 - INFO - Aguardando 5.3s antes da próxima página...
2026-02-06 16:35:31,627 - INFO - ============================================================
2026-02-06 16:35:31,627 - INFO - PÁGINA 4
2026-02-06 16:35:31,627 - INFO - ============================================================
2026-02-06 16:35:31,627 - INFO - ====== WebDriver manager ======
2026-02-06 16:35:31,684 - INFO - Get LATEST chromedriver version for google-chrome
2026-02-06 16:35:31,761 - INFO - Get LATEST chromedriver version for google-chrome
2026-02-06 16:35:31,839 - INFO - Driver [/home/felipe/.wdm/drivers/chromedriver/linux64/144.0.7559.133/chromedriver-linux64/chromedriver] found in cache
2026-02-06 16:35:32,668 - INFO - Driver criado com User-Agent: Mozilla/5.0 (Windows NT 10.0; Win64; x64) AppleWeb...
2026-02-06 16:35:32,668 - INFO - Acessando: https://www.zapimoveis.com.br/venda/imoveis/pr+guarapuava/?pagina=4
2026-02-06 16:35:33,397 - INFO - Aguardando 6.1s para carregamento...
2026-02-06 16:35:46,356 - INFO - Analisando página HTML...
2026-02-06 16:35:46,358 - INFO - Tentativa 1 (links com /imovel/): 38 cards
2026-02-06 16:35:46,360 - INFO - ✓ Página 4: 38 imóveis extraídos
2026-02-06 16:35:46,430 - INFO - Driver fechado
2026-02-06 16:35:46,431 - INFO - Aguardando 7.5s antes da próxima página...
2026-02-06 16:35:53,946 - INFO - ============================================================
2026-02-06 16:35:53,946 - INFO - PÁGINA 5
2026-02-06 16:35:53,946 - INFO - ============================================================
2026-02-06 16:35:53,946 - INFO - ====== WebDriver manager ======
2026-02-06 16:35:54,003 - INFO - Get LATEST chromedriver version for google-chrome
2026-02-06 16:35:54,103 - INFO - Get LATEST chromedriver version for google-chrome
2026-02-06 16:35:54,179 - INFO - Driver [/home/felipe/.wdm/drivers/chromedriver/linux64/144.0.7559.133/chromedriver-linux64/chromedriver] found in cache
2026-02-06 16:35:55,000 - INFO - Driver criado com User-Agent: Mozilla/5.0 (Windows NT 10.0; Win64; x64; rv:121.0...
2026-02-06 16:35:55,000 - INFO - Acessando: https://www.zapimoveis.com.br/venda/imoveis/pr+guarapuava/?pagina=5
2026-02-06 16:35:55,876 - INFO - Aguardando 6.9s para carregamento...
2026-02-06 16:36:11,115 - INFO - Analisando página HTML...
2026-02-06 16:36:11,116 - INFO - Tentativa 1 (links com /imovel/): 38 cards
2026-02-06 16:36:11,118 - INFO - ✓ Página 5: 38 imóveis extraídos
2026-02-06 16:36:11,197 - INFO - Driver fechado
2026-02-06 16:36:11,200 - INFO - ============================================================
2026-02-06 16:36:11,200 - INFO - SCRAPING CONCLUÍDO
2026-02-06 16:36:11,200 - INFO - Total de imóveis coletados: 158
2026-02-06 16:36:11,200 - INFO - ============================================================
2026-02-06 16:36:11,212 - INFO - ✓ Dados salvos em data/raw/imoveis_guarapuava_20260206_163611.csv
2026-03-13 16:56:10,199 - INFO - ✓ Última página coletada detectada: 109
2026-03-13 16:56:10,199 - INFO - ✓ Total de páginas encontradas: 109
2026-03-13 16:56:18,621 - INFO - ============================================================
2026-03-13 16:56:18,621 - INFO - PÁGINA 110
2026-03-13 16:56:18,621 - INFO - ============================================================
2026-03-13 16:56:18,622 - INFO - ====== WebDriver manager ======
2026-03-13 16:56:18,684 - INFO - Get LATEST chromedriver version for google-chrome
2026-03-13 16:56:18,761 - INFO - Get LATEST chromedriver version for google-chrome
2026-03-13 16:56:18,853 - INFO - Driver [/home/felipe/.wdm/drivers/chromedriver/linux64/145.0.7632.117/chromedriver-linux64/chromedriver] found in cache
2026-03-13 16:56:19,680 - INFO - Driver criado com User-Agent: Mozilla/5.0 (Windows NT 10.0; Win64; x64) AppleWeb...
2026-03-13 16:56:19,680 - INFO - Acessando: https://www.zapimoveis.com.br/aluguel/apartamentos/sp+sao-paulo/?tipos=apartamento_residencial%2Cstudio_residencial%2Ckitnet_residencial%2Ccasa_residencial%2Csobrado_residencial%2Ccondominio_residencial%2Ccasa-vila_residencial%2Ccobertura_residencial%2Cflat_residencial%2Cloft_residencial&pagina=110
2026-03-13 16:56:20,988 - INFO - Aguardando 6.7s para carregamento...
2026-03-13 16:56:36,489 - INFO - Analisando página HTML...
2026-03-13 16:56:36,490 - INFO - Tentativa 1 (links com /imovel/): 27 cards
2026-03-13 16:56:36,493 - INFO - ✓ Página 110: 27 imóveis extraídos
2026-03-13 16:56:36,570 - INFO - Driver fechado
2026-03-13 16:56:36,573 - INFO - ✓ Página 110 salva em data/raw/por_pagina/sao-paulo_sp_pagina110.csv
2026-03-13 16:56:36,573 - INFO - Aguardando 5.7s antes da próxima página...
2026-03-13 16:56:42,312 - INFO - ============================================================
2026-03-13 16:56:42,312 - INFO - PÁGINA 111
2026-03-13 16:56:42,312 - INFO - ============================================================
2026-03-13 16:56:42,312 - INFO - ====== WebDriver manager ======
2026-03-13 16:56:42,372 - INFO - Get LATEST chromedriver version for google-chrome
2026-03-13 16:56:42,455 - INFO - Get LATEST chromedriver version for google-chrome
2026-03-13 16:56:42,531 - INFO - Driver [/home/felipe/.wdm/drivers/chromedriver/linux64/145.0.7632.117/chromedriver-linux64/chromedriver] found in cache
2026-03-13 16:56:43,420 - INFO - Driver criado com User-Agent: Mozilla/5.0 (Windows NT 10.0; Win64; x64) AppleWeb...
2026-03-13 16:56:43,420 - INFO - Acessando: https://www.zapimoveis.com.br/aluguel/apartamentos/sp+sao-paulo/?tipos=apartamento_residencial%2Cstudio_residencial%2Ckitnet_residencial%2Ccasa_residencial%2Csobrado_residencial%2Ccondominio_residencial%2Ccasa-vila_residencial%2Ccobertura_residencial%2Cflat_residencial%2Cloft_residencial&pagina=111
2026-03-13 16:56:44,590 - INFO - Aguardando 7.3s para carregamento...
2026-03-13 16:57:00,215 - INFO - Analisando página HTML...
2026-03-13 16:57:00,216 - INFO - Tentativa 1 (links com /imovel/): 25 cards
2026-03-13 16:57:00,219 - INFO - ✓ Página 111: 25 imóveis extraídos
2026-03-13 16:57:00,295 - INFO - Driver fechado
2026-03-13 16:57:00,297 - INFO - ✓ Página 111 salva em data/raw/por_pagina/sao-paulo_sp_pagina111.csv
2026-03-13 16:57:00,297 - INFO - Aguardando 6.4s antes da próxima página...
2026-03-13 16:57:06,712 - INFO - ============================================================
2026-03-13 16:57:06,712 - INFO - PÁGINA 112
2026-03-13 16:57:06,712 - INFO - ============================================================
2026-03-13 16:57:06,712 - INFO - ====== WebDriver manager ======
2026-03-13 16:57:06,773 - INFO - Get LATEST chromedriver version for google-chrome
2026-03-13 16:57:06,857 - INFO - Get LATEST chromedriver version for google-chrome
2026-03-13 16:57:06,934 - INFO - Driver [/home/felipe/.wdm/drivers/chromedriver/linux64/145.0.7632.117/chromedriver-linux64/chromedriver] found in cache
2026-03-13 16:57:07,765 - INFO - Driver criado com User-Agent: Mozilla/5.0 (Windows NT 10.0; Win64; x64; rv:121.0...
2026-03-13 16:57:07,765 - INFO - Acessando: https://www.zapimoveis.com.br/aluguel/apartamentos/sp+sao-paulo/?tipos=apartamento_residencial%2Cstudio_residencial%2Ckitnet_residencial%2Ccasa_residencial%2Csobrado_residencial%2Ccondominio_residencial%2Ccasa-vila_residencial%2Ccobertura_residencial%2Cflat_residencial%2Cloft_residencial&pagina=112
2026-03-13 16:57:09,301 - INFO - Aguardando 7.1s para carregamento...
2026-03-13 16:57:23,140 - INFO - Analisando página HTML...
2026-03-13 16:57:23,141 - INFO - Tentativa 1 (links com /imovel/): 27 cards
2026-03-13 16:57:23,144 - INFO - ✓ Página 112: 27 imóveis extraídos
2026-03-13 16:57:23,222 - INFO - Driver fechado
2026-03-13 16:57:23,224 - INFO - ✓ Página 112 salva em data/raw/por_pagina/sao-paulo_sp_pagina112.csv
2026-03-13 16:57:23,224 - INFO - Aguardando 5.8s antes da próxima página...
2026-03-13 16:57:28,988 - INFO - ============================================================
2026-03-13 16:57:28,988 - INFO - PÁGINA 113
2026-03-13 16:57:28,988 - INFO - ============================================================
2026-03-13 16:57:28,989 - INFO - ====== WebDriver manager ======
2026-03-13 16:57:29,047 - INFO - Get LATEST chromedriver version for google-chrome
2026-03-13 16:57:29,172 - INFO - Get LATEST chromedriver version for google-chrome
2026-03-13 16:57:29,246 - INFO - Driver [/home/felipe/.wdm/drivers/chromedriver/linux64/145.0.7632.117/chromedriver-linux64/chromedriver] found in cache
2026-03-13 16:57:30,079 - INFO - Driver criado com User-Agent: Mozilla/5.0 (Windows NT 10.0; Win64; x64) AppleWeb...
2026-03-13 16:57:30,079 - INFO - Acessando: https://www.zapimoveis.com.br/aluguel/apartamentos/sp+sao-paulo/?tipos=apartamento_residencial%2Cstudio_residencial%2Ckitnet_residencial%2Ccasa_residencial%2Csobrado_residencial%2Ccondominio_residencial%2Ccasa-vila_residencial%2Ccobertura_residencial%2Cflat_residencial%2Cloft_residencial&pagina=113
2026-03-13 16:57:31,460 - INFO - Aguardando 5.9s para carregamento...
2026-03-13 16:57:45,629 - INFO - Analisando página HTML...
2026-03-13 16:57:45,630 - INFO - Tentativa 1 (links com /imovel/): 27 cards
2026-03-13 16:57:45,633 - INFO - ✓ Página 113: 27 imóveis extraídos
2026-03-13 16:57:45,707 - INFO - Driver fechado
2026-03-13 16:57:45,709 - INFO - ✓ Página 113 salva em data/raw/por_pagina/sao-paulo_sp_pagina113.csv
2026-03-13 16:57:45,709 - INFO - Aguardando 6.5s antes da próxima página...
2026-03-13 16:57:52,221 - INFO - ============================================================
2026-03-13 16:57:52,221 - INFO - PÁGINA 114
2026-03-13 16:57:52,221 - INFO - ============================================================
2026-03-13 16:57:52,221 - INFO - ====== WebDriver manager ======
2026-03-13 16:57:52,282 - INFO - Get LATEST chromedriver version for google-chrome
2026-03-13 16:57:57,409 - INFO - Get LATEST chromedriver version for google-chrome
2026-03-13 16:57:57,489 - INFO - Driver [/home/felipe/.wdm/drivers/chromedriver/linux64/145.0.7632.117/chromedriver-linux64/chromedriver] found in cache
2026-03-13 16:57:58,308 - INFO - Driver criado com User-Agent: Mozilla/5.0 (X11; Linux x86_64) AppleWebKit/537.36...
2026-03-13 16:57:58,308 - INFO - Acessando: https://www.zapimoveis.com.br/aluguel/apartamentos/sp+sao-paulo/?tipos=apartamento_residencial%2Cstudio_residencial%2Ckitnet_residencial%2Ccasa_residencial%2Csobrado_residencial%2Ccondominio_residencial%2Ccasa-vila_residencial%2Ccobertura_residencial%2Cflat_residencial%2Cloft_residencial&pagina=114
2026-03-13 16:58:00,633 - INFO - Aguardando 5.4s para carregamento...
2026-03-13 16:58:13,746 - INFO - Analisando página HTML...
2026-03-13 16:58:13,748 - INFO - Tentativa 1 (links com /imovel/): 26 cards
2026-03-13 16:58:13,750 - INFO - ✓ Página 114: 26 imóveis extraídos
2026-03-13 16:58:13,828 - INFO - Driver fechado
2026-03-13 16:58:13,830 - INFO - ✓ Página 114 salva em data/raw/por_pagina/sao-paulo_sp_pagina114.csv
2026-03-13 16:58:13,830 - INFO - Aguardando 10.0s antes da próxima página...
2026-03-13 16:58:23,802 - INFO - ============================================================
2026-03-13 16:58:23,802 - INFO - PÁGINA 115
2026-03-13 16:58:23,802 - INFO - ============================================================
2026-03-13 16:58:23,802 - INFO - ====== WebDriver manager ======
2026-03-13 16:58:23,861 - INFO - Get LATEST chromedriver version for google-chrome
2026-03-13 16:58:23,994 - INFO - Get LATEST chromedriver version for google-chrome
2026-03-13 16:58:24,064 - INFO - Driver [/home/felipe/.wdm/drivers/chromedriver/linux64/145.0.7632.117/chromedriver-linux64/chromedriver] found in cache
2026-03-13 16:58:24,889 - INFO - Driver criado com User-Agent: Mozilla/5.0 (Windows NT 10.0; Win64; x64) AppleWeb...
2026-03-13 16:58:24,889 - INFO - Acessando: https://www.zapimoveis.com.br/aluguel/apartamentos/sp+sao-paulo/?tipos=apartamento_residencial%2Cstudio_residencial%2Ckitnet_residencial%2Ccasa_residencial%2Csobrado_residencial%2Ccondominio_residencial%2Ccasa-vila_residencial%2Ccobertura_residencial%2Cflat_residencial%2Cloft_residencial&pagina=115
2026-03-13 16:58:26,862 - INFO - Aguardando 5.1s para carregamento...
2026-03-13 16:58:39,361 - INFO - Analisando página HTML...
2026-03-13 16:58:39,362 - INFO - Tentativa 1 (links com /imovel/): 26 cards
2026-03-13 16:58:39,365 - INFO - ✓ Página 115: 26 imóveis extraídos
2026-03-13 16:58:39,438 - INFO - Driver fechado
2026-03-13 16:58:39,440 - INFO - ✓ Página 115 salva em data/raw/por_pagina/sao-paulo_sp_pagina115.csv
2026-03-13 16:58:39,440 - INFO - Aguardando 9.6s antes da próxima página...
2026-03-13 16:58:49,006 - INFO - ============================================================
2026-03-13 16:58:49,006 - INFO - PÁGINA 116
2026-03-13 16:58:49,006 - INFO - ============================================================
2026-03-13 16:58:49,006 - INFO - ====== WebDriver manager ======
2026-03-13 16:58:49,066 - INFO - Get LATEST chromedriver version for google-chrome
2026-03-13 16:58:49,171 - INFO - Get LATEST chromedriver version for google-chrome
2026-03-13 16:58:49,257 - INFO - Driver [/home/felipe/.wdm/drivers/chromedriver/linux64/145.0.7632.117/chromedriver-linux64/chromedriver] found in cache
2026-03-13 16:58:50,108 - INFO - Driver criado com User-Agent: Mozilla/5.0 (Macintosh; Intel Mac OS X 10_15_7) Ap...
2026-03-13 16:58:50,108 - INFO - Acessando: https://www.zapimoveis.com.br/aluguel/apartamentos/sp+sao-paulo/?tipos=apartamento_residencial%2Cstudio_residencial%2Ckitnet_residencial%2Ccasa_residencial%2Csobrado_residencial%2Ccondominio_residencial%2Ccasa-vila_residencial%2Ccobertura_residencial%2Cflat_residencial%2Cloft_residencial&pagina=116
2026-03-13 16:59:08,710 - INFO - Aguardando 7.6s para carregamento...
2026-03-13 16:59:24,448 - INFO - Analisando página HTML...
2026-03-13 16:59:24,449 - INFO - Tentativa 1 (links com /imovel/): 27 cards
2026-03-13 16:59:24,452 - INFO - ✓ Página 116: 27 imóveis extraídos
2026-03-13 16:59:24,529 - INFO - Driver fechado
2026-03-13 16:59:24,531 - INFO - ✓ Página 116 salva em data/raw/por_pagina/sao-paulo_sp_pagina116.csv
2026-03-13 16:59:24,531 - INFO - Aguardando 5.2s antes da próxima página...
2026-03-13 16:59:29,726 - INFO - ============================================================
2026-03-13 16:59:29,726 - INFO - PÁGINA 117
2026-03-13 16:59:29,726 - INFO - ============================================================
2026-03-13 16:59:29,726 - INFO - ====== WebDriver manager ======
2026-03-13 16:59:29,787 - INFO - Get LATEST chromedriver version for google-chrome
2026-03-13 16:59:29,941 - INFO - Get LATEST chromedriver version for google-chrome
2026-03-13 16:59:30,014 - INFO - Driver [/home/felipe/.wdm/drivers/chromedriver/linux64/145.0.7632.117/chromedriver-linux64/chromedriver] found in cache
2026-03-13 16:59:30,853 - INFO - Driver criado com User-Agent: Mozilla/5.0 (Windows NT 10.0; Win64; x64; rv:121.0...
2026-03-13 16:59:30,853 - INFO - Acessando: https://www.zapimoveis.com.br/aluguel/apartamentos/sp+sao-paulo/?tipos=apartamento_residencial%2Cstudio_residencial%2Ckitnet_residencial%2Ccasa_residencial%2Csobrado_residencial%2Ccondominio_residencial%2Ccasa-vila_residencial%2Ccobertura_residencial%2Cflat_residencial%2Cloft_residencial&pagina=117
2026-03-13 16:59:32,544 - INFO - Aguardando 6.1s para carregamento...
2026-03-13 16:59:46,690 - INFO - Analisando página HTML...
2026-03-13 16:59:46,691 - INFO - Tentativa 1 (links com /imovel/): 27 cards
2026-03-13 16:59:46,694 - INFO - ✓ Página 117: 27 imóveis extraídos
2026-03-13 16:59:46,772 - INFO - Driver fechado
2026-03-13 16:59:46,773 - INFO - ✓ Página 117 salva em data/raw/por_pagina/sao-paulo_sp_pagina117.csv
2026-03-13 16:59:46,773 - INFO - Aguardando 8.7s antes da próxima página...
2026-03-13 16:59:55,523 - INFO - ============================================================
2026-03-13 16:59:55,523 - INFO - PÁGINA 118
2026-03-13 16:59:55,523 - INFO - ============================================================
2026-03-13 16:59:55,523 - INFO - ====== WebDriver manager ======
2026-03-13 16:59:55,581 - INFO - Get LATEST chromedriver version for google-chrome
2026-03-13 16:59:55,656 - INFO - Get LATEST chromedriver version for google-chrome
2026-03-13 16:59:55,747 - INFO - Driver [/home/felipe/.wdm/drivers/chromedriver/linux64/145.0.7632.117/chromedriver-linux64/chromedriver] found in cache
2026-03-13 16:59:56,589 - INFO - Driver criado com User-Agent: Mozilla/5.0 (Windows NT 10.0; Win64; x64; rv:121.0...
2026-03-13 16:59:56,589 - INFO - Acessando: https://www.zapimoveis.com.br/aluguel/apartamentos/sp+sao-paulo/?tipos=apartamento_residencial%2Cstudio_residencial%2Ckitnet_residencial%2Ccasa_residencial%2Csobrado_residencial%2Ccondominio_residencial%2Ccasa-vila_residencial%2Ccobertura_residencial%2Cflat_residencial%2Cloft_residencial&pagina=118
2026-03-13 16:59:57,823 - INFO - Aguardando 6.5s para carregamento...
2026-03-13 17:00:13,356 - INFO - Analisando página HTML...
2026-03-13 17:00:13,357 - INFO - Tentativa 1 (links com /imovel/): 28 cards
2026-03-13 17:00:13,360 - INFO - ✓ Página 118: 28 imóveis extraídos
2026-03-13 17:00:13,438 - INFO - Driver fechado
2026-03-13 17:00:13,441 - INFO - ✓ Página 118 salva em data/raw/por_pagina/sao-paulo_sp_pagina118.csv
2026-03-13 17:00:13,441 - INFO - Aguardando 7.6s antes da próxima página...
2026-03-13 17:00:21,027 - INFO - ============================================================
2026-03-13 17:00:21,027 - INFO - PÁGINA 119
2026-03-13 17:00:21,027 - INFO - ============================================================
2026-03-13 17:00:21,028 - INFO - ====== WebDriver manager ======
2026-03-13 17:00:21,088 - INFO - Get LATEST chromedriver version for google-chrome
2026-03-13 17:00:21,179 - INFO - Get LATEST chromedriver version for google-chrome
2026-03-13 17:00:21,267 - INFO - Driver [/home/felipe/.wdm/drivers/chromedriver/linux64/145.0.7632.117/chromedriver-linux64/chromedriver] found in cache
2026-03-13 17:00:22,081 - INFO - Driver criado com User-Agent: Mozilla/5.0 (Windows NT 10.0; Win64; x64; rv:121.0...
2026-03-13 17:00:22,081 - INFO - Acessando: https://www.zapimoveis.com.br/aluguel/apartamentos/sp+sao-paulo/?tipos=apartamento_residencial%2Cstudio_residencial%2Ckitnet_residencial%2Ccasa_residencial%2Csobrado_residencial%2Ccondominio_residencial%2Ccasa-vila_residencial%2Ccobertura_residencial%2Cflat_residencial%2Cloft_residencial&pagina=119
2026-03-13 17:00:23,359 - INFO - Aguardando 5.9s para carregamento...
2026-03-13 17:00:36,866 - INFO - Analisando página HTML...
2026-03-13 17:00:36,867 - INFO - Tentativa 1 (links com /imovel/): 29 cards
2026-03-13 17:00:36,870 - INFO - ✓ Página 119: 29 imóveis extraídos
2026-03-13 17:00:36,944 - INFO - Driver fechado
2026-03-13 17:00:36,947 - INFO - ✓ Página 119 salva em data/raw/por_pagina/sao-paulo_sp_pagina119.csv
2026-03-13 17:00:36,947 - INFO - Aguardando 8.5s antes da próxima página...
2026-03-13 17:00:45,432 - INFO - ============================================================
2026-03-13 17:00:45,432 - INFO - PÁGINA 120
2026-03-13 17:00:45,432 - INFO - ============================================================
2026-03-13 17:00:45,432 - INFO - ====== WebDriver manager ======
2026-03-13 17:00:45,494 - INFO - Get LATEST chromedriver version for google-chrome
2026-03-13 17:00:45,572 - INFO - Get LATEST chromedriver version for google-chrome
2026-03-13 17:00:45,662 - INFO - Driver [/home/felipe/.wdm/drivers/chromedriver/linux64/145.0.7632.117/chromedriver-linux64/chromedriver] found in cache
2026-03-13 17:00:46,501 - INFO - Driver criado com User-Agent: Mozilla/5.0 (Windows NT 10.0; Win64; x64) AppleWeb...
2026-03-13 17:00:46,501 - INFO - Acessando: https://www.zapimoveis.com.br/aluguel/apartamentos/sp+sao-paulo/?tipos=apartamento_residencial%2Cstudio_residencial%2Ckitnet_residencial%2Ccasa_residencial%2Csobrado_residencial%2Ccondominio_residencial%2Ccasa-vila_residencial%2Ccobertura_residencial%2Cflat_residencial%2Cloft_residencial&pagina=120
2026-03-13 17:00:47,823 - INFO - Aguardando 5.6s para carregamento...
2026-03-13 17:01:01,986 - INFO - Analisando página HTML...
2026-03-13 17:01:01,987 - INFO - Tentativa 1 (links com /imovel/): 28 cards
2026-03-13 17:01:01,990 - INFO - ✓ Página 120: 28 imóveis extraídos
2026-03-13 17:01:02,067 - INFO - Driver fechado
2026-03-13 17:01:02,069 - INFO - ✓ Página 120 salva em data/raw/por_pagina/sao-paulo_sp_pagina120.csv
2026-03-13 17:01:02,069 - INFO - Aguardando 8.2s antes da próxima página...
2026-03-13 17:01:10,269 - INFO - ============================================================
2026-03-13 17:01:10,269 - INFO - PÁGINA 121
2026-03-13 17:01:10,269 - INFO - ============================================================
2026-03-13 17:01:10,269 - INFO - ====== WebDriver manager ======
2026-03-13 17:01:10,331 - INFO - Get LATEST chromedriver version for google-chrome
2026-03-13 17:01:10,410 - INFO - Get LATEST chromedriver version for google-chrome
2026-03-13 17:01:10,498 - INFO - Driver [/home/felipe/.wdm/drivers/chromedriver/linux64/145.0.7632.117/chromedriver-linux64/chromedriver] found in cache
2026-03-13 17:01:11,356 - INFO - Driver criado com User-Agent: Mozilla/5.0 (Macintosh; Intel Mac OS X 10_15_7) Ap...
2026-03-13 17:01:11,356 - INFO - Acessando: https://www.zapimoveis.com.br/aluguel/apartamentos/sp+sao-paulo/?tipos=apartamento_residencial%2Cstudio_residencial%2Ckitnet_residencial%2Ccasa_residencial%2Csobrado_residencial%2Ccondominio_residencial%2Ccasa-vila_residencial%2Ccobertura_residencial%2Cflat_residencial%2Cloft_residencial&pagina=121
2026-03-13 17:01:12,435 - INFO - Aguardando 7.1s para carregamento...
2026-03-13 17:01:28,297 - INFO - Analisando página HTML...
2026-03-13 17:01:28,299 - INFO - Tentativa 1 (links com /imovel/): 29 cards
2026-03-13 17:01:28,302 - INFO - ✓ Página 121: 29 imóveis extraídos
2026-03-13 17:01:28,379 - INFO - Driver fechado
2026-03-13 17:01:28,382 - INFO - ✓ Página 121 salva em data/raw/por_pagina/sao-paulo_sp_pagina121.csv
2026-03-13 17:01:28,382 - INFO - Aguardando 9.3s antes da próxima página...
2026-03-13 17:01:37,708 - INFO - ============================================================
2026-03-13 17:01:37,708 - INFO - PÁGINA 122
2026-03-13 17:01:37,708 - INFO - ============================================================
2026-03-13 17:01:37,708 - INFO - ====== WebDriver manager ======
2026-03-13 17:01:37,769 - INFO - Get LATEST chromedriver version for google-chrome
2026-03-13 17:01:37,854 - INFO - Get LATEST chromedriver version for google-chrome
2026-03-13 17:01:37,934 - INFO - Driver [/home/felipe/.wdm/drivers/chromedriver/linux64/145.0.7632.117/chromedriver-linux64/chromedriver] found in cache
2026-03-13 17:01:38,766 - INFO - Driver criado com User-Agent: Mozilla/5.0 (Macintosh; Intel Mac OS X 10_15_7) Ap...
2026-03-13 17:01:38,766 - INFO - Acessando: https://www.zapimoveis.com.br/aluguel/apartamentos/sp+sao-paulo/?tipos=apartamento_residencial%2Cstudio_residencial%2Ckitnet_residencial%2Ccasa_residencial%2Csobrado_residencial%2Ccondominio_residencial%2Ccasa-vila_residencial%2Ccobertura_residencial%2Cflat_residencial%2Cloft_residencial&pagina=122
2026-03-13 17:01:40,010 - INFO - Aguardando 6.9s para carregamento...
2026-03-13 17:01:55,114 - INFO - Analisando página HTML...
2026-03-13 17:01:55,116 - INFO - Tentativa 1 (links com /imovel/): 28 cards
2026-03-13 17:01:55,119 - INFO - ✓ Página 122: 28 imóveis extraídos
2026-03-13 17:01:55,196 - INFO - Driver fechado
2026-03-13 17:01:55,197 - INFO - ✓ Página 122 salva em data/raw/por_pagina/sao-paulo_sp_pagina122.csv
2026-03-13 17:01:55,197 - INFO - Aguardando 8.7s antes da próxima página...
2026-03-13 17:02:03,867 - INFO - ============================================================
2026-03-13 17:02:03,867 - INFO - PÁGINA 123
2026-03-13 17:02:03,867 - INFO - ============================================================
2026-03-13 17:02:03,867 - INFO - ====== WebDriver manager ======
2026-03-13 17:02:03,928 - INFO - Get LATEST chromedriver version for google-chrome
2026-03-13 17:02:04,007 - INFO - Get LATEST chromedriver version for google-chrome
2026-03-13 17:02:04,098 - INFO - Driver [/home/felipe/.wdm/drivers/chromedriver/linux64/145.0.7632.117/chromedriver-linux64/chromedriver] found in cache
2026-03-13 17:02:04,930 - INFO - Driver criado com User-Agent: Mozilla/5.0 (X11; Linux x86_64) AppleWebKit/537.36...
2026-03-13 17:02:04,930 - INFO - Acessando: https://www.zapimoveis.com.br/aluguel/apartamentos/sp+sao-paulo/?tipos=apartamento_residencial%2Cstudio_residencial%2Ckitnet_residencial%2Ccasa_residencial%2Csobrado_residencial%2Ccondominio_residencial%2Ccasa-vila_residencial%2Ccobertura_residencial%2Cflat_residencial%2Cloft_residencial&pagina=123
2026-03-13 17:02:06,460 - INFO - Aguardando 5.5s para carregamento...
2026-03-13 17:02:20,394 - INFO - Analisando página HTML...
2026-03-13 17:02:20,396 - INFO - Tentativa 1 (links com /imovel/): 30 cards
2026-03-13 17:02:20,399 - INFO - ✓ Página 123: 30 imóveis extraídos
2026-03-13 17:02:20,476 - INFO - Driver fechado
2026-03-13 17:02:20,478 - INFO - ✓ Página 123 salva em data/raw/por_pagina/sao-paulo_sp_pagina123.csv
2026-03-13 17:02:20,478 - INFO - Aguardando 7.2s antes da próxima página...
2026-03-13 17:02:27,726 - INFO - ============================================================
2026-03-13 17:02:27,726 - INFO - PÁGINA 124
2026-03-13 17:02:27,726 - INFO - ============================================================
2026-03-13 17:02:27,726 - INFO - ====== WebDriver manager ======
2026-03-13 17:02:27,787 - INFO - Get LATEST chromedriver version for google-chrome
2026-03-13 17:02:27,888 - INFO - Get LATEST chromedriver version for google-chrome
2026-03-13 17:02:27,967 - INFO - Driver [/home/felipe/.wdm/drivers/chromedriver/linux64/145.0.7632.117/chromedriver-linux64/chromedriver] found in cache
2026-03-13 17:02:28,793 - INFO - Driver criado com User-Agent: Mozilla/5.0 (Windows NT 10.0; Win64; x64; rv:121.0...
2026-03-13 17:02:28,793 - INFO - Acessando: https://www.zapimoveis.com.br/aluguel/apartamentos/sp+sao-paulo/?tipos=apartamento_residencial%2Cstudio_residencial%2Ckitnet_residencial%2Ccasa_residencial%2Csobrado_residencial%2Ccondominio_residencial%2Ccasa-vila_residencial%2Ccobertura_residencial%2Cflat_residencial%2Cloft_residencial&pagina=124
2026-03-13 17:02:30,212 - INFO - Aguardando 6.4s para carregamento...
2026-03-13 17:02:45,363 - INFO - Analisando página HTML...
2026-03-13 17:02:45,364 - INFO - Tentativa 1 (links com /imovel/): 28 cards
2026-03-13 17:02:45,367 - INFO - ✓ Página 124: 28 imóveis extraídos
2026-03-13 17:02:45,445 - INFO - Driver fechado
2026-03-13 17:02:45,447 - INFO - ✓ Página 124 salva em data/raw/por_pagina/sao-paulo_sp_pagina124.csv
2026-03-13 17:02:45,447 - INFO - Aguardando 10.0s antes da próxima página...
2026-03-13 17:02:55,427 - INFO - ============================================================
2026-03-13 17:02:55,427 - INFO - PÁGINA 125
2026-03-13 17:02:55,427 - INFO - ============================================================
2026-03-13 17:02:55,427 - INFO - ====== WebDriver manager ======
2026-03-13 17:02:55,485 - INFO - Get LATEST chromedriver version for google-chrome
2026-03-13 17:02:55,557 - INFO - Get LATEST chromedriver version for google-chrome
2026-03-13 17:02:55,650 - INFO - Driver [/home/felipe/.wdm/drivers/chromedriver/linux64/145.0.7632.117/chromedriver-linux64/chromedriver] found in cache
2026-03-13 17:02:56,503 - INFO - Driver criado com User-Agent: Mozilla/5.0 (Windows NT 10.0; Win64; x64; rv:121.0...
2026-03-13 17:02:56,503 - INFO - Acessando: https://www.zapimoveis.com.br/aluguel/apartamentos/sp+sao-paulo/?tipos=apartamento_residencial%2Cstudio_residencial%2Ckitnet_residencial%2Ccasa_residencial%2Csobrado_residencial%2Ccondominio_residencial%2Ccasa-vila_residencial%2Ccobertura_residencial%2Cflat_residencial%2Cloft_residencial&pagina=125
2026-03-13 17:02:57,714 - INFO - Aguardando 5.3s para carregamento...
2026-03-13 17:03:11,365 - INFO - Analisando página HTML...
2026-03-13 17:03:11,367 - INFO - Tentativa 1 (links com /imovel/): 27 cards
2026-03-13 17:03:11,370 - INFO - ✓ Página 125: 27 imóveis extraídos
2026-03-13 17:03:11,447 - INFO - Driver fechado
2026-03-13 17:03:11,449 - INFO - ✓ Página 125 salva em data/raw/por_pagina/sao-paulo_sp_pagina125.csv
2026-03-13 17:03:11,450 - INFO - Aguardando 8.0s antes da próxima página...
2026-03-13 17:03:19,420 - INFO - ============================================================
2026-03-13 17:03:19,420 - INFO - PÁGINA 126
2026-03-13 17:03:19,420 - INFO - ============================================================
2026-03-13 17:03:19,420 - INFO - ====== WebDriver manager ======
2026-03-13 17:03:19,478 - INFO - Get LATEST chromedriver version for google-chrome
2026-03-13 17:03:19,548 - INFO - Get LATEST chromedriver version for google-chrome
2026-03-13 17:03:19,623 - INFO - Driver [/home/felipe/.wdm/drivers/chromedriver/linux64/145.0.7632.117/chromedriver-linux64/chromedriver] found in cache
2026-03-13 17:03:20,489 - INFO - Driver criado com User-Agent: Mozilla/5.0 (Windows NT 10.0; Win64; x64; rv:121.0...
2026-03-13 17:03:20,489 - INFO - Acessando: https://www.zapimoveis.com.br/aluguel/apartamentos/sp+sao-paulo/?tipos=apartamento_residencial%2Cstudio_residencial%2Ckitnet_residencial%2Ccasa_residencial%2Csobrado_residencial%2Ccondominio_residencial%2Ccasa-vila_residencial%2Ccobertura_residencial%2Cflat_residencial%2Cloft_residencial&pagina=126
2026-03-13 17:03:21,867 - INFO - Aguardando 7.1s para carregamento...
2026-03-13 17:03:36,853 - INFO - Analisando página HTML...
2026-03-13 17:03:36,855 - INFO - Tentativa 1 (links com /imovel/): 26 cards
2026-03-13 17:03:36,857 - INFO - ✓ Página 126: 26 imóveis extraídos
2026-03-13 17:03:36,936 - INFO - Driver fechado
2026-03-13 17:03:36,938 - INFO - ✓ Página 126 salva em data/raw/por_pagina/sao-paulo_sp_pagina126.csv
2026-03-13 17:03:36,938 - INFO - Aguardando 6.1s antes da próxima página...
2026-03-13 17:03:43,085 - INFO - ============================================================
2026-03-13 17:03:43,085 - INFO - PÁGINA 127
2026-03-13 17:03:43,085 - INFO - ============================================================
2026-03-13 17:03:43,085 - INFO - ====== WebDriver manager ======
2026-03-13 17:03:43,145 - INFO - Get LATEST chromedriver version for google-chrome
2026-03-13 17:03:43,221 - INFO - Get LATEST chromedriver version for google-chrome
2026-03-13 17:03:43,307 - INFO - Driver [/home/felipe/.wdm/drivers/chromedriver/linux64/145.0.7632.117/chromedriver-linux64/chromedriver] found in cache
2026-03-13 17:03:44,169 - INFO - Driver criado com User-Agent: Mozilla/5.0 (X11; Linux x86_64) AppleWebKit/537.36...
2026-03-13 17:03:44,169 - INFO - Acessando: https://www.zapimoveis.com.br/aluguel/apartamentos/sp+sao-paulo/?tipos=apartamento_residencial%2Cstudio_residencial%2Ckitnet_residencial%2Ccasa_residencial%2Csobrado_residencial%2Ccondominio_residencial%2Ccasa-vila_residencial%2Ccobertura_residencial%2Cflat_residencial%2Cloft_residencial&pagina=127
2026-03-13 17:03:45,261 - INFO - Aguardando 6.7s para carregamento...
2026-03-13 17:04:01,191 - INFO - Analisando página HTML...
2026-03-13 17:04:01,192 - INFO - Tentativa 1 (links com /imovel/): 28 cards
2026-03-13 17:04:01,195 - INFO - ✓ Página 127: 28 imóveis extraídos
2026-03-13 17:04:01,274 - INFO - Driver fechado
2026-03-13 17:04:01,276 - INFO - ✓ Página 127 salva em data/raw/por_pagina/sao-paulo_sp_pagina127.csv
2026-03-13 17:04:01,276 - INFO - Aguardando 9.0s antes da próxima página...
2026-03-13 17:04:10,324 - INFO - ============================================================
2026-03-13 17:04:10,324 - INFO - PÁGINA 128
2026-03-13 17:04:10,324 - INFO - ============================================================
2026-03-13 17:04:10,324 - INFO - ====== WebDriver manager ======
2026-03-13 17:04:10,386 - INFO - Get LATEST chromedriver version for google-chrome
2026-03-13 17:04:10,457 - INFO - Get LATEST chromedriver version for google-chrome
2026-03-13 17:04:10,531 - INFO - Driver [/home/felipe/.wdm/drivers/chromedriver/linux64/145.0.7632.117/chromedriver-linux64/chromedriver] found in cache
2026-03-13 17:04:11,358 - INFO - Driver criado com User-Agent: Mozilla/5.0 (Macintosh; Intel Mac OS X 10_15_7) Ap...
2026-03-13 17:04:11,358 - INFO - Acessando: https://www.zapimoveis.com.br/aluguel/apartamentos/sp+sao-paulo/?tipos=apartamento_residencial%2Cstudio_residencial%2Ckitnet_residencial%2Ccasa_residencial%2Csobrado_residencial%2Ccondominio_residencial%2Ccasa-vila_residencial%2Ccobertura_residencial%2Cflat_residencial%2Cloft_residencial&pagina=128
2026-03-13 17:04:12,646 - INFO - Aguardando 6.1s para carregamento...
2026-03-13 17:04:26,545 - INFO - Analisando página HTML...
2026-03-13 17:04:26,546 - INFO - Tentativa 1 (links com /imovel/): 29 cards
2026-03-13 17:04:26,549 - INFO - ✓ Página 128: 29 imóveis extraídos
2026-03-13 17:04:26,624 - INFO - Driver fechado
2026-03-13 17:04:26,625 - INFO - ✓ Página 128 salva em data/raw/por_pagina/sao-paulo_sp_pagina128.csv
2026-03-13 17:04:26,625 - INFO - Aguardando 8.1s antes da próxima página...
2026-03-13 17:04:34,680 - INFO - ============================================================
2026-03-13 17:04:34,680 - INFO - PÁGINA 129
2026-03-13 17:04:34,680 - INFO - ============================================================
2026-03-13 17:04:34,680 - INFO - ====== WebDriver manager ======
2026-03-13 17:04:34,740 - INFO - Get LATEST chromedriver version for google-chrome
2026-03-13 17:04:34,831 - INFO - Get LATEST chromedriver version for google-chrome
2026-03-13 17:04:34,902 - INFO - Driver [/home/felipe/.wdm/drivers/chromedriver/linux64/145.0.7632.117/chromedriver-linux64/chromedriver] found in cache
2026-03-13 17:04:35,733 - INFO - Driver criado com User-Agent: Mozilla/5.0 (Macintosh; Intel Mac OS X 10_15_7) Ap...
2026-03-13 17:04:35,734 - INFO - Acessando: https://www.zapimoveis.com.br/aluguel/apartamentos/sp+sao-paulo/?tipos=apartamento_residencial%2Cstudio_residencial%2Ckitnet_residencial%2Ccasa_residencial%2Csobrado_residencial%2Ccondominio_residencial%2Ccasa-vila_residencial%2Ccobertura_residencial%2Cflat_residencial%2Cloft_residencial&pagina=129
2026-03-13 17:04:36,903 - INFO - Aguardando 6.2s para carregamento...
2026-03-13 17:04:51,824 - INFO - Analisando página HTML...
2026-03-13 17:04:51,826 - INFO - Tentativa 1 (links com /imovel/): 28 cards
2026-03-13 17:04:51,829 - INFO - ✓ Página 129: 28 imóveis extraídos
2026-03-13 17:04:51,905 - INFO - Driver fechado
2026-03-13 17:04:51,908 - INFO - ✓ Página 129 salva em data/raw/por_pagina/sao-paulo_sp_pagina129.csv
2026-03-13 17:04:51,908 - INFO - Aguardando 8.1s antes da próxima página...
2026-03-13 17:04:59,979 - INFO - ============================================================
2026-03-13 17:04:59,979 - INFO - PÁGINA 130
2026-03-13 17:04:59,979 - INFO - ============================================================
2026-03-13 17:04:59,979 - INFO - ====== WebDriver manager ======
2026-03-13 17:05:00,040 - INFO - Get LATEST chromedriver version for google-chrome
2026-03-13 17:05:00,108 - INFO - Get LATEST chromedriver version for google-chrome
2026-03-13 17:05:00,184 - INFO - Driver [/home/felipe/.wdm/drivers/chromedriver/linux64/145.0.7632.117/chromedriver-linux64/chromedriver] found in cache
2026-03-13 17:05:01,058 - INFO - Driver criado com User-Agent: Mozilla/5.0 (X11; Linux x86_64) AppleWebKit/537.36...
2026-03-13 17:05:01,058 - INFO - Acessando: https://www.zapimoveis.com.br/aluguel/apartamentos/sp+sao-paulo/?tipos=apartamento_residencial%2Cstudio_residencial%2Ckitnet_residencial%2Ccasa_residencial%2Csobrado_residencial%2Ccondominio_residencial%2Ccasa-vila_residencial%2Ccobertura_residencial%2Cflat_residencial%2Cloft_residencial&pagina=130
2026-03-13 17:05:02,452 - INFO - Aguardando 5.5s para carregamento...
2026-03-13 17:05:16,573 - INFO - Analisando página HTML...
2026-03-13 17:05:16,574 - INFO - Tentativa 1 (links com /imovel/): 28 cards
2026-03-13 17:05:16,577 - INFO - ✓ Página 130: 28 imóveis extraídos
2026-03-13 17:05:16,655 - INFO - Driver fechado
2026-03-13 17:05:16,657 - INFO - ✓ Página 130 salva em data/raw/por_pagina/sao-paulo_sp_pagina130.csv
2026-03-13 17:05:16,657 - INFO - Aguardando 9.9s antes da próxima página...
2026-03-13 17:05:26,555 - INFO - ============================================================
2026-03-13 17:05:26,555 - INFO - PÁGINA 131
2026-03-13 17:05:26,555 - INFO - ============================================================
2026-03-13 17:05:26,555 - INFO - ====== WebDriver manager ======
2026-03-13 17:05:26,616 - INFO - Get LATEST chromedriver version for google-chrome
2026-03-13 17:05:26,701 - INFO - Get LATEST chromedriver version for google-chrome
2026-03-13 17:05:26,796 - INFO - Driver [/home/felipe/.wdm/drivers/chromedriver/linux64/145.0.7632.117/chromedriver-linux64/chromedriver] found in cache
2026-03-13 17:05:27,624 - INFO - Driver criado com User-Agent: Mozilla/5.0 (X11; Linux x86_64) AppleWebKit/537.36...
2026-03-13 17:05:27,624 - INFO - Acessando: https://www.zapimoveis.com.br/aluguel/apartamentos/sp+sao-paulo/?tipos=apartamento_residencial%2Cstudio_residencial%2Ckitnet_residencial%2Ccasa_residencial%2Csobrado_residencial%2Ccondominio_residencial%2Ccasa-vila_residencial%2Ccobertura_residencial%2Cflat_residencial%2Cloft_residencial&pagina=131
2026-03-13 17:05:28,771 - INFO - Aguardando 5.4s para carregamento...
2026-03-13 17:05:42,005 - INFO - Analisando página HTML...
2026-03-13 17:05:42,006 - INFO - Tentativa 1 (links com /imovel/): 26 cards
2026-03-13 17:05:42,009 - INFO - ✓ Página 131: 26 imóveis extraídos
2026-03-13 17:05:42,079 - INFO - Driver fechado
2026-03-13 17:05:42,081 - INFO - ✓ Página 131 salva em data/raw/por_pagina/sao-paulo_sp_pagina131.csv
2026-03-13 17:05:42,081 - INFO - Aguardando 6.1s antes da próxima página...
2026-03-13 17:05:48,212 - INFO - ============================================================
2026-03-13 17:05:48,212 - INFO - PÁGINA 132
2026-03-13 17:05:48,212 - INFO - ============================================================
2026-03-13 17:05:48,212 - INFO - ====== WebDriver manager ======
2026-03-13 17:05:48,273 - INFO - Get LATEST chromedriver version for google-chrome
2026-03-13 17:05:48,625 - INFO - Get LATEST chromedriver version for google-chrome
2026-03-13 17:05:48,711 - INFO - Driver [/home/felipe/.wdm/drivers/chromedriver/linux64/145.0.7632.117/chromedriver-linux64/chromedriver] found in cache
2026-03-13 17:05:49,540 - INFO - Driver criado com User-Agent: Mozilla/5.0 (Macintosh; Intel Mac OS X 10_15_7) Ap...
2026-03-13 17:05:49,540 - INFO - Acessando: https://www.zapimoveis.com.br/aluguel/apartamentos/sp+sao-paulo/?tipos=apartamento_residencial%2Cstudio_residencial%2Ckitnet_residencial%2Ccasa_residencial%2Csobrado_residencial%2Ccondominio_residencial%2Ccasa-vila_residencial%2Ccobertura_residencial%2Cflat_residencial%2Cloft_residencial&pagina=132
2026-03-13 17:05:50,906 - INFO - Aguardando 6.6s para carregamento...
2026-03-13 17:06:04,771 - INFO - Analisando página HTML...
2026-03-13 17:06:04,772 - INFO - Tentativa 1 (links com /imovel/): 23 cards
2026-03-13 17:06:04,774 - INFO - ✓ Página 132: 23 imóveis extraídos
2026-03-13 17:06:04,852 - INFO - Driver fechado
2026-03-13 17:06:04,853 - INFO - ✓ Página 132 salva em data/raw/por_pagina/sao-paulo_sp_pagina132.csv
2026-03-13 17:06:04,853 - INFO - Aguardando 6.7s antes da próxima página...
2026-03-13 17:06:11,588 - INFO - ============================================================
2026-03-13 17:06:11,588 - INFO - PÁGINA 133
2026-03-13 17:06:11,588 - INFO - ============================================================
2026-03-13 17:06:11,588 - INFO - ====== WebDriver manager ======
2026-03-13 17:06:11,647 - INFO - Get LATEST chromedriver version for google-chrome
2026-03-13 17:06:16,751 - INFO - Get LATEST chromedriver version for google-chrome
2026-03-13 17:06:16,847 - INFO - Driver [/home/felipe/.wdm/drivers/chromedriver/linux64/145.0.7632.117/chromedriver-linux64/chromedriver] found in cache
2026-03-13 17:06:17,700 - INFO - Driver criado com User-Agent: Mozilla/5.0 (Macintosh; Intel Mac OS X 10_15_7) Ap...
2026-03-13 17:06:17,700 - INFO - Acessando: https://www.zapimoveis.com.br/aluguel/apartamentos/sp+sao-paulo/?tipos=apartamento_residencial%2Cstudio_residencial%2Ckitnet_residencial%2Ccasa_residencial%2Csobrado_residencial%2Ccondominio_residencial%2Ccasa-vila_residencial%2Ccobertura_residencial%2Cflat_residencial%2Cloft_residencial&pagina=133
2026-03-13 17:06:24,945 - INFO - Aguardando 6.7s para carregamento...
2026-03-13 17:06:39,817 - INFO - Analisando página HTML...
2026-03-13 17:06:39,818 - INFO - Tentativa 1 (links com /imovel/): 26 cards
2026-03-13 17:06:39,821 - INFO - ✓ Página 133: 26 imóveis extraídos
2026-03-13 17:06:39,902 - INFO - Driver fechado
2026-03-13 17:06:39,905 - INFO - ✓ Página 133 salva em data/raw/por_pagina/sao-paulo_sp_pagina133.csv
2026-03-13 17:06:39,905 - INFO - Aguardando 5.9s antes da próxima página...
2026-03-13 17:06:45,827 - INFO - ============================================================
2026-03-13 17:06:45,827 - INFO - PÁGINA 134
2026-03-13 17:06:45,827 - INFO - ============================================================
2026-03-13 17:06:45,827 - INFO - ====== WebDriver manager ======
2026-03-13 17:06:45,888 - INFO - Get LATEST chromedriver version for google-chrome
2026-03-13 17:06:46,039 - INFO - Get LATEST chromedriver version for google-chrome
2026-03-13 17:06:46,131 - INFO - Driver [/home/felipe/.wdm/drivers/chromedriver/linux64/145.0.7632.117/chromedriver-linux64/chromedriver] found in cache
2026-03-13 17:06:46,975 - INFO - Driver criado com User-Agent: Mozilla/5.0 (Macintosh; Intel Mac OS X 10_15_7) Ap...
2026-03-13 17:06:46,975 - INFO - Acessando: https://www.zapimoveis.com.br/aluguel/apartamentos/sp+sao-paulo/?tipos=apartamento_residencial%2Cstudio_residencial%2Ckitnet_residencial%2Ccasa_residencial%2Csobrado_residencial%2Ccondominio_residencial%2Ccasa-vila_residencial%2Ccobertura_residencial%2Cflat_residencial%2Cloft_residencial&pagina=134
2026-03-13 17:06:48,353 - INFO - Aguardando 6.2s para carregamento...
2026-03-13 17:07:03,117 - INFO - Analisando página HTML...
2026-03-13 17:07:03,118 - INFO - Tentativa 1 (links com /imovel/): 23 cards
2026-03-13 17:07:03,120 - INFO - ✓ Página 134: 23 imóveis extraídos
2026-03-13 17:07:03,198 - INFO - Driver fechado
2026-03-13 17:07:03,200 - INFO - ✓ Página 134 salva em data/raw/por_pagina/sao-paulo_sp_pagina134.csv
2026-03-13 17:07:03,200 - INFO - Aguardando 9.4s antes da próxima página...
2026-03-13 17:07:12,578 - INFO - ============================================================
2026-03-13 17:07:12,578 - INFO - PÁGINA 135
2026-03-13 17:07:12,578 - INFO - ============================================================
2026-03-13 17:07:12,578 - INFO - ====== WebDriver manager ======
2026-03-13 17:07:12,637 - INFO - Get LATEST chromedriver version for google-chrome
2026-03-13 17:07:12,706 - INFO - Get LATEST chromedriver version for google-chrome
2026-03-13 17:07:12,802 - INFO - Driver [/home/felipe/.wdm/drivers/chromedriver/linux64/145.0.7632.117/chromedriver-linux64/chromedriver] found in cache
2026-03-13 17:07:13,663 - INFO - Driver criado com User-Agent: Mozilla/5.0 (Windows NT 10.0; Win64; x64) AppleWeb...
2026-03-13 17:07:13,663 - INFO - Acessando: https://www.zapimoveis.com.br/aluguel/apartamentos/sp+sao-paulo/?tipos=apartamento_residencial%2Cstudio_residencial%2Ckitnet_residencial%2Ccasa_residencial%2Csobrado_residencial%2Ccondominio_residencial%2Ccasa-vila_residencial%2Ccobertura_residencial%2Cflat_residencial%2Cloft_residencial&pagina=135
2026-03-13 17:07:14,951 - INFO - Aguardando 5.4s para carregamento...
2026-03-13 17:07:29,332 - INFO - Analisando página HTML...
2026-03-13 17:07:29,334 - INFO - Tentativa 1 (links com /imovel/): 28 cards
2026-03-13 17:07:29,337 - INFO - ✓ Página 135: 28 imóveis extraídos
2026-03-13 17:07:29,426 - INFO - Driver fechado
2026-03-13 17:07:29,429 - INFO - ✓ Página 135 salva em data/raw/por_pagina/sao-paulo_sp_pagina135.csv
2026-03-13 17:07:29,429 - INFO - Aguardando 9.6s antes da próxima página...
2026-03-13 17:07:39,023 - INFO - ============================================================
2026-03-13 17:07:39,023 - INFO - PÁGINA 136
2026-03-13 17:07:39,023 - INFO - ============================================================
2026-03-13 17:07:39,024 - INFO - ====== WebDriver manager ======
2026-03-13 17:07:39,087 - INFO - Get LATEST chromedriver version for google-chrome
2026-03-13 17:07:39,165 - INFO - Get LATEST chromedriver version for google-chrome
2026-03-13 17:07:39,237 - INFO - Driver [/home/felipe/.wdm/drivers/chromedriver/linux64/145.0.7632.117/chromedriver-linux64/chromedriver] found in cache
2026-03-13 17:07:40,070 - INFO - Driver criado com User-Agent: Mozilla/5.0 (X11; Linux x86_64) AppleWebKit/537.36...
2026-03-13 17:07:40,070 - INFO - Acessando: https://www.zapimoveis.com.br/aluguel/apartamentos/sp+sao-paulo/?tipos=apartamento_residencial%2Cstudio_residencial%2Ckitnet_residencial%2Ccasa_residencial%2Csobrado_residencial%2Ccondominio_residencial%2Ccasa-vila_residencial%2Ccobertura_residencial%2Cflat_residencial%2Cloft_residencial&pagina=136
2026-03-13 17:07:41,240 - INFO - Aguardando 5.7s para carregamento...
2026-03-13 17:07:55,705 - INFO - Analisando página HTML...
2026-03-13 17:07:55,706 - INFO - Tentativa 1 (links com /imovel/): 26 cards
2026-03-13 17:07:55,709 - INFO - ✓ Página 136: 26 imóveis extraídos
2026-03-13 17:07:55,786 - INFO - Driver fechado
2026-03-13 17:07:55,788 - INFO - ✓ Página 136 salva em data/raw/por_pagina/sao-paulo_sp_pagina136.csv
2026-03-13 17:07:55,788 - INFO - Aguardando 6.7s antes da próxima página...
2026-03-13 17:08:02,464 - INFO - ============================================================
2026-03-13 17:08:02,464 - INFO - PÁGINA 137
2026-03-13 17:08:02,464 - INFO - ============================================================
2026-03-13 17:08:02,464 - INFO - ====== WebDriver manager ======
2026-03-13 17:08:02,524 - INFO - Get LATEST chromedriver version for google-chrome
2026-03-13 17:08:02,613 - INFO - Get LATEST chromedriver version for google-chrome
2026-03-13 17:08:02,694 - INFO - Driver [/home/felipe/.wdm/drivers/chromedriver/linux64/145.0.7632.117/chromedriver-linux64/chromedriver] found in cache
2026-03-13 17:08:03,531 - INFO - Driver criado com User-Agent: Mozilla/5.0 (Windows NT 10.0; Win64; x64; rv:121.0...
2026-03-13 17:08:03,531 - INFO - Acessando: https://www.zapimoveis.com.br/aluguel/apartamentos/sp+sao-paulo/?tipos=apartamento_residencial%2Cstudio_residencial%2Ckitnet_residencial%2Ccasa_residencial%2Csobrado_residencial%2Ccondominio_residencial%2Ccasa-vila_residencial%2Ccobertura_residencial%2Cflat_residencial%2Cloft_residencial&pagina=137
2026-03-13 17:08:05,836 - INFO - Aguardando 7.8s para carregamento...
2026-03-13 17:08:22,369 - INFO - Analisando página HTML...
2026-03-13 17:08:22,370 - INFO - Tentativa 1 (links com /imovel/): 30 cards
2026-03-13 17:08:22,373 - INFO - ✓ Página 137: 30 imóveis extraídos
2026-03-13 17:08:22,450 - INFO - Driver fechado
2026-03-13 17:08:22,451 - INFO - ✓ Página 137 salva em data/raw/por_pagina/sao-paulo_sp_pagina137.csv
2026-03-13 17:08:22,451 - INFO - Aguardando 7.3s antes da próxima página...
2026-03-13 17:08:29,707 - INFO - ============================================================
2026-03-13 17:08:29,708 - INFO - PÁGINA 138
2026-03-13 17:08:29,708 - INFO - ============================================================
2026-03-13 17:08:29,708 - INFO - ====== WebDriver manager ======
2026-03-13 17:08:29,767 - INFO - Get LATEST chromedriver version for google-chrome
2026-03-13 17:08:29,848 - INFO - Get LATEST chromedriver version for google-chrome
2026-03-13 17:08:29,939 - INFO - Driver [/home/felipe/.wdm/drivers/chromedriver/linux64/145.0.7632.117/chromedriver-linux64/chromedriver] found in cache
2026-03-13 17:08:30,767 - INFO - Driver criado com User-Agent: Mozilla/5.0 (Windows NT 10.0; Win64; x64) AppleWeb...
2026-03-13 17:08:30,768 - INFO - Acessando: https://www.zapimoveis.com.br/aluguel/apartamentos/sp+sao-paulo/?tipos=apartamento_residencial%2Cstudio_residencial%2Ckitnet_residencial%2Ccasa_residencial%2Csobrado_residencial%2Ccondominio_residencial%2Ccasa-vila_residencial%2Ccobertura_residencial%2Cflat_residencial%2Cloft_residencial&pagina=138
2026-03-13 17:08:32,472 - INFO - Aguardando 6.0s para carregamento...
2026-03-13 17:08:45,172 - INFO - Analisando página HTML...
2026-03-13 17:08:45,174 - INFO - Tentativa 1 (links com /imovel/): 30 cards
2026-03-13 17:08:45,177 - INFO - ✓ Página 138: 30 imóveis extraídos
2026-03-13 17:08:45,248 - INFO - Driver fechado
2026-03-13 17:08:45,250 - INFO - ✓ Página 138 salva em data/raw/por_pagina/sao-paulo_sp_pagina138.csv
2026-03-13 17:08:45,250 - INFO - Aguardando 6.4s antes da próxima página...
2026-03-13 17:08:51,669 - INFO - ============================================================
2026-03-13 17:08:51,669 - INFO - PÁGINA 139
2026-03-13 17:08:51,669 - INFO - ============================================================
2026-03-13 17:08:51,669 - INFO - ====== WebDriver manager ======
2026-03-13 17:08:51,729 - INFO - Get LATEST chromedriver version for google-chrome
2026-03-13 17:08:51,824 - INFO - Get LATEST chromedriver version for google-chrome
2026-03-13 17:08:51,904 - INFO - Driver [/home/felipe/.wdm/drivers/chromedriver/linux64/145.0.7632.117/chromedriver-linux64/chromedriver] found in cache
2026-03-13 17:08:52,728 - INFO - Driver criado com User-Agent: Mozilla/5.0 (Windows NT 10.0; Win64; x64) AppleWeb...
2026-03-13 17:08:52,728 - INFO - Acessando: https://www.zapimoveis.com.br/aluguel/apartamentos/sp+sao-paulo/?tipos=apartamento_residencial%2Cstudio_residencial%2Ckitnet_residencial%2Ccasa_residencial%2Csobrado_residencial%2Ccondominio_residencial%2Ccasa-vila_residencial%2Ccobertura_residencial%2Cflat_residencial%2Cloft_residencial&pagina=139
2026-03-13 17:08:53,863 - INFO - Aguardando 7.9s para carregamento...
2026-03-13 17:09:10,451 - INFO - Analisando página HTML...
2026-03-13 17:09:10,452 - INFO - Tentativa 1 (links com /imovel/): 25 cards
2026-03-13 17:09:10,455 - INFO - ✓ Página 139: 25 imóveis extraídos
2026-03-13 17:09:10,532 - INFO - Driver fechado
2026-03-13 17:09:10,534 - INFO - ✓ Página 139 salva em data/raw/por_pagina/sao-paulo_sp_pagina139.csv
2026-03-13 17:09:10,534 - INFO - Aguardando 8.9s antes da próxima página...
2026-03-13 17:09:19,429 - INFO - ============================================================
2026-03-13 17:09:19,429 - INFO - PÁGINA 140
2026-03-13 17:09:19,429 - INFO - ============================================================
2026-03-13 17:09:19,429 - INFO - ====== WebDriver manager ======
2026-03-13 17:09:19,489 - INFO - Get LATEST chromedriver version for google-chrome
2026-03-13 17:09:19,591 - INFO - Get LATEST chromedriver version for google-chrome
2026-03-13 17:09:19,694 - INFO - Driver [/home/felipe/.wdm/drivers/chromedriver/linux64/145.0.7632.117/chromedriver-linux64/chromedriver] found in cache
2026-03-13 17:09:20,535 - INFO - Driver criado com User-Agent: Mozilla/5.0 (Macintosh; Intel Mac OS X 10_15_7) Ap...
2026-03-13 17:09:20,535 - INFO - Acessando: https://www.zapimoveis.com.br/aluguel/apartamentos/sp+sao-paulo/?tipos=apartamento_residencial%2Cstudio_residencial%2Ckitnet_residencial%2Ccasa_residencial%2Csobrado_residencial%2Ccondominio_residencial%2Ccasa-vila_residencial%2Ccobertura_residencial%2Cflat_residencial%2Cloft_residencial&pagina=140
2026-03-13 17:09:26,772 - INFO - Aguardando 7.6s para carregamento...
2026-03-13 17:09:41,669 - INFO - Analisando página HTML...
2026-03-13 17:09:41,671 - INFO - Tentativa 1 (links com /imovel/): 27 cards
2026-03-13 17:09:41,673 - INFO - ✓ Página 140: 27 imóveis extraídos
2026-03-13 17:09:41,750 - INFO - Driver fechado
2026-03-13 17:09:41,751 - INFO - ✓ Página 140 salva em data/raw/por_pagina/sao-paulo_sp_pagina140.csv
2026-03-13 17:09:41,751 - INFO - Aguardando 7.0s antes da próxima página...
2026-03-13 17:09:48,786 - INFO - ============================================================
2026-03-13 17:09:48,786 - INFO - PÁGINA 141
2026-03-13 17:09:48,786 - INFO - ============================================================
2026-03-13 17:09:48,786 - INFO - ====== WebDriver manager ======
2026-03-13 17:09:48,846 - INFO - Get LATEST chromedriver version for google-chrome
2026-03-13 17:09:54,041 - INFO - Get LATEST chromedriver version for google-chrome
2026-03-13 17:09:54,125 - INFO - Driver [/home/felipe/.wdm/drivers/chromedriver/linux64/145.0.7632.117/chromedriver-linux64/chromedriver] found in cache
2026-03-13 17:09:54,956 - INFO - Driver criado com User-Agent: Mozilla/5.0 (Windows NT 10.0; Win64; x64) AppleWeb...
2026-03-13 17:09:54,957 - INFO - Acessando: https://www.zapimoveis.com.br/aluguel/apartamentos/sp+sao-paulo/?tipos=apartamento_residencial%2Cstudio_residencial%2Ckitnet_residencial%2Ccasa_residencial%2Csobrado_residencial%2Ccondominio_residencial%2Ccasa-vila_residencial%2Ccobertura_residencial%2Cflat_residencial%2Cloft_residencial&pagina=141
2026-03-13 17:09:56,320 - INFO - Aguardando 5.1s para carregamento...
2026-03-13 17:10:09,538 - INFO - Analisando página HTML...
2026-03-13 17:10:09,539 - INFO - Tentativa 1 (links com /imovel/): 27 cards
2026-03-13 17:10:09,542 - INFO - ✓ Página 141: 27 imóveis extraídos
2026-03-13 17:10:09,615 - INFO - Driver fechado
2026-03-13 17:10:09,617 - INFO - ✓ Página 141 salva em data/raw/por_pagina/sao-paulo_sp_pagina141.csv
2026-03-13 17:10:09,617 - INFO - Aguardando 9.4s antes da próxima página...
2026-03-13 17:10:19,046 - INFO - ============================================================
2026-03-13 17:10:19,046 - INFO - PÁGINA 142
2026-03-13 17:10:19,046 - INFO - ============================================================
2026-03-13 17:10:19,047 - INFO - ====== WebDriver manager ======
2026-03-13 17:10:19,105 - INFO - Get LATEST chromedriver version for google-chrome
2026-03-13 17:10:19,194 - INFO - Get LATEST chromedriver version for google-chrome
2026-03-13 17:10:19,278 - INFO - Driver [/home/felipe/.wdm/drivers/chromedriver/linux64/145.0.7632.117/chromedriver-linux64/chromedriver] found in cache
2026-03-13 17:10:20,086 - INFO - Driver criado com User-Agent: Mozilla/5.0 (Macintosh; Intel Mac OS X 10_15_7) Ap...
2026-03-13 17:10:20,086 - INFO - Acessando: https://www.zapimoveis.com.br/aluguel/apartamentos/sp+sao-paulo/?tipos=apartamento_residencial%2Cstudio_residencial%2Ckitnet_residencial%2Ccasa_residencial%2Csobrado_residencial%2Ccondominio_residencial%2Ccasa-vila_residencial%2Ccobertura_residencial%2Cflat_residencial%2Cloft_residencial&pagina=142
2026-03-13 17:10:22,043 - INFO - Aguardando 7.9s para carregamento...
2026-03-13 17:10:37,551 - INFO - Analisando página HTML...
2026-03-13 17:10:37,552 - INFO - Tentativa 1 (links com /imovel/): 28 cards
2026-03-13 17:10:37,555 - INFO - ✓ Página 142: 28 imóveis extraídos
2026-03-13 17:10:37,636 - INFO - Driver fechado
2026-03-13 17:10:37,637 - INFO - ✓ Página 142 salva em data/raw/por_pagina/sao-paulo_sp_pagina142.csv
2026-03-13 17:10:37,637 - INFO - Aguardando 5.8s antes da próxima página...
2026-03-13 17:10:43,432 - INFO - ============================================================
2026-03-13 17:10:43,432 - INFO - PÁGINA 143
2026-03-13 17:10:43,432 - INFO - ============================================================
2026-03-13 17:10:43,432 - INFO - ====== WebDriver manager ======
2026-03-13 17:10:43,492 - INFO - Get LATEST chromedriver version for google-chrome
2026-03-13 17:10:43,571 - INFO - Get LATEST chromedriver version for google-chrome
2026-03-13 17:10:43,653 - INFO - Driver [/home/felipe/.wdm/drivers/chromedriver/linux64/145.0.7632.117/chromedriver-linux64/chromedriver] found in cache
2026-03-13 17:10:44,495 - INFO - Driver criado com User-Agent: Mozilla/5.0 (Windows NT 10.0; Win64; x64; rv:121.0...
2026-03-13 17:10:44,495 - INFO - Acessando: https://www.zapimoveis.com.br/aluguel/apartamentos/sp+sao-paulo/?tipos=apartamento_residencial%2Cstudio_residencial%2Ckitnet_residencial%2Ccasa_residencial%2Csobrado_residencial%2Ccondominio_residencial%2Ccasa-vila_residencial%2Ccobertura_residencial%2Cflat_residencial%2Cloft_residencial&pagina=143
2026-03-13 17:10:45,641 - INFO - Aguardando 6.1s para carregamento...
2026-03-13 17:11:00,567 - INFO - Analisando página HTML...
2026-03-13 17:11:00,569 - INFO - Tentativa 1 (links com /imovel/): 28 cards
2026-03-13 17:11:00,572 - INFO - ✓ Página 143: 28 imóveis extraídos
2026-03-13 17:11:00,652 - INFO - Driver fechado
2026-03-13 17:11:00,656 - INFO - ✓ Página 143 salva em data/raw/por_pagina/sao-paulo_sp_pagina143.csv
2026-03-13 17:11:00,656 - INFO - Aguardando 8.6s antes da próxima página...
2026-03-13 17:11:09,295 - INFO - ============================================================
2026-03-13 17:11:09,295 - INFO - PÁGINA 144
2026-03-13 17:11:09,295 - INFO - ============================================================
2026-03-13 17:11:09,295 - INFO - ====== WebDriver manager ======
2026-03-13 17:11:09,355 - INFO - Get LATEST chromedriver version for google-chrome
2026-03-13 17:11:09,433 - INFO - Get LATEST chromedriver version for google-chrome
2026-03-13 17:11:09,521 - INFO - Driver [/home/felipe/.wdm/drivers/chromedriver/linux64/145.0.7632.117/chromedriver-linux64/chromedriver] found in cache
2026-03-13 17:11:10,336 - INFO - Driver criado com User-Agent: Mozilla/5.0 (Windows NT 10.0; Win64; x64) AppleWeb...
2026-03-13 17:11:10,336 - INFO - Acessando: https://www.zapimoveis.com.br/aluguel/apartamentos/sp+sao-paulo/?tipos=apartamento_residencial%2Cstudio_residencial%2Ckitnet_residencial%2Ccasa_residencial%2Csobrado_residencial%2Ccondominio_residencial%2Ccasa-vila_residencial%2Ccobertura_residencial%2Cflat_residencial%2Cloft_residencial&pagina=144
2026-03-13 17:11:11,735 - INFO - Aguardando 6.8s para carregamento...
2026-03-13 17:11:27,561 - INFO - Analisando página HTML...
2026-03-13 17:11:27,563 - INFO - Tentativa 1 (links com /imovel/): 26 cards
2026-03-13 17:11:27,565 - INFO - ✓ Página 144: 26 imóveis extraídos
2026-03-13 17:11:27,643 - INFO - Driver fechado
2026-03-13 17:11:27,645 - INFO - ✓ Página 144 salva em data/raw/por_pagina/sao-paulo_sp_pagina144.csv
2026-03-13 17:11:27,645 - INFO - Aguardando 7.6s antes da próxima página...
2026-03-13 17:11:35,208 - INFO - ============================================================
2026-03-13 17:11:35,208 - INFO - PÁGINA 145
2026-03-13 17:11:35,208 - INFO - ============================================================
2026-03-13 17:11:35,208 - INFO - ====== WebDriver manager ======
2026-03-13 17:11:35,268 - INFO - Get LATEST chromedriver version for google-chrome
2026-03-13 17:11:35,345 - INFO - Get LATEST chromedriver version for google-chrome
2026-03-13 17:11:35,432 - INFO - Driver [/home/felipe/.wdm/drivers/chromedriver/linux64/145.0.7632.117/chromedriver-linux64/chromedriver] found in cache
2026-03-13 17:11:36,241 - INFO - Driver criado com User-Agent: Mozilla/5.0 (Windows NT 10.0; Win64; x64; rv:121.0...
2026-03-13 17:11:36,241 - INFO - Acessando: https://www.zapimoveis.com.br/aluguel/apartamentos/sp+sao-paulo/?tipos=apartamento_residencial%2Cstudio_residencial%2Ckitnet_residencial%2Ccasa_residencial%2Csobrado_residencial%2Ccondominio_residencial%2Ccasa-vila_residencial%2Ccobertura_residencial%2Cflat_residencial%2Cloft_residencial&pagina=145
2026-03-13 17:11:37,489 - INFO - Aguardando 8.0s para carregamento...
2026-03-13 17:11:53,988 - INFO - Analisando página HTML...
2026-03-13 17:11:53,989 - INFO - Tentativa 1 (links com /imovel/): 25 cards
2026-03-13 17:11:53,992 - INFO - ✓ Página 145: 25 imóveis extraídos
2026-03-13 17:11:54,070 - INFO - Driver fechado
2026-03-13 17:11:54,072 - INFO - ✓ Página 145 salva em data/raw/por_pagina/sao-paulo_sp_pagina145.csv
2026-03-13 17:11:54,072 - INFO - Aguardando 9.7s antes da próxima página...
2026-03-13 17:12:03,772 - INFO - ============================================================
2026-03-13 17:12:03,773 - INFO - PÁGINA 146
2026-03-13 17:12:03,773 - INFO - ============================================================
2026-03-13 17:12:03,773 - INFO - ====== WebDriver manager ======
2026-03-13 17:12:03,833 - INFO - Get LATEST chromedriver version for google-chrome
2026-03-13 17:12:03,910 - INFO - Get LATEST chromedriver version for google-chrome
2026-03-13 17:12:04,013 - INFO - Driver [/home/felipe/.wdm/drivers/chromedriver/linux64/145.0.7632.117/chromedriver-linux64/chromedriver] found in cache
2026-03-13 17:12:04,829 - INFO - Driver criado com User-Agent: Mozilla/5.0 (Windows NT 10.0; Win64; x64; rv:121.0...
2026-03-13 17:12:04,829 - INFO - Acessando: https://www.zapimoveis.com.br/aluguel/apartamentos/sp+sao-paulo/?tipos=apartamento_residencial%2Cstudio_residencial%2Ckitnet_residencial%2Ccasa_residencial%2Csobrado_residencial%2Ccondominio_residencial%2Ccasa-vila_residencial%2Ccobertura_residencial%2Cflat_residencial%2Cloft_residencial&pagina=146
2026-03-13 17:12:06,415 - INFO - Aguardando 6.2s para carregamento...
2026-03-13 17:12:21,129 - INFO - Analisando página HTML...
2026-03-13 17:12:21,131 - INFO - Tentativa 1 (links com /imovel/): 26 cards
2026-03-13 17:12:21,133 - INFO - ✓ Página 146: 26 imóveis extraídos
2026-03-13 17:12:21,209 - INFO - Driver fechado
2026-03-13 17:12:21,211 - INFO - ✓ Página 146 salva em data/raw/por_pagina/sao-paulo_sp_pagina146.csv
2026-03-13 17:12:21,211 - INFO - Aguardando 8.6s antes da próxima página...
2026-03-13 17:12:29,840 - INFO - ============================================================
2026-03-13 17:12:29,840 - INFO - PÁGINA 147
2026-03-13 17:12:29,840 - INFO - ============================================================
2026-03-13 17:12:29,840 - INFO - ====== WebDriver manager ======
2026-03-13 17:12:29,900 - INFO - Get LATEST chromedriver version for google-chrome
2026-03-13 17:12:29,970 - INFO - Get LATEST chromedriver version for google-chrome
2026-03-13 17:12:30,065 - INFO - Driver [/home/felipe/.wdm/drivers/chromedriver/linux64/145.0.7632.117/chromedriver-linux64/chromedriver] found in cache
2026-03-13 17:12:30,872 - INFO - Driver criado com User-Agent: Mozilla/5.0 (Windows NT 10.0; Win64; x64) AppleWeb...
2026-03-13 17:12:30,872 - INFO - Acessando: https://www.zapimoveis.com.br/aluguel/apartamentos/sp+sao-paulo/?tipos=apartamento_residencial%2Cstudio_residencial%2Ckitnet_residencial%2Ccasa_residencial%2Csobrado_residencial%2Ccondominio_residencial%2Ccasa-vila_residencial%2Ccobertura_residencial%2Cflat_residencial%2Cloft_residencial&pagina=147
2026-03-13 17:12:32,056 - INFO - Aguardando 6.6s para carregamento...
2026-03-13 17:12:46,519 - INFO - Analisando página HTML...
2026-03-13 17:12:46,521 - INFO - Tentativa 1 (links com /imovel/): 27 cards
2026-03-13 17:12:46,523 - INFO - ✓ Página 147: 27 imóveis extraídos
2026-03-13 17:12:46,598 - INFO - Driver fechado
2026-03-13 17:12:46,601 - INFO - ✓ Página 147 salva em data/raw/por_pagina/sao-paulo_sp_pagina147.csv
2026-03-13 17:12:46,601 - INFO - Aguardando 6.4s antes da próxima página...
2026-03-13 17:12:53,033 - INFO - ============================================================
2026-03-13 17:12:53,033 - INFO - PÁGINA 148
2026-03-13 17:12:53,033 - INFO - ============================================================
2026-03-13 17:12:53,033 - INFO - ====== WebDriver manager ======
2026-03-13 17:12:53,092 - INFO - Get LATEST chromedriver version for google-chrome
2026-03-13 17:12:53,174 - INFO - Get LATEST chromedriver version for google-chrome
2026-03-13 17:12:53,278 - INFO - Driver [/home/felipe/.wdm/drivers/chromedriver/linux64/145.0.7632.117/chromedriver-linux64/chromedriver] found in cache
2026-03-13 17:12:54,097 - INFO - Driver criado com User-Agent: Mozilla/5.0 (Windows NT 10.0; Win64; x64) AppleWeb...
2026-03-13 17:12:54,097 - INFO - Acessando: https://www.zapimoveis.com.br/aluguel/apartamentos/sp+sao-paulo/?tipos=apartamento_residencial%2Cstudio_residencial%2Ckitnet_residencial%2Ccasa_residencial%2Csobrado_residencial%2Ccondominio_residencial%2Ccasa-vila_residencial%2Ccobertura_residencial%2Cflat_residencial%2Cloft_residencial&pagina=148
2026-03-13 17:12:55,439 - INFO - Aguardando 6.9s para carregamento...
2026-03-13 17:13:10,433 - INFO - Analisando página HTML...
2026-03-13 17:13:10,435 - INFO - Tentativa 1 (links com /imovel/): 29 cards
2026-03-13 17:13:10,438 - INFO - ✓ Página 148: 29 imóveis extraídos
2026-03-13 17:13:10,515 - INFO - Driver fechado
2026-03-13 17:13:10,516 - INFO - ✓ Página 148 salva em data/raw/por_pagina/sao-paulo_sp_pagina148.csv
2026-03-13 17:13:10,516 - INFO - Aguardando 7.8s antes da próxima página...
2026-03-13 17:13:18,344 - INFO - ============================================================
2026-03-13 17:13:18,344 - INFO - PÁGINA 149
2026-03-13 17:13:18,345 - INFO - ============================================================
2026-03-13 17:13:18,345 - INFO - ====== WebDriver manager ======
2026-03-13 17:13:18,406 - INFO - Get LATEST chromedriver version for google-chrome
2026-03-13 17:13:18,485 - INFO - Get LATEST chromedriver version for google-chrome
2026-03-13 17:13:18,568 - INFO - Driver [/home/felipe/.wdm/drivers/chromedriver/linux64/145.0.7632.117/chromedriver-linux64/chromedriver] found in cache
2026-03-13 17:13:19,386 - INFO - Driver criado com User-Agent: Mozilla/5.0 (Windows NT 10.0; Win64; x64) AppleWeb...
2026-03-13 17:13:19,386 - INFO - Acessando: https://www.zapimoveis.com.br/aluguel/apartamentos/sp+sao-paulo/?tipos=apartamento_residencial%2Cstudio_residencial%2Ckitnet_residencial%2Ccasa_residencial%2Csobrado_residencial%2Ccondominio_residencial%2Ccasa-vila_residencial%2Ccobertura_residencial%2Cflat_residencial%2Cloft_residencial&pagina=149
2026-03-13 17:13:21,643 - INFO - Aguardando 6.1s para carregamento...
2026-03-13 17:13:37,511 - INFO - Analisando página HTML...
2026-03-13 17:13:37,512 - INFO - Tentativa 1 (links com /imovel/): 28 cards
2026-03-13 17:13:37,515 - INFO - ✓ Página 149: 28 imóveis extraídos
2026-03-13 17:13:37,594 - INFO - Driver fechado
2026-03-13 17:13:37,596 - INFO - ✓ Página 149 salva em data/raw/por_pagina/sao-paulo_sp_pagina149.csv
2026-03-13 17:13:37,596 - INFO - Aguardando 5.1s antes da próxima página...
2026-03-13 17:13:42,688 - INFO - ============================================================
2026-03-13 17:13:42,688 - INFO - PÁGINA 150
2026-03-13 17:13:42,688 - INFO - ============================================================
2026-03-13 17:13:42,688 - INFO - ====== WebDriver manager ======
2026-03-13 17:13:42,747 - INFO - Get LATEST chromedriver version for google-chrome
2026-03-13 17:13:42,837 - INFO - Get LATEST chromedriver version for google-chrome
2026-03-13 17:13:42,908 - INFO - Driver [/home/felipe/.wdm/drivers/chromedriver/linux64/145.0.7632.117/chromedriver-linux64/chromedriver] found in cache
2026-03-13 17:13:43,723 - INFO - Driver criado com User-Agent: Mozilla/5.0 (Windows NT 10.0; Win64; x64) AppleWeb...
2026-03-13 17:13:43,724 - INFO - Acessando: https://www.zapimoveis.com.br/aluguel/apartamentos/sp+sao-paulo/?tipos=apartamento_residencial%2Cstudio_residencial%2Ckitnet_residencial%2Ccasa_residencial%2Csobrado_residencial%2Ccondominio_residencial%2Ccasa-vila_residencial%2Ccobertura_residencial%2Cflat_residencial%2Cloft_residencial&pagina=150
2026-03-13 17:13:44,909 - INFO - Aguardando 8.0s para carregamento...
2026-03-13 17:14:01,841 - INFO - Analisando página HTML...
2026-03-13 17:14:01,842 - INFO - Tentativa 1 (links com /imovel/): 25 cards
2026-03-13 17:14:01,845 - INFO - ✓ Página 150: 25 imóveis extraídos
2026-03-13 17:14:01,923 - INFO - Driver fechado
2026-03-13 17:14:01,925 - INFO - ✓ Página 150 salva em data/raw/por_pagina/sao-paulo_sp_pagina150.csv
2026-03-13 17:14:01,925 - INFO - Aguardando 7.5s antes da próxima página...
2026-03-13 17:14:09,420 - INFO - ============================================================
2026-03-13 17:14:09,420 - INFO - PÁGINA 151
2026-03-13 17:14:09,420 - INFO - ============================================================
2026-03-13 17:14:09,420 - INFO - ====== WebDriver manager ======
2026-03-13 17:14:09,480 - INFO - Get LATEST chromedriver version for google-chrome
2026-03-13 17:14:09,574 - INFO - Get LATEST chromedriver version for google-chrome
2026-03-13 17:14:09,658 - INFO - Driver [/home/felipe/.wdm/drivers/chromedriver/linux64/145.0.7632.117/chromedriver-linux64/chromedriver] found in cache
2026-03-13 17:14:10,494 - INFO - Driver criado com User-Agent: Mozilla/5.0 (Windows NT 10.0; Win64; x64) AppleWeb...
2026-03-13 17:14:10,494 - INFO - Acessando: https://www.zapimoveis.com.br/aluguel/apartamentos/sp+sao-paulo/?tipos=apartamento_residencial%2Cstudio_residencial%2Ckitnet_residencial%2Ccasa_residencial%2Csobrado_residencial%2Ccondominio_residencial%2Ccasa-vila_residencial%2Ccobertura_residencial%2Cflat_residencial%2Cloft_residencial&pagina=151
2026-03-13 17:14:11,695 - INFO - Aguardando 6.5s para carregamento...
2026-03-13 17:14:26,001 - INFO - Analisando página HTML...
2026-03-13 17:14:26,003 - INFO - Tentativa 1 (links com /imovel/): 27 cards
2026-03-13 17:14:26,005 - INFO - ✓ Página 151: 27 imóveis extraídos
2026-03-13 17:14:26,082 - INFO - Driver fechado
2026-03-13 17:14:26,084 - INFO - ✓ Página 151 salva em data/raw/por_pagina/sao-paulo_sp_pagina151.csv
2026-03-13 17:14:26,084 - INFO - Aguardando 6.7s antes da próxima página...
2026-03-13 17:14:32,801 - INFO - ============================================================
2026-03-13 17:14:32,801 - INFO - PÁGINA 152
2026-03-13 17:14:32,801 - INFO - ============================================================
2026-03-13 17:14:32,801 - INFO - ====== WebDriver manager ======
2026-03-13 17:14:32,862 - INFO - Get LATEST chromedriver version for google-chrome
2026-03-13 17:14:32,941 - INFO - Get LATEST chromedriver version for google-chrome
2026-03-13 17:14:33,010 - INFO - Driver [/home/felipe/.wdm/drivers/chromedriver/linux64/145.0.7632.117/chromedriver-linux64/chromedriver] found in cache
2026-03-13 17:14:33,831 - INFO - Driver criado com User-Agent: Mozilla/5.0 (X11; Linux x86_64) AppleWebKit/537.36...
2026-03-13 17:14:33,832 - INFO - Acessando: https://www.zapimoveis.com.br/aluguel/apartamentos/sp+sao-paulo/?tipos=apartamento_residencial%2Cstudio_residencial%2Ckitnet_residencial%2Ccasa_residencial%2Csobrado_residencial%2Ccondominio_residencial%2Ccasa-vila_residencial%2Ccobertura_residencial%2Cflat_residencial%2Cloft_residencial&pagina=152
2026-03-13 17:14:34,951 - INFO - Aguardando 6.6s para carregamento...
2026-03-13 17:14:50,164 - INFO - Analisando página HTML...
2026-03-13 17:14:50,165 - INFO - Tentativa 1 (links com /imovel/): 28 cards
2026-03-13 17:14:50,168 - INFO - ✓ Página 152: 28 imóveis extraídos
2026-03-13 17:14:50,246 - INFO - Driver fechado
2026-03-13 17:14:50,247 - INFO - ✓ Página 152 salva em data/raw/por_pagina/sao-paulo_sp_pagina152.csv
2026-03-13 17:14:50,247 - INFO - Aguardando 7.3s antes da próxima página...
2026-03-13 17:14:57,543 - INFO - ============================================================
2026-03-13 17:14:57,543 - INFO - PÁGINA 153
2026-03-13 17:14:57,543 - INFO - ============================================================
2026-03-13 17:14:57,543 - INFO - ====== WebDriver manager ======
2026-03-13 17:14:57,603 - INFO - Get LATEST chromedriver version for google-chrome
2026-03-13 17:14:57,696 - INFO - Get LATEST chromedriver version for google-chrome
2026-03-13 17:14:57,833 - INFO - Driver [/home/felipe/.wdm/drivers/chromedriver/linux64/145.0.7632.117/chromedriver-linux64/chromedriver] found in cache
2026-03-13 17:14:58,653 - INFO - Driver criado com User-Agent: Mozilla/5.0 (Windows NT 10.0; Win64; x64; rv:121.0...
2026-03-13 17:14:58,653 - INFO - Acessando: https://www.zapimoveis.com.br/aluguel/apartamentos/sp+sao-paulo/?tipos=apartamento_residencial%2Cstudio_residencial%2Ckitnet_residencial%2Ccasa_residencial%2Csobrado_residencial%2Ccondominio_residencial%2Ccasa-vila_residencial%2Ccobertura_residencial%2Cflat_residencial%2Cloft_residencial&pagina=153
2026-03-13 17:14:59,811 - INFO - Aguardando 5.1s para carregamento...
2026-03-13 17:15:12,828 - INFO - Analisando página HTML...
2026-03-13 17:15:12,830 - INFO - Tentativa 1 (links com /imovel/): 27 cards
2026-03-13 17:15:12,832 - INFO - ✓ Página 153: 27 imóveis extraídos
2026-03-13 17:15:12,903 - INFO - Driver fechado
2026-03-13 17:15:12,906 - INFO - ✓ Página 153 salva em data/raw/por_pagina/sao-paulo_sp_pagina153.csv
2026-03-13 17:15:12,906 - INFO - Aguardando 8.8s antes da próxima página...
2026-03-13 17:15:21,701 - INFO - ============================================================
2026-03-13 17:15:21,701 - INFO - PÁGINA 154
2026-03-13 17:15:21,701 - INFO - ============================================================
2026-03-13 17:15:21,701 - INFO - ====== WebDriver manager ======
2026-03-13 17:15:21,761 - INFO - Get LATEST chromedriver version for google-chrome
2026-03-13 17:15:21,850 - INFO - Get LATEST chromedriver version for google-chrome
2026-03-13 17:15:21,922 - INFO - Driver [/home/felipe/.wdm/drivers/chromedriver/linux64/145.0.7632.117/chromedriver-linux64/chromedriver] found in cache
2026-03-13 17:15:22,774 - INFO - Driver criado com User-Agent: Mozilla/5.0 (Macintosh; Intel Mac OS X 10_15_7) Ap...
2026-03-13 17:15:22,774 - INFO - Acessando: https://www.zapimoveis.com.br/aluguel/apartamentos/sp+sao-paulo/?tipos=apartamento_residencial%2Cstudio_residencial%2Ckitnet_residencial%2Ccasa_residencial%2Csobrado_residencial%2Ccondominio_residencial%2Ccasa-vila_residencial%2Ccobertura_residencial%2Cflat_residencial%2Cloft_residencial&pagina=154
2026-03-13 17:15:24,297 - INFO - Aguardando 7.6s para carregamento...
2026-03-13 17:15:39,787 - INFO - Analisando página HTML...
2026-03-13 17:15:39,788 - INFO - Tentativa 1 (links com /imovel/): 25 cards
2026-03-13 17:15:39,791 - INFO - ✓ Página 154: 25 imóveis extraídos
2026-03-13 17:15:39,867 - INFO - Driver fechado
2026-03-13 17:15:39,868 - INFO - ✓ Página 154 salva em data/raw/por_pagina/sao-paulo_sp_pagina154.csv
2026-03-13 17:15:39,869 - INFO - Aguardando 7.9s antes da próxima página...
2026-03-13 17:15:47,796 - INFO - ============================================================
2026-03-13 17:15:47,796 - INFO - PÁGINA 155
2026-03-13 17:15:47,796 - INFO - ============================================================
2026-03-13 17:15:47,796 - INFO - ====== WebDriver manager ======
2026-03-13 17:15:47,856 - INFO - Get LATEST chromedriver version for google-chrome
2026-03-13 17:15:47,937 - INFO - Get LATEST chromedriver version for google-chrome
2026-03-13 17:15:48,002 - INFO - Driver [/home/felipe/.wdm/drivers/chromedriver/linux64/145.0.7632.117/chromedriver-linux64/chromedriver] found in cache
2026-03-13 17:15:48,817 - INFO - Driver criado com User-Agent: Mozilla/5.0 (Macintosh; Intel Mac OS X 10_15_7) Ap...
2026-03-13 17:15:48,817 - INFO - Acessando: https://www.zapimoveis.com.br/aluguel/apartamentos/sp+sao-paulo/?tipos=apartamento_residencial%2Cstudio_residencial%2Ckitnet_residencial%2Ccasa_residencial%2Csobrado_residencial%2Ccondominio_residencial%2Ccasa-vila_residencial%2Ccobertura_residencial%2Cflat_residencial%2Cloft_residencial&pagina=155
2026-03-13 17:15:50,180 - INFO - Aguardando 7.7s para carregamento...
2026-03-13 17:16:06,823 - INFO - Analisando página HTML...
2026-03-13 17:16:06,824 - INFO - Tentativa 1 (links com /imovel/): 28 cards
2026-03-13 17:16:06,827 - INFO - ✓ Página 155: 28 imóveis extraídos
2026-03-13 17:16:06,904 - INFO - Driver fechado
2026-03-13 17:16:06,906 - INFO - ✓ Página 155 salva em data/raw/por_pagina/sao-paulo_sp_pagina155.csv
2026-03-13 17:16:06,906 - INFO - Aguardando 8.8s antes da próxima página...
2026-03-13 17:16:15,683 - INFO - ============================================================
2026-03-13 17:16:15,683 - INFO - PÁGINA 156
2026-03-13 17:16:15,683 - INFO - ============================================================
2026-03-13 17:16:15,684 - INFO - ====== WebDriver manager ======
2026-03-13 17:16:15,743 - INFO - Get LATEST chromedriver version for google-chrome
2026-03-13 17:16:15,832 - INFO - Get LATEST chromedriver version for google-chrome
2026-03-13 17:16:15,908 - INFO - Driver [/home/felipe/.wdm/drivers/chromedriver/linux64/145.0.7632.117/chromedriver-linux64/chromedriver] found in cache
2026-03-13 17:16:16,726 - INFO - Driver criado com User-Agent: Mozilla/5.0 (Windows NT 10.0; Win64; x64) AppleWeb...
2026-03-13 17:16:16,726 - INFO - Acessando: https://www.zapimoveis.com.br/aluguel/apartamentos/sp+sao-paulo/?tipos=apartamento_residencial%2Cstudio_residencial%2Ckitnet_residencial%2Ccasa_residencial%2Csobrado_residencial%2Ccondominio_residencial%2Ccasa-vila_residencial%2Ccobertura_residencial%2Cflat_residencial%2Cloft_residencial&pagina=156
2026-03-13 17:16:18,127 - INFO - Aguardando 5.5s para carregamento...
2026-03-13 17:16:31,535 - INFO - Analisando página HTML...
2026-03-13 17:16:31,537 - INFO - Tentativa 1 (links com /imovel/): 22 cards
2026-03-13 17:16:31,539 - INFO - ✓ Página 156: 22 imóveis extraídos
2026-03-13 17:16:31,613 - INFO - Driver fechado
2026-03-13 17:16:31,614 - INFO - ✓ Página 156 salva em data/raw/por_pagina/sao-paulo_sp_pagina156.csv
2026-03-13 17:16:31,614 - INFO - Aguardando 7.5s antes da próxima página...
2026-03-13 17:16:39,082 - INFO - ============================================================
2026-03-13 17:16:39,082 - INFO - PÁGINA 157
2026-03-13 17:16:39,083 - INFO - ============================================================
2026-03-13 17:16:39,083 - INFO - ====== WebDriver manager ======
2026-03-13 17:16:39,143 - INFO - Get LATEST chromedriver version for google-chrome
2026-03-13 17:16:39,232 - INFO - Get LATEST chromedriver version for google-chrome
2026-03-13 17:16:39,323 - INFO - Driver [/home/felipe/.wdm/drivers/chromedriver/linux64/145.0.7632.117/chromedriver-linux64/chromedriver] found in cache
2026-03-13 17:16:40,131 - INFO - Driver criado com User-Agent: Mozilla/5.0 (Windows NT 10.0; Win64; x64; rv:121.0...
2026-03-13 17:16:40,131 - INFO - Acessando: https://www.zapimoveis.com.br/aluguel/apartamentos/sp+sao-paulo/?tipos=apartamento_residencial%2Cstudio_residencial%2Ckitnet_residencial%2Ccasa_residencial%2Csobrado_residencial%2Ccondominio_residencial%2Ccasa-vila_residencial%2Ccobertura_residencial%2Cflat_residencial%2Cloft_residencial&pagina=157
2026-03-13 17:16:41,384 - INFO - Aguardando 6.9s para carregamento...
2026-03-13 17:16:55,801 - INFO - Analisando página HTML...
2026-03-13 17:16:55,802 - INFO - Tentativa 1 (links com /imovel/): 23 cards
2026-03-13 17:16:55,805 - INFO - ✓ Página 157: 23 imóveis extraídos
2026-03-13 17:16:55,881 - INFO - Driver fechado
2026-03-13 17:16:55,883 - INFO - ✓ Página 157 salva em data/raw/por_pagina/sao-paulo_sp_pagina157.csv
2026-03-13 17:16:55,883 - INFO - Aguardando 7.5s antes da próxima página...
2026-03-13 17:17:03,397 - INFO - ============================================================
2026-03-13 17:17:03,397 - INFO - PÁGINA 158
2026-03-13 17:17:03,397 - INFO - ============================================================
2026-03-13 17:17:03,397 - INFO - ====== WebDriver manager ======
2026-03-13 17:17:03,456 - INFO - Get LATEST chromedriver version for google-chrome
2026-03-13 17:17:03,545 - INFO - Get LATEST chromedriver version for google-chrome
2026-03-13 17:17:03,630 - INFO - Driver [/home/felipe/.wdm/drivers/chromedriver/linux64/145.0.7632.117/chromedriver-linux64/chromedriver] found in cache
2026-03-13 17:17:04,462 - INFO - Driver criado com User-Agent: Mozilla/5.0 (X11; Linux x86_64) AppleWebKit/537.36...
2026-03-13 17:17:04,462 - INFO - Acessando: https://www.zapimoveis.com.br/aluguel/apartamentos/sp+sao-paulo/?tipos=apartamento_residencial%2Cstudio_residencial%2Ckitnet_residencial%2Ccasa_residencial%2Csobrado_residencial%2Ccondominio_residencial%2Ccasa-vila_residencial%2Ccobertura_residencial%2Cflat_residencial%2Cloft_residencial&pagina=158
2026-03-13 17:17:05,683 - INFO - Aguardando 7.4s para carregamento...
2026-03-13 17:17:22,436 - INFO - Analisando página HTML...
2026-03-13 17:17:22,437 - INFO - Tentativa 1 (links com /imovel/): 26 cards
2026-03-13 17:17:22,440 - INFO - ✓ Página 158: 26 imóveis extraídos
2026-03-13 17:17:22,519 - INFO - Driver fechado
2026-03-13 17:17:22,521 - INFO - ✓ Página 158 salva em data/raw/por_pagina/sao-paulo_sp_pagina158.csv
2026-03-13 17:17:22,521 - INFO - Aguardando 8.9s antes da próxima página...
2026-03-13 17:17:31,411 - INFO - ============================================================
2026-03-13 17:17:31,411 - INFO - PÁGINA 159
2026-03-13 17:17:31,411 - INFO - ============================================================
2026-03-13 17:17:31,412 - INFO - ====== WebDriver manager ======
2026-03-13 17:17:31,472 - INFO - Get LATEST chromedriver version for google-chrome
2026-03-13 17:17:31,538 - INFO - Get LATEST chromedriver version for google-chrome
2026-03-13 17:17:31,618 - INFO - Driver [/home/felipe/.wdm/drivers/chromedriver/linux64/145.0.7632.117/chromedriver-linux64/chromedriver] found in cache
2026-03-13 17:17:32,433 - INFO - Driver criado com User-Agent: Mozilla/5.0 (Windows NT 10.0; Win64; x64) AppleWeb...
2026-03-13 17:17:32,433 - INFO - Acessando: https://www.zapimoveis.com.br/aluguel/apartamentos/sp+sao-paulo/?tipos=apartamento_residencial%2Cstudio_residencial%2Ckitnet_residencial%2Ccasa_residencial%2Csobrado_residencial%2Ccondominio_residencial%2Ccasa-vila_residencial%2Ccobertura_residencial%2Cflat_residencial%2Cloft_residencial&pagina=159
2026-03-13 17:17:33,833 - INFO - Aguardando 5.2s para carregamento...
2026-03-13 17:17:46,307 - INFO - Analisando página HTML...
2026-03-13 17:17:46,308 - INFO - Tentativa 1 (links com /imovel/): 28 cards
2026-03-13 17:17:46,311 - INFO - ✓ Página 159: 28 imóveis extraídos
2026-03-13 17:17:46,381 - INFO - Driver fechado
2026-03-13 17:17:46,384 - INFO - ✓ Página 159 salva em data/raw/por_pagina/sao-paulo_sp_pagina159.csv
2026-03-13 17:17:46,384 - INFO - Aguardando 9.2s antes da próxima página...
2026-03-13 17:17:55,550 - INFO - ============================================================
2026-03-13 17:17:55,550 - INFO - PÁGINA 160
2026-03-13 17:17:55,550 - INFO - ============================================================
2026-03-13 17:17:55,550 - INFO - ====== WebDriver manager ======
2026-03-13 17:17:55,612 - INFO - Get LATEST chromedriver version for google-chrome
2026-03-13 17:17:55,694 - INFO - Get LATEST chromedriver version for google-chrome
2026-03-13 17:17:55,793 - INFO - Driver [/home/felipe/.wdm/drivers/chromedriver/linux64/145.0.7632.117/chromedriver-linux64/chromedriver] found in cache
2026-03-13 17:17:56,616 - INFO - Driver criado com User-Agent: Mozilla/5.0 (Windows NT 10.0; Win64; x64) AppleWeb...
2026-03-13 17:17:56,616 - INFO - Acessando: https://www.zapimoveis.com.br/aluguel/apartamentos/sp+sao-paulo/?tipos=apartamento_residencial%2Cstudio_residencial%2Ckitnet_residencial%2Ccasa_residencial%2Csobrado_residencial%2Ccondominio_residencial%2Ccasa-vila_residencial%2Ccobertura_residencial%2Cflat_residencial%2Cloft_residencial&pagina=160
2026-03-13 17:17:58,097 - INFO - Aguardando 7.8s para carregamento...
2026-03-13 17:18:13,167 - INFO - Analisando página HTML...
2026-03-13 17:18:13,168 - INFO - Tentativa 1 (links com /imovel/): 25 cards
2026-03-13 17:18:13,171 - INFO - ✓ Página 160: 25 imóveis extraídos
2026-03-13 17:18:13,251 - INFO - Driver fechado
2026-03-13 17:18:13,254 - INFO - ✓ Página 160 salva em data/raw/por_pagina/sao-paulo_sp_pagina160.csv
2026-03-13 17:18:13,254 - INFO - Aguardando 5.3s antes da próxima página...
2026-03-13 17:18:18,568 - INFO - ============================================================
2026-03-13 17:18:18,568 - INFO - PÁGINA 161
2026-03-13 17:18:18,568 - INFO - ============================================================
2026-03-13 17:18:18,569 - INFO - ====== WebDriver manager ======
2026-03-13 17:18:18,631 - INFO - Get LATEST chromedriver version for google-chrome
2026-03-13 17:18:18,705 - INFO - Get LATEST chromedriver version for google-chrome
2026-03-13 17:18:18,796 - INFO - Driver [/home/felipe/.wdm/drivers/chromedriver/linux64/145.0.7632.117/chromedriver-linux64/chromedriver] found in cache
2026-03-13 17:18:19,627 - INFO - Driver criado com User-Agent: Mozilla/5.0 (Windows NT 10.0; Win64; x64) AppleWeb...
2026-03-13 17:18:19,627 - INFO - Acessando: https://www.zapimoveis.com.br/aluguel/apartamentos/sp+sao-paulo/?tipos=apartamento_residencial%2Cstudio_residencial%2Ckitnet_residencial%2Ccasa_residencial%2Csobrado_residencial%2Ccondominio_residencial%2Ccasa-vila_residencial%2Ccobertura_residencial%2Cflat_residencial%2Cloft_residencial&pagina=161
2026-03-13 17:18:20,988 - INFO - Aguardando 7.7s para carregamento...
2026-03-13 17:18:37,639 - INFO - Analisando página HTML...
2026-03-13 17:18:37,640 - INFO - Tentativa 1 (links com /imovel/): 27 cards
2026-03-13 17:18:37,643 - INFO - ✓ Página 161: 27 imóveis extraídos
2026-03-13 17:18:37,721 - INFO - Driver fechado
2026-03-13 17:18:37,723 - INFO - ✓ Página 161 salva em data/raw/por_pagina/sao-paulo_sp_pagina161.csv
2026-03-13 17:18:37,723 - INFO - Aguardando 7.2s antes da próxima página...
2026-03-13 17:18:44,921 - INFO - ============================================================
2026-03-13 17:18:44,921 - INFO - PÁGINA 162
2026-03-13 17:18:44,921 - INFO - ============================================================
2026-03-13 17:18:44,921 - INFO - ====== WebDriver manager ======
2026-03-13 17:18:44,982 - INFO - Get LATEST chromedriver version for google-chrome
2026-03-13 17:18:45,186 - INFO - Get LATEST chromedriver version for google-chrome
2026-03-13 17:18:45,256 - INFO - Driver [/home/felipe/.wdm/drivers/chromedriver/linux64/145.0.7632.117/chromedriver-linux64/chromedriver] found in cache
2026-03-13 17:18:46,077 - INFO - Driver criado com User-Agent: Mozilla/5.0 (Windows NT 10.0; Win64; x64; rv:121.0...
2026-03-13 17:18:46,077 - INFO - Acessando: https://www.zapimoveis.com.br/aluguel/apartamentos/sp+sao-paulo/?tipos=apartamento_residencial%2Cstudio_residencial%2Ckitnet_residencial%2Ccasa_residencial%2Csobrado_residencial%2Ccondominio_residencial%2Ccasa-vila_residencial%2Ccobertura_residencial%2Cflat_residencial%2Cloft_residencial&pagina=162
2026-03-13 17:18:47,246 - INFO - Aguardando 6.5s para carregamento...
2026-03-13 17:19:01,468 - INFO - Analisando página HTML...
2026-03-13 17:19:01,470 - INFO - Tentativa 1 (links com /imovel/): 28 cards
2026-03-13 17:19:01,472 - INFO - ✓ Página 162: 28 imóveis extraídos
2026-03-13 17:19:01,550 - INFO - Driver fechado
2026-03-13 17:19:01,552 - INFO - ✓ Página 162 salva em data/raw/por_pagina/sao-paulo_sp_pagina162.csv
2026-03-13 17:19:01,552 - INFO - Aguardando 8.9s antes da próxima página...
2026-03-13 17:19:10,459 - INFO - ============================================================
2026-03-13 17:19:10,459 - INFO - PÁGINA 163
2026-03-13 17:19:10,459 - INFO - ============================================================
2026-03-13 17:19:10,459 - INFO - ====== WebDriver manager ======
2026-03-13 17:19:10,517 - INFO - Get LATEST chromedriver version for google-chrome
2026-03-13 17:19:10,593 - INFO - Get LATEST chromedriver version for google-chrome
2026-03-13 17:19:10,681 - INFO - Driver [/home/felipe/.wdm/drivers/chromedriver/linux64/145.0.7632.117/chromedriver-linux64/chromedriver] found in cache
2026-03-13 17:19:11,512 - INFO - Driver criado com User-Agent: Mozilla/5.0 (Macintosh; Intel Mac OS X 10_15_7) Ap...
2026-03-13 17:19:11,512 - INFO - Acessando: https://www.zapimoveis.com.br/aluguel/apartamentos/sp+sao-paulo/?tipos=apartamento_residencial%2Cstudio_residencial%2Ckitnet_residencial%2Ccasa_residencial%2Csobrado_residencial%2Ccondominio_residencial%2Ccasa-vila_residencial%2Ccobertura_residencial%2Cflat_residencial%2Cloft_residencial&pagina=163
2026-03-13 17:19:12,622 - INFO - Aguardando 6.9s para carregamento...
2026-03-13 17:19:27,550 - INFO - Analisando página HTML...
2026-03-13 17:19:27,551 - INFO - Tentativa 1 (links com /imovel/): 27 cards
2026-03-13 17:19:27,554 - INFO - ✓ Página 163: 27 imóveis extraídos
2026-03-13 17:19:27,632 - INFO - Driver fechado
2026-03-13 17:19:27,633 - INFO - ✓ Página 163 salva em data/raw/por_pagina/sao-paulo_sp_pagina163.csv
2026-03-13 17:19:27,633 - INFO - Aguardando 6.1s antes da próxima página...
2026-03-13 17:19:33,693 - INFO - ============================================================
2026-03-13 17:19:33,693 - INFO - PÁGINA 164
2026-03-13 17:19:33,693 - INFO - ============================================================
2026-03-13 17:19:33,693 - INFO - ====== WebDriver manager ======
2026-03-13 17:19:33,750 - INFO - Get LATEST chromedriver version for google-chrome
2026-03-13 17:19:33,829 - INFO - Get LATEST chromedriver version for google-chrome
2026-03-13 17:19:33,910 - INFO - Driver [/home/felipe/.wdm/drivers/chromedriver/linux64/145.0.7632.117/chromedriver-linux64/chromedriver] found in cache
2026-03-13 17:19:34,741 - INFO - Driver criado com User-Agent: Mozilla/5.0 (Windows NT 10.0; Win64; x64) AppleWeb...
2026-03-13 17:19:34,741 - INFO - Acessando: https://www.zapimoveis.com.br/aluguel/apartamentos/sp+sao-paulo/?tipos=apartamento_residencial%2Cstudio_residencial%2Ckitnet_residencial%2Ccasa_residencial%2Csobrado_residencial%2Ccondominio_residencial%2Ccasa-vila_residencial%2Ccobertura_residencial%2Cflat_residencial%2Cloft_residencial&pagina=164
2026-03-13 17:19:36,894 - INFO - Aguardando 5.7s para carregamento...
2026-03-13 17:19:50,508 - INFO - Analisando página HTML...
2026-03-13 17:19:50,509 - INFO - Tentativa 1 (links com /imovel/): 27 cards
2026-03-13 17:19:50,512 - INFO - ✓ Página 164: 27 imóveis extraídos
2026-03-13 17:19:50,590 - INFO - Driver fechado
2026-03-13 17:19:50,592 - INFO - ✓ Página 164 salva em data/raw/por_pagina/sao-paulo_sp_pagina164.csv
2026-03-13 17:19:50,592 - INFO - Aguardando 7.6s antes da próxima página...
2026-03-13 17:19:58,200 - INFO - ============================================================
2026-03-13 17:19:58,201 - INFO - PÁGINA 165
2026-03-13 17:19:58,201 - INFO - ============================================================
2026-03-13 17:19:58,201 - INFO - ====== WebDriver manager ======
2026-03-13 17:19:58,259 - INFO - Get LATEST chromedriver version for google-chrome
2026-03-13 17:19:58,335 - INFO - Get LATEST chromedriver version for google-chrome
2026-03-13 17:19:58,430 - INFO - Driver [/home/felipe/.wdm/drivers/chromedriver/linux64/145.0.7632.117/chromedriver-linux64/chromedriver] found in cache
2026-03-13 17:19:59,255 - INFO - Driver criado com User-Agent: Mozilla/5.0 (Macintosh; Intel Mac OS X 10_15_7) Ap...
2026-03-13 17:19:59,255 - INFO - Acessando: https://www.zapimoveis.com.br/aluguel/apartamentos/sp+sao-paulo/?tipos=apartamento_residencial%2Cstudio_residencial%2Ckitnet_residencial%2Ccasa_residencial%2Csobrado_residencial%2Ccondominio_residencial%2Ccasa-vila_residencial%2Ccobertura_residencial%2Cflat_residencial%2Cloft_residencial&pagina=165
2026-03-13 17:20:01,748 - INFO - Aguardando 5.3s para carregamento...
2026-03-13 17:20:14,705 - INFO - Analisando página HTML...
2026-03-13 17:20:14,707 - INFO - Tentativa 1 (links com /imovel/): 27 cards
2026-03-13 17:20:14,709 - INFO - ✓ Página 165: 27 imóveis extraídos
2026-03-13 17:20:14,785 - INFO - Driver fechado
2026-03-13 17:20:14,787 - INFO - ✓ Página 165 salva em data/raw/por_pagina/sao-paulo_sp_pagina165.csv
2026-03-13 17:20:14,787 - INFO - Aguardando 9.8s antes da próxima página...
2026-03-13 17:20:24,590 - INFO - ============================================================
2026-03-13 17:20:24,590 - INFO - PÁGINA 166
2026-03-13 17:20:24,590 - INFO - ============================================================
2026-03-13 17:20:24,591 - INFO - ====== WebDriver manager ======
2026-03-13 17:20:24,649 - INFO - Get LATEST chromedriver version for google-chrome
2026-03-13 17:20:24,728 - INFO - Get LATEST chromedriver version for google-chrome
2026-03-13 17:20:24,812 - INFO - Driver [/home/felipe/.wdm/drivers/chromedriver/linux64/145.0.7632.117/chromedriver-linux64/chromedriver] found in cache
2026-03-13 17:20:25,639 - INFO - Driver criado com User-Agent: Mozilla/5.0 (Windows NT 10.0; Win64; x64) AppleWeb...
2026-03-13 17:20:25,639 - INFO - Acessando: https://www.zapimoveis.com.br/aluguel/apartamentos/sp+sao-paulo/?tipos=apartamento_residencial%2Cstudio_residencial%2Ckitnet_residencial%2Ccasa_residencial%2Csobrado_residencial%2Ccondominio_residencial%2Ccasa-vila_residencial%2Ccobertura_residencial%2Cflat_residencial%2Cloft_residencial&pagina=166
2026-03-13 17:20:26,878 - INFO - Aguardando 6.6s para carregamento...
2026-03-13 17:20:42,870 - INFO - Analisando página HTML...
2026-03-13 17:20:42,871 - INFO - Tentativa 1 (links com /imovel/): 27 cards
2026-03-13 17:20:42,874 - INFO - ✓ Página 166: 27 imóveis extraídos
2026-03-13 17:20:42,952 - INFO - Driver fechado
2026-03-13 17:20:42,954 - INFO - ✓ Página 166 salva em data/raw/por_pagina/sao-paulo_sp_pagina166.csv
2026-03-13 17:20:42,954 - INFO - Aguardando 8.0s antes da próxima página...
2026-03-13 17:20:50,982 - INFO - ============================================================
2026-03-13 17:20:50,982 - INFO - PÁGINA 167
2026-03-13 17:20:50,982 - INFO - ============================================================
2026-03-13 17:20:50,982 - INFO - ====== WebDriver manager ======
2026-03-13 17:20:51,040 - INFO - Get LATEST chromedriver version for google-chrome
2026-03-13 17:20:51,125 - INFO - Get LATEST chromedriver version for google-chrome
2026-03-13 17:20:51,222 - INFO - Driver [/home/felipe/.wdm/drivers/chromedriver/linux64/145.0.7632.117/chromedriver-linux64/chromedriver] found in cache
2026-03-13 17:20:52,036 - INFO - Driver criado com User-Agent: Mozilla/5.0 (Windows NT 10.0; Win64; x64) AppleWeb...
2026-03-13 17:20:52,036 - INFO - Acessando: https://www.zapimoveis.com.br/aluguel/apartamentos/sp+sao-paulo/?tipos=apartamento_residencial%2Cstudio_residencial%2Ckitnet_residencial%2Ccasa_residencial%2Csobrado_residencial%2Ccondominio_residencial%2Ccasa-vila_residencial%2Ccobertura_residencial%2Cflat_residencial%2Cloft_residencial&pagina=167
2026-03-13 17:20:53,319 - INFO - Aguardando 5.4s para carregamento...
2026-03-13 17:21:08,294 - INFO - Analisando página HTML...
2026-03-13 17:21:08,295 - INFO - Tentativa 1 (links com /imovel/): 26 cards
2026-03-13 17:21:08,298 - INFO - ✓ Página 167: 26 imóveis extraídos
2026-03-13 17:21:08,377 - INFO - Driver fechado
2026-03-13 17:21:08,380 - INFO - ✓ Página 167 salva em data/raw/por_pagina/sao-paulo_sp_pagina167.csv
2026-03-13 17:21:08,381 - INFO - Aguardando 5.3s antes da próxima página...
2026-03-13 17:21:13,706 - INFO - ============================================================
2026-03-13 17:21:13,706 - INFO - PÁGINA 168
2026-03-13 17:21:13,706 - INFO - ============================================================
2026-03-13 17:21:13,706 - INFO - ====== WebDriver manager ======
2026-03-13 17:21:13,765 - INFO - Get LATEST chromedriver version for google-chrome
2026-03-13 17:21:13,838 - INFO - Get LATEST chromedriver version for google-chrome
2026-03-13 17:21:13,941 - INFO - Driver [/home/felipe/.wdm/drivers/chromedriver/linux64/145.0.7632.117/chromedriver-linux64/chromedriver] found in cache
2026-03-13 17:21:14,747 - INFO - Driver criado com User-Agent: Mozilla/5.0 (Windows NT 10.0; Win64; x64) AppleWeb...
2026-03-13 17:21:14,747 - INFO - Acessando: https://www.zapimoveis.com.br/aluguel/apartamentos/sp+sao-paulo/?tipos=apartamento_residencial%2Cstudio_residencial%2Ckitnet_residencial%2Ccasa_residencial%2Csobrado_residencial%2Ccondominio_residencial%2Ccasa-vila_residencial%2Ccobertura_residencial%2Cflat_residencial%2Cloft_residencial&pagina=168
2026-03-13 17:21:15,863 - INFO - Aguardando 6.8s para carregamento...
2026-03-13 17:21:29,843 - INFO - Analisando página HTML...
2026-03-13 17:21:29,844 - INFO - Tentativa 1 (links com /imovel/): 25 cards
2026-03-13 17:21:29,847 - INFO - ✓ Página 168: 25 imóveis extraídos
2026-03-13 17:21:29,922 - INFO - Driver fechado
2026-03-13 17:21:29,923 - INFO - ✓ Página 168 salva em data/raw/por_pagina/sao-paulo_sp_pagina168.csv
2026-03-13 17:21:29,923 - INFO - Aguardando 8.6s antes da próxima página...
2026-03-13 17:21:38,558 - INFO - ============================================================
2026-03-13 17:21:38,558 - INFO - PÁGINA 169
2026-03-13 17:21:38,558 - INFO - ============================================================
2026-03-13 17:21:38,558 - INFO - ====== WebDriver manager ======
2026-03-13 17:21:38,617 - INFO - Get LATEST chromedriver version for google-chrome
2026-03-13 17:21:38,685 - INFO - Get LATEST chromedriver version for google-chrome
2026-03-13 17:21:38,783 - INFO - Driver [/home/felipe/.wdm/drivers/chromedriver/linux64/145.0.7632.117/chromedriver-linux64/chromedriver] found in cache
2026-03-13 17:21:39,594 - INFO - Driver criado com User-Agent: Mozilla/5.0 (Macintosh; Intel Mac OS X 10_15_7) Ap...
2026-03-13 17:21:39,595 - INFO - Acessando: https://www.zapimoveis.com.br/aluguel/apartamentos/sp+sao-paulo/?tipos=apartamento_residencial%2Cstudio_residencial%2Ckitnet_residencial%2Ccasa_residencial%2Csobrado_residencial%2Ccondominio_residencial%2Ccasa-vila_residencial%2Ccobertura_residencial%2Cflat_residencial%2Cloft_residencial&pagina=169
2026-03-13 17:21:40,954 - INFO - Aguardando 7.9s para carregamento...
2026-03-13 17:21:56,358 - INFO - Analisando página HTML...
2026-03-13 17:21:56,359 - INFO - Tentativa 1 (links com /imovel/): 23 cards
2026-03-13 17:21:56,361 - INFO - ✓ Página 169: 23 imóveis extraídos
2026-03-13 17:21:56,438 - INFO - Driver fechado
2026-03-13 17:21:56,440 - INFO - ✓ Página 169 salva em data/raw/por_pagina/sao-paulo_sp_pagina169.csv
2026-03-13 17:21:56,440 - INFO - Aguardando 7.8s antes da próxima página...
2026-03-13 17:22:04,194 - INFO - ============================================================
2026-03-13 17:22:04,194 - INFO - PÁGINA 170
2026-03-13 17:22:04,194 - INFO - ============================================================
2026-03-13 17:22:04,195 - INFO - ====== WebDriver manager ======
2026-03-13 17:22:04,253 - INFO - Get LATEST chromedriver version for google-chrome
2026-03-13 17:22:04,330 - INFO - Get LATEST chromedriver version for google-chrome
2026-03-13 17:22:04,397 - INFO - Driver [/home/felipe/.wdm/drivers/chromedriver/linux64/145.0.7632.117/chromedriver-linux64/chromedriver] found in cache
2026-03-13 17:22:05,206 - INFO - Driver criado com User-Agent: Mozilla/5.0 (Windows NT 10.0; Win64; x64) AppleWeb...
2026-03-13 17:22:05,206 - INFO - Acessando: https://www.zapimoveis.com.br/aluguel/apartamentos/sp+sao-paulo/?tipos=apartamento_residencial%2Cstudio_residencial%2Ckitnet_residencial%2Ccasa_residencial%2Csobrado_residencial%2Ccondominio_residencial%2Ccasa-vila_residencial%2Ccobertura_residencial%2Cflat_residencial%2Cloft_residencial&pagina=170
2026-03-13 17:22:06,702 - INFO - Aguardando 5.8s para carregamento...
2026-03-13 17:22:20,883 - INFO - Analisando página HTML...
2026-03-13 17:22:20,884 - INFO - Tentativa 1 (links com /imovel/): 27 cards
2026-03-13 17:22:20,887 - INFO - ✓ Página 170: 27 imóveis extraídos
2026-03-13 17:22:20,965 - INFO - Driver fechado
2026-03-13 17:22:20,967 - INFO - ✓ Página 170 salva em data/raw/por_pagina/sao-paulo_sp_pagina170.csv
2026-03-13 17:22:20,967 - INFO - Aguardando 6.2s antes da próxima página...
2026-03-13 17:22:27,118 - INFO - ============================================================
2026-03-13 17:22:27,118 - INFO - PÁGINA 171
2026-03-13 17:22:27,118 - INFO - ============================================================
2026-03-13 17:22:27,119 - INFO - ====== WebDriver manager ======
2026-03-13 17:22:27,174 - INFO - Get LATEST chromedriver version for google-chrome
2026-03-13 17:22:27,261 - INFO - Get LATEST chromedriver version for google-chrome
2026-03-13 17:22:27,342 - INFO - Driver [/home/felipe/.wdm/drivers/chromedriver/linux64/145.0.7632.117/chromedriver-linux64/chromedriver] found in cache
2026-03-13 17:22:28,160 - INFO - Driver criado com User-Agent: Mozilla/5.0 (Windows NT 10.0; Win64; x64) AppleWeb...
2026-03-13 17:22:28,160 - INFO - Acessando: https://www.zapimoveis.com.br/aluguel/apartamentos/sp+sao-paulo/?tipos=apartamento_residencial%2Cstudio_residencial%2Ckitnet_residencial%2Ccasa_residencial%2Csobrado_residencial%2Ccondominio_residencial%2Ccasa-vila_residencial%2Ccobertura_residencial%2Cflat_residencial%2Cloft_residencial&pagina=171
2026-03-13 17:22:29,711 - INFO - Aguardando 7.4s para carregamento...
2026-03-13 17:22:46,789 - INFO - Analisando página HTML...
2026-03-13 17:22:46,790 - INFO - Tentativa 1 (links com /imovel/): 26 cards
2026-03-13 17:22:46,793 - INFO - ✓ Página 171: 26 imóveis extraídos
2026-03-13 17:22:46,868 - INFO - Driver fechado
2026-03-13 17:22:46,870 - INFO - ✓ Página 171 salva em data/raw/por_pagina/sao-paulo_sp_pagina171.csv
2026-03-13 17:22:46,871 - INFO - Aguardando 5.7s antes da próxima página...
2026-03-13 17:22:52,610 - INFO - ============================================================
2026-03-13 17:22:52,610 - INFO - PÁGINA 172
2026-03-13 17:22:52,610 - INFO - ============================================================
2026-03-13 17:22:52,610 - INFO - ====== WebDriver manager ======
2026-03-13 17:22:52,669 - INFO - Get LATEST chromedriver version for google-chrome
2026-03-13 17:22:52,737 - INFO - Get LATEST chromedriver version for google-chrome
2026-03-13 17:22:52,830 - INFO - Driver [/home/felipe/.wdm/drivers/chromedriver/linux64/145.0.7632.117/chromedriver-linux64/chromedriver] found in cache
2026-03-13 17:22:53,656 - INFO - Driver criado com User-Agent: Mozilla/5.0 (Windows NT 10.0; Win64; x64; rv:121.0...
2026-03-13 17:22:53,656 - INFO - Acessando: https://www.zapimoveis.com.br/aluguel/apartamentos/sp+sao-paulo/?tipos=apartamento_residencial%2Cstudio_residencial%2Ckitnet_residencial%2Ccasa_residencial%2Csobrado_residencial%2Ccondominio_residencial%2Ccasa-vila_residencial%2Ccobertura_residencial%2Cflat_residencial%2Cloft_residencial&pagina=172
2026-03-13 17:22:54,799 - INFO - Aguardando 7.5s para carregamento...
2026-03-13 17:23:10,456 - INFO - Analisando página HTML...
2026-03-13 17:23:10,457 - INFO - Tentativa 1 (links com /imovel/): 27 cards
2026-03-13 17:23:10,460 - INFO - ✓ Página 172: 27 imóveis extraídos
2026-03-13 17:23:10,536 - INFO - Driver fechado
2026-03-13 17:23:10,537 - INFO - ✓ Página 172 salva em data/raw/por_pagina/sao-paulo_sp_pagina172.csv
2026-03-13 17:23:10,538 - INFO - Aguardando 5.4s antes da próxima página...
2026-03-13 17:23:15,951 - INFO - ============================================================
2026-03-13 17:23:15,951 - INFO - PÁGINA 173
2026-03-13 17:23:15,951 - INFO - ============================================================
2026-03-13 17:23:15,951 - INFO - ====== WebDriver manager ======
2026-03-13 17:23:16,010 - INFO - Get LATEST chromedriver version for google-chrome
2026-03-13 17:23:16,100 - INFO - Get LATEST chromedriver version for google-chrome
2026-03-13 17:23:16,183 - INFO - Driver [/home/felipe/.wdm/drivers/chromedriver/linux64/145.0.7632.117/chromedriver-linux64/chromedriver] found in cache
2026-03-13 17:23:16,998 - INFO - Driver criado com User-Agent: Mozilla/5.0 (X11; Linux x86_64) AppleWebKit/537.36...
2026-03-13 17:23:16,998 - INFO - Acessando: https://www.zapimoveis.com.br/aluguel/apartamentos/sp+sao-paulo/?tipos=apartamento_residencial%2Cstudio_residencial%2Ckitnet_residencial%2Ccasa_residencial%2Csobrado_residencial%2Ccondominio_residencial%2Ccasa-vila_residencial%2Ccobertura_residencial%2Cflat_residencial%2Cloft_residencial&pagina=173
2026-03-13 17:23:19,262 - INFO - Aguardando 7.4s para carregamento...
2026-03-13 17:23:35,266 - INFO - Analisando página HTML...
2026-03-13 17:23:35,267 - INFO - Tentativa 1 (links com /imovel/): 27 cards
2026-03-13 17:23:35,270 - INFO - ✓ Página 173: 27 imóveis extraídos
2026-03-13 17:23:35,348 - INFO - Driver fechado
2026-03-13 17:23:35,350 - INFO - ✓ Página 173 salva em data/raw/por_pagina/sao-paulo_sp_pagina173.csv
2026-03-13 17:23:35,350 - INFO - Aguardando 5.8s antes da próxima página...
2026-03-13 17:23:41,130 - INFO - ============================================================
2026-03-13 17:23:41,131 - INFO - PÁGINA 174
2026-03-13 17:23:41,131 - INFO - ============================================================
2026-03-13 17:23:41,131 - INFO - ====== WebDriver manager ======
2026-03-13 17:23:41,190 - INFO - Get LATEST chromedriver version for google-chrome
2026-03-13 17:23:41,266 - INFO - Get LATEST chromedriver version for google-chrome
2026-03-13 17:23:41,360 - INFO - Driver [/home/felipe/.wdm/drivers/chromedriver/linux64/145.0.7632.117/chromedriver-linux64/chromedriver] found in cache
2026-03-13 17:23:42,179 - INFO - Driver criado com User-Agent: Mozilla/5.0 (Windows NT 10.0; Win64; x64; rv:121.0...
2026-03-13 17:23:42,179 - INFO - Acessando: https://www.zapimoveis.com.br/aluguel/apartamentos/sp+sao-paulo/?tipos=apartamento_residencial%2Cstudio_residencial%2Ckitnet_residencial%2Ccasa_residencial%2Csobrado_residencial%2Ccondominio_residencial%2Ccasa-vila_residencial%2Ccobertura_residencial%2Cflat_residencial%2Cloft_residencial&pagina=174
2026-03-13 17:23:43,511 - INFO - Aguardando 7.6s para carregamento...
2026-03-13 17:23:59,363 - INFO - Analisando página HTML...
2026-03-13 17:23:59,364 - INFO - Tentativa 1 (links com /imovel/): 28 cards
2026-03-13 17:23:59,367 - INFO - ✓ Página 174: 28 imóveis extraídos
2026-03-13 17:23:59,444 - INFO - Driver fechado
2026-03-13 17:23:59,446 - INFO - ✓ Página 174 salva em data/raw/por_pagina/sao-paulo_sp_pagina174.csv
2026-03-13 17:23:59,446 - INFO - Aguardando 6.6s antes da próxima página...
2026-03-13 17:24:06,020 - INFO - ============================================================
2026-03-13 17:24:06,021 - INFO - PÁGINA 175
2026-03-13 17:24:06,021 - INFO - ============================================================
2026-03-13 17:24:06,021 - INFO - ====== WebDriver manager ======
2026-03-13 17:24:06,081 - INFO - Get LATEST chromedriver version for google-chrome
2026-03-13 17:24:06,172 - INFO - Get LATEST chromedriver version for google-chrome
2026-03-13 17:24:06,252 - INFO - Driver [/home/felipe/.wdm/drivers/chromedriver/linux64/145.0.7632.117/chromedriver-linux64/chromedriver] found in cache
2026-03-13 17:24:07,062 - INFO - Driver criado com User-Agent: Mozilla/5.0 (X11; Linux x86_64) AppleWebKit/537.36...
2026-03-13 17:24:07,063 - INFO - Acessando: https://www.zapimoveis.com.br/aluguel/apartamentos/sp+sao-paulo/?tipos=apartamento_residencial%2Cstudio_residencial%2Ckitnet_residencial%2Ccasa_residencial%2Csobrado_residencial%2Ccondominio_residencial%2Ccasa-vila_residencial%2Ccobertura_residencial%2Cflat_residencial%2Cloft_residencial&pagina=175
2026-03-13 17:24:08,522 - INFO - Aguardando 6.0s para carregamento...
2026-03-13 17:24:22,759 - INFO - Analisando página HTML...
2026-03-13 17:24:22,761 - INFO - Tentativa 1 (links com /imovel/): 23 cards
2026-03-13 17:24:22,763 - INFO - ✓ Página 175: 23 imóveis extraídos
2026-03-13 17:24:22,839 - INFO - Driver fechado
2026-03-13 17:24:22,842 - INFO - ✓ Página 175 salva em data/raw/por_pagina/sao-paulo_sp_pagina175.csv
2026-03-13 17:24:22,842 - INFO - Aguardando 7.9s antes da próxima página...
2026-03-13 17:24:30,730 - INFO - ============================================================
2026-03-13 17:24:30,730 - INFO - PÁGINA 176
2026-03-13 17:24:30,730 - INFO - ============================================================
2026-03-13 17:24:30,730 - INFO - ====== WebDriver manager ======
2026-03-13 17:24:30,789 - INFO - Get LATEST chromedriver version for google-chrome
2026-03-13 17:24:30,879 - INFO - Get LATEST chromedriver version for google-chrome
2026-03-13 17:24:30,958 - INFO - Driver [/home/felipe/.wdm/drivers/chromedriver/linux64/145.0.7632.117/chromedriver-linux64/chromedriver] found in cache
2026-03-13 17:24:31,779 - INFO - Driver criado com User-Agent: Mozilla/5.0 (Macintosh; Intel Mac OS X 10_15_7) Ap...
2026-03-13 17:24:31,779 - INFO - Acessando: https://www.zapimoveis.com.br/aluguel/apartamentos/sp+sao-paulo/?tipos=apartamento_residencial%2Cstudio_residencial%2Ckitnet_residencial%2Ccasa_residencial%2Csobrado_residencial%2Ccondominio_residencial%2Ccasa-vila_residencial%2Ccobertura_residencial%2Cflat_residencial%2Cloft_residencial&pagina=176
2026-03-13 17:24:33,372 - INFO - Aguardando 7.9s para carregamento...
2026-03-13 17:24:48,580 - INFO - Analisando página HTML...
2026-03-13 17:24:48,581 - INFO - Tentativa 1 (links com /imovel/): 26 cards
2026-03-13 17:24:48,584 - INFO - ✓ Página 176: 26 imóveis extraídos
2026-03-13 17:24:48,667 - INFO - Driver fechado
2026-03-13 17:24:48,671 - INFO - ✓ Página 176 salva em data/raw/por_pagina/sao-paulo_sp_pagina176.csv
2026-03-13 17:24:48,671 - INFO - Aguardando 8.8s antes da próxima página...
2026-03-13 17:24:57,487 - INFO - ============================================================
2026-03-13 17:24:57,487 - INFO - PÁGINA 177
2026-03-13 17:24:57,487 - INFO - ============================================================
2026-03-13 17:24:57,488 - INFO - ====== WebDriver manager ======
2026-03-13 17:24:57,546 - INFO - Get LATEST chromedriver version for google-chrome
2026-03-13 17:24:57,633 - INFO - Get LATEST chromedriver version for google-chrome
2026-03-13 17:24:57,737 - INFO - Driver [/home/felipe/.wdm/drivers/chromedriver/linux64/145.0.7632.117/chromedriver-linux64/chromedriver] found in cache
2026-03-13 17:24:58,552 - INFO - Driver criado com User-Agent: Mozilla/5.0 (X11; Linux x86_64) AppleWebKit/537.36...
2026-03-13 17:24:58,553 - INFO - Acessando: https://www.zapimoveis.com.br/aluguel/apartamentos/sp+sao-paulo/?tipos=apartamento_residencial%2Cstudio_residencial%2Ckitnet_residencial%2Ccasa_residencial%2Csobrado_residencial%2Ccondominio_residencial%2Ccasa-vila_residencial%2Ccobertura_residencial%2Cflat_residencial%2Cloft_residencial&pagina=177
2026-03-13 17:24:59,760 - INFO - Aguardando 5.8s para carregamento...
2026-03-13 17:25:13,349 - INFO - Analisando página HTML...
2026-03-13 17:25:13,350 - INFO - Tentativa 1 (links com /imovel/): 21 cards
2026-03-13 17:25:13,352 - INFO - ✓ Página 177: 21 imóveis extraídos
2026-03-13 17:25:13,427 - INFO - Driver fechado
2026-03-13 17:25:13,429 - INFO - ✓ Página 177 salva em data/raw/por_pagina/sao-paulo_sp_pagina177.csv
2026-03-13 17:25:13,429 - INFO - Aguardando 7.6s antes da próxima página...
2026-03-13 17:25:21,015 - INFO - ============================================================
2026-03-13 17:25:21,016 - INFO - PÁGINA 178
2026-03-13 17:25:21,016 - INFO - ============================================================
2026-03-13 17:25:21,016 - INFO - ====== WebDriver manager ======
2026-03-13 17:25:21,076 - INFO - Get LATEST chromedriver version for google-chrome
2026-03-13 17:25:21,156 - INFO - Get LATEST chromedriver version for google-chrome
2026-03-13 17:25:21,231 - INFO - Driver [/home/felipe/.wdm/drivers/chromedriver/linux64/145.0.7632.117/chromedriver-linux64/chromedriver] found in cache
2026-03-13 17:25:22,057 - INFO - Driver criado com User-Agent: Mozilla/5.0 (Windows NT 10.0; Win64; x64) AppleWeb...
2026-03-13 17:25:22,058 - INFO - Acessando: https://www.zapimoveis.com.br/aluguel/apartamentos/sp+sao-paulo/?tipos=apartamento_residencial%2Cstudio_residencial%2Ckitnet_residencial%2Ccasa_residencial%2Csobrado_residencial%2Ccondominio_residencial%2Ccasa-vila_residencial%2Ccobertura_residencial%2Cflat_residencial%2Cloft_residencial&pagina=178
2026-03-13 17:25:23,126 - INFO - Aguardando 6.8s para carregamento...
2026-03-13 17:25:37,616 - INFO - Analisando página HTML...
2026-03-13 17:25:37,618 - INFO - Tentativa 1 (links com /imovel/): 21 cards
2026-03-13 17:25:37,620 - INFO - ✓ Página 178: 21 imóveis extraídos
2026-03-13 17:25:37,697 - INFO - Driver fechado
2026-03-13 17:25:37,698 - INFO - ✓ Página 178 salva em data/raw/por_pagina/sao-paulo_sp_pagina178.csv
2026-03-13 17:25:37,699 - INFO - Aguardando 5.9s antes da próxima página...
2026-03-13 17:25:43,569 - INFO - ============================================================
2026-03-13 17:25:43,570 - INFO - PÁGINA 179
2026-03-13 17:25:43,570 - INFO - ============================================================
2026-03-13 17:25:43,570 - INFO - ====== WebDriver manager ======
2026-03-13 17:25:43,629 - INFO - Get LATEST chromedriver version for google-chrome
2026-03-13 17:25:43,719 - INFO - Get LATEST chromedriver version for google-chrome
2026-03-13 17:25:43,797 - INFO - Driver [/home/felipe/.wdm/drivers/chromedriver/linux64/145.0.7632.117/chromedriver-linux64/chromedriver] found in cache
2026-03-13 17:25:44,609 - INFO - Driver criado com User-Agent: Mozilla/5.0 (Windows NT 10.0; Win64; x64) AppleWeb...
2026-03-13 17:25:44,609 - INFO - Acessando: https://www.zapimoveis.com.br/aluguel/apartamentos/sp+sao-paulo/?tipos=apartamento_residencial%2Cstudio_residencial%2Ckitnet_residencial%2Ccasa_residencial%2Csobrado_residencial%2Ccondominio_residencial%2Ccasa-vila_residencial%2Ccobertura_residencial%2Cflat_residencial%2Cloft_residencial&pagina=179
2026-03-13 17:25:45,895 - INFO - Aguardando 6.0s para carregamento...
2026-03-13 17:25:59,857 - INFO - Analisando página HTML...
2026-03-13 17:25:59,858 - INFO - Tentativa 1 (links com /imovel/): 26 cards
2026-03-13 17:25:59,860 - INFO - ✓ Página 179: 26 imóveis extraídos
2026-03-13 17:25:59,935 - INFO - Driver fechado
2026-03-13 17:25:59,937 - INFO - ✓ Página 179 salva em data/raw/por_pagina/sao-paulo_sp_pagina179.csv
2026-03-13 17:25:59,937 - INFO - Aguardando 6.5s antes da próxima página...
2026-03-13 17:26:06,430 - INFO - ============================================================
2026-03-13 17:26:06,430 - INFO - PÁGINA 180
2026-03-13 17:26:06,430 - INFO - ============================================================
2026-03-13 17:26:06,430 - INFO - ====== WebDriver manager ======
2026-03-13 17:26:06,490 - INFO - Get LATEST chromedriver version for google-chrome
2026-03-13 17:26:06,567 - INFO - Get LATEST chromedriver version for google-chrome
2026-03-13 17:26:06,647 - INFO - Driver [/home/felipe/.wdm/drivers/chromedriver/linux64/145.0.7632.117/chromedriver-linux64/chromedriver] found in cache
2026-03-13 17:26:07,456 - INFO - Driver criado com User-Agent: Mozilla/5.0 (Windows NT 10.0; Win64; x64) AppleWeb...
2026-03-13 17:26:07,456 - INFO - Acessando: https://www.zapimoveis.com.br/aluguel/apartamentos/sp+sao-paulo/?tipos=apartamento_residencial%2Cstudio_residencial%2Ckitnet_residencial%2Ccasa_residencial%2Csobrado_residencial%2Ccondominio_residencial%2Ccasa-vila_residencial%2Ccobertura_residencial%2Cflat_residencial%2Cloft_residencial&pagina=180
2026-03-13 17:26:08,674 - INFO - Aguardando 6.8s para carregamento...
2026-03-13 17:26:23,584 - INFO - Analisando página HTML...
2026-03-13 17:26:23,585 - INFO - Tentativa 1 (links com /imovel/): 26 cards
2026-03-13 17:26:23,588 - INFO - ✓ Página 180: 26 imóveis extraídos
2026-03-13 17:26:23,669 - INFO - Driver fechado
2026-03-13 17:26:23,671 - INFO - ✓ Página 180 salva em data/raw/por_pagina/sao-paulo_sp_pagina180.csv
2026-03-13 17:26:23,671 - INFO - Aguardando 8.2s antes da próxima página...
2026-03-13 17:26:31,825 - INFO - ============================================================
2026-03-13 17:26:31,825 - INFO - PÁGINA 181
2026-03-13 17:26:31,825 - INFO - ============================================================
2026-03-13 17:26:31,825 - INFO - ====== WebDriver manager ======
2026-03-13 17:26:31,884 - INFO - Get LATEST chromedriver version for google-chrome
2026-03-13 17:26:31,945 - INFO - Get LATEST chromedriver version for google-chrome
2026-03-13 17:26:32,025 - INFO - Driver [/home/felipe/.wdm/drivers/chromedriver/linux64/145.0.7632.117/chromedriver-linux64/chromedriver] found in cache
2026-03-13 17:26:32,857 - INFO - Driver criado com User-Agent: Mozilla/5.0 (Macintosh; Intel Mac OS X 10_15_7) Ap...
2026-03-13 17:26:32,857 - INFO - Acessando: https://www.zapimoveis.com.br/aluguel/apartamentos/sp+sao-paulo/?tipos=apartamento_residencial%2Cstudio_residencial%2Ckitnet_residencial%2Ccasa_residencial%2Csobrado_residencial%2Ccondominio_residencial%2Ccasa-vila_residencial%2Ccobertura_residencial%2Cflat_residencial%2Cloft_residencial&pagina=181
2026-03-13 17:26:34,612 - INFO - Aguardando 7.4s para carregamento...
2026-03-13 17:26:50,460 - INFO - Analisando página HTML...
2026-03-13 17:26:50,461 - INFO - Tentativa 1 (links com /imovel/): 23 cards
2026-03-13 17:26:50,463 - INFO - ✓ Página 181: 23 imóveis extraídos
2026-03-13 17:26:50,540 - INFO - Driver fechado
2026-03-13 17:26:50,542 - INFO - ✓ Página 181 salva em data/raw/por_pagina/sao-paulo_sp_pagina181.csv
2026-03-13 17:26:50,542 - INFO - Aguardando 7.0s antes da próxima página...
2026-03-13 17:26:57,537 - INFO - ============================================================
2026-03-13 17:26:57,537 - INFO - PÁGINA 182
2026-03-13 17:26:57,537 - INFO - ============================================================
2026-03-13 17:26:57,537 - INFO - ====== WebDriver manager ======
2026-03-13 17:26:57,596 - INFO - Get LATEST chromedriver version for google-chrome
2026-03-13 17:26:57,676 - INFO - Get LATEST chromedriver version for google-chrome
2026-03-13 17:26:57,746 - INFO - Driver [/home/felipe/.wdm/drivers/chromedriver/linux64/145.0.7632.117/chromedriver-linux64/chromedriver] found in cache
2026-03-13 17:26:58,569 - INFO - Driver criado com User-Agent: Mozilla/5.0 (Windows NT 10.0; Win64; x64; rv:121.0...
2026-03-13 17:26:58,569 - INFO - Acessando: https://www.zapimoveis.com.br/aluguel/apartamentos/sp+sao-paulo/?tipos=apartamento_residencial%2Cstudio_residencial%2Ckitnet_residencial%2Ccasa_residencial%2Csobrado_residencial%2Ccondominio_residencial%2Ccasa-vila_residencial%2Ccobertura_residencial%2Cflat_residencial%2Cloft_residencial&pagina=182
2026-03-13 17:26:59,757 - INFO - Aguardando 7.3s para carregamento...
2026-03-13 17:27:14,845 - INFO - Analisando página HTML...
2026-03-13 17:27:14,846 - INFO - Tentativa 1 (links com /imovel/): 21 cards
2026-03-13 17:27:14,849 - INFO - ✓ Página 182: 21 imóveis extraídos
2026-03-13 17:27:14,926 - INFO - Driver fechado
2026-03-13 17:27:14,927 - INFO - ✓ Página 182 salva em data/raw/por_pagina/sao-paulo_sp_pagina182.csv
2026-03-13 17:27:14,927 - INFO - Aguardando 6.1s antes da próxima página...
2026-03-13 17:27:20,981 - INFO - ============================================================
2026-03-13 17:27:20,981 - INFO - PÁGINA 183
2026-03-13 17:27:20,981 - INFO - ============================================================
2026-03-13 17:27:20,981 - INFO - ====== WebDriver manager ======
2026-03-13 17:27:21,038 - INFO - Get LATEST chromedriver version for google-chrome
2026-03-13 17:27:21,119 - INFO - Get LATEST chromedriver version for google-chrome
2026-03-13 17:27:21,206 - INFO - Driver [/home/felipe/.wdm/drivers/chromedriver/linux64/145.0.7632.117/chromedriver-linux64/chromedriver] found in cache
2026-03-13 17:27:22,022 - INFO - Driver criado com User-Agent: Mozilla/5.0 (Windows NT 10.0; Win64; x64) AppleWeb...
2026-03-13 17:27:22,022 - INFO - Acessando: https://www.zapimoveis.com.br/aluguel/apartamentos/sp+sao-paulo/?tipos=apartamento_residencial%2Cstudio_residencial%2Ckitnet_residencial%2Ccasa_residencial%2Csobrado_residencial%2Ccondominio_residencial%2Ccasa-vila_residencial%2Ccobertura_residencial%2Cflat_residencial%2Cloft_residencial&pagina=183
2026-03-13 17:27:23,365 - INFO - Aguardando 5.7s para carregamento...
2026-03-13 17:27:37,082 - INFO - Analisando página HTML...
2026-03-13 17:27:37,083 - INFO - Tentativa 1 (links com /imovel/): 21 cards
2026-03-13 17:27:37,085 - INFO - ✓ Página 183: 21 imóveis extraídos
2026-03-13 17:27:37,162 - INFO - Driver fechado
2026-03-13 17:27:37,164 - INFO - ✓ Página 183 salva em data/raw/por_pagina/sao-paulo_sp_pagina183.csv
2026-03-13 17:27:37,164 - INFO - Aguardando 7.0s antes da próxima página...
2026-03-13 17:27:44,209 - INFO - ============================================================
2026-03-13 17:27:44,209 - INFO - PÁGINA 184
2026-03-13 17:27:44,209 - INFO - ============================================================
2026-03-13 17:27:44,209 - INFO - ====== WebDriver manager ======
2026-03-13 17:27:44,267 - INFO - Get LATEST chromedriver version for google-chrome
2026-03-13 17:27:44,358 - INFO - Get LATEST chromedriver version for google-chrome
2026-03-13 17:27:44,428 - INFO - Driver [/home/felipe/.wdm/drivers/chromedriver/linux64/145.0.7632.117/chromedriver-linux64/chromedriver] found in cache
2026-03-13 17:27:45,258 - INFO - Driver criado com User-Agent: Mozilla/5.0 (Windows NT 10.0; Win64; x64; rv:121.0...
2026-03-13 17:27:45,258 - INFO - Acessando: https://www.zapimoveis.com.br/aluguel/apartamentos/sp+sao-paulo/?tipos=apartamento_residencial%2Cstudio_residencial%2Ckitnet_residencial%2Ccasa_residencial%2Csobrado_residencial%2Ccondominio_residencial%2Ccasa-vila_residencial%2Ccobertura_residencial%2Cflat_residencial%2Cloft_residencial&pagina=184
2026-03-13 17:27:46,475 - INFO - Aguardando 7.6s para carregamento...
2026-03-13 17:28:02,245 - INFO - Analisando página HTML...
2026-03-13 17:28:02,247 - INFO - Tentativa 1 (links com /imovel/): 23 cards
2026-03-13 17:28:02,249 - INFO - ✓ Página 184: 23 imóveis extraídos
2026-03-13 17:28:02,326 - INFO - Driver fechado
2026-03-13 17:28:02,329 - INFO - ✓ Página 184 salva em data/raw/por_pagina/sao-paulo_sp_pagina184.csv
2026-03-13 17:28:02,329 - INFO - Aguardando 5.7s antes da próxima página...
2026-03-13 17:28:07,992 - INFO - ============================================================
2026-03-13 17:28:07,992 - INFO - PÁGINA 185
2026-03-13 17:28:07,992 - INFO - ============================================================
2026-03-13 17:28:07,992 - INFO - ====== WebDriver manager ======
2026-03-13 17:28:08,052 - INFO - Get LATEST chromedriver version for google-chrome
2026-03-13 17:28:13,209 - INFO - Get LATEST chromedriver version for google-chrome
2026-03-13 17:28:13,340 - INFO - Driver [/home/felipe/.wdm/drivers/chromedriver/linux64/145.0.7632.117/chromedriver-linux64/chromedriver] found in cache
2026-03-13 17:28:14,183 - INFO - Driver criado com User-Agent: Mozilla/5.0 (X11; Linux x86_64) AppleWebKit/537.36...
2026-03-13 17:28:14,183 - INFO - Acessando: https://www.zapimoveis.com.br/aluguel/apartamentos/sp+sao-paulo/?tipos=apartamento_residencial%2Cstudio_residencial%2Ckitnet_residencial%2Ccasa_residencial%2Csobrado_residencial%2Ccondominio_residencial%2Ccasa-vila_residencial%2Ccobertura_residencial%2Cflat_residencial%2Cloft_residencial&pagina=185
2026-03-13 17:28:15,517 - INFO - Aguardando 7.0s para carregamento...
2026-03-13 17:28:30,633 - INFO - Analisando página HTML...
2026-03-13 17:28:30,635 - INFO - Tentativa 1 (links com /imovel/): 24 cards
2026-03-13 17:28:30,637 - INFO - ✓ Página 185: 24 imóveis extraídos
2026-03-13 17:28:30,713 - INFO - Driver fechado
2026-03-13 17:28:30,716 - INFO - ✓ Página 185 salva em data/raw/por_pagina/sao-paulo_sp_pagina185.csv
2026-03-13 17:28:30,716 - INFO - Aguardando 7.5s antes da próxima página...
2026-03-13 17:28:38,228 - INFO - ============================================================
2026-03-13 17:28:38,228 - INFO - PÁGINA 186
2026-03-13 17:28:38,228 - INFO - ============================================================
2026-03-13 17:28:38,228 - INFO - ====== WebDriver manager ======
2026-03-13 17:28:38,287 - INFO - Get LATEST chromedriver version for google-chrome
2026-03-13 17:28:38,356 - INFO - Get LATEST chromedriver version for google-chrome
2026-03-13 17:28:38,455 - INFO - Driver [/home/felipe/.wdm/drivers/chromedriver/linux64/145.0.7632.117/chromedriver-linux64/chromedriver] found in cache
2026-03-13 17:28:39,265 - INFO - Driver criado com User-Agent: Mozilla/5.0 (Macintosh; Intel Mac OS X 10_15_7) Ap...
2026-03-13 17:28:39,265 - INFO - Acessando: https://www.zapimoveis.com.br/aluguel/apartamentos/sp+sao-paulo/?tipos=apartamento_residencial%2Cstudio_residencial%2Ckitnet_residencial%2Ccasa_residencial%2Csobrado_residencial%2Ccondominio_residencial%2Ccasa-vila_residencial%2Ccobertura_residencial%2Cflat_residencial%2Cloft_residencial&pagina=186
2026-03-13 17:28:40,626 - INFO - Aguardando 6.2s para carregamento...
2026-03-13 17:28:55,200 - INFO - Analisando página HTML...
2026-03-13 17:28:55,201 - INFO - Tentativa 1 (links com /imovel/): 21 cards
2026-03-13 17:28:55,203 - INFO - ✓ Página 186: 21 imóveis extraídos
2026-03-13 17:28:55,282 - INFO - Driver fechado
2026-03-13 17:28:55,284 - INFO - ✓ Página 186 salva em data/raw/por_pagina/sao-paulo_sp_pagina186.csv
2026-03-13 17:28:55,284 - INFO - Aguardando 9.4s antes da próxima página...
2026-03-13 17:29:04,731 - INFO - ============================================================
2026-03-13 17:29:04,731 - INFO - PÁGINA 187
2026-03-13 17:29:04,731 - INFO - ============================================================
2026-03-13 17:29:04,731 - INFO - ====== WebDriver manager ======
2026-03-13 17:29:04,789 - INFO - Get LATEST chromedriver version for google-chrome
2026-03-13 17:29:04,883 - INFO - Get LATEST chromedriver version for google-chrome
2026-03-13 17:29:04,968 - INFO - Driver [/home/felipe/.wdm/drivers/chromedriver/linux64/145.0.7632.117/chromedriver-linux64/chromedriver] found in cache
2026-03-13 17:29:05,794 - INFO - Driver criado com User-Agent: Mozilla/5.0 (Windows NT 10.0; Win64; x64) AppleWeb...
2026-03-13 17:29:05,794 - INFO - Acessando: https://www.zapimoveis.com.br/aluguel/apartamentos/sp+sao-paulo/?tipos=apartamento_residencial%2Cstudio_residencial%2Ckitnet_residencial%2Ccasa_residencial%2Csobrado_residencial%2Ccondominio_residencial%2Ccasa-vila_residencial%2Ccobertura_residencial%2Cflat_residencial%2Cloft_residencial&pagina=187
2026-03-13 17:29:08,248 - INFO - Aguardando 7.4s para carregamento...
2026-03-13 17:29:24,037 - INFO - Analisando página HTML...
2026-03-13 17:29:24,038 - INFO - Tentativa 1 (links com /imovel/): 25 cards
2026-03-13 17:29:24,041 - INFO - ✓ Página 187: 25 imóveis extraídos
2026-03-13 17:29:24,117 - INFO - Driver fechado
2026-03-13 17:29:24,119 - INFO - ✓ Página 187 salva em data/raw/por_pagina/sao-paulo_sp_pagina187.csv
2026-03-13 17:29:24,119 - INFO - Aguardando 5.6s antes da próxima página...
2026-03-13 17:29:29,742 - INFO - ============================================================
2026-03-13 17:29:29,743 - INFO - PÁGINA 188
2026-03-13 17:29:29,743 - INFO - ============================================================
2026-03-13 17:29:29,743 - INFO - ====== WebDriver manager ======
2026-03-13 17:29:29,801 - INFO - Get LATEST chromedriver version for google-chrome
2026-03-13 17:29:29,882 - INFO - Get LATEST chromedriver version for google-chrome
2026-03-13 17:29:29,970 - INFO - Driver [/home/felipe/.wdm/drivers/chromedriver/linux64/145.0.7632.117/chromedriver-linux64/chromedriver] found in cache
2026-03-13 17:29:30,794 - INFO - Driver criado com User-Agent: Mozilla/5.0 (Macintosh; Intel Mac OS X 10_15_7) Ap...
2026-03-13 17:29:30,794 - INFO - Acessando: https://www.zapimoveis.com.br/aluguel/apartamentos/sp+sao-paulo/?tipos=apartamento_residencial%2Cstudio_residencial%2Ckitnet_residencial%2Ccasa_residencial%2Csobrado_residencial%2Ccondominio_residencial%2Ccasa-vila_residencial%2Ccobertura_residencial%2Cflat_residencial%2Cloft_residencial&pagina=188
2026-03-13 17:29:32,053 - INFO - Aguardando 7.2s para carregamento...
2026-03-13 17:29:45,684 - INFO - Analisando página HTML...
2026-03-13 17:29:45,686 - INFO - Tentativa 1 (links com /imovel/): 24 cards
2026-03-13 17:29:45,688 - INFO - ✓ Página 188: 24 imóveis extraídos
2026-03-13 17:29:45,762 - INFO - Driver fechado
2026-03-13 17:29:45,764 - INFO - ✓ Página 188 salva em data/raw/por_pagina/sao-paulo_sp_pagina188.csv
2026-03-13 17:29:45,764 - INFO - Aguardando 7.2s antes da próxima página...
2026-03-13 17:29:52,968 - INFO - ============================================================
2026-03-13 17:29:52,969 - INFO - PÁGINA 189
2026-03-13 17:29:52,969 - INFO - ============================================================
2026-03-13 17:29:52,969 - INFO - ====== WebDriver manager ======
2026-03-13 17:29:53,028 - INFO - Get LATEST chromedriver version for google-chrome
2026-03-13 17:29:53,152 - INFO - Get LATEST chromedriver version for google-chrome
2026-03-13 17:29:53,244 - INFO - Driver [/home/felipe/.wdm/drivers/chromedriver/linux64/145.0.7632.117/chromedriver-linux64/chromedriver] found in cache
2026-03-13 17:29:54,048 - INFO - Driver criado com User-Agent: Mozilla/5.0 (X11; Linux x86_64) AppleWebKit/537.36...
2026-03-13 17:29:54,048 - INFO - Acessando: https://www.zapimoveis.com.br/aluguel/apartamentos/sp+sao-paulo/?tipos=apartamento_residencial%2Cstudio_residencial%2Ckitnet_residencial%2Ccasa_residencial%2Csobrado_residencial%2Ccondominio_residencial%2Ccasa-vila_residencial%2Ccobertura_residencial%2Cflat_residencial%2Cloft_residencial&pagina=189
2026-03-13 17:29:55,463 - INFO - Aguardando 6.4s para carregamento...
2026-03-13 17:30:10,035 - INFO - Analisando página HTML...
2026-03-13 17:30:10,036 - INFO - Tentativa 1 (links com /imovel/): 24 cards
2026-03-13 17:30:10,039 - INFO - ✓ Página 189: 24 imóveis extraídos
2026-03-13 17:30:10,115 - INFO - Driver fechado
2026-03-13 17:30:10,117 - INFO - ✓ Página 189 salva em data/raw/por_pagina/sao-paulo_sp_pagina189.csv
2026-03-13 17:30:10,117 - INFO - Aguardando 5.8s antes da próxima página...
2026-03-13 17:30:15,917 - INFO - ============================================================
2026-03-13 17:30:15,917 - INFO - PÁGINA 190
2026-03-13 17:30:15,917 - INFO - ============================================================
2026-03-13 17:30:15,917 - INFO - ====== WebDriver manager ======
2026-03-13 17:30:15,975 - INFO - Get LATEST chromedriver version for google-chrome
2026-03-13 17:30:16,117 - INFO - Get LATEST chromedriver version for google-chrome
2026-03-13 17:30:16,220 - INFO - Driver [/home/felipe/.wdm/drivers/chromedriver/linux64/145.0.7632.117/chromedriver-linux64/chromedriver] found in cache
2026-03-13 17:30:17,035 - INFO - Driver criado com User-Agent: Mozilla/5.0 (Macintosh; Intel Mac OS X 10_15_7) Ap...
2026-03-13 17:30:17,035 - INFO - Acessando: https://www.zapimoveis.com.br/aluguel/apartamentos/sp+sao-paulo/?tipos=apartamento_residencial%2Cstudio_residencial%2Ckitnet_residencial%2Ccasa_residencial%2Csobrado_residencial%2Ccondominio_residencial%2Ccasa-vila_residencial%2Ccobertura_residencial%2Cflat_residencial%2Cloft_residencial&pagina=190
2026-03-13 17:30:18,409 - INFO - Aguardando 5.9s para carregamento...
2026-03-13 17:30:31,109 - INFO - Analisando página HTML...
2026-03-13 17:30:31,110 - INFO - Tentativa 1 (links com /imovel/): 25 cards
2026-03-13 17:30:31,113 - INFO - ✓ Página 190: 25 imóveis extraídos
2026-03-13 17:30:31,184 - INFO - Driver fechado
2026-03-13 17:30:31,185 - INFO - ✓ Página 190 salva em data/raw/por_pagina/sao-paulo_sp_pagina190.csv
2026-03-13 17:30:31,185 - INFO - Aguardando 5.2s antes da próxima página...
2026-03-13 17:30:36,393 - INFO - ============================================================
2026-03-13 17:30:36,393 - INFO - PÁGINA 191
2026-03-13 17:30:36,393 - INFO - ============================================================
2026-03-13 17:30:36,394 - INFO - ====== WebDriver manager ======
2026-03-13 17:30:36,453 - INFO - Get LATEST chromedriver version for google-chrome
2026-03-13 17:30:36,673 - INFO - Get LATEST chromedriver version for google-chrome
2026-03-13 17:30:36,755 - INFO - Driver [/home/felipe/.wdm/drivers/chromedriver/linux64/145.0.7632.117/chromedriver-linux64/chromedriver] found in cache
2026-03-13 17:30:37,567 - INFO - Driver criado com User-Agent: Mozilla/5.0 (Windows NT 10.0; Win64; x64; rv:121.0...
2026-03-13 17:30:37,567 - INFO - Acessando: https://www.zapimoveis.com.br/aluguel/apartamentos/sp+sao-paulo/?tipos=apartamento_residencial%2Cstudio_residencial%2Ckitnet_residencial%2Ccasa_residencial%2Csobrado_residencial%2Ccondominio_residencial%2Ccasa-vila_residencial%2Ccobertura_residencial%2Cflat_residencial%2Cloft_residencial&pagina=191
2026-03-13 17:30:38,718 - INFO - Aguardando 6.7s para carregamento...
2026-03-13 17:30:54,019 - INFO - Analisando página HTML...
2026-03-13 17:30:54,020 - INFO - Tentativa 1 (links com /imovel/): 27 cards
2026-03-13 17:30:54,023 - INFO - ✓ Página 191: 27 imóveis extraídos
2026-03-13 17:30:54,101 - INFO - Driver fechado
2026-03-13 17:30:54,104 - INFO - ✓ Página 191 salva em data/raw/por_pagina/sao-paulo_sp_pagina191.csv
2026-03-13 17:30:54,104 - INFO - Aguardando 8.8s antes da próxima página...
2026-03-13 17:31:02,904 - INFO - ============================================================
2026-03-13 17:31:02,904 - INFO - PÁGINA 192
2026-03-13 17:31:02,904 - INFO - ============================================================
2026-03-13 17:31:02,904 - INFO - ====== WebDriver manager ======
2026-03-13 17:31:02,964 - INFO - Get LATEST chromedriver version for google-chrome
2026-03-13 17:31:03,031 - INFO - Get LATEST chromedriver version for google-chrome
2026-03-13 17:31:03,115 - INFO - Driver [/home/felipe/.wdm/drivers/chromedriver/linux64/145.0.7632.117/chromedriver-linux64/chromedriver] found in cache
2026-03-13 17:31:03,947 - INFO - Driver criado com User-Agent: Mozilla/5.0 (Windows NT 10.0; Win64; x64) AppleWeb...
2026-03-13 17:31:03,947 - INFO - Acessando: https://www.zapimoveis.com.br/aluguel/apartamentos/sp+sao-paulo/?tipos=apartamento_residencial%2Cstudio_residencial%2Ckitnet_residencial%2Ccasa_residencial%2Csobrado_residencial%2Ccondominio_residencial%2Ccasa-vila_residencial%2Ccobertura_residencial%2Cflat_residencial%2Cloft_residencial&pagina=192
2026-03-13 17:31:05,169 - INFO - Aguardando 5.2s para carregamento...
2026-03-13 17:31:19,011 - INFO - Analisando página HTML...
2026-03-13 17:31:19,012 - INFO - Tentativa 1 (links com /imovel/): 22 cards
2026-03-13 17:31:19,015 - INFO - ✓ Página 192: 22 imóveis extraídos
2026-03-13 17:31:19,089 - INFO - Driver fechado
2026-03-13 17:31:19,091 - INFO - ✓ Página 192 salva em data/raw/por_pagina/sao-paulo_sp_pagina192.csv
2026-03-13 17:31:19,091 - INFO - Aguardando 6.3s antes da próxima página...
2026-03-13 17:31:25,419 - INFO - ============================================================
2026-03-13 17:31:25,419 - INFO - PÁGINA 193
2026-03-13 17:31:25,419 - INFO - ============================================================
2026-03-13 17:31:25,419 - INFO - ====== WebDriver manager ======
2026-03-13 17:31:25,478 - INFO - Get LATEST chromedriver version for google-chrome
2026-03-13 17:31:25,547 - INFO - Get LATEST chromedriver version for google-chrome
2026-03-13 17:31:25,627 - INFO - Driver [/home/felipe/.wdm/drivers/chromedriver/linux64/145.0.7632.117/chromedriver-linux64/chromedriver] found in cache
2026-03-13 17:31:26,452 - INFO - Driver criado com User-Agent: Mozilla/5.0 (X11; Linux x86_64) AppleWebKit/537.36...
2026-03-13 17:31:26,452 - INFO - Acessando: https://www.zapimoveis.com.br/aluguel/apartamentos/sp+sao-paulo/?tipos=apartamento_residencial%2Cstudio_residencial%2Ckitnet_residencial%2Ccasa_residencial%2Csobrado_residencial%2Ccondominio_residencial%2Ccasa-vila_residencial%2Ccobertura_residencial%2Cflat_residencial%2Cloft_residencial&pagina=193
2026-03-13 17:31:28,554 - INFO - Aguardando 5.9s para carregamento...
2026-03-13 17:31:43,551 - INFO - Analisando página HTML...
2026-03-13 17:31:43,552 - INFO - Tentativa 1 (links com /imovel/): 26 cards
2026-03-13 17:31:43,555 - INFO - ✓ Página 193: 26 imóveis extraídos
2026-03-13 17:31:43,632 - INFO - Driver fechado
2026-03-13 17:31:43,634 - INFO - ✓ Página 193 salva em data/raw/por_pagina/sao-paulo_sp_pagina193.csv
2026-03-13 17:31:43,634 - INFO - Aguardando 9.4s antes da próxima página...
2026-03-13 17:31:53,001 - INFO - ============================================================
2026-03-13 17:31:53,001 - INFO - PÁGINA 194
2026-03-13 17:31:53,001 - INFO - ============================================================
2026-03-13 17:31:53,002 - INFO - ====== WebDriver manager ======
2026-03-13 17:31:53,062 - INFO - Get LATEST chromedriver version for google-chrome
2026-03-13 17:31:53,157 - INFO - Get LATEST chromedriver version for google-chrome
2026-03-13 17:31:53,301 - INFO - Driver [/home/felipe/.wdm/drivers/chromedriver/linux64/145.0.7632.117/chromedriver-linux64/chromedriver] found in cache
2026-03-13 17:31:54,138 - INFO - Driver criado com User-Agent: Mozilla/5.0 (Macintosh; Intel Mac OS X 10_15_7) Ap...
2026-03-13 17:31:54,138 - INFO - Acessando: https://www.zapimoveis.com.br/aluguel/apartamentos/sp+sao-paulo/?tipos=apartamento_residencial%2Cstudio_residencial%2Ckitnet_residencial%2Ccasa_residencial%2Csobrado_residencial%2Ccondominio_residencial%2Ccasa-vila_residencial%2Ccobertura_residencial%2Cflat_residencial%2Cloft_residencial&pagina=194
2026-03-13 17:31:55,806 - INFO - Aguardando 7.8s para carregamento...
2026-03-13 17:32:12,034 - INFO - Analisando página HTML...
2026-03-13 17:32:12,036 - INFO - Tentativa 1 (links com /imovel/): 27 cards
2026-03-13 17:32:12,038 - INFO - ✓ Página 194: 27 imóveis extraídos
2026-03-13 17:32:12,117 - INFO - Driver fechado
2026-03-13 17:32:12,119 - INFO - ✓ Página 194 salva em data/raw/por_pagina/sao-paulo_sp_pagina194.csv
2026-03-13 17:32:12,119 - INFO - Aguardando 5.2s antes da próxima página...
2026-03-13 17:32:17,367 - INFO - ============================================================
2026-03-13 17:32:17,368 - INFO - PÁGINA 195
2026-03-13 17:32:17,368 - INFO - ============================================================
2026-03-13 17:32:17,368 - INFO - ====== WebDriver manager ======
2026-03-13 17:32:17,426 - INFO - Get LATEST chromedriver version for google-chrome
2026-03-13 17:32:17,493 - INFO - Get LATEST chromedriver version for google-chrome
2026-03-13 17:32:17,589 - INFO - Driver [/home/felipe/.wdm/drivers/chromedriver/linux64/145.0.7632.117/chromedriver-linux64/chromedriver] found in cache
2026-03-13 17:32:18,409 - INFO - Driver criado com User-Agent: Mozilla/5.0 (Windows NT 10.0; Win64; x64; rv:121.0...
2026-03-13 17:32:18,409 - INFO - Acessando: https://www.zapimoveis.com.br/aluguel/apartamentos/sp+sao-paulo/?tipos=apartamento_residencial%2Cstudio_residencial%2Ckitnet_residencial%2Ccasa_residencial%2Csobrado_residencial%2Ccondominio_residencial%2Ccasa-vila_residencial%2Ccobertura_residencial%2Cflat_residencial%2Cloft_residencial&pagina=195
2026-03-13 17:32:19,533 - INFO - Aguardando 7.4s para carregamento...
2026-03-13 17:32:34,718 - INFO - Analisando página HTML...
2026-03-13 17:32:34,719 - INFO - Tentativa 1 (links com /imovel/): 24 cards
2026-03-13 17:32:34,722 - INFO - ✓ Página 195: 24 imóveis extraídos
2026-03-13 17:32:34,801 - INFO - Driver fechado
2026-03-13 17:32:34,803 - INFO - ✓ Página 195 salva em data/raw/por_pagina/sao-paulo_sp_pagina195.csv
2026-03-13 17:32:34,803 - INFO - Aguardando 7.1s antes da próxima página...
2026-03-13 17:32:41,906 - INFO - ============================================================
2026-03-13 17:32:41,906 - INFO - PÁGINA 196
2026-03-13 17:32:41,906 - INFO - ============================================================
2026-03-13 17:32:41,906 - INFO - ====== WebDriver manager ======
2026-03-13 17:32:41,968 - INFO - Get LATEST chromedriver version for google-chrome
2026-03-13 17:32:42,057 - INFO - Get LATEST chromedriver version for google-chrome
2026-03-13 17:32:42,132 - INFO - Driver [/home/felipe/.wdm/drivers/chromedriver/linux64/145.0.7632.117/chromedriver-linux64/chromedriver] found in cache
2026-03-13 17:32:42,943 - INFO - Driver criado com User-Agent: Mozilla/5.0 (Windows NT 10.0; Win64; x64; rv:121.0...
2026-03-13 17:32:42,943 - INFO - Acessando: https://www.zapimoveis.com.br/aluguel/apartamentos/sp+sao-paulo/?tipos=apartamento_residencial%2Cstudio_residencial%2Ckitnet_residencial%2Ccasa_residencial%2Csobrado_residencial%2Ccondominio_residencial%2Ccasa-vila_residencial%2Ccobertura_residencial%2Cflat_residencial%2Cloft_residencial&pagina=196
2026-03-13 17:32:44,263 - INFO - Aguardando 5.6s para carregamento...
2026-03-13 17:32:59,286 - INFO - Analisando página HTML...
2026-03-13 17:32:59,288 - INFO - Tentativa 1 (links com /imovel/): 26 cards
2026-03-13 17:32:59,291 - INFO - ✓ Página 196: 26 imóveis extraídos
2026-03-13 17:32:59,367 - INFO - Driver fechado
2026-03-13 17:32:59,369 - INFO - ✓ Página 196 salva em data/raw/por_pagina/sao-paulo_sp_pagina196.csv
2026-03-13 17:32:59,369 - INFO - Aguardando 6.1s antes da próxima página...
2026-03-13 17:33:05,481 - INFO - ============================================================
2026-03-13 17:33:05,481 - INFO - PÁGINA 197
2026-03-13 17:33:05,481 - INFO - ============================================================
2026-03-13 17:33:05,481 - INFO - ====== WebDriver manager ======
2026-03-13 17:33:05,539 - INFO - Get LATEST chromedriver version for google-chrome
2026-03-13 17:33:05,615 - INFO - Get LATEST chromedriver version for google-chrome
2026-03-13 17:33:05,697 - INFO - Driver [/home/felipe/.wdm/drivers/chromedriver/linux64/145.0.7632.117/chromedriver-linux64/chromedriver] found in cache
2026-03-13 17:33:06,517 - INFO - Driver criado com User-Agent: Mozilla/5.0 (Windows NT 10.0; Win64; x64; rv:121.0...
2026-03-13 17:33:06,517 - INFO - Acessando: https://www.zapimoveis.com.br/aluguel/apartamentos/sp+sao-paulo/?tipos=apartamento_residencial%2Cstudio_residencial%2Ckitnet_residencial%2Ccasa_residencial%2Csobrado_residencial%2Ccondominio_residencial%2Ccasa-vila_residencial%2Ccobertura_residencial%2Cflat_residencial%2Cloft_residencial&pagina=197
2026-03-13 17:33:08,085 - INFO - Aguardando 6.3s para carregamento...
2026-03-13 17:33:21,889 - INFO - Analisando página HTML...
2026-03-13 17:33:21,890 - INFO - Tentativa 1 (links com /imovel/): 27 cards
2026-03-13 17:33:21,893 - INFO - ✓ Página 197: 27 imóveis extraídos
2026-03-13 17:33:21,967 - INFO - Driver fechado
2026-03-13 17:33:21,969 - INFO - ✓ Página 197 salva em data/raw/por_pagina/sao-paulo_sp_pagina197.csv
2026-03-13 17:33:21,969 - INFO - Aguardando 8.2s antes da próxima página...
2026-03-13 17:33:30,184 - INFO - ============================================================
2026-03-13 17:33:30,184 - INFO - PÁGINA 198
2026-03-13 17:33:30,184 - INFO - ============================================================
2026-03-13 17:33:30,185 - INFO - ====== WebDriver manager ======
2026-03-13 17:33:30,245 - INFO - Get LATEST chromedriver version for google-chrome
2026-03-13 17:33:30,338 - INFO - Get LATEST chromedriver version for google-chrome
2026-03-13 17:33:30,409 - INFO - Driver [/home/felipe/.wdm/drivers/chromedriver/linux64/145.0.7632.117/chromedriver-linux64/chromedriver] found in cache
2026-03-13 17:33:31,215 - INFO - Driver criado com User-Agent: Mozilla/5.0 (X11; Linux x86_64) AppleWebKit/537.36...
2026-03-13 17:33:31,215 - INFO - Acessando: https://www.zapimoveis.com.br/aluguel/apartamentos/sp+sao-paulo/?tipos=apartamento_residencial%2Cstudio_residencial%2Ckitnet_residencial%2Ccasa_residencial%2Csobrado_residencial%2Ccondominio_residencial%2Ccasa-vila_residencial%2Ccobertura_residencial%2Cflat_residencial%2Cloft_residencial&pagina=198
2026-03-13 17:33:32,568 - INFO - Aguardando 6.6s para carregamento...
2026-03-13 17:33:47,585 - INFO - Analisando página HTML...
2026-03-13 17:33:47,586 - INFO - Tentativa 1 (links com /imovel/): 24 cards
2026-03-13 17:33:47,589 - INFO - ✓ Página 198: 24 imóveis extraídos
2026-03-13 17:33:47,666 - INFO - Driver fechado
2026-03-13 17:33:47,667 - INFO - ✓ Página 198 salva em data/raw/por_pagina/sao-paulo_sp_pagina198.csv
2026-03-13 17:33:47,667 - INFO - Aguardando 6.0s antes da próxima página...
2026-03-13 17:33:53,673 - INFO - ============================================================
2026-03-13 17:33:53,674 - INFO - PÁGINA 199
2026-03-13 17:33:53,674 - INFO - ============================================================
2026-03-13 17:33:53,674 - INFO - ====== WebDriver manager ======
2026-03-13 17:33:53,732 - INFO - Get LATEST chromedriver version for google-chrome
2026-03-13 17:34:07,338 - INFO - Get LATEST chromedriver version for google-chrome
2026-03-13 17:34:07,421 - INFO - Driver [/home/felipe/.wdm/drivers/chromedriver/linux64/145.0.7632.117/chromedriver-linux64/chromedriver] found in cache
2026-03-13 17:34:08,245 - INFO - Driver criado com User-Agent: Mozilla/5.0 (Macintosh; Intel Mac OS X 10_15_7) Ap...
2026-03-13 17:34:08,245 - INFO - Acessando: https://www.zapimoveis.com.br/aluguel/apartamentos/sp+sao-paulo/?tipos=apartamento_residencial%2Cstudio_residencial%2Ckitnet_residencial%2Ccasa_residencial%2Csobrado_residencial%2Ccondominio_residencial%2Ccasa-vila_residencial%2Ccobertura_residencial%2Cflat_residencial%2Cloft_residencial&pagina=199
2026-03-13 17:34:09,397 - INFO - Aguardando 8.0s para carregamento...
2026-03-13 17:34:25,075 - INFO - Analisando página HTML...
2026-03-13 17:34:25,077 - INFO - Tentativa 1 (links com /imovel/): 24 cards
2026-03-13 17:34:25,079 - INFO - ✓ Página 199: 24 imóveis extraídos
2026-03-13 17:34:25,156 - INFO - Driver fechado
2026-03-13 17:34:25,158 - INFO - ✓ Página 199 salva em data/raw/por_pagina/sao-paulo_sp_pagina199.csv
2026-03-13 17:34:25,158 - INFO - Aguardando 5.5s antes da próxima página...
2026-03-13 17:34:30,630 - INFO - ============================================================
2026-03-13 17:34:30,630 - INFO - PÁGINA 200
2026-03-13 17:34:30,630 - INFO - ============================================================
2026-03-13 17:34:30,630 - INFO - ====== WebDriver manager ======
2026-03-13 17:34:30,689 - INFO - Get LATEST chromedriver version for google-chrome
2026-03-13 17:34:30,760 - INFO - Get LATEST chromedriver version for google-chrome
2026-03-13 17:34:30,834 - INFO - Driver [/home/felipe/.wdm/drivers/chromedriver/linux64/145.0.7632.117/chromedriver-linux64/chromedriver] found in cache
2026-03-13 17:34:31,650 - INFO - Driver criado com User-Agent: Mozilla/5.0 (Windows NT 10.0; Win64; x64) AppleWeb...
2026-03-13 17:34:31,650 - INFO - Acessando: https://www.zapimoveis.com.br/aluguel/apartamentos/sp+sao-paulo/?tipos=apartamento_residencial%2Cstudio_residencial%2Ckitnet_residencial%2Ccasa_residencial%2Csobrado_residencial%2Ccondominio_residencial%2Ccasa-vila_residencial%2Ccobertura_residencial%2Cflat_residencial%2Cloft_residencial&pagina=200
2026-03-13 17:34:32,858 - INFO - Aguardando 7.6s para carregamento...
2026-03-13 17:34:49,323 - INFO - Analisando página HTML...
2026-03-13 17:34:49,325 - INFO - Tentativa 1 (links com /imovel/): 19 cards
2026-03-13 17:34:49,327 - INFO - ✓ Página 200: 19 imóveis extraídos
2026-03-13 17:34:49,406 - INFO - Driver fechado
2026-03-13 17:34:49,408 - INFO - ✓ Página 200 salva em data/raw/por_pagina/sao-paulo_sp_pagina200.csv
2026-03-13 17:34:49,408 - INFO - Aguardando 7.7s antes da próxima página...
2026-03-13 17:34:57,119 - INFO - ============================================================
2026-03-13 17:34:57,119 - INFO - PÁGINA 201
2026-03-13 17:34:57,119 - INFO - ============================================================
2026-03-13 17:34:57,119 - INFO - ====== WebDriver manager ======
2026-03-13 17:34:57,178 - INFO - Get LATEST chromedriver version for google-chrome
2026-03-13 17:34:57,257 - INFO - Get LATEST chromedriver version for google-chrome
2026-03-13 17:34:57,327 - INFO - Driver [/home/felipe/.wdm/drivers/chromedriver/linux64/145.0.7632.117/chromedriver-linux64/chromedriver] found in cache
2026-03-13 17:34:58,140 - INFO - Driver criado com User-Agent: Mozilla/5.0 (Windows NT 10.0; Win64; x64) AppleWeb...
2026-03-13 17:34:58,140 - INFO - Acessando: https://www.zapimoveis.com.br/aluguel/apartamentos/sp+sao-paulo/?tipos=apartamento_residencial%2Cstudio_residencial%2Ckitnet_residencial%2Ccasa_residencial%2Csobrado_residencial%2Ccondominio_residencial%2Ccasa-vila_residencial%2Ccobertura_residencial%2Cflat_residencial%2Cloft_residencial&pagina=201
2026-03-13 17:34:59,338 - INFO - Aguardando 6.6s para carregamento...
2026-03-13 17:35:13,906 - INFO - Analisando página HTML...
2026-03-13 17:35:13,907 - INFO - Tentativa 1 (links com /imovel/): 21 cards
2026-03-13 17:35:13,909 - INFO - ✓ Página 201: 21 imóveis extraídos
2026-03-13 17:35:13,986 - INFO - Driver fechado
2026-03-13 17:35:13,988 - INFO - ✓ Página 201 salva em data/raw/por_pagina/sao-paulo_sp_pagina201.csv
2026-03-13 17:35:13,988 - INFO - Aguardando 8.9s antes da próxima página...
2026-03-13 17:35:22,914 - INFO - ============================================================
2026-03-13 17:35:22,914 - INFO - PÁGINA 202
2026-03-13 17:35:22,914 - INFO - ============================================================
2026-03-13 17:35:22,914 - INFO - ====== WebDriver manager ======
2026-03-13 17:35:22,974 - INFO - Get LATEST chromedriver version for google-chrome
2026-03-13 17:35:23,063 - INFO - Get LATEST chromedriver version for google-chrome
2026-03-13 17:35:23,154 - INFO - Driver [/home/felipe/.wdm/drivers/chromedriver/linux64/145.0.7632.117/chromedriver-linux64/chromedriver] found in cache
2026-03-13 17:35:23,982 - INFO - Driver criado com User-Agent: Mozilla/5.0 (X11; Linux x86_64) AppleWebKit/537.36...
2026-03-13 17:35:23,982 - INFO - Acessando: https://www.zapimoveis.com.br/aluguel/apartamentos/sp+sao-paulo/?tipos=apartamento_residencial%2Cstudio_residencial%2Ckitnet_residencial%2Ccasa_residencial%2Csobrado_residencial%2Ccondominio_residencial%2Ccasa-vila_residencial%2Ccobertura_residencial%2Cflat_residencial%2Cloft_residencial&pagina=202
2026-03-13 17:35:25,194 - INFO - Aguardando 6.0s para carregamento...
2026-03-13 17:35:40,382 - INFO - Analisando página HTML...
2026-03-13 17:35:40,384 - INFO - Tentativa 1 (links com /imovel/): 24 cards
2026-03-13 17:35:40,386 - INFO - ✓ Página 202: 24 imóveis extraídos
2026-03-13 17:35:40,462 - INFO - Driver fechado
2026-03-13 17:35:40,465 - INFO - ✓ Página 202 salva em data/raw/por_pagina/sao-paulo_sp_pagina202.csv
2026-03-13 17:35:40,465 - INFO - Aguardando 7.4s antes da próxima página...
2026-03-13 17:35:47,888 - INFO - ============================================================
2026-03-13 17:35:47,888 - INFO - PÁGINA 203
2026-03-13 17:35:47,888 - INFO - ============================================================
2026-03-13 17:35:47,889 - INFO - ====== WebDriver manager ======
2026-03-13 17:35:47,948 - INFO - Get LATEST chromedriver version for google-chrome
2026-03-13 17:35:48,074 - INFO - Get LATEST chromedriver version for google-chrome
2026-03-13 17:35:48,167 - INFO - Driver [/home/felipe/.wdm/drivers/chromedriver/linux64/145.0.7632.117/chromedriver-linux64/chromedriver] found in cache
2026-03-13 17:35:48,999 - INFO - Driver criado com User-Agent: Mozilla/5.0 (Windows NT 10.0; Win64; x64) AppleWeb...
2026-03-13 17:35:48,999 - INFO - Acessando: https://www.zapimoveis.com.br/aluguel/apartamentos/sp+sao-paulo/?tipos=apartamento_residencial%2Cstudio_residencial%2Ckitnet_residencial%2Ccasa_residencial%2Csobrado_residencial%2Ccondominio_residencial%2Ccasa-vila_residencial%2Ccobertura_residencial%2Cflat_residencial%2Cloft_residencial&pagina=203
2026-03-13 17:35:50,596 - INFO - Aguardando 7.2s para carregamento...
2026-03-13 17:36:06,244 - INFO - Analisando página HTML...
2026-03-13 17:36:06,245 - INFO - Tentativa 1 (links com /imovel/): 24 cards
2026-03-13 17:36:06,248 - INFO - ✓ Página 203: 24 imóveis extraídos
2026-03-13 17:36:06,316 - INFO - Driver fechado
2026-03-13 17:36:06,318 - INFO - ✓ Página 203 salva em data/raw/por_pagina/sao-paulo_sp_pagina203.csv
2026-03-13 17:36:06,318 - INFO - Aguardando 6.1s antes da próxima página...
2026-03-13 17:36:12,419 - INFO - ============================================================
2026-03-13 17:36:12,420 - INFO - PÁGINA 204
2026-03-13 17:36:12,420 - INFO - ============================================================
2026-03-13 17:36:12,420 - INFO - ====== WebDriver manager ======
2026-03-13 17:36:12,480 - INFO - Get LATEST chromedriver version for google-chrome
2026-03-13 17:36:12,681 - INFO - Get LATEST chromedriver version for google-chrome
2026-03-13 17:36:12,760 - INFO - Driver [/home/felipe/.wdm/drivers/chromedriver/linux64/145.0.7632.117/chromedriver-linux64/chromedriver] found in cache
2026-03-13 17:36:13,573 - INFO - Driver criado com User-Agent: Mozilla/5.0 (Windows NT 10.0; Win64; x64) AppleWeb...
2026-03-13 17:36:13,573 - INFO - Acessando: https://www.zapimoveis.com.br/aluguel/apartamentos/sp+sao-paulo/?tipos=apartamento_residencial%2Cstudio_residencial%2Ckitnet_residencial%2Ccasa_residencial%2Csobrado_residencial%2Ccondominio_residencial%2Ccasa-vila_residencial%2Ccobertura_residencial%2Cflat_residencial%2Cloft_residencial&pagina=204
2026-03-13 17:36:14,953 - INFO - Aguardando 5.4s para carregamento...
2026-03-13 17:36:29,281 - INFO - Analisando página HTML...
2026-03-13 17:36:29,282 - INFO - Tentativa 1 (links com /imovel/): 22 cards
2026-03-13 17:36:29,284 - INFO - ✓ Página 204: 22 imóveis extraídos
2026-03-13 17:36:29,368 - INFO - Driver fechado
2026-03-13 17:36:29,370 - INFO - ✓ Página 204 salva em data/raw/por_pagina/sao-paulo_sp_pagina204.csv
2026-03-13 17:36:29,370 - INFO - Aguardando 6.6s antes da próxima página...
2026-03-13 17:36:35,920 - INFO - ============================================================
2026-03-13 17:36:35,921 - INFO - PÁGINA 205
2026-03-13 17:36:35,921 - INFO - ============================================================
2026-03-13 17:36:35,921 - INFO - ====== WebDriver manager ======
2026-03-13 17:36:35,979 - INFO - Get LATEST chromedriver version for google-chrome
2026-03-13 17:36:36,043 - INFO - Get LATEST chromedriver version for google-chrome
2026-03-13 17:36:36,123 - INFO - Driver [/home/felipe/.wdm/drivers/chromedriver/linux64/145.0.7632.117/chromedriver-linux64/chromedriver] found in cache
2026-03-13 17:36:36,944 - INFO - Driver criado com User-Agent: Mozilla/5.0 (Windows NT 10.0; Win64; x64) AppleWeb...
2026-03-13 17:36:36,944 - INFO - Acessando: https://www.zapimoveis.com.br/aluguel/apartamentos/sp+sao-paulo/?tipos=apartamento_residencial%2Cstudio_residencial%2Ckitnet_residencial%2Ccasa_residencial%2Csobrado_residencial%2Ccondominio_residencial%2Ccasa-vila_residencial%2Ccobertura_residencial%2Cflat_residencial%2Cloft_residencial&pagina=205
2026-03-13 17:36:38,694 - INFO - Aguardando 7.1s para carregamento...
2026-03-13 17:36:54,166 - INFO - Analisando página HTML...
2026-03-13 17:36:54,167 - INFO - Tentativa 1 (links com /imovel/): 29 cards
2026-03-13 17:36:54,170 - INFO - ✓ Página 205: 29 imóveis extraídos
2026-03-13 17:36:54,247 - INFO - Driver fechado
2026-03-13 17:36:54,251 - INFO - ✓ Página 205 salva em data/raw/por_pagina/sao-paulo_sp_pagina205.csv
2026-03-13 17:36:54,251 - INFO - Aguardando 5.2s antes da próxima página...
2026-03-13 17:36:59,454 - INFO - ============================================================
2026-03-13 17:36:59,454 - INFO - PÁGINA 206
2026-03-13 17:36:59,454 - INFO - ============================================================
2026-03-13 17:36:59,454 - INFO - ====== WebDriver manager ======
2026-03-13 17:36:59,513 - INFO - Get LATEST chromedriver version for google-chrome
2026-03-13 17:36:59,591 - INFO - Get LATEST chromedriver version for google-chrome
2026-03-13 17:36:59,688 - INFO - Driver [/home/felipe/.wdm/drivers/chromedriver/linux64/145.0.7632.117/chromedriver-linux64/chromedriver] found in cache
2026-03-13 17:37:00,513 - INFO - Driver criado com User-Agent: Mozilla/5.0 (X11; Linux x86_64) AppleWebKit/537.36...
2026-03-13 17:37:00,513 - INFO - Acessando: https://www.zapimoveis.com.br/aluguel/apartamentos/sp+sao-paulo/?tipos=apartamento_residencial%2Cstudio_residencial%2Ckitnet_residencial%2Ccasa_residencial%2Csobrado_residencial%2Ccondominio_residencial%2Ccasa-vila_residencial%2Ccobertura_residencial%2Cflat_residencial%2Cloft_residencial&pagina=206
2026-03-13 17:37:02,153 - INFO - Aguardando 6.1s para carregamento...
2026-03-13 17:37:14,858 - INFO - Analisando página HTML...
2026-03-13 17:37:14,859 - INFO - Tentativa 1 (links com /imovel/): 26 cards
2026-03-13 17:37:14,862 - INFO - ✓ Página 206: 26 imóveis extraídos
2026-03-13 17:37:14,935 - INFO - Driver fechado
2026-03-13 17:37:14,937 - INFO - ✓ Página 206 salva em data/raw/por_pagina/sao-paulo_sp_pagina206.csv
2026-03-13 17:37:14,937 - INFO - Aguardando 5.3s antes da próxima página...
2026-03-13 17:37:20,213 - INFO - ============================================================
2026-03-13 17:37:20,214 - INFO - PÁGINA 207
2026-03-13 17:37:20,214 - INFO - ============================================================
2026-03-13 17:37:20,214 - INFO - ====== WebDriver manager ======
2026-03-13 17:37:20,273 - INFO - Get LATEST chromedriver version for google-chrome
2026-03-13 17:37:20,342 - INFO - Get LATEST chromedriver version for google-chrome
2026-03-13 17:37:20,425 - INFO - Driver [/home/felipe/.wdm/drivers/chromedriver/linux64/145.0.7632.117/chromedriver-linux64/chromedriver] found in cache
2026-03-13 17:37:21,240 - INFO - Driver criado com User-Agent: Mozilla/5.0 (Macintosh; Intel Mac OS X 10_15_7) Ap...
2026-03-13 17:37:21,240 - INFO - Acessando: https://www.zapimoveis.com.br/aluguel/apartamentos/sp+sao-paulo/?tipos=apartamento_residencial%2Cstudio_residencial%2Ckitnet_residencial%2Ccasa_residencial%2Csobrado_residencial%2Ccondominio_residencial%2Ccasa-vila_residencial%2Ccobertura_residencial%2Cflat_residencial%2Cloft_residencial&pagina=207
2026-03-13 17:37:22,326 - INFO - Aguardando 7.7s para carregamento...
2026-03-13 17:37:37,836 - INFO - Analisando página HTML...
2026-03-13 17:37:37,838 - INFO - Tentativa 1 (links com /imovel/): 25 cards
2026-03-13 17:37:37,841 - INFO - ✓ Página 207: 25 imóveis extraídos
2026-03-13 17:37:37,917 - INFO - Driver fechado
2026-03-13 17:37:37,919 - INFO - ✓ Página 207 salva em data/raw/por_pagina/sao-paulo_sp_pagina207.csv
2026-03-13 17:37:37,919 - INFO - Aguardando 7.7s antes da próxima página...
2026-03-13 17:37:45,600 - INFO - ============================================================
2026-03-13 17:37:45,600 - INFO - PÁGINA 208
2026-03-13 17:37:45,600 - INFO - ============================================================
2026-03-13 17:37:45,600 - INFO - ====== WebDriver manager ======
2026-03-13 17:37:45,659 - INFO - Get LATEST chromedriver version for google-chrome
2026-03-13 17:37:45,746 - INFO - Get LATEST chromedriver version for google-chrome
2026-03-13 17:37:45,816 - INFO - Driver [/home/felipe/.wdm/drivers/chromedriver/linux64/145.0.7632.117/chromedriver-linux64/chromedriver] found in cache
2026-03-13 17:37:46,630 - INFO - Driver criado com User-Agent: Mozilla/5.0 (Macintosh; Intel Mac OS X 10_15_7) Ap...
2026-03-13 17:37:46,630 - INFO - Acessando: https://www.zapimoveis.com.br/aluguel/apartamentos/sp+sao-paulo/?tipos=apartamento_residencial%2Cstudio_residencial%2Ckitnet_residencial%2Ccasa_residencial%2Csobrado_residencial%2Ccondominio_residencial%2Ccasa-vila_residencial%2Ccobertura_residencial%2Cflat_residencial%2Cloft_residencial&pagina=208
2026-03-13 17:37:48,013 - INFO - Aguardando 5.1s para carregamento...
2026-03-13 17:38:01,225 - INFO - Analisando página HTML...
2026-03-13 17:38:01,226 - INFO - Tentativa 1 (links com /imovel/): 27 cards
2026-03-13 17:38:01,229 - INFO - ✓ Página 208: 27 imóveis extraídos
2026-03-13 17:38:01,303 - INFO - Driver fechado
2026-03-13 17:38:01,305 - INFO - ✓ Página 208 salva em data/raw/por_pagina/sao-paulo_sp_pagina208.csv
2026-03-13 17:38:01,305 - INFO - Aguardando 8.6s antes da próxima página...
2026-03-13 17:38:09,919 - INFO - ============================================================
2026-03-13 17:38:09,919 - INFO - PÁGINA 209
2026-03-13 17:38:09,919 - INFO - ============================================================
2026-03-13 17:38:09,919 - INFO - ====== WebDriver manager ======
2026-03-13 17:38:09,978 - INFO - Get LATEST chromedriver version for google-chrome
2026-03-13 17:38:10,055 - INFO - Get LATEST chromedriver version for google-chrome
2026-03-13 17:38:10,123 - INFO - Driver [/home/felipe/.wdm/drivers/chromedriver/linux64/145.0.7632.117/chromedriver-linux64/chromedriver] found in cache
2026-03-13 17:38:10,936 - INFO - Driver criado com User-Agent: Mozilla/5.0 (Windows NT 10.0; Win64; x64) AppleWeb...
2026-03-13 17:38:10,936 - INFO - Acessando: https://www.zapimoveis.com.br/aluguel/apartamentos/sp+sao-paulo/?tipos=apartamento_residencial%2Cstudio_residencial%2Ckitnet_residencial%2Ccasa_residencial%2Csobrado_residencial%2Ccondominio_residencial%2Ccasa-vila_residencial%2Ccobertura_residencial%2Cflat_residencial%2Cloft_residencial&pagina=209
2026-03-13 17:38:13,487 - INFO - Aguardando 5.4s para carregamento...
2026-03-13 17:38:26,856 - INFO - Analisando página HTML...
2026-03-13 17:38:26,857 - INFO - Tentativa 1 (links com /imovel/): 23 cards
2026-03-13 17:38:26,860 - INFO - ✓ Página 209: 23 imóveis extraídos
2026-03-13 17:38:26,938 - INFO - Driver fechado
2026-03-13 17:38:26,940 - INFO - ✓ Página 209 salva em data/raw/por_pagina/sao-paulo_sp_pagina209.csv
2026-03-13 17:38:26,940 - INFO - Aguardando 8.6s antes da próxima página...
2026-03-13 17:38:35,501 - INFO - ============================================================
2026-03-13 17:38:35,501 - INFO - PÁGINA 210
2026-03-13 17:38:35,501 - INFO - ============================================================
2026-03-13 17:38:35,501 - INFO - ====== WebDriver manager ======
2026-03-13 17:38:35,561 - INFO - Get LATEST chromedriver version for google-chrome
2026-03-13 17:38:35,633 - INFO - Get LATEST chromedriver version for google-chrome
2026-03-13 17:38:35,712 - INFO - Driver [/home/felipe/.wdm/drivers/chromedriver/linux64/145.0.7632.117/chromedriver-linux64/chromedriver] found in cache
2026-03-13 17:38:36,524 - INFO - Driver criado com User-Agent: Mozilla/5.0 (Macintosh; Intel Mac OS X 10_15_7) Ap...
2026-03-13 17:38:36,524 - INFO - Acessando: https://www.zapimoveis.com.br/aluguel/apartamentos/sp+sao-paulo/?tipos=apartamento_residencial%2Cstudio_residencial%2Ckitnet_residencial%2Ccasa_residencial%2Csobrado_residencial%2Ccondominio_residencial%2Ccasa-vila_residencial%2Ccobertura_residencial%2Cflat_residencial%2Cloft_residencial&pagina=210
2026-03-13 17:38:37,788 - INFO - Aguardando 5.4s para carregamento...
2026-03-13 17:38:50,889 - INFO - Analisando página HTML...
2026-03-13 17:38:50,891 - INFO - Tentativa 1 (links com /imovel/): 24 cards
2026-03-13 17:38:50,893 - INFO - ✓ Página 210: 24 imóveis extraídos
2026-03-13 17:38:50,966 - INFO - Driver fechado
2026-03-13 17:38:50,968 - INFO - ✓ Página 210 salva em data/raw/por_pagina/sao-paulo_sp_pagina210.csv
2026-03-13 17:38:50,968 - INFO - Aguardando 6.9s antes da próxima página...
2026-03-13 17:38:57,821 - INFO - ============================================================
2026-03-13 17:38:57,821 - INFO - PÁGINA 211
2026-03-13 17:38:57,821 - INFO - ============================================================
2026-03-13 17:38:57,821 - INFO - ====== WebDriver manager ======
2026-03-13 17:38:57,880 - INFO - Get LATEST chromedriver version for google-chrome
2026-03-13 17:39:01,511 - INFO - Get LATEST chromedriver version for google-chrome
2026-03-13 17:39:01,603 - INFO - Driver [/home/felipe/.wdm/drivers/chromedriver/linux64/145.0.7632.117/chromedriver-linux64/chromedriver] found in cache
2026-03-13 17:39:02,411 - INFO - Driver criado com User-Agent: Mozilla/5.0 (X11; Linux x86_64) AppleWebKit/537.36...
2026-03-13 17:39:02,412 - INFO - Acessando: https://www.zapimoveis.com.br/aluguel/apartamentos/sp+sao-paulo/?tipos=apartamento_residencial%2Cstudio_residencial%2Ckitnet_residencial%2Ccasa_residencial%2Csobrado_residencial%2Ccondominio_residencial%2Ccasa-vila_residencial%2Ccobertura_residencial%2Cflat_residencial%2Cloft_residencial&pagina=211
2026-03-13 17:39:03,571 - INFO - Aguardando 6.3s para carregamento...
2026-03-13 17:39:18,793 - INFO - Analisando página HTML...
2026-03-13 17:39:18,795 - INFO - Tentativa 1 (links com /imovel/): 21 cards
2026-03-13 17:39:18,797 - INFO - ✓ Página 211: 21 imóveis extraídos
2026-03-13 17:39:18,873 - INFO - Driver fechado
2026-03-13 17:39:18,875 - INFO - ✓ Página 211 salva em data/raw/por_pagina/sao-paulo_sp_pagina211.csv
2026-03-13 17:39:18,875 - INFO - Aguardando 5.1s antes da próxima página...
2026-03-13 17:39:23,970 - INFO - ============================================================
2026-03-13 17:39:23,970 - INFO - PÁGINA 212
2026-03-13 17:39:23,970 - INFO - ============================================================
2026-03-13 17:39:23,970 - INFO - ====== WebDriver manager ======
2026-03-13 17:39:24,030 - INFO - Get LATEST chromedriver version for google-chrome
2026-03-13 17:39:24,121 - INFO - Get LATEST chromedriver version for google-chrome
2026-03-13 17:39:24,213 - INFO - Driver [/home/felipe/.wdm/drivers/chromedriver/linux64/145.0.7632.117/chromedriver-linux64/chromedriver] found in cache
2026-03-13 17:39:25,033 - INFO - Driver criado com User-Agent: Mozilla/5.0 (Windows NT 10.0; Win64; x64) AppleWeb...
2026-03-13 17:39:25,033 - INFO - Acessando: https://www.zapimoveis.com.br/aluguel/apartamentos/sp+sao-paulo/?tipos=apartamento_residencial%2Cstudio_residencial%2Ckitnet_residencial%2Ccasa_residencial%2Csobrado_residencial%2Ccondominio_residencial%2Ccasa-vila_residencial%2Ccobertura_residencial%2Cflat_residencial%2Cloft_residencial&pagina=212
2026-03-13 17:39:26,180 - INFO - Aguardando 7.7s para carregamento...
2026-03-13 17:39:41,862 - INFO - Analisando página HTML...
2026-03-13 17:39:41,863 - INFO - Tentativa 1 (links com /imovel/): 26 cards
2026-03-13 17:39:41,866 - INFO - ✓ Página 212: 26 imóveis extraídos
2026-03-13 17:39:41,943 - INFO - Driver fechado
2026-03-13 17:39:41,946 - INFO - ✓ Página 212 salva em data/raw/por_pagina/sao-paulo_sp_pagina212.csv
2026-03-13 17:39:41,946 - INFO - Aguardando 9.4s antes da próxima página...
2026-03-13 17:39:51,320 - INFO - ============================================================
2026-03-13 17:39:51,320 - INFO - PÁGINA 213
2026-03-13 17:39:51,320 - INFO - ============================================================
2026-03-13 17:39:51,320 - INFO - ====== WebDriver manager ======
2026-03-13 17:39:51,379 - INFO - Get LATEST chromedriver version for google-chrome
2026-03-13 17:39:51,462 - INFO - Get LATEST chromedriver version for google-chrome
2026-03-13 17:39:51,556 - INFO - Driver [/home/felipe/.wdm/drivers/chromedriver/linux64/145.0.7632.117/chromedriver-linux64/chromedriver] found in cache
2026-03-13 17:39:52,374 - INFO - Driver criado com User-Agent: Mozilla/5.0 (X11; Linux x86_64) AppleWebKit/537.36...
2026-03-13 17:39:52,374 - INFO - Acessando: https://www.zapimoveis.com.br/aluguel/apartamentos/sp+sao-paulo/?tipos=apartamento_residencial%2Cstudio_residencial%2Ckitnet_residencial%2Ccasa_residencial%2Csobrado_residencial%2Ccondominio_residencial%2Ccasa-vila_residencial%2Ccobertura_residencial%2Cflat_residencial%2Cloft_residencial&pagina=213
2026-03-13 17:39:54,586 - INFO - Aguardando 7.6s para carregamento...
2026-03-13 17:40:11,084 - INFO - Analisando página HTML...
2026-03-13 17:40:11,086 - INFO - Tentativa 1 (links com /imovel/): 25 cards
2026-03-13 17:40:11,089 - INFO - ✓ Página 213: 25 imóveis extraídos
2026-03-13 17:40:11,167 - INFO - Driver fechado
2026-03-13 17:40:11,171 - INFO - ✓ Página 213 salva em data/raw/por_pagina/sao-paulo_sp_pagina213.csv
2026-03-13 17:40:11,171 - INFO - Aguardando 5.8s antes da próxima página...
2026-03-13 17:40:17,004 - INFO - ============================================================
2026-03-13 17:40:17,004 - INFO - PÁGINA 214
2026-03-13 17:40:17,004 - INFO - ============================================================
2026-03-13 17:40:17,004 - INFO - ====== WebDriver manager ======
2026-03-13 17:40:17,062 - INFO - Get LATEST chromedriver version for google-chrome
2026-03-13 17:40:17,150 - INFO - Get LATEST chromedriver version for google-chrome
2026-03-13 17:40:17,241 - INFO - Driver [/home/felipe/.wdm/drivers/chromedriver/linux64/145.0.7632.117/chromedriver-linux64/chromedriver] found in cache
2026-03-13 17:40:18,057 - INFO - Driver criado com User-Agent: Mozilla/5.0 (Macintosh; Intel Mac OS X 10_15_7) Ap...
2026-03-13 17:40:18,057 - INFO - Acessando: https://www.zapimoveis.com.br/aluguel/apartamentos/sp+sao-paulo/?tipos=apartamento_residencial%2Cstudio_residencial%2Ckitnet_residencial%2Ccasa_residencial%2Csobrado_residencial%2Ccondominio_residencial%2Ccasa-vila_residencial%2Ccobertura_residencial%2Cflat_residencial%2Cloft_residencial&pagina=214
2026-03-13 17:40:19,979 - INFO - Aguardando 5.8s para carregamento...
2026-03-13 17:40:33,044 - INFO - Analisando página HTML...
2026-03-13 17:40:33,045 - INFO - Tentativa 1 (links com /imovel/): 22 cards
2026-03-13 17:40:33,048 - INFO - ✓ Página 214: 22 imóveis extraídos
2026-03-13 17:40:33,125 - INFO - Driver fechado
2026-03-13 17:40:33,127 - INFO - ✓ Página 214 salva em data/raw/por_pagina/sao-paulo_sp_pagina214.csv
2026-03-13 17:40:33,127 - INFO - Aguardando 7.9s antes da próxima página...
2026-03-13 17:40:40,988 - INFO - ============================================================
2026-03-13 17:40:40,988 - INFO - PÁGINA 215
2026-03-13 17:40:40,988 - INFO - ============================================================
2026-03-13 17:40:40,989 - INFO - ====== WebDriver manager ======
2026-03-13 17:40:41,047 - INFO - Get LATEST chromedriver version for google-chrome
2026-03-13 17:40:41,128 - INFO - Get LATEST chromedriver version for google-chrome
2026-03-13 17:40:41,206 - INFO - Driver [/home/felipe/.wdm/drivers/chromedriver/linux64/145.0.7632.117/chromedriver-linux64/chromedriver] found in cache
2026-03-13 17:40:42,028 - INFO - Driver criado com User-Agent: Mozilla/5.0 (Windows NT 10.0; Win64; x64; rv:121.0...
2026-03-13 17:40:42,028 - INFO - Acessando: https://www.zapimoveis.com.br/aluguel/apartamentos/sp+sao-paulo/?tipos=apartamento_residencial%2Cstudio_residencial%2Ckitnet_residencial%2Ccasa_residencial%2Csobrado_residencial%2Ccondominio_residencial%2Ccasa-vila_residencial%2Ccobertura_residencial%2Cflat_residencial%2Cloft_residencial&pagina=215
2026-03-13 17:40:43,511 - INFO - Aguardando 7.1s para carregamento...
2026-03-13 17:40:58,033 - INFO - Analisando página HTML...
2026-03-13 17:40:58,035 - INFO - Tentativa 1 (links com /imovel/): 26 cards
2026-03-13 17:40:58,037 - INFO - ✓ Página 215: 26 imóveis extraídos
2026-03-13 17:40:58,114 - INFO - Driver fechado
2026-03-13 17:40:58,117 - INFO - ✓ Página 215 salva em data/raw/por_pagina/sao-paulo_sp_pagina215.csv
2026-03-13 17:40:58,117 - INFO - Aguardando 7.3s antes da próxima página...
2026-03-13 17:41:05,455 - INFO - ============================================================
2026-03-13 17:41:05,455 - INFO - PÁGINA 216
2026-03-13 17:41:05,455 - INFO - ============================================================
2026-03-13 17:41:05,455 - INFO - ====== WebDriver manager ======
2026-03-13 17:41:05,514 - INFO - Get LATEST chromedriver version for google-chrome
2026-03-13 17:41:05,590 - INFO - Get LATEST chromedriver version for google-chrome
2026-03-13 17:41:05,683 - INFO - Driver [/home/felipe/.wdm/drivers/chromedriver/linux64/145.0.7632.117/chromedriver-linux64/chromedriver] found in cache
2026-03-13 17:41:06,511 - INFO - Driver criado com User-Agent: Mozilla/5.0 (Windows NT 10.0; Win64; x64) AppleWeb...
2026-03-13 17:41:06,511 - INFO - Acessando: https://www.zapimoveis.com.br/aluguel/apartamentos/sp+sao-paulo/?tipos=apartamento_residencial%2Cstudio_residencial%2Ckitnet_residencial%2Ccasa_residencial%2Csobrado_residencial%2Ccondominio_residencial%2Ccasa-vila_residencial%2Ccobertura_residencial%2Cflat_residencial%2Cloft_residencial&pagina=216
2026-03-13 17:41:07,638 - INFO - Aguardando 5.8s para carregamento...
2026-03-13 17:41:21,967 - INFO - Analisando página HTML...
2026-03-13 17:41:21,969 - INFO - Tentativa 1 (links com /imovel/): 24 cards
2026-03-13 17:41:21,971 - INFO - ✓ Página 216: 24 imóveis extraídos
2026-03-13 17:41:22,050 - INFO - Driver fechado
2026-03-13 17:41:22,053 - INFO - ✓ Página 216 salva em data/raw/por_pagina/sao-paulo_sp_pagina216.csv
2026-03-13 17:41:22,053 - INFO - Aguardando 7.5s antes da próxima página...
2026-03-13 17:41:29,588 - INFO - ============================================================
2026-03-13 17:41:29,588 - INFO - PÁGINA 217
2026-03-13 17:41:29,588 - INFO - ============================================================
2026-03-13 17:41:29,588 - INFO - ====== WebDriver manager ======
2026-03-13 17:41:29,648 - INFO - Get LATEST chromedriver version for google-chrome
2026-03-13 17:41:29,739 - INFO - Get LATEST chromedriver version for google-chrome
2026-03-13 17:41:29,808 - INFO - Driver [/home/felipe/.wdm/drivers/chromedriver/linux64/145.0.7632.117/chromedriver-linux64/chromedriver] found in cache
2026-03-13 17:41:30,622 - INFO - Driver criado com User-Agent: Mozilla/5.0 (Windows NT 10.0; Win64; x64; rv:121.0...
2026-03-13 17:41:30,622 - INFO - Acessando: https://www.zapimoveis.com.br/aluguel/apartamentos/sp+sao-paulo/?tipos=apartamento_residencial%2Cstudio_residencial%2Ckitnet_residencial%2Ccasa_residencial%2Csobrado_residencial%2Ccondominio_residencial%2Ccasa-vila_residencial%2Ccobertura_residencial%2Cflat_residencial%2Cloft_residencial&pagina=217
2026-03-13 17:41:31,685 - INFO - Aguardando 5.0s para carregamento...
2026-03-13 17:41:43,918 - INFO - Analisando página HTML...
2026-03-13 17:41:43,919 - INFO - Tentativa 1 (links com /imovel/): 23 cards
2026-03-13 17:41:43,921 - INFO - ✓ Página 217: 23 imóveis extraídos
2026-03-13 17:41:43,991 - INFO - Driver fechado
2026-03-13 17:41:43,993 - INFO - ✓ Página 217 salva em data/raw/por_pagina/sao-paulo_sp_pagina217.csv
2026-03-13 17:41:43,993 - INFO - Aguardando 5.3s antes da próxima página...
2026-03-13 17:41:49,320 - INFO - ============================================================
2026-03-13 17:41:49,321 - INFO - PÁGINA 218
2026-03-13 17:41:49,321 - INFO - ============================================================
2026-03-13 17:41:49,321 - INFO - ====== WebDriver manager ======
2026-03-13 17:41:49,381 - INFO - Get LATEST chromedriver version for google-chrome
2026-03-13 17:41:49,466 - INFO - Get LATEST chromedriver version for google-chrome
2026-03-13 17:41:49,564 - INFO - Driver [/home/felipe/.wdm/drivers/chromedriver/linux64/145.0.7632.117/chromedriver-linux64/chromedriver] found in cache
2026-03-13 17:41:50,384 - INFO - Driver criado com User-Agent: Mozilla/5.0 (X11; Linux x86_64) AppleWebKit/537.36...
2026-03-13 17:41:50,384 - INFO - Acessando: https://www.zapimoveis.com.br/aluguel/apartamentos/sp+sao-paulo/?tipos=apartamento_residencial%2Cstudio_residencial%2Ckitnet_residencial%2Ccasa_residencial%2Csobrado_residencial%2Ccondominio_residencial%2Ccasa-vila_residencial%2Ccobertura_residencial%2Cflat_residencial%2Cloft_residencial&pagina=218
2026-03-13 17:41:51,639 - INFO - Aguardando 5.7s para carregamento...
2026-03-13 17:42:03,770 - INFO - Analisando página HTML...
2026-03-13 17:42:03,772 - INFO - Tentativa 1 (links com /imovel/): 21 cards
2026-03-13 17:42:03,774 - INFO - ✓ Página 218: 21 imóveis extraídos
2026-03-13 17:42:03,846 - INFO - Driver fechado
2026-03-13 17:42:03,848 - INFO - ✓ Página 218 salva em data/raw/por_pagina/sao-paulo_sp_pagina218.csv
2026-03-13 17:42:03,848 - INFO - Aguardando 10.0s antes da próxima página...
2026-03-13 17:42:13,837 - INFO - ============================================================
2026-03-13 17:42:13,837 - INFO - PÁGINA 219
2026-03-13 17:42:13,837 - INFO - ============================================================
2026-03-13 17:42:13,837 - INFO - ====== WebDriver manager ======
2026-03-13 17:42:13,898 - INFO - Get LATEST chromedriver version for google-chrome
2026-03-13 17:42:13,974 - INFO - Get LATEST chromedriver version for google-chrome
2026-03-13 17:42:14,064 - INFO - Driver [/home/felipe/.wdm/drivers/chromedriver/linux64/145.0.7632.117/chromedriver-linux64/chromedriver] found in cache
2026-03-13 17:42:14,886 - INFO - Driver criado com User-Agent: Mozilla/5.0 (Macintosh; Intel Mac OS X 10_15_7) Ap...
2026-03-13 17:42:14,886 - INFO - Acessando: https://www.zapimoveis.com.br/aluguel/apartamentos/sp+sao-paulo/?tipos=apartamento_residencial%2Cstudio_residencial%2Ckitnet_residencial%2Ccasa_residencial%2Csobrado_residencial%2Ccondominio_residencial%2Ccasa-vila_residencial%2Ccobertura_residencial%2Cflat_residencial%2Cloft_residencial&pagina=219
2026-03-13 17:42:16,087 - INFO - Aguardando 7.8s para carregamento...
2026-03-13 17:42:32,956 - INFO - Analisando página HTML...
2026-03-13 17:42:32,957 - INFO - Tentativa 1 (links com /imovel/): 26 cards
2026-03-13 17:42:32,959 - INFO - ✓ Página 219: 26 imóveis extraídos
2026-03-13 17:42:33,037 - INFO - Driver fechado
2026-03-13 17:42:33,041 - INFO - ✓ Página 219 salva em data/raw/por_pagina/sao-paulo_sp_pagina219.csv
2026-03-13 17:42:33,041 - INFO - Aguardando 5.8s antes da próxima página...
2026-03-13 17:42:38,836 - INFO - ============================================================
2026-03-13 17:42:38,837 - INFO - PÁGINA 220
2026-03-13 17:42:38,837 - INFO - ============================================================
2026-03-13 17:42:38,837 - INFO - ====== WebDriver manager ======
2026-03-13 17:42:38,894 - INFO - Get LATEST chromedriver version for google-chrome
2026-03-13 17:42:38,965 - INFO - Get LATEST chromedriver version for google-chrome
2026-03-13 17:42:39,050 - INFO - Driver [/home/felipe/.wdm/drivers/chromedriver/linux64/145.0.7632.117/chromedriver-linux64/chromedriver] found in cache
2026-03-13 17:42:39,873 - INFO - Driver criado com User-Agent: Mozilla/5.0 (Windows NT 10.0; Win64; x64) AppleWeb...
2026-03-13 17:42:39,874 - INFO - Acessando: https://www.zapimoveis.com.br/aluguel/apartamentos/sp+sao-paulo/?tipos=apartamento_residencial%2Cstudio_residencial%2Ckitnet_residencial%2Ccasa_residencial%2Csobrado_residencial%2Ccondominio_residencial%2Ccasa-vila_residencial%2Ccobertura_residencial%2Cflat_residencial%2Cloft_residencial&pagina=220
2026-03-13 17:42:41,005 - INFO - Aguardando 5.4s para carregamento...
2026-03-13 17:42:54,889 - INFO - Analisando página HTML...
2026-03-13 17:42:54,891 - INFO - Tentativa 1 (links com /imovel/): 24 cards
2026-03-13 17:42:54,893 - INFO - ✓ Página 220: 24 imóveis extraídos
2026-03-13 17:42:54,968 - INFO - Driver fechado
2026-03-13 17:42:54,970 - INFO - ✓ Página 220 salva em data/raw/por_pagina/sao-paulo_sp_pagina220.csv
2026-03-13 17:42:54,971 - INFO - Aguardando 5.1s antes da próxima página...
2026-03-13 17:43:00,085 - INFO - ============================================================
2026-03-13 17:43:00,085 - INFO - PÁGINA 221
2026-03-13 17:43:00,085 - INFO - ============================================================
2026-03-13 17:43:00,086 - INFO - ====== WebDriver manager ======
2026-03-13 17:43:00,144 - INFO - Get LATEST chromedriver version for google-chrome
2026-03-13 17:43:00,234 - INFO - Get LATEST chromedriver version for google-chrome
2026-03-13 17:43:00,337 - INFO - Driver [/home/felipe/.wdm/drivers/chromedriver/linux64/145.0.7632.117/chromedriver-linux64/chromedriver] found in cache
2026-03-13 17:43:01,157 - INFO - Driver criado com User-Agent: Mozilla/5.0 (Windows NT 10.0; Win64; x64; rv:121.0...
2026-03-13 17:43:01,157 - INFO - Acessando: https://www.zapimoveis.com.br/aluguel/apartamentos/sp+sao-paulo/?tipos=apartamento_residencial%2Cstudio_residencial%2Ckitnet_residencial%2Ccasa_residencial%2Csobrado_residencial%2Ccondominio_residencial%2Ccasa-vila_residencial%2Ccobertura_residencial%2Cflat_residencial%2Cloft_residencial&pagina=221
2026-03-13 17:43:02,523 - INFO - Aguardando 7.6s para carregamento...
2026-03-13 17:43:18,147 - INFO - Analisando página HTML...
2026-03-13 17:43:18,148 - INFO - Tentativa 1 (links com /imovel/): 22 cards
2026-03-13 17:43:18,150 - INFO - ✓ Página 221: 22 imóveis extraídos
2026-03-13 17:43:18,227 - INFO - Driver fechado
2026-03-13 17:43:18,229 - INFO - ✓ Página 221 salva em data/raw/por_pagina/sao-paulo_sp_pagina221.csv
2026-03-13 17:43:18,229 - INFO - Aguardando 8.1s antes da próxima página...
2026-03-13 17:43:26,338 - INFO - ============================================================
2026-03-13 17:43:26,338 - INFO - PÁGINA 222
2026-03-13 17:43:26,338 - INFO - ============================================================
2026-03-13 17:43:26,339 - INFO - ====== WebDriver manager ======
2026-03-13 17:43:26,397 - INFO - Get LATEST chromedriver version for google-chrome
2026-03-13 17:43:26,468 - INFO - Get LATEST chromedriver version for google-chrome
2026-03-13 17:43:26,554 - INFO - Driver [/home/felipe/.wdm/drivers/chromedriver/linux64/145.0.7632.117/chromedriver-linux64/chromedriver] found in cache
2026-03-13 17:43:27,362 - INFO - Driver criado com User-Agent: Mozilla/5.0 (Windows NT 10.0; Win64; x64) AppleWeb...
2026-03-13 17:43:27,362 - INFO - Acessando: https://www.zapimoveis.com.br/aluguel/apartamentos/sp+sao-paulo/?tipos=apartamento_residencial%2Cstudio_residencial%2Ckitnet_residencial%2Ccasa_residencial%2Csobrado_residencial%2Ccondominio_residencial%2Ccasa-vila_residencial%2Ccobertura_residencial%2Cflat_residencial%2Cloft_residencial&pagina=222
2026-03-13 17:43:28,554 - INFO - Aguardando 7.7s para carregamento...
2026-03-13 17:43:44,006 - INFO - Analisando página HTML...
2026-03-13 17:43:44,007 - INFO - Tentativa 1 (links com /imovel/): 23 cards
2026-03-13 17:43:44,009 - INFO - ✓ Página 222: 23 imóveis extraídos
2026-03-13 17:43:44,087 - INFO - Driver fechado
2026-03-13 17:43:44,089 - INFO - ✓ Página 222 salva em data/raw/por_pagina/sao-paulo_sp_pagina222.csv
2026-03-13 17:43:44,090 - INFO - Aguardando 6.2s antes da próxima página...
2026-03-13 17:43:50,241 - INFO - ============================================================
2026-03-13 17:43:50,241 - INFO - PÁGINA 223
2026-03-13 17:43:50,241 - INFO - ============================================================
2026-03-13 17:43:50,241 - INFO - ====== WebDriver manager ======
2026-03-13 17:43:50,301 - INFO - Get LATEST chromedriver version for google-chrome
2026-03-13 17:43:50,386 - INFO - Get LATEST chromedriver version for google-chrome
2026-03-13 17:43:50,483 - INFO - Driver [/home/felipe/.wdm/drivers/chromedriver/linux64/145.0.7632.117/chromedriver-linux64/chromedriver] found in cache
2026-03-13 17:43:51,291 - INFO - Driver criado com User-Agent: Mozilla/5.0 (X11; Linux x86_64) AppleWebKit/537.36...
2026-03-13 17:43:51,291 - INFO - Acessando: https://www.zapimoveis.com.br/aluguel/apartamentos/sp+sao-paulo/?tipos=apartamento_residencial%2Cstudio_residencial%2Ckitnet_residencial%2Ccasa_residencial%2Csobrado_residencial%2Ccondominio_residencial%2Ccasa-vila_residencial%2Ccobertura_residencial%2Cflat_residencial%2Cloft_residencial&pagina=223
2026-03-13 17:43:52,505 - INFO - Aguardando 5.8s para carregamento...
2026-03-13 17:44:05,904 - INFO - Analisando página HTML...
2026-03-13 17:44:05,905 - INFO - Tentativa 1 (links com /imovel/): 25 cards
2026-03-13 17:44:05,908 - INFO - ✓ Página 223: 25 imóveis extraídos
2026-03-13 17:44:05,979 - INFO - Driver fechado
2026-03-13 17:44:05,981 - INFO - ✓ Página 223 salva em data/raw/por_pagina/sao-paulo_sp_pagina223.csv
2026-03-13 17:44:05,981 - INFO - Aguardando 6.2s antes da próxima página...
2026-03-13 17:44:12,188 - INFO - ============================================================
2026-03-13 17:44:12,188 - INFO - PÁGINA 224
2026-03-13 17:44:12,188 - INFO - ============================================================
2026-03-13 17:44:12,188 - INFO - ====== WebDriver manager ======
2026-03-13 17:44:12,248 - INFO - Get LATEST chromedriver version for google-chrome
2026-03-13 17:44:12,339 - INFO - Get LATEST chromedriver version for google-chrome
2026-03-13 17:44:12,430 - INFO - Driver [/home/felipe/.wdm/drivers/chromedriver/linux64/145.0.7632.117/chromedriver-linux64/chromedriver] found in cache
2026-03-13 17:44:13,246 - INFO - Driver criado com User-Agent: Mozilla/5.0 (Windows NT 10.0; Win64; x64) AppleWeb...
2026-03-13 17:44:13,246 - INFO - Acessando: https://www.zapimoveis.com.br/aluguel/apartamentos/sp+sao-paulo/?tipos=apartamento_residencial%2Cstudio_residencial%2Ckitnet_residencial%2Ccasa_residencial%2Csobrado_residencial%2Ccondominio_residencial%2Ccasa-vila_residencial%2Ccobertura_residencial%2Cflat_residencial%2Cloft_residencial&pagina=224
2026-03-13 17:44:14,387 - INFO - Aguardando 6.5s para carregamento...
2026-03-13 17:44:29,265 - INFO - Analisando página HTML...
2026-03-13 17:44:29,266 - INFO - Tentativa 1 (links com /imovel/): 21 cards
2026-03-13 17:44:29,268 - INFO - ✓ Página 224: 21 imóveis extraídos
2026-03-13 17:44:29,344 - INFO - Driver fechado
2026-03-13 17:44:29,346 - INFO - ✓ Página 224 salva em data/raw/por_pagina/sao-paulo_sp_pagina224.csv
2026-03-13 17:44:29,346 - INFO - Aguardando 8.9s antes da próxima página...
2026-03-13 17:44:38,217 - INFO - ============================================================
2026-03-13 17:44:38,217 - INFO - PÁGINA 225
2026-03-13 17:44:38,217 - INFO - ============================================================
2026-03-13 17:44:38,217 - INFO - ====== WebDriver manager ======
2026-03-13 17:44:38,275 - INFO - Get LATEST chromedriver version for google-chrome
2026-03-13 17:44:38,353 - INFO - Get LATEST chromedriver version for google-chrome
2026-03-13 17:44:38,429 - INFO - Driver [/home/felipe/.wdm/drivers/chromedriver/linux64/145.0.7632.117/chromedriver-linux64/chromedriver] found in cache
2026-03-13 17:44:39,253 - INFO - Driver criado com User-Agent: Mozilla/5.0 (Windows NT 10.0; Win64; x64; rv:121.0...
2026-03-13 17:44:39,254 - INFO - Acessando: https://www.zapimoveis.com.br/aluguel/apartamentos/sp+sao-paulo/?tipos=apartamento_residencial%2Cstudio_residencial%2Ckitnet_residencial%2Ccasa_residencial%2Csobrado_residencial%2Ccondominio_residencial%2Ccasa-vila_residencial%2Ccobertura_residencial%2Cflat_residencial%2Cloft_residencial&pagina=225
2026-03-13 17:44:40,345 - INFO - Aguardando 7.7s para carregamento...
2026-03-13 17:44:56,634 - INFO - Analisando página HTML...
2026-03-13 17:44:56,636 - INFO - Tentativa 1 (links com /imovel/): 23 cards
2026-03-13 17:44:56,638 - INFO - ✓ Página 225: 23 imóveis extraídos
2026-03-13 17:44:56,715 - INFO - Driver fechado
2026-03-13 17:44:56,718 - INFO - ✓ Página 225 salva em data/raw/por_pagina/sao-paulo_sp_pagina225.csv
2026-03-13 17:44:56,718 - INFO - Aguardando 5.2s antes da próxima página...
2026-03-13 17:45:01,931 - INFO - ============================================================
2026-03-13 17:45:01,931 - INFO - PÁGINA 226
2026-03-13 17:45:01,931 - INFO - ============================================================
2026-03-13 17:45:01,931 - INFO - ====== WebDriver manager ======
2026-03-13 17:45:01,990 - INFO - Get LATEST chromedriver version for google-chrome
2026-03-13 17:45:02,067 - INFO - Get LATEST chromedriver version for google-chrome
2026-03-13 17:45:02,139 - INFO - Driver [/home/felipe/.wdm/drivers/chromedriver/linux64/145.0.7632.117/chromedriver-linux64/chromedriver] found in cache
2026-03-13 17:45:02,955 - INFO - Driver criado com User-Agent: Mozilla/5.0 (X11; Linux x86_64) AppleWebKit/537.36...
2026-03-13 17:45:02,955 - INFO - Acessando: https://www.zapimoveis.com.br/aluguel/apartamentos/sp+sao-paulo/?tipos=apartamento_residencial%2Cstudio_residencial%2Ckitnet_residencial%2Ccasa_residencial%2Csobrado_residencial%2Ccondominio_residencial%2Ccasa-vila_residencial%2Ccobertura_residencial%2Cflat_residencial%2Cloft_residencial&pagina=226
2026-03-13 17:45:04,353 - INFO - Aguardando 6.1s para carregamento...
2026-03-13 17:45:18,202 - INFO - Analisando página HTML...
2026-03-13 17:45:18,203 - INFO - Tentativa 1 (links com /imovel/): 24 cards
2026-03-13 17:45:18,205 - INFO - ✓ Página 226: 24 imóveis extraídos
2026-03-13 17:45:18,281 - INFO - Driver fechado
2026-03-13 17:45:18,285 - INFO - ✓ Página 226 salva em data/raw/por_pagina/sao-paulo_sp_pagina226.csv
2026-03-13 17:45:18,285 - INFO - Aguardando 8.5s antes da próxima página...
2026-03-13 17:45:26,806 - INFO - ============================================================
2026-03-13 17:45:26,806 - INFO - PÁGINA 227
2026-03-13 17:45:26,806 - INFO - ============================================================
2026-03-13 17:45:26,807 - INFO - ====== WebDriver manager ======
2026-03-13 17:45:26,865 - INFO - Get LATEST chromedriver version for google-chrome
2026-03-13 17:45:27,047 - INFO - Get LATEST chromedriver version for google-chrome
2026-03-13 17:45:27,130 - INFO - Driver [/home/felipe/.wdm/drivers/chromedriver/linux64/145.0.7632.117/chromedriver-linux64/chromedriver] found in cache
2026-03-13 17:45:27,947 - INFO - Driver criado com User-Agent: Mozilla/5.0 (Windows NT 10.0; Win64; x64) AppleWeb...
2026-03-13 17:45:27,947 - INFO - Acessando: https://www.zapimoveis.com.br/aluguel/apartamentos/sp+sao-paulo/?tipos=apartamento_residencial%2Cstudio_residencial%2Ckitnet_residencial%2Ccasa_residencial%2Csobrado_residencial%2Ccondominio_residencial%2Ccasa-vila_residencial%2Ccobertura_residencial%2Cflat_residencial%2Cloft_residencial&pagina=227
2026-03-13 17:45:29,263 - INFO - Aguardando 7.5s para carregamento...
2026-03-13 17:45:46,831 - INFO - Analisando página HTML...
2026-03-13 17:45:46,833 - INFO - Tentativa 1 (links com /imovel/): 25 cards
2026-03-13 17:45:46,835 - INFO - ✓ Página 227: 25 imóveis extraídos
2026-03-13 17:45:46,914 - INFO - Driver fechado
2026-03-13 17:45:46,916 - INFO - ✓ Página 227 salva em data/raw/por_pagina/sao-paulo_sp_pagina227.csv
2026-03-13 17:45:46,916 - INFO - Aguardando 7.8s antes da próxima página...
2026-03-13 17:45:54,685 - INFO - ============================================================
2026-03-13 17:45:54,685 - INFO - PÁGINA 228
2026-03-13 17:45:54,685 - INFO - ============================================================
2026-03-13 17:45:54,685 - INFO - ====== WebDriver manager ======
2026-03-13 17:45:54,744 - INFO - Get LATEST chromedriver version for google-chrome
2026-03-13 17:45:54,826 - INFO - Get LATEST chromedriver version for google-chrome
2026-03-13 17:45:54,909 - INFO - Driver [/home/felipe/.wdm/drivers/chromedriver/linux64/145.0.7632.117/chromedriver-linux64/chromedriver] found in cache
2026-03-13 17:45:55,749 - INFO - Driver criado com User-Agent: Mozilla/5.0 (Windows NT 10.0; Win64; x64; rv:121.0...
2026-03-13 17:45:55,749 - INFO - Acessando: https://www.zapimoveis.com.br/aluguel/apartamentos/sp+sao-paulo/?tipos=apartamento_residencial%2Cstudio_residencial%2Ckitnet_residencial%2Ccasa_residencial%2Csobrado_residencial%2Ccondominio_residencial%2Ccasa-vila_residencial%2Ccobertura_residencial%2Cflat_residencial%2Cloft_residencial&pagina=228
2026-03-13 17:45:56,885 - INFO - Aguardando 5.6s para carregamento...
2026-03-13 17:46:11,395 - INFO - Analisando página HTML...
2026-03-13 17:46:11,396 - INFO - Tentativa 1 (links com /imovel/): 25 cards
2026-03-13 17:46:11,398 - INFO - ✓ Página 228: 25 imóveis extraídos
2026-03-13 17:46:11,477 - INFO - Driver fechado
2026-03-13 17:46:11,479 - INFO - ✓ Página 228 salva em data/raw/por_pagina/sao-paulo_sp_pagina228.csv
2026-03-13 17:46:11,479 - INFO - Aguardando 7.5s antes da próxima página...
2026-03-13 17:46:19,025 - INFO - ============================================================
2026-03-13 17:46:19,025 - INFO - PÁGINA 229
2026-03-13 17:46:19,025 - INFO - ============================================================
2026-03-13 17:46:19,025 - INFO - ====== WebDriver manager ======
2026-03-13 17:46:19,084 - INFO - Get LATEST chromedriver version for google-chrome
2026-03-13 17:46:19,165 - INFO - Get LATEST chromedriver version for google-chrome
2026-03-13 17:46:19,252 - INFO - Driver [/home/felipe/.wdm/drivers/chromedriver/linux64/145.0.7632.117/chromedriver-linux64/chromedriver] found in cache
2026-03-13 17:46:20,064 - INFO - Driver criado com User-Agent: Mozilla/5.0 (Windows NT 10.0; Win64; x64; rv:121.0...
2026-03-13 17:46:20,064 - INFO - Acessando: https://www.zapimoveis.com.br/aluguel/apartamentos/sp+sao-paulo/?tipos=apartamento_residencial%2Cstudio_residencial%2Ckitnet_residencial%2Ccasa_residencial%2Csobrado_residencial%2Ccondominio_residencial%2Ccasa-vila_residencial%2Ccobertura_residencial%2Cflat_residencial%2Cloft_residencial&pagina=229
2026-03-13 17:46:21,142 - INFO - Aguardando 5.2s para carregamento...
2026-03-13 17:46:33,617 - INFO - Analisando página HTML...
2026-03-13 17:46:33,619 - INFO - Tentativa 1 (links com /imovel/): 24 cards
2026-03-13 17:46:33,621 - INFO - ✓ Página 229: 24 imóveis extraídos
2026-03-13 17:46:33,689 - INFO - Driver fechado
2026-03-13 17:46:33,691 - INFO - ✓ Página 229 salva em data/raw/por_pagina/sao-paulo_sp_pagina229.csv
2026-03-13 17:46:33,691 - INFO - Aguardando 7.8s antes da próxima página...
2026-03-13 17:46:41,454 - INFO - ============================================================
2026-03-13 17:46:41,454 - INFO - PÁGINA 230
2026-03-13 17:46:41,454 - INFO - ============================================================
2026-03-13 17:46:41,454 - INFO - ====== WebDriver manager ======
2026-03-13 17:46:41,512 - INFO - Get LATEST chromedriver version for google-chrome
2026-03-13 17:46:41,610 - INFO - Get LATEST chromedriver version for google-chrome
2026-03-13 17:46:41,673 - INFO - Driver [/home/felipe/.wdm/drivers/chromedriver/linux64/145.0.7632.117/chromedriver-linux64/chromedriver] found in cache
2026-03-13 17:46:42,486 - INFO - Driver criado com User-Agent: Mozilla/5.0 (Windows NT 10.0; Win64; x64; rv:121.0...
2026-03-13 17:46:42,486 - INFO - Acessando: https://www.zapimoveis.com.br/aluguel/apartamentos/sp+sao-paulo/?tipos=apartamento_residencial%2Cstudio_residencial%2Ckitnet_residencial%2Ccasa_residencial%2Csobrado_residencial%2Ccondominio_residencial%2Ccasa-vila_residencial%2Ccobertura_residencial%2Cflat_residencial%2Cloft_residencial&pagina=230
2026-03-13 17:46:43,662 - INFO - Aguardando 6.5s para carregamento...
2026-03-13 17:46:57,660 - INFO - Analisando página HTML...
2026-03-13 17:46:57,662 - INFO - Tentativa 1 (links com /imovel/): 23 cards
2026-03-13 17:46:57,664 - INFO - ✓ Página 230: 23 imóveis extraídos
2026-03-13 17:46:57,738 - INFO - Driver fechado
2026-03-13 17:46:57,742 - INFO - ✓ Página 230 salva em data/raw/por_pagina/sao-paulo_sp_pagina230.csv
2026-03-13 17:46:57,742 - INFO - Aguardando 9.6s antes da próxima página...
2026-03-13 17:47:07,378 - INFO - ============================================================
2026-03-13 17:47:07,378 - INFO - PÁGINA 231
2026-03-13 17:47:07,378 - INFO - ============================================================
2026-03-13 17:47:07,378 - INFO - ====== WebDriver manager ======
2026-03-13 17:47:07,436 - INFO - Get LATEST chromedriver version for google-chrome
2026-03-13 17:47:07,519 - INFO - Get LATEST chromedriver version for google-chrome
2026-03-13 17:47:07,609 - INFO - Driver [/home/felipe/.wdm/drivers/chromedriver/linux64/145.0.7632.117/chromedriver-linux64/chromedriver] found in cache
2026-03-13 17:47:08,423 - INFO - Driver criado com User-Agent: Mozilla/5.0 (X11; Linux x86_64) AppleWebKit/537.36...
2026-03-13 17:47:08,423 - INFO - Acessando: https://www.zapimoveis.com.br/aluguel/apartamentos/sp+sao-paulo/?tipos=apartamento_residencial%2Cstudio_residencial%2Ckitnet_residencial%2Ccasa_residencial%2Csobrado_residencial%2Ccondominio_residencial%2Ccasa-vila_residencial%2Ccobertura_residencial%2Cflat_residencial%2Cloft_residencial&pagina=231
2026-03-13 17:47:09,925 - INFO - Aguardando 6.4s para carregamento...
2026-03-13 17:47:26,398 - INFO - Analisando página HTML...
2026-03-13 17:47:26,400 - INFO - Tentativa 1 (links com /imovel/): 21 cards
2026-03-13 17:47:26,402 - INFO - ✓ Página 231: 21 imóveis extraídos
2026-03-13 17:47:26,480 - INFO - Driver fechado
2026-03-13 17:47:26,481 - INFO - ✓ Página 231 salva em data/raw/por_pagina/sao-paulo_sp_pagina231.csv
2026-03-13 17:47:26,481 - INFO - Aguardando 8.5s antes da próxima página...
2026-03-13 17:47:35,013 - INFO - ============================================================
2026-03-13 17:47:35,013 - INFO - PÁGINA 232
2026-03-13 17:47:35,013 - INFO - ============================================================
2026-03-13 17:47:35,013 - INFO - ====== WebDriver manager ======
2026-03-13 17:47:35,071 - INFO - Get LATEST chromedriver version for google-chrome
2026-03-13 17:47:35,142 - INFO - Get LATEST chromedriver version for google-chrome
2026-03-13 17:47:35,236 - INFO - Driver [/home/felipe/.wdm/drivers/chromedriver/linux64/145.0.7632.117/chromedriver-linux64/chromedriver] found in cache
2026-03-13 17:47:36,057 - INFO - Driver criado com User-Agent: Mozilla/5.0 (Windows NT 10.0; Win64; x64; rv:121.0...
2026-03-13 17:47:36,058 - INFO - Acessando: https://www.zapimoveis.com.br/aluguel/apartamentos/sp+sao-paulo/?tipos=apartamento_residencial%2Cstudio_residencial%2Ckitnet_residencial%2Ccasa_residencial%2Csobrado_residencial%2Ccondominio_residencial%2Ccasa-vila_residencial%2Ccobertura_residencial%2Cflat_residencial%2Cloft_residencial&pagina=232
2026-03-13 17:47:37,158 - INFO - Aguardando 5.4s para carregamento...
2026-03-13 17:47:51,095 - INFO - Analisando página HTML...
2026-03-13 17:47:51,097 - INFO - Tentativa 1 (links com /imovel/): 24 cards
2026-03-13 17:47:51,099 - INFO - ✓ Página 232: 24 imóveis extraídos
2026-03-13 17:47:51,175 - INFO - Driver fechado
2026-03-13 17:47:51,178 - INFO - ✓ Página 232 salva em data/raw/por_pagina/sao-paulo_sp_pagina232.csv
2026-03-13 17:47:51,178 - INFO - Aguardando 8.3s antes da próxima página...
2026-03-13 17:47:59,446 - INFO - ============================================================
2026-03-13 17:47:59,446 - INFO - PÁGINA 233
2026-03-13 17:47:59,447 - INFO - ============================================================
2026-03-13 17:47:59,447 - INFO - ====== WebDriver manager ======
2026-03-13 17:47:59,506 - INFO - Get LATEST chromedriver version for google-chrome
2026-03-13 17:47:59,588 - INFO - Get LATEST chromedriver version for google-chrome
2026-03-13 17:47:59,684 - INFO - Driver [/home/felipe/.wdm/drivers/chromedriver/linux64/145.0.7632.117/chromedriver-linux64/chromedriver] found in cache
2026-03-13 17:48:00,498 - INFO - Driver criado com User-Agent: Mozilla/5.0 (Windows NT 10.0; Win64; x64) AppleWeb...
2026-03-13 17:48:00,498 - INFO - Acessando: https://www.zapimoveis.com.br/aluguel/apartamentos/sp+sao-paulo/?tipos=apartamento_residencial%2Cstudio_residencial%2Ckitnet_residencial%2Ccasa_residencial%2Csobrado_residencial%2Ccondominio_residencial%2Ccasa-vila_residencial%2Ccobertura_residencial%2Cflat_residencial%2Cloft_residencial&pagina=233
2026-03-13 17:48:01,668 - INFO - Aguardando 5.7s para carregamento...
2026-03-13 17:48:15,075 - INFO - Analisando página HTML...
2026-03-13 17:48:15,076 - INFO - Tentativa 1 (links com /imovel/): 27 cards
2026-03-13 17:48:15,079 - INFO - ✓ Página 233: 27 imóveis extraídos
2026-03-13 17:48:15,154 - INFO - Driver fechado
2026-03-13 17:48:15,156 - INFO - ✓ Página 233 salva em data/raw/por_pagina/sao-paulo_sp_pagina233.csv
2026-03-13 17:48:15,156 - INFO - Aguardando 6.5s antes da próxima página...
2026-03-13 17:48:21,616 - INFO - ============================================================
2026-03-13 17:48:21,616 - INFO - PÁGINA 234
2026-03-13 17:48:21,616 - INFO - ============================================================
2026-03-13 17:48:21,616 - INFO - ====== WebDriver manager ======
2026-03-13 17:48:21,675 - INFO - Get LATEST chromedriver version for google-chrome
2026-03-13 17:48:21,746 - INFO - Get LATEST chromedriver version for google-chrome
2026-03-13 17:48:21,837 - INFO - Driver [/home/felipe/.wdm/drivers/chromedriver/linux64/145.0.7632.117/chromedriver-linux64/chromedriver] found in cache
2026-03-13 17:48:22,648 - INFO - Driver criado com User-Agent: Mozilla/5.0 (Windows NT 10.0; Win64; x64) AppleWeb...
2026-03-13 17:48:22,648 - INFO - Acessando: https://www.zapimoveis.com.br/aluguel/apartamentos/sp+sao-paulo/?tipos=apartamento_residencial%2Cstudio_residencial%2Ckitnet_residencial%2Ccasa_residencial%2Csobrado_residencial%2Ccondominio_residencial%2Ccasa-vila_residencial%2Ccobertura_residencial%2Cflat_residencial%2Cloft_residencial&pagina=234
2026-03-13 17:48:23,846 - INFO - Aguardando 7.0s para carregamento...
2026-03-13 17:48:37,994 - INFO - Analisando página HTML...
2026-03-13 17:48:37,995 - INFO - Tentativa 1 (links com /imovel/): 26 cards
2026-03-13 17:48:37,998 - INFO - ✓ Página 234: 26 imóveis extraídos
2026-03-13 17:48:38,074 - INFO - Driver fechado
2026-03-13 17:48:38,076 - INFO - ✓ Página 234 salva em data/raw/por_pagina/sao-paulo_sp_pagina234.csv
2026-03-13 17:48:38,076 - INFO - Aguardando 8.4s antes da próxima página...
2026-03-13 17:48:46,446 - INFO - ============================================================
2026-03-13 17:48:46,447 - INFO - PÁGINA 235
2026-03-13 17:48:46,447 - INFO - ============================================================
2026-03-13 17:48:46,447 - INFO - ====== WebDriver manager ======
2026-03-13 17:48:46,505 - INFO - Get LATEST chromedriver version for google-chrome
2026-03-13 17:48:46,571 - INFO - Get LATEST chromedriver version for google-chrome
2026-03-13 17:48:46,666 - INFO - Driver [/home/felipe/.wdm/drivers/chromedriver/linux64/145.0.7632.117/chromedriver-linux64/chromedriver] found in cache
2026-03-13 17:48:47,527 - INFO - Driver criado com User-Agent: Mozilla/5.0 (Windows NT 10.0; Win64; x64; rv:121.0...
2026-03-13 17:48:47,527 - INFO - Acessando: https://www.zapimoveis.com.br/aluguel/apartamentos/sp+sao-paulo/?tipos=apartamento_residencial%2Cstudio_residencial%2Ckitnet_residencial%2Ccasa_residencial%2Csobrado_residencial%2Ccondominio_residencial%2Ccasa-vila_residencial%2Ccobertura_residencial%2Cflat_residencial%2Cloft_residencial&pagina=235
2026-03-13 17:48:48,713 - INFO - Aguardando 7.1s para carregamento...
2026-03-13 17:49:03,429 - INFO - Analisando página HTML...
2026-03-13 17:49:03,430 - INFO - Tentativa 1 (links com /imovel/): 22 cards
2026-03-13 17:49:03,432 - INFO - ✓ Página 235: 22 imóveis extraídos
2026-03-13 17:49:03,509 - INFO - Driver fechado
2026-03-13 17:49:03,511 - INFO - ✓ Página 235 salva em data/raw/por_pagina/sao-paulo_sp_pagina235.csv
2026-03-13 17:49:03,511 - INFO - Aguardando 8.8s antes da próxima página...
2026-03-13 17:49:12,273 - INFO - ============================================================
2026-03-13 17:49:12,273 - INFO - PÁGINA 236
2026-03-13 17:49:12,273 - INFO - ============================================================
2026-03-13 17:49:12,273 - INFO - ====== WebDriver manager ======
2026-03-13 17:49:12,330 - INFO - Get LATEST chromedriver version for google-chrome
2026-03-13 17:49:12,408 - INFO - Get LATEST chromedriver version for google-chrome
2026-03-13 17:49:12,480 - INFO - Driver [/home/felipe/.wdm/drivers/chromedriver/linux64/145.0.7632.117/chromedriver-linux64/chromedriver] found in cache
2026-03-13 17:49:13,291 - INFO - Driver criado com User-Agent: Mozilla/5.0 (Windows NT 10.0; Win64; x64; rv:121.0...
2026-03-13 17:49:13,291 - INFO - Acessando: https://www.zapimoveis.com.br/aluguel/apartamentos/sp+sao-paulo/?tipos=apartamento_residencial%2Cstudio_residencial%2Ckitnet_residencial%2Ccasa_residencial%2Csobrado_residencial%2Ccondominio_residencial%2Ccasa-vila_residencial%2Ccobertura_residencial%2Cflat_residencial%2Cloft_residencial&pagina=236
2026-03-13 17:49:14,574 - INFO - Aguardando 6.5s para carregamento...
2026-03-13 17:49:28,898 - INFO - Analisando página HTML...
2026-03-13 17:49:28,899 - INFO - Tentativa 1 (links com /imovel/): 18 cards
2026-03-13 17:49:28,901 - INFO - ✓ Página 236: 18 imóveis extraídos
2026-03-13 17:49:28,979 - INFO - Driver fechado
2026-03-13 17:49:28,981 - INFO - ✓ Página 236 salva em data/raw/por_pagina/sao-paulo_sp_pagina236.csv
2026-03-13 17:49:28,981 - INFO - Aguardando 7.9s antes da próxima página...
2026-03-13 17:49:36,883 - INFO - ============================================================
2026-03-13 17:49:36,883 - INFO - PÁGINA 237
2026-03-13 17:49:36,883 - INFO - ============================================================
2026-03-13 17:49:36,883 - INFO - ====== WebDriver manager ======
2026-03-13 17:49:36,942 - INFO - Get LATEST chromedriver version for google-chrome
2026-03-13 17:49:37,030 - INFO - Get LATEST chromedriver version for google-chrome
2026-03-13 17:49:37,127 - INFO - Driver [/home/felipe/.wdm/drivers/chromedriver/linux64/145.0.7632.117/chromedriver-linux64/chromedriver] found in cache
2026-03-13 17:49:37,938 - INFO - Driver criado com User-Agent: Mozilla/5.0 (X11; Linux x86_64) AppleWebKit/537.36...
2026-03-13 17:49:37,938 - INFO - Acessando: https://www.zapimoveis.com.br/aluguel/apartamentos/sp+sao-paulo/?tipos=apartamento_residencial%2Cstudio_residencial%2Ckitnet_residencial%2Ccasa_residencial%2Csobrado_residencial%2Ccondominio_residencial%2Ccasa-vila_residencial%2Ccobertura_residencial%2Cflat_residencial%2Cloft_residencial&pagina=237
2026-03-13 17:49:39,292 - INFO - Aguardando 5.9s para carregamento...
2026-03-13 17:49:52,242 - INFO - Analisando página HTML...
2026-03-13 17:49:52,243 - INFO - Tentativa 1 (links com /imovel/): 19 cards
2026-03-13 17:49:52,245 - INFO - ✓ Página 237: 19 imóveis extraídos
2026-03-13 17:49:52,316 - INFO - Driver fechado
2026-03-13 17:49:52,318 - INFO - ✓ Página 237 salva em data/raw/por_pagina/sao-paulo_sp_pagina237.csv
2026-03-13 17:49:52,318 - INFO - Aguardando 5.3s antes da próxima página...
2026-03-13 17:49:57,576 - INFO - ============================================================
2026-03-13 17:49:57,576 - INFO - PÁGINA 238
2026-03-13 17:49:57,576 - INFO - ============================================================
2026-03-13 17:49:57,576 - INFO - ====== WebDriver manager ======
2026-03-13 17:49:57,637 - INFO - Get LATEST chromedriver version for google-chrome
2026-03-13 17:49:57,730 - INFO - Get LATEST chromedriver version for google-chrome
2026-03-13 17:49:57,818 - INFO - Driver [/home/felipe/.wdm/drivers/chromedriver/linux64/145.0.7632.117/chromedriver-linux64/chromedriver] found in cache
2026-03-13 17:49:58,627 - INFO - Driver criado com User-Agent: Mozilla/5.0 (X11; Linux x86_64) AppleWebKit/537.36...
2026-03-13 17:49:58,627 - INFO - Acessando: https://www.zapimoveis.com.br/aluguel/apartamentos/sp+sao-paulo/?tipos=apartamento_residencial%2Cstudio_residencial%2Ckitnet_residencial%2Ccasa_residencial%2Csobrado_residencial%2Ccondominio_residencial%2Ccasa-vila_residencial%2Ccobertura_residencial%2Cflat_residencial%2Cloft_residencial&pagina=238
2026-03-13 17:49:59,721 - INFO - Aguardando 5.2s para carregamento...
2026-03-13 17:50:13,269 - INFO - Analisando página HTML...
2026-03-13 17:50:13,271 - INFO - Tentativa 1 (links com /imovel/): 25 cards
2026-03-13 17:50:13,273 - INFO - ✓ Página 238: 25 imóveis extraídos
2026-03-13 17:50:13,346 - INFO - Driver fechado
2026-03-13 17:50:13,348 - INFO - ✓ Página 238 salva em data/raw/por_pagina/sao-paulo_sp_pagina238.csv
2026-03-13 17:50:13,348 - INFO - Aguardando 8.1s antes da próxima página...
2026-03-13 17:50:21,429 - INFO - ============================================================
2026-03-13 17:50:21,429 - INFO - PÁGINA 239
2026-03-13 17:50:21,429 - INFO - ============================================================
2026-03-13 17:50:21,429 - INFO - ====== WebDriver manager ======
2026-03-13 17:50:21,488 - INFO - Get LATEST chromedriver version for google-chrome
2026-03-13 17:50:21,569 - INFO - Get LATEST chromedriver version for google-chrome
2026-03-13 17:50:21,652 - INFO - Driver [/home/felipe/.wdm/drivers/chromedriver/linux64/145.0.7632.117/chromedriver-linux64/chromedriver] found in cache
2026-03-13 17:50:22,472 - INFO - Driver criado com User-Agent: Mozilla/5.0 (Windows NT 10.0; Win64; x64) AppleWeb...
2026-03-13 17:50:22,473 - INFO - Acessando: https://www.zapimoveis.com.br/aluguel/apartamentos/sp+sao-paulo/?tipos=apartamento_residencial%2Cstudio_residencial%2Ckitnet_residencial%2Ccasa_residencial%2Csobrado_residencial%2Ccondominio_residencial%2Ccasa-vila_residencial%2Ccobertura_residencial%2Cflat_residencial%2Cloft_residencial&pagina=239
2026-03-13 17:50:23,638 - INFO - Aguardando 5.8s para carregamento...
2026-03-13 17:50:38,603 - INFO - Analisando página HTML...
2026-03-13 17:50:38,605 - INFO - Tentativa 1 (links com /imovel/): 23 cards
2026-03-13 17:50:38,607 - INFO - ✓ Página 239: 23 imóveis extraídos
2026-03-13 17:50:38,684 - INFO - Driver fechado
2026-03-13 17:50:38,687 - INFO - ✓ Página 239 salva em data/raw/por_pagina/sao-paulo_sp_pagina239.csv
2026-03-13 17:50:38,687 - INFO - Aguardando 5.7s antes da próxima página...
2026-03-13 17:50:44,352 - INFO - ============================================================
2026-03-13 17:50:44,352 - INFO - PÁGINA 240
2026-03-13 17:50:44,352 - INFO - ============================================================
2026-03-13 17:50:44,353 - INFO - ====== WebDriver manager ======
2026-03-13 17:50:44,412 - INFO - Get LATEST chromedriver version for google-chrome
2026-03-13 17:50:44,482 - INFO - Get LATEST chromedriver version for google-chrome
2026-03-13 17:50:44,563 - INFO - Driver [/home/felipe/.wdm/drivers/chromedriver/linux64/145.0.7632.117/chromedriver-linux64/chromedriver] found in cache
2026-03-13 17:50:45,369 - INFO - Driver criado com User-Agent: Mozilla/5.0 (Windows NT 10.0; Win64; x64) AppleWeb...
2026-03-13 17:50:45,369 - INFO - Acessando: https://www.zapimoveis.com.br/aluguel/apartamentos/sp+sao-paulo/?tipos=apartamento_residencial%2Cstudio_residencial%2Ckitnet_residencial%2Ccasa_residencial%2Csobrado_residencial%2Ccondominio_residencial%2Ccasa-vila_residencial%2Ccobertura_residencial%2Cflat_residencial%2Cloft_residencial&pagina=240
2026-03-13 17:50:46,646 - INFO - Aguardando 6.7s para carregamento...
2026-03-13 17:51:01,887 - INFO - Analisando página HTML...
2026-03-13 17:51:01,888 - INFO - Tentativa 1 (links com /imovel/): 25 cards
2026-03-13 17:51:01,890 - INFO - ✓ Página 240: 25 imóveis extraídos
2026-03-13 17:51:01,968 - INFO - Driver fechado
2026-03-13 17:51:01,972 - INFO - ✓ Página 240 salva em data/raw/por_pagina/sao-paulo_sp_pagina240.csv
2026-03-13 17:51:01,972 - INFO - Aguardando 5.6s antes da próxima página...
2026-03-13 17:51:07,571 - INFO - ============================================================
2026-03-13 17:51:07,572 - INFO - PÁGINA 241
2026-03-13 17:51:07,572 - INFO - ============================================================
2026-03-13 17:51:07,572 - INFO - ====== WebDriver manager ======
2026-03-13 17:51:07,631 - INFO - Get LATEST chromedriver version for google-chrome
2026-03-13 17:51:07,710 - INFO - Get LATEST chromedriver version for google-chrome
2026-03-13 17:51:07,795 - INFO - Driver [/home/felipe/.wdm/drivers/chromedriver/linux64/145.0.7632.117/chromedriver-linux64/chromedriver] found in cache
2026-03-13 17:51:08,608 - INFO - Driver criado com User-Agent: Mozilla/5.0 (Macintosh; Intel Mac OS X 10_15_7) Ap...
2026-03-13 17:51:08,608 - INFO - Acessando: https://www.zapimoveis.com.br/aluguel/apartamentos/sp+sao-paulo/?tipos=apartamento_residencial%2Cstudio_residencial%2Ckitnet_residencial%2Ccasa_residencial%2Csobrado_residencial%2Ccondominio_residencial%2Ccasa-vila_residencial%2Ccobertura_residencial%2Cflat_residencial%2Cloft_residencial&pagina=241
2026-03-13 17:51:09,938 - INFO - Aguardando 6.1s para carregamento...
2026-03-13 17:51:24,554 - INFO - Analisando página HTML...
2026-03-13 17:51:24,555 - INFO - Tentativa 1 (links com /imovel/): 24 cards
2026-03-13 17:51:24,557 - INFO - ✓ Página 241: 24 imóveis extraídos
2026-03-13 17:51:24,635 - INFO - Driver fechado
2026-03-13 17:51:24,637 - INFO - ✓ Página 241 salva em data/raw/por_pagina/sao-paulo_sp_pagina241.csv
2026-03-13 17:51:24,637 - INFO - Aguardando 6.4s antes da próxima página...
2026-03-13 17:51:31,031 - INFO - ============================================================
2026-03-13 17:51:31,031 - INFO - PÁGINA 242
2026-03-13 17:51:31,032 - INFO - ============================================================
2026-03-13 17:51:31,032 - INFO - ====== WebDriver manager ======
2026-03-13 17:51:31,088 - INFO - Get LATEST chromedriver version for google-chrome
2026-03-13 17:51:31,159 - INFO - Get LATEST chromedriver version for google-chrome
2026-03-13 17:51:31,241 - INFO - Driver [/home/felipe/.wdm/drivers/chromedriver/linux64/145.0.7632.117/chromedriver-linux64/chromedriver] found in cache
2026-03-13 17:51:32,044 - INFO - Driver criado com User-Agent: Mozilla/5.0 (X11; Linux x86_64) AppleWebKit/537.36...
2026-03-13 17:51:32,044 - INFO - Acessando: https://www.zapimoveis.com.br/aluguel/apartamentos/sp+sao-paulo/?tipos=apartamento_residencial%2Cstudio_residencial%2Ckitnet_residencial%2Ccasa_residencial%2Csobrado_residencial%2Ccondominio_residencial%2Ccasa-vila_residencial%2Ccobertura_residencial%2Cflat_residencial%2Cloft_residencial&pagina=242
2026-03-13 17:51:33,253 - INFO - Aguardando 5.8s para carregamento...
2026-03-13 17:51:46,222 - INFO - Analisando página HTML...
2026-03-13 17:51:46,223 - INFO - Tentativa 1 (links com /imovel/): 23 cards
2026-03-13 17:51:46,225 - INFO - ✓ Página 242: 23 imóveis extraídos
2026-03-13 17:51:46,298 - INFO - Driver fechado
2026-03-13 17:51:46,300 - INFO - ✓ Página 242 salva em data/raw/por_pagina/sao-paulo_sp_pagina242.csv
2026-03-13 17:51:46,300 - INFO - Aguardando 6.8s antes da próxima página...
2026-03-13 17:51:53,095 - INFO - ============================================================
2026-03-13 17:51:53,095 - INFO - PÁGINA 243
2026-03-13 17:51:53,095 - INFO - ============================================================
2026-03-13 17:51:53,095 - INFO - ====== WebDriver manager ======
2026-03-13 17:51:53,154 - INFO - Get LATEST chromedriver version for google-chrome
2026-03-13 17:51:53,247 - INFO - Get LATEST chromedriver version for google-chrome
2026-03-13 17:51:53,339 - INFO - Driver [/home/felipe/.wdm/drivers/chromedriver/linux64/145.0.7632.117/chromedriver-linux64/chromedriver] found in cache
2026-03-13 17:51:54,166 - INFO - Driver criado com User-Agent: Mozilla/5.0 (X11; Linux x86_64) AppleWebKit/537.36...
2026-03-13 17:51:54,166 - INFO - Acessando: https://www.zapimoveis.com.br/aluguel/apartamentos/sp+sao-paulo/?tipos=apartamento_residencial%2Cstudio_residencial%2Ckitnet_residencial%2Ccasa_residencial%2Csobrado_residencial%2Ccondominio_residencial%2Ccasa-vila_residencial%2Ccobertura_residencial%2Cflat_residencial%2Cloft_residencial&pagina=243
2026-03-13 17:51:55,268 - INFO - Aguardando 7.6s para carregamento...
2026-03-13 17:52:10,617 - INFO - Analisando página HTML...
2026-03-13 17:52:10,619 - INFO - Tentativa 1 (links com /imovel/): 28 cards
2026-03-13 17:52:10,621 - INFO - ✓ Página 243: 28 imóveis extraídos
2026-03-13 17:52:10,699 - INFO - Driver fechado
2026-03-13 17:52:10,703 - INFO - ✓ Página 243 salva em data/raw/por_pagina/sao-paulo_sp_pagina243.csv
2026-03-13 17:52:10,703 - INFO - Aguardando 9.0s antes da próxima página...
2026-03-13 17:52:19,655 - INFO - ============================================================
2026-03-13 17:52:19,655 - INFO - PÁGINA 244
2026-03-13 17:52:19,655 - INFO - ============================================================
2026-03-13 17:52:19,655 - INFO - ====== WebDriver manager ======
2026-03-13 17:52:19,714 - INFO - Get LATEST chromedriver version for google-chrome
2026-03-13 17:52:19,806 - INFO - Get LATEST chromedriver version for google-chrome
2026-03-13 17:52:19,874 - INFO - Driver [/home/felipe/.wdm/drivers/chromedriver/linux64/145.0.7632.117/chromedriver-linux64/chromedriver] found in cache
2026-03-13 17:52:20,684 - INFO - Driver criado com User-Agent: Mozilla/5.0 (Windows NT 10.0; Win64; x64) AppleWeb...
2026-03-13 17:52:20,684 - INFO - Acessando: https://www.zapimoveis.com.br/aluguel/apartamentos/sp+sao-paulo/?tipos=apartamento_residencial%2Cstudio_residencial%2Ckitnet_residencial%2Ccasa_residencial%2Csobrado_residencial%2Ccondominio_residencial%2Ccasa-vila_residencial%2Ccobertura_residencial%2Cflat_residencial%2Cloft_residencial&pagina=244
2026-03-13 17:52:21,965 - INFO - Aguardando 6.5s para carregamento...
2026-03-13 17:52:38,039 - INFO - Analisando página HTML...
2026-03-13 17:52:38,041 - INFO - Tentativa 1 (links com /imovel/): 24 cards
2026-03-13 17:52:38,043 - INFO - ✓ Página 244: 24 imóveis extraídos
2026-03-13 17:52:38,121 - INFO - Driver fechado
2026-03-13 17:52:38,123 - INFO - ✓ Página 244 salva em data/raw/por_pagina/sao-paulo_sp_pagina244.csv
2026-03-13 17:52:38,123 - INFO - Aguardando 5.8s antes da próxima página...
2026-03-13 17:52:43,915 - INFO - ============================================================
2026-03-13 17:52:43,915 - INFO - PÁGINA 245
2026-03-13 17:52:43,915 - INFO - ============================================================
2026-03-13 17:52:43,915 - INFO - ====== WebDriver manager ======
2026-03-13 17:52:43,975 - INFO - Get LATEST chromedriver version for google-chrome
2026-03-13 17:52:44,084 - INFO - Get LATEST chromedriver version for google-chrome
2026-03-13 17:52:44,177 - INFO - Driver [/home/felipe/.wdm/drivers/chromedriver/linux64/145.0.7632.117/chromedriver-linux64/chromedriver] found in cache
2026-03-13 17:52:44,997 - INFO - Driver criado com User-Agent: Mozilla/5.0 (Windows NT 10.0; Win64; x64) AppleWeb...
2026-03-13 17:52:44,997 - INFO - Acessando: https://www.zapimoveis.com.br/aluguel/apartamentos/sp+sao-paulo/?tipos=apartamento_residencial%2Cstudio_residencial%2Ckitnet_residencial%2Ccasa_residencial%2Csobrado_residencial%2Ccondominio_residencial%2Ccasa-vila_residencial%2Ccobertura_residencial%2Cflat_residencial%2Cloft_residencial&pagina=245
2026-03-13 17:52:46,384 - INFO - Aguardando 6.7s para carregamento...
2026-03-13 17:53:01,460 - INFO - Analisando página HTML...
2026-03-13 17:53:01,461 - INFO - Tentativa 1 (links com /imovel/): 22 cards
2026-03-13 17:53:01,463 - INFO - ✓ Página 245: 22 imóveis extraídos
2026-03-13 17:53:01,537 - INFO - Driver fechado
2026-03-13 17:53:01,540 - INFO - ✓ Página 245 salva em data/raw/por_pagina/sao-paulo_sp_pagina245.csv
2026-03-13 17:53:01,540 - INFO - Aguardando 7.8s antes da próxima página...
2026-03-13 17:53:09,375 - INFO - ============================================================
2026-03-13 17:53:09,376 - INFO - PÁGINA 246
2026-03-13 17:53:09,376 - INFO - ============================================================
2026-03-13 17:53:09,376 - INFO - ====== WebDriver manager ======
2026-03-13 17:53:09,435 - INFO - Get LATEST chromedriver version for google-chrome
2026-03-13 17:53:09,550 - INFO - Get LATEST chromedriver version for google-chrome
2026-03-13 17:53:09,618 - INFO - Driver [/home/felipe/.wdm/drivers/chromedriver/linux64/145.0.7632.117/chromedriver-linux64/chromedriver] found in cache
2026-03-13 17:53:10,440 - INFO - Driver criado com User-Agent: Mozilla/5.0 (Windows NT 10.0; Win64; x64) AppleWeb...
2026-03-13 17:53:10,440 - INFO - Acessando: https://www.zapimoveis.com.br/aluguel/apartamentos/sp+sao-paulo/?tipos=apartamento_residencial%2Cstudio_residencial%2Ckitnet_residencial%2Ccasa_residencial%2Csobrado_residencial%2Ccondominio_residencial%2Ccasa-vila_residencial%2Ccobertura_residencial%2Cflat_residencial%2Cloft_residencial&pagina=246
2026-03-13 17:53:11,663 - INFO - Aguardando 7.5s para carregamento...
2026-03-13 17:53:26,998 - INFO - Analisando página HTML...
2026-03-13 17:53:26,999 - INFO - Tentativa 1 (links com /imovel/): 23 cards
2026-03-13 17:53:27,001 - INFO - ✓ Página 246: 23 imóveis extraídos
2026-03-13 17:53:27,075 - INFO - Driver fechado
2026-03-13 17:53:27,076 - INFO - ✓ Página 246 salva em data/raw/por_pagina/sao-paulo_sp_pagina246.csv
2026-03-13 17:53:27,076 - INFO - Aguardando 9.8s antes da próxima página...
2026-03-13 17:53:36,924 - INFO - ============================================================
2026-03-13 17:53:36,924 - INFO - PÁGINA 247
2026-03-13 17:53:36,924 - INFO - ============================================================
2026-03-13 17:53:36,924 - INFO - ====== WebDriver manager ======
2026-03-13 17:53:36,980 - INFO - Get LATEST chromedriver version for google-chrome
2026-03-13 17:53:37,164 - INFO - Get LATEST chromedriver version for google-chrome
2026-03-13 17:53:37,241 - INFO - Driver [/home/felipe/.wdm/drivers/chromedriver/linux64/145.0.7632.117/chromedriver-linux64/chromedriver] found in cache
2026-03-13 17:53:38,051 - INFO - Driver criado com User-Agent: Mozilla/5.0 (Windows NT 10.0; Win64; x64) AppleWeb...
2026-03-13 17:53:38,052 - INFO - Acessando: https://www.zapimoveis.com.br/aluguel/apartamentos/sp+sao-paulo/?tipos=apartamento_residencial%2Cstudio_residencial%2Ckitnet_residencial%2Ccasa_residencial%2Csobrado_residencial%2Ccondominio_residencial%2Ccasa-vila_residencial%2Ccobertura_residencial%2Cflat_residencial%2Cloft_residencial&pagina=247
2026-03-13 17:53:39,252 - INFO - Aguardando 5.4s para carregamento...
2026-03-13 17:53:52,002 - INFO - Analisando página HTML...
2026-03-13 17:53:52,004 - INFO - Tentativa 1 (links com /imovel/): 24 cards
2026-03-13 17:53:52,006 - INFO - ✓ Página 247: 24 imóveis extraídos
2026-03-13 17:53:52,075 - INFO - Driver fechado
2026-03-13 17:53:52,077 - INFO - ✓ Página 247 salva em data/raw/por_pagina/sao-paulo_sp_pagina247.csv
2026-03-13 17:53:52,077 - INFO - Aguardando 7.3s antes da próxima página...
2026-03-13 17:53:59,381 - INFO - ============================================================
2026-03-13 17:53:59,382 - INFO - PÁGINA 248
2026-03-13 17:53:59,382 - INFO - ============================================================
2026-03-13 17:53:59,382 - INFO - ====== WebDriver manager ======
2026-03-13 17:53:59,440 - INFO - Get LATEST chromedriver version for google-chrome
2026-03-13 17:53:59,522 - INFO - Get LATEST chromedriver version for google-chrome
2026-03-13 17:53:59,606 - INFO - Driver [/home/felipe/.wdm/drivers/chromedriver/linux64/145.0.7632.117/chromedriver-linux64/chromedriver] found in cache
2026-03-13 17:54:00,414 - INFO - Driver criado com User-Agent: Mozilla/5.0 (Macintosh; Intel Mac OS X 10_15_7) Ap...
2026-03-13 17:54:00,414 - INFO - Acessando: https://www.zapimoveis.com.br/aluguel/apartamentos/sp+sao-paulo/?tipos=apartamento_residencial%2Cstudio_residencial%2Ckitnet_residencial%2Ccasa_residencial%2Csobrado_residencial%2Ccondominio_residencial%2Ccasa-vila_residencial%2Ccobertura_residencial%2Cflat_residencial%2Cloft_residencial&pagina=248
2026-03-13 17:54:05,957 - INFO - Aguardando 7.6s para carregamento...
2026-03-13 17:54:20,972 - INFO - Analisando página HTML...
2026-03-13 17:54:20,974 - INFO - Tentativa 1 (links com /imovel/): 25 cards
2026-03-13 17:54:20,976 - INFO - ✓ Página 248: 25 imóveis extraídos
2026-03-13 17:54:21,055 - INFO - Driver fechado
2026-03-13 17:54:21,056 - INFO - ✓ Página 248 salva em data/raw/por_pagina/sao-paulo_sp_pagina248.csv
2026-03-13 17:54:21,056 - INFO - Aguardando 9.4s antes da próxima página...
2026-03-13 17:54:30,484 - INFO - ============================================================
2026-03-13 17:54:30,484 - INFO - PÁGINA 249
2026-03-13 17:54:30,484 - INFO - ============================================================
2026-03-13 17:54:30,484 - INFO - ====== WebDriver manager ======
2026-03-13 17:54:30,541 - INFO - Get LATEST chromedriver version for google-chrome
2026-03-13 17:54:30,626 - INFO - Get LATEST chromedriver version for google-chrome
2026-03-13 17:54:30,710 - INFO - Driver [/home/felipe/.wdm/drivers/chromedriver/linux64/145.0.7632.117/chromedriver-linux64/chromedriver] found in cache
2026-03-13 17:54:31,518 - INFO - Driver criado com User-Agent: Mozilla/5.0 (Windows NT 10.0; Win64; x64) AppleWeb...
2026-03-13 17:54:31,519 - INFO - Acessando: https://www.zapimoveis.com.br/aluguel/apartamentos/sp+sao-paulo/?tipos=apartamento_residencial%2Cstudio_residencial%2Ckitnet_residencial%2Ccasa_residencial%2Csobrado_residencial%2Ccondominio_residencial%2Ccasa-vila_residencial%2Ccobertura_residencial%2Cflat_residencial%2Cloft_residencial&pagina=249
2026-03-13 17:54:33,128 - INFO - Aguardando 7.2s para carregamento...
2026-03-13 17:54:47,869 - INFO - Analisando página HTML...
2026-03-13 17:54:47,870 - INFO - Tentativa 1 (links com /imovel/): 21 cards
2026-03-13 17:54:47,872 - INFO - ✓ Página 249: 21 imóveis extraídos
2026-03-13 17:54:47,950 - INFO - Driver fechado
2026-03-13 17:54:47,952 - INFO - ✓ Página 249 salva em data/raw/por_pagina/sao-paulo_sp_pagina249.csv
2026-03-13 17:54:47,952 - INFO - Aguardando 8.3s antes da próxima página...
2026-03-13 17:54:56,226 - INFO - ============================================================
2026-03-13 17:54:56,226 - INFO - PÁGINA 250
2026-03-13 17:54:56,226 - INFO - ============================================================
2026-03-13 17:54:56,226 - INFO - ====== WebDriver manager ======
2026-03-13 17:54:56,286 - INFO - Get LATEST chromedriver version for google-chrome
2026-03-13 17:54:56,366 - INFO - Get LATEST chromedriver version for google-chrome
2026-03-13 17:54:56,458 - INFO - Driver [/home/felipe/.wdm/drivers/chromedriver/linux64/145.0.7632.117/chromedriver-linux64/chromedriver] found in cache
2026-03-13 17:54:57,277 - INFO - Driver criado com User-Agent: Mozilla/5.0 (Windows NT 10.0; Win64; x64) AppleWeb...
2026-03-13 17:54:57,277 - INFO - Acessando: https://www.zapimoveis.com.br/aluguel/apartamentos/sp+sao-paulo/?tipos=apartamento_residencial%2Cstudio_residencial%2Ckitnet_residencial%2Ccasa_residencial%2Csobrado_residencial%2Ccondominio_residencial%2Ccasa-vila_residencial%2Ccobertura_residencial%2Cflat_residencial%2Cloft_residencial&pagina=250
2026-03-13 17:54:58,628 - INFO - Aguardando 6.7s para carregamento...
2026-03-13 17:55:13,540 - INFO - Analisando página HTML...
2026-03-13 17:55:13,541 - INFO - Tentativa 1 (links com /imovel/): 24 cards
2026-03-13 17:55:13,543 - INFO - ✓ Página 250: 24 imóveis extraídos
2026-03-13 17:55:13,622 - INFO - Driver fechado
2026-03-13 17:55:13,625 - INFO - ✓ Página 250 salva em data/raw/por_pagina/sao-paulo_sp_pagina250.csv
2026-03-13 17:55:13,625 - INFO - Aguardando 8.3s antes da próxima página...
2026-03-13 17:55:21,975 - INFO - ============================================================
2026-03-13 17:55:21,975 - INFO - PÁGINA 251
2026-03-13 17:55:21,975 - INFO - ============================================================
2026-03-13 17:55:21,975 - INFO - ====== WebDriver manager ======
2026-03-13 17:55:22,033 - INFO - Get LATEST chromedriver version for google-chrome
2026-03-13 17:55:22,107 - INFO - Get LATEST chromedriver version for google-chrome
2026-03-13 17:55:22,196 - INFO - Driver [/home/felipe/.wdm/drivers/chromedriver/linux64/145.0.7632.117/chromedriver-linux64/chromedriver] found in cache
2026-03-13 17:55:23,004 - INFO - Driver criado com User-Agent: Mozilla/5.0 (Macintosh; Intel Mac OS X 10_15_7) Ap...
2026-03-13 17:55:23,004 - INFO - Acessando: https://www.zapimoveis.com.br/aluguel/apartamentos/sp+sao-paulo/?tipos=apartamento_residencial%2Cstudio_residencial%2Ckitnet_residencial%2Ccasa_residencial%2Csobrado_residencial%2Ccondominio_residencial%2Ccasa-vila_residencial%2Ccobertura_residencial%2Cflat_residencial%2Cloft_residencial&pagina=251
2026-03-13 17:55:25,297 - INFO - Aguardando 6.7s para carregamento...
2026-03-13 17:55:39,573 - INFO - Analisando página HTML...
2026-03-13 17:55:39,574 - INFO - Tentativa 1 (links com /imovel/): 25 cards
2026-03-13 17:55:39,577 - INFO - ✓ Página 251: 25 imóveis extraídos
2026-03-13 17:55:39,653 - INFO - Driver fechado
2026-03-13 17:55:39,655 - INFO - ✓ Página 251 salva em data/raw/por_pagina/sao-paulo_sp_pagina251.csv
2026-03-13 17:55:39,655 - INFO - Aguardando 9.3s antes da próxima página...
2026-03-13 17:55:48,920 - INFO - ============================================================
2026-03-13 17:55:48,920 - INFO - PÁGINA 252
2026-03-13 17:55:48,921 - INFO - ============================================================
2026-03-13 17:55:48,921 - INFO - ====== WebDriver manager ======
2026-03-13 17:55:48,977 - INFO - Get LATEST chromedriver version for google-chrome
2026-03-13 17:55:49,071 - INFO - Get LATEST chromedriver version for google-chrome
2026-03-13 17:55:49,151 - INFO - Driver [/home/felipe/.wdm/drivers/chromedriver/linux64/145.0.7632.117/chromedriver-linux64/chromedriver] found in cache
2026-03-13 17:55:49,963 - INFO - Driver criado com User-Agent: Mozilla/5.0 (Windows NT 10.0; Win64; x64) AppleWeb...
2026-03-13 17:55:49,964 - INFO - Acessando: https://www.zapimoveis.com.br/aluguel/apartamentos/sp+sao-paulo/?tipos=apartamento_residencial%2Cstudio_residencial%2Ckitnet_residencial%2Ccasa_residencial%2Csobrado_residencial%2Ccondominio_residencial%2Ccasa-vila_residencial%2Ccobertura_residencial%2Cflat_residencial%2Cloft_residencial&pagina=252
2026-03-13 17:55:51,303 - INFO - Aguardando 5.7s para carregamento...
2026-03-13 17:56:05,537 - INFO - Analisando página HTML...
2026-03-13 17:56:05,538 - INFO - Tentativa 1 (links com /imovel/): 22 cards
2026-03-13 17:56:05,540 - INFO - ✓ Página 252: 22 imóveis extraídos
2026-03-13 17:56:05,616 - INFO - Driver fechado
2026-03-13 17:56:05,618 - INFO - ✓ Página 252 salva em data/raw/por_pagina/sao-paulo_sp_pagina252.csv
2026-03-13 17:56:05,618 - INFO - Aguardando 8.7s antes da próxima página...
2026-03-13 17:56:14,362 - INFO - ============================================================
2026-03-13 17:56:14,362 - INFO - PÁGINA 253
2026-03-13 17:56:14,362 - INFO - ============================================================
2026-03-13 17:56:14,362 - INFO - ====== WebDriver manager ======
2026-03-13 17:56:14,419 - INFO - Get LATEST chromedriver version for google-chrome
2026-03-13 17:56:14,499 - INFO - Get LATEST chromedriver version for google-chrome
2026-03-13 17:56:14,593 - INFO - Driver [/home/felipe/.wdm/drivers/chromedriver/linux64/145.0.7632.117/chromedriver-linux64/chromedriver] found in cache
2026-03-13 17:56:15,404 - INFO - Driver criado com User-Agent: Mozilla/5.0 (Windows NT 10.0; Win64; x64) AppleWeb...
2026-03-13 17:56:15,404 - INFO - Acessando: https://www.zapimoveis.com.br/aluguel/apartamentos/sp+sao-paulo/?tipos=apartamento_residencial%2Cstudio_residencial%2Ckitnet_residencial%2Ccasa_residencial%2Csobrado_residencial%2Ccondominio_residencial%2Ccasa-vila_residencial%2Ccobertura_residencial%2Cflat_residencial%2Cloft_residencial&pagina=253
2026-03-13 17:56:16,803 - INFO - Aguardando 7.5s para carregamento...
2026-03-13 17:56:32,243 - INFO - Analisando página HTML...
2026-03-13 17:56:32,244 - INFO - Tentativa 1 (links com /imovel/): 23 cards
2026-03-13 17:56:32,247 - INFO - ✓ Página 253: 23 imóveis extraídos
2026-03-13 17:56:32,325 - INFO - Driver fechado
2026-03-13 17:56:32,326 - INFO - ✓ Página 253 salva em data/raw/por_pagina/sao-paulo_sp_pagina253.csv
2026-03-13 17:56:32,326 - INFO - Aguardando 7.9s antes da próxima página...
2026-03-13 17:56:40,199 - INFO - ============================================================
2026-03-13 17:56:40,199 - INFO - PÁGINA 254
2026-03-13 17:56:40,199 - INFO - ============================================================
2026-03-13 17:56:40,199 - INFO - ====== WebDriver manager ======
2026-03-13 17:56:40,259 - INFO - Get LATEST chromedriver version for google-chrome
2026-03-13 17:56:40,366 - INFO - Get LATEST chromedriver version for google-chrome
2026-03-13 17:56:40,464 - INFO - Driver [/home/felipe/.wdm/drivers/chromedriver/linux64/145.0.7632.117/chromedriver-linux64/chromedriver] found in cache
2026-03-13 17:56:41,280 - INFO - Driver criado com User-Agent: Mozilla/5.0 (Macintosh; Intel Mac OS X 10_15_7) Ap...
2026-03-13 17:56:41,280 - INFO - Acessando: https://www.zapimoveis.com.br/aluguel/apartamentos/sp+sao-paulo/?tipos=apartamento_residencial%2Cstudio_residencial%2Ckitnet_residencial%2Ccasa_residencial%2Csobrado_residencial%2Ccondominio_residencial%2Ccasa-vila_residencial%2Ccobertura_residencial%2Cflat_residencial%2Cloft_residencial&pagina=254
2026-03-13 17:56:42,917 - INFO - Aguardando 7.6s para carregamento...
2026-03-13 17:56:57,289 - INFO - Analisando página HTML...
2026-03-13 17:56:57,290 - INFO - Tentativa 1 (links com /imovel/): 24 cards
2026-03-13 17:56:57,293 - INFO - ✓ Página 254: 24 imóveis extraídos
2026-03-13 17:56:57,365 - INFO - Driver fechado
2026-03-13 17:56:57,367 - INFO - ✓ Página 254 salva em data/raw/por_pagina/sao-paulo_sp_pagina254.csv
2026-03-13 17:56:57,367 - INFO - Aguardando 9.0s antes da próxima página...
2026-03-13 17:57:06,345 - INFO - ============================================================
2026-03-13 17:57:06,345 - INFO - PÁGINA 255
2026-03-13 17:57:06,345 - INFO - ============================================================
2026-03-13 17:57:06,345 - INFO - ====== WebDriver manager ======
2026-03-13 17:57:06,404 - INFO - Get LATEST chromedriver version for google-chrome
2026-03-13 17:57:06,587 - INFO - Get LATEST chromedriver version for google-chrome
2026-03-13 17:57:06,669 - INFO - Driver [/home/felipe/.wdm/drivers/chromedriver/linux64/145.0.7632.117/chromedriver-linux64/chromedriver] found in cache
2026-03-13 17:57:07,501 - INFO - Driver criado com User-Agent: Mozilla/5.0 (Windows NT 10.0; Win64; x64; rv:121.0...
2026-03-13 17:57:07,501 - INFO - Acessando: https://www.zapimoveis.com.br/aluguel/apartamentos/sp+sao-paulo/?tipos=apartamento_residencial%2Cstudio_residencial%2Ckitnet_residencial%2Ccasa_residencial%2Csobrado_residencial%2Ccondominio_residencial%2Ccasa-vila_residencial%2Ccobertura_residencial%2Cflat_residencial%2Cloft_residencial&pagina=255
2026-03-13 17:57:09,628 - INFO - Aguardando 6.0s para carregamento...
2026-03-13 17:57:23,659 - INFO - Analisando página HTML...
2026-03-13 17:57:23,660 - INFO - Tentativa 1 (links com /imovel/): 25 cards
2026-03-13 17:57:23,663 - INFO - ✓ Página 255: 25 imóveis extraídos
2026-03-13 17:57:23,741 - INFO - Driver fechado
2026-03-13 17:57:23,744 - INFO - ✓ Página 255 salva em data/raw/por_pagina/sao-paulo_sp_pagina255.csv
2026-03-13 17:57:23,744 - INFO - Aguardando 5.8s antes da próxima página...
2026-03-13 17:57:29,545 - INFO - ============================================================
2026-03-13 17:57:29,545 - INFO - PÁGINA 256
2026-03-13 17:57:29,545 - INFO - ============================================================
2026-03-13 17:57:29,546 - INFO - ====== WebDriver manager ======
2026-03-13 17:57:29,605 - INFO - Get LATEST chromedriver version for google-chrome
2026-03-13 17:57:29,684 - INFO - Get LATEST chromedriver version for google-chrome
2026-03-13 17:57:29,770 - INFO - Driver [/home/felipe/.wdm/drivers/chromedriver/linux64/145.0.7632.117/chromedriver-linux64/chromedriver] found in cache
2026-03-13 17:57:30,582 - INFO - Driver criado com User-Agent: Mozilla/5.0 (Windows NT 10.0; Win64; x64) AppleWeb...
2026-03-13 17:57:30,583 - INFO - Acessando: https://www.zapimoveis.com.br/aluguel/apartamentos/sp+sao-paulo/?tipos=apartamento_residencial%2Cstudio_residencial%2Ckitnet_residencial%2Ccasa_residencial%2Csobrado_residencial%2Ccondominio_residencial%2Ccasa-vila_residencial%2Ccobertura_residencial%2Cflat_residencial%2Cloft_residencial&pagina=256
2026-03-13 17:57:31,779 - INFO - Aguardando 6.5s para carregamento...
2026-03-13 17:57:45,732 - INFO - Analisando página HTML...
2026-03-13 17:57:45,733 - INFO - Tentativa 1 (links com /imovel/): 21 cards
2026-03-13 17:57:45,736 - INFO - ✓ Página 256: 21 imóveis extraídos
2026-03-13 17:57:45,810 - INFO - Driver fechado
2026-03-13 17:57:45,812 - INFO - ✓ Página 256 salva em data/raw/por_pagina/sao-paulo_sp_pagina256.csv
2026-03-13 17:57:45,812 - INFO - Aguardando 7.9s antes da próxima página...
2026-03-13 17:57:53,716 - INFO - ============================================================
2026-03-13 17:57:53,716 - INFO - PÁGINA 257
2026-03-13 17:57:53,716 - INFO - ============================================================
2026-03-13 17:57:53,717 - INFO - ====== WebDriver manager ======
2026-03-13 17:57:53,775 - INFO - Get LATEST chromedriver version for google-chrome
2026-03-13 17:57:53,866 - INFO - Get LATEST chromedriver version for google-chrome
2026-03-13 17:57:53,945 - INFO - Driver [/home/felipe/.wdm/drivers/chromedriver/linux64/145.0.7632.117/chromedriver-linux64/chromedriver] found in cache
2026-03-13 17:57:54,752 - INFO - Driver criado com User-Agent: Mozilla/5.0 (Windows NT 10.0; Win64; x64; rv:121.0...
2026-03-13 17:57:54,752 - INFO - Acessando: https://www.zapimoveis.com.br/aluguel/apartamentos/sp+sao-paulo/?tipos=apartamento_residencial%2Cstudio_residencial%2Ckitnet_residencial%2Ccasa_residencial%2Csobrado_residencial%2Ccondominio_residencial%2Ccasa-vila_residencial%2Ccobertura_residencial%2Cflat_residencial%2Cloft_residencial&pagina=257
2026-03-13 17:57:55,897 - INFO - Aguardando 6.5s para carregamento...
2026-03-13 17:58:10,016 - INFO - Analisando página HTML...
2026-03-13 17:58:10,017 - INFO - Tentativa 1 (links com /imovel/): 23 cards
2026-03-13 17:58:10,019 - INFO - ✓ Página 257: 23 imóveis extraídos
2026-03-13 17:58:10,094 - INFO - Driver fechado
2026-03-13 17:58:10,096 - INFO - ✓ Página 257 salva em data/raw/por_pagina/sao-paulo_sp_pagina257.csv
2026-03-13 17:58:10,096 - INFO - Aguardando 9.6s antes da próxima página...
2026-03-13 17:58:19,729 - INFO - ============================================================
2026-03-13 17:58:19,730 - INFO - PÁGINA 258
2026-03-13 17:58:19,730 - INFO - ============================================================
2026-03-13 17:58:19,730 - INFO - ====== WebDriver manager ======
2026-03-13 17:58:19,789 - INFO - Get LATEST chromedriver version for google-chrome
2026-03-13 17:58:19,912 - INFO - Get LATEST chromedriver version for google-chrome
2026-03-13 17:58:19,992 - INFO - Driver [/home/felipe/.wdm/drivers/chromedriver/linux64/145.0.7632.117/chromedriver-linux64/chromedriver] found in cache
2026-03-13 17:58:20,804 - INFO - Driver criado com User-Agent: Mozilla/5.0 (Windows NT 10.0; Win64; x64) AppleWeb...
2026-03-13 17:58:20,804 - INFO - Acessando: https://www.zapimoveis.com.br/aluguel/apartamentos/sp+sao-paulo/?tipos=apartamento_residencial%2Cstudio_residencial%2Ckitnet_residencial%2Ccasa_residencial%2Csobrado_residencial%2Ccondominio_residencial%2Ccasa-vila_residencial%2Ccobertura_residencial%2Cflat_residencial%2Cloft_residencial&pagina=258
2026-03-13 17:58:22,007 - INFO - Aguardando 5.1s para carregamento...
2026-03-13 17:58:35,436 - INFO - Analisando página HTML...
2026-03-13 17:58:35,437 - INFO - Tentativa 1 (links com /imovel/): 22 cards
2026-03-13 17:58:35,440 - INFO - ✓ Página 258: 22 imóveis extraídos
2026-03-13 17:58:35,513 - INFO - Driver fechado
2026-03-13 17:58:35,517 - INFO - ✓ Página 258 salva em data/raw/por_pagina/sao-paulo_sp_pagina258.csv
2026-03-13 17:58:35,517 - INFO - Aguardando 6.8s antes da próxima página...
2026-03-13 17:58:42,350 - INFO - ============================================================
2026-03-13 17:58:42,350 - INFO - PÁGINA 259
2026-03-13 17:58:42,350 - INFO - ============================================================
2026-03-13 17:58:42,350 - INFO - ====== WebDriver manager ======
2026-03-13 17:58:42,408 - INFO - Get LATEST chromedriver version for google-chrome
2026-03-13 17:58:42,500 - INFO - Get LATEST chromedriver version for google-chrome
2026-03-13 17:58:42,582 - INFO - Driver [/home/felipe/.wdm/drivers/chromedriver/linux64/145.0.7632.117/chromedriver-linux64/chromedriver] found in cache
2026-03-13 17:58:43,392 - INFO - Driver criado com User-Agent: Mozilla/5.0 (X11; Linux x86_64) AppleWebKit/537.36...
2026-03-13 17:58:43,392 - INFO - Acessando: https://www.zapimoveis.com.br/aluguel/apartamentos/sp+sao-paulo/?tipos=apartamento_residencial%2Cstudio_residencial%2Ckitnet_residencial%2Ccasa_residencial%2Csobrado_residencial%2Ccondominio_residencial%2Ccasa-vila_residencial%2Ccobertura_residencial%2Cflat_residencial%2Cloft_residencial&pagina=259
2026-03-13 17:58:44,625 - INFO - Aguardando 7.6s para carregamento...
2026-03-13 17:59:00,181 - INFO - Analisando página HTML...
2026-03-13 17:59:00,182 - INFO - Tentativa 1 (links com /imovel/): 25 cards
2026-03-13 17:59:00,185 - INFO - ✓ Página 259: 25 imóveis extraídos
2026-03-13 17:59:00,262 - INFO - Driver fechado
2026-03-13 17:59:00,266 - INFO - ✓ Página 259 salva em data/raw/por_pagina/sao-paulo_sp_pagina259.csv
2026-03-13 17:59:00,266 - INFO - Aguardando 9.6s antes da próxima página...
2026-03-13 17:59:09,848 - INFO - ============================================================
2026-03-13 17:59:09,848 - INFO - PÁGINA 260
2026-03-13 17:59:09,848 - INFO - ============================================================
2026-03-13 17:59:09,848 - INFO - ====== WebDriver manager ======
2026-03-13 17:59:09,907 - INFO - Get LATEST chromedriver version for google-chrome
2026-03-13 17:59:10,019 - INFO - Get LATEST chromedriver version for google-chrome
2026-03-13 17:59:10,112 - INFO - Driver [/home/felipe/.wdm/drivers/chromedriver/linux64/145.0.7632.117/chromedriver-linux64/chromedriver] found in cache
2026-03-13 17:59:10,928 - INFO - Driver criado com User-Agent: Mozilla/5.0 (Windows NT 10.0; Win64; x64; rv:121.0...
2026-03-13 17:59:10,928 - INFO - Acessando: https://www.zapimoveis.com.br/aluguel/apartamentos/sp+sao-paulo/?tipos=apartamento_residencial%2Cstudio_residencial%2Ckitnet_residencial%2Ccasa_residencial%2Csobrado_residencial%2Ccondominio_residencial%2Ccasa-vila_residencial%2Ccobertura_residencial%2Cflat_residencial%2Cloft_residencial&pagina=260
2026-03-13 17:59:12,278 - INFO - Aguardando 7.6s para carregamento...
2026-03-13 17:59:28,060 - INFO - Analisando página HTML...
2026-03-13 17:59:28,061 - INFO - Tentativa 1 (links com /imovel/): 19 cards
2026-03-13 17:59:28,063 - INFO - ✓ Página 260: 19 imóveis extraídos
2026-03-13 17:59:28,140 - INFO - Driver fechado
2026-03-13 17:59:28,142 - INFO - ✓ Página 260 salva em data/raw/por_pagina/sao-paulo_sp_pagina260.csv
2026-03-13 17:59:28,142 - INFO - Aguardando 5.3s antes da próxima página...
2026-03-13 17:59:33,419 - INFO - ============================================================
2026-03-13 17:59:33,419 - INFO - PÁGINA 261
2026-03-13 17:59:33,419 - INFO - ============================================================
2026-03-13 17:59:33,419 - INFO - ====== WebDriver manager ======
2026-03-13 17:59:33,479 - INFO - Get LATEST chromedriver version for google-chrome
2026-03-13 17:59:33,696 - INFO - Get LATEST chromedriver version for google-chrome
2026-03-13 17:59:33,759 - INFO - Driver [/home/felipe/.wdm/drivers/chromedriver/linux64/145.0.7632.117/chromedriver-linux64/chromedriver] found in cache
2026-03-13 17:59:34,574 - INFO - Driver criado com User-Agent: Mozilla/5.0 (Windows NT 10.0; Win64; x64; rv:121.0...
2026-03-13 17:59:34,574 - INFO - Acessando: https://www.zapimoveis.com.br/aluguel/apartamentos/sp+sao-paulo/?tipos=apartamento_residencial%2Cstudio_residencial%2Ckitnet_residencial%2Ccasa_residencial%2Csobrado_residencial%2Ccondominio_residencial%2Ccasa-vila_residencial%2Ccobertura_residencial%2Cflat_residencial%2Cloft_residencial&pagina=261
2026-03-13 17:59:35,794 - INFO - Aguardando 7.2s para carregamento...
2026-03-13 17:59:50,969 - INFO - Analisando página HTML...
2026-03-13 17:59:50,970 - INFO - Tentativa 1 (links com /imovel/): 23 cards
2026-03-13 17:59:50,972 - INFO - ✓ Página 261: 23 imóveis extraídos
2026-03-13 17:59:51,051 - INFO - Driver fechado
2026-03-13 17:59:51,052 - INFO - ✓ Página 261 salva em data/raw/por_pagina/sao-paulo_sp_pagina261.csv
2026-03-13 17:59:51,052 - INFO - Aguardando 9.0s antes da próxima página...
2026-03-13 18:00:00,047 - INFO - ============================================================
2026-03-13 18:00:00,047 - INFO - PÁGINA 262
2026-03-13 18:00:00,047 - INFO - ============================================================
2026-03-13 18:00:00,047 - INFO - ====== WebDriver manager ======
2026-03-13 18:00:00,107 - INFO - Get LATEST chromedriver version for google-chrome
2026-03-13 18:00:00,196 - INFO - Get LATEST chromedriver version for google-chrome
2026-03-13 18:00:00,268 - INFO - Driver [/home/felipe/.wdm/drivers/chromedriver/linux64/145.0.7632.117/chromedriver-linux64/chromedriver] found in cache
2026-03-13 18:00:01,074 - INFO - Driver criado com User-Agent: Mozilla/5.0 (Windows NT 10.0; Win64; x64; rv:121.0...
2026-03-13 18:00:01,074 - INFO - Acessando: https://www.zapimoveis.com.br/aluguel/apartamentos/sp+sao-paulo/?tipos=apartamento_residencial%2Cstudio_residencial%2Ckitnet_residencial%2Ccasa_residencial%2Csobrado_residencial%2Ccondominio_residencial%2Ccasa-vila_residencial%2Ccobertura_residencial%2Cflat_residencial%2Cloft_residencial&pagina=262
2026-03-13 18:00:02,323 - INFO - Aguardando 6.4s para carregamento...
2026-03-13 18:00:16,907 - INFO - Analisando página HTML...
2026-03-13 18:00:16,908 - INFO - Tentativa 1 (links com /imovel/): 26 cards
2026-03-13 18:00:16,911 - INFO - ✓ Página 262: 26 imóveis extraídos
2026-03-13 18:00:16,992 - INFO - Driver fechado
2026-03-13 18:00:16,996 - INFO - ✓ Página 262 salva em data/raw/por_pagina/sao-paulo_sp_pagina262.csv
2026-03-13 18:00:16,996 - INFO - Aguardando 9.2s antes da próxima página...
2026-03-13 18:00:26,150 - INFO - ============================================================
2026-03-13 18:00:26,150 - INFO - PÁGINA 263
2026-03-13 18:00:26,150 - INFO - ============================================================
2026-03-13 18:00:26,150 - INFO - ====== WebDriver manager ======
2026-03-13 18:00:26,207 - INFO - Get LATEST chromedriver version for google-chrome
2026-03-13 18:00:26,278 - INFO - Get LATEST chromedriver version for google-chrome
2026-03-13 18:00:26,356 - INFO - Driver [/home/felipe/.wdm/drivers/chromedriver/linux64/145.0.7632.117/chromedriver-linux64/chromedriver] found in cache
2026-03-13 18:00:27,197 - INFO - Driver criado com User-Agent: Mozilla/5.0 (Windows NT 10.0; Win64; x64; rv:121.0...
2026-03-13 18:00:27,197 - INFO - Acessando: https://www.zapimoveis.com.br/aluguel/apartamentos/sp+sao-paulo/?tipos=apartamento_residencial%2Cstudio_residencial%2Ckitnet_residencial%2Ccasa_residencial%2Csobrado_residencial%2Ccondominio_residencial%2Ccasa-vila_residencial%2Ccobertura_residencial%2Cflat_residencial%2Cloft_residencial&pagina=263
2026-03-13 18:00:29,016 - INFO - Aguardando 6.2s para carregamento...
2026-03-13 18:00:43,728 - INFO - Analisando página HTML...
2026-03-13 18:00:43,729 - INFO - Tentativa 1 (links com /imovel/): 25 cards
2026-03-13 18:00:43,731 - INFO - ✓ Página 263: 25 imóveis extraídos
2026-03-13 18:00:43,809 - INFO - Driver fechado
2026-03-13 18:00:43,813 - INFO - ✓ Página 263 salva em data/raw/por_pagina/sao-paulo_sp_pagina263.csv
2026-03-13 18:00:43,813 - INFO - Aguardando 6.0s antes da próxima página...
2026-03-13 18:00:49,805 - INFO - ============================================================
2026-03-13 18:00:49,805 - INFO - PÁGINA 264
2026-03-13 18:00:49,805 - INFO - ============================================================
2026-03-13 18:00:49,805 - INFO - ====== WebDriver manager ======
2026-03-13 18:00:49,863 - INFO - Get LATEST chromedriver version for google-chrome
2026-03-13 18:00:49,939 - INFO - Get LATEST chromedriver version for google-chrome
2026-03-13 18:00:50,009 - INFO - Driver [/home/felipe/.wdm/drivers/chromedriver/linux64/145.0.7632.117/chromedriver-linux64/chromedriver] found in cache
2026-03-13 18:00:50,817 - INFO - Driver criado com User-Agent: Mozilla/5.0 (X11; Linux x86_64) AppleWebKit/537.36...
2026-03-13 18:00:50,817 - INFO - Acessando: https://www.zapimoveis.com.br/aluguel/apartamentos/sp+sao-paulo/?tipos=apartamento_residencial%2Cstudio_residencial%2Ckitnet_residencial%2Ccasa_residencial%2Csobrado_residencial%2Ccondominio_residencial%2Ccasa-vila_residencial%2Ccobertura_residencial%2Cflat_residencial%2Cloft_residencial&pagina=264
2026-03-13 18:00:52,110 - INFO - Aguardando 7.8s para carregamento...
2026-03-13 18:01:07,494 - INFO - Analisando página HTML...
2026-03-13 18:01:07,495 - INFO - Tentativa 1 (links com /imovel/): 27 cards
2026-03-13 18:01:07,498 - INFO - ✓ Página 264: 27 imóveis extraídos
2026-03-13 18:01:07,576 - INFO - Driver fechado
2026-03-13 18:01:07,579 - INFO - ✓ Página 264 salva em data/raw/por_pagina/sao-paulo_sp_pagina264.csv
2026-03-13 18:01:07,579 - INFO - Aguardando 7.3s antes da próxima página...
2026-03-13 18:01:14,842 - INFO - ============================================================
2026-03-13 18:01:14,843 - INFO - PÁGINA 265
2026-03-13 18:01:14,843 - INFO - ============================================================
2026-03-13 18:01:14,843 - INFO - ====== WebDriver manager ======
2026-03-13 18:01:14,903 - INFO - Get LATEST chromedriver version for google-chrome
2026-03-13 18:01:14,993 - INFO - Get LATEST chromedriver version for google-chrome
2026-03-13 18:01:15,055 - INFO - Driver [/home/felipe/.wdm/drivers/chromedriver/linux64/145.0.7632.117/chromedriver-linux64/chromedriver] found in cache
2026-03-13 18:01:15,878 - INFO - Driver criado com User-Agent: Mozilla/5.0 (Windows NT 10.0; Win64; x64) AppleWeb...
2026-03-13 18:01:15,878 - INFO - Acessando: https://www.zapimoveis.com.br/aluguel/apartamentos/sp+sao-paulo/?tipos=apartamento_residencial%2Cstudio_residencial%2Ckitnet_residencial%2Ccasa_residencial%2Csobrado_residencial%2Ccondominio_residencial%2Ccasa-vila_residencial%2Ccobertura_residencial%2Cflat_residencial%2Cloft_residencial&pagina=265
2026-03-13 18:01:17,090 - INFO - Aguardando 5.4s para carregamento...
2026-03-13 18:01:31,087 - INFO - Analisando página HTML...
2026-03-13 18:01:31,088 - INFO - Tentativa 1 (links com /imovel/): 29 cards
2026-03-13 18:01:31,091 - INFO - ✓ Página 265: 29 imóveis extraídos
2026-03-13 18:01:31,167 - INFO - Driver fechado
2026-03-13 18:01:31,171 - INFO - ✓ Página 265 salva em data/raw/por_pagina/sao-paulo_sp_pagina265.csv
2026-03-13 18:01:31,171 - INFO - Aguardando 8.4s antes da próxima página...
2026-03-13 18:01:39,530 - INFO - ============================================================
2026-03-13 18:01:39,530 - INFO - PÁGINA 266
2026-03-13 18:01:39,530 - INFO - ============================================================
2026-03-13 18:01:39,530 - INFO - ====== WebDriver manager ======
2026-03-13 18:01:39,589 - INFO - Get LATEST chromedriver version for google-chrome
2026-03-13 18:01:39,667 - INFO - Get LATEST chromedriver version for google-chrome
2026-03-13 18:01:39,758 - INFO - Driver [/home/felipe/.wdm/drivers/chromedriver/linux64/145.0.7632.117/chromedriver-linux64/chromedriver] found in cache
2026-03-13 18:01:40,597 - INFO - Driver criado com User-Agent: Mozilla/5.0 (X11; Linux x86_64) AppleWebKit/537.36...
2026-03-13 18:01:40,597 - INFO - Acessando: https://www.zapimoveis.com.br/aluguel/apartamentos/sp+sao-paulo/?tipos=apartamento_residencial%2Cstudio_residencial%2Ckitnet_residencial%2Ccasa_residencial%2Csobrado_residencial%2Ccondominio_residencial%2Ccasa-vila_residencial%2Ccobertura_residencial%2Cflat_residencial%2Cloft_residencial&pagina=266
2026-03-13 18:01:42,999 - INFO - Aguardando 7.1s para carregamento...
2026-03-13 18:01:57,516 - INFO - Analisando página HTML...
2026-03-13 18:01:57,517 - INFO - Tentativa 1 (links com /imovel/): 26 cards
2026-03-13 18:01:57,520 - INFO - ✓ Página 266: 26 imóveis extraídos
2026-03-13 18:01:57,596 - INFO - Driver fechado
2026-03-13 18:01:57,598 - INFO - ✓ Página 266 salva em data/raw/por_pagina/sao-paulo_sp_pagina266.csv
2026-03-13 18:01:57,598 - INFO - Aguardando 5.5s antes da próxima página...
2026-03-13 18:02:03,074 - INFO - ============================================================
2026-03-13 18:02:03,074 - INFO - PÁGINA 267
2026-03-13 18:02:03,074 - INFO - ============================================================
2026-03-13 18:02:03,075 - INFO - ====== WebDriver manager ======
2026-03-13 18:02:03,133 - INFO - Get LATEST chromedriver version for google-chrome
2026-03-13 18:02:03,229 - INFO - Get LATEST chromedriver version for google-chrome
2026-03-13 18:02:03,309 - INFO - Driver [/home/felipe/.wdm/drivers/chromedriver/linux64/145.0.7632.117/chromedriver-linux64/chromedriver] found in cache
2026-03-13 18:02:04,122 - INFO - Driver criado com User-Agent: Mozilla/5.0 (Macintosh; Intel Mac OS X 10_15_7) Ap...
2026-03-13 18:02:04,122 - INFO - Acessando: https://www.zapimoveis.com.br/aluguel/apartamentos/sp+sao-paulo/?tipos=apartamento_residencial%2Cstudio_residencial%2Ckitnet_residencial%2Ccasa_residencial%2Csobrado_residencial%2Ccondominio_residencial%2Ccasa-vila_residencial%2Ccobertura_residencial%2Cflat_residencial%2Cloft_residencial&pagina=267
2026-03-13 18:02:05,425 - INFO - Aguardando 5.7s para carregamento...
2026-03-13 18:02:18,048 - INFO - Analisando página HTML...
2026-03-13 18:02:18,049 - INFO - Tentativa 1 (links com /imovel/): 29 cards
2026-03-13 18:02:18,052 - INFO - ✓ Página 267: 29 imóveis extraídos
2026-03-13 18:02:18,122 - INFO - Driver fechado
2026-03-13 18:02:18,124 - INFO - ✓ Página 267 salva em data/raw/por_pagina/sao-paulo_sp_pagina267.csv
2026-03-13 18:02:18,124 - INFO - Aguardando 6.7s antes da próxima página...
2026-03-13 18:02:24,866 - INFO - ============================================================
2026-03-13 18:02:24,866 - INFO - PÁGINA 268
2026-03-13 18:02:24,866 - INFO - ============================================================
2026-03-13 18:02:24,866 - INFO - ====== WebDriver manager ======
2026-03-13 18:02:24,924 - INFO - Get LATEST chromedriver version for google-chrome
2026-03-13 18:02:25,002 - INFO - Get LATEST chromedriver version for google-chrome
2026-03-13 18:02:25,077 - INFO - Driver [/home/felipe/.wdm/drivers/chromedriver/linux64/145.0.7632.117/chromedriver-linux64/chromedriver] found in cache
2026-03-13 18:02:25,884 - INFO - Driver criado com User-Agent: Mozilla/5.0 (Windows NT 10.0; Win64; x64; rv:121.0...
2026-03-13 18:02:25,884 - INFO - Acessando: https://www.zapimoveis.com.br/aluguel/apartamentos/sp+sao-paulo/?tipos=apartamento_residencial%2Cstudio_residencial%2Ckitnet_residencial%2Ccasa_residencial%2Csobrado_residencial%2Ccondominio_residencial%2Ccasa-vila_residencial%2Ccobertura_residencial%2Cflat_residencial%2Cloft_residencial&pagina=268
2026-03-13 18:02:27,066 - INFO - Aguardando 7.4s para carregamento...
2026-03-13 18:02:42,567 - INFO - Analisando página HTML...
2026-03-13 18:02:42,568 - INFO - Tentativa 1 (links com /imovel/): 27 cards
2026-03-13 18:02:42,571 - INFO - ✓ Página 268: 27 imóveis extraídos
2026-03-13 18:02:42,649 - INFO - Driver fechado
2026-03-13 18:02:42,651 - INFO - ✓ Página 268 salva em data/raw/por_pagina/sao-paulo_sp_pagina268.csv
2026-03-13 18:02:42,651 - INFO - Aguardando 6.4s antes da próxima página...
2026-03-13 18:02:49,069 - INFO - ============================================================
2026-03-13 18:02:49,069 - INFO - PÁGINA 269
2026-03-13 18:02:49,069 - INFO - ============================================================
2026-03-13 18:02:49,069 - INFO - ====== WebDriver manager ======
2026-03-13 18:02:49,127 - INFO - Get LATEST chromedriver version for google-chrome
2026-03-13 18:02:49,210 - INFO - Get LATEST chromedriver version for google-chrome
2026-03-13 18:02:49,292 - INFO - Driver [/home/felipe/.wdm/drivers/chromedriver/linux64/145.0.7632.117/chromedriver-linux64/chromedriver] found in cache
2026-03-13 18:02:50,105 - INFO - Driver criado com User-Agent: Mozilla/5.0 (Windows NT 10.0; Win64; x64; rv:121.0...
2026-03-13 18:02:50,105 - INFO - Acessando: https://www.zapimoveis.com.br/aluguel/apartamentos/sp+sao-paulo/?tipos=apartamento_residencial%2Cstudio_residencial%2Ckitnet_residencial%2Ccasa_residencial%2Csobrado_residencial%2Ccondominio_residencial%2Ccasa-vila_residencial%2Ccobertura_residencial%2Cflat_residencial%2Cloft_residencial&pagina=269
2026-03-13 18:02:51,751 - INFO - Aguardando 5.3s para carregamento...
2026-03-13 18:03:04,804 - INFO - Analisando página HTML...
2026-03-13 18:03:04,806 - INFO - Tentativa 1 (links com /imovel/): 27 cards
2026-03-13 18:03:04,809 - INFO - ✓ Página 269: 27 imóveis extraídos
2026-03-13 18:03:04,883 - INFO - Driver fechado
2026-03-13 18:03:04,884 - INFO - ✓ Página 269 salva em data/raw/por_pagina/sao-paulo_sp_pagina269.csv
2026-03-13 18:03:04,885 - INFO - Aguardando 8.0s antes da próxima página...
2026-03-13 18:03:12,844 - INFO - ============================================================
2026-03-13 18:03:12,844 - INFO - PÁGINA 270
2026-03-13 18:03:12,844 - INFO - ============================================================
2026-03-13 18:03:12,844 - INFO - ====== WebDriver manager ======
2026-03-13 18:03:12,903 - INFO - Get LATEST chromedriver version for google-chrome
2026-03-13 18:03:12,989 - INFO - Get LATEST chromedriver version for google-chrome
2026-03-13 18:03:13,074 - INFO - Driver [/home/felipe/.wdm/drivers/chromedriver/linux64/145.0.7632.117/chromedriver-linux64/chromedriver] found in cache
2026-03-13 18:03:13,892 - INFO - Driver criado com User-Agent: Mozilla/5.0 (Windows NT 10.0; Win64; x64) AppleWeb...
2026-03-13 18:03:13,893 - INFO - Acessando: https://www.zapimoveis.com.br/aluguel/apartamentos/sp+sao-paulo/?tipos=apartamento_residencial%2Cstudio_residencial%2Ckitnet_residencial%2Ccasa_residencial%2Csobrado_residencial%2Ccondominio_residencial%2Ccasa-vila_residencial%2Ccobertura_residencial%2Cflat_residencial%2Cloft_residencial&pagina=270
2026-03-13 18:03:14,990 - INFO - Aguardando 7.0s para carregamento...
2026-03-13 18:03:30,017 - INFO - Analisando página HTML...
2026-03-13 18:03:30,019 - INFO - Tentativa 1 (links com /imovel/): 24 cards
2026-03-13 18:03:30,021 - INFO - ✓ Página 270: 24 imóveis extraídos
2026-03-13 18:03:30,098 - INFO - Driver fechado
2026-03-13 18:03:30,099 - INFO - ✓ Página 270 salva em data/raw/por_pagina/sao-paulo_sp_pagina270.csv
2026-03-13 18:03:30,099 - INFO - Aguardando 7.0s antes da próxima página...
2026-03-13 18:03:37,135 - INFO - ============================================================
2026-03-13 18:03:37,136 - INFO - PÁGINA 271
2026-03-13 18:03:37,136 - INFO - ============================================================
2026-03-13 18:03:37,136 - INFO - ====== WebDriver manager ======
2026-03-13 18:03:37,195 - INFO - Get LATEST chromedriver version for google-chrome
2026-03-13 18:03:37,275 - INFO - Get LATEST chromedriver version for google-chrome
2026-03-13 18:03:37,370 - INFO - Driver [/home/felipe/.wdm/drivers/chromedriver/linux64/145.0.7632.117/chromedriver-linux64/chromedriver] found in cache
2026-03-13 18:03:38,187 - INFO - Driver criado com User-Agent: Mozilla/5.0 (Macintosh; Intel Mac OS X 10_15_7) Ap...
2026-03-13 18:03:38,187 - INFO - Acessando: https://www.zapimoveis.com.br/aluguel/apartamentos/sp+sao-paulo/?tipos=apartamento_residencial%2Cstudio_residencial%2Ckitnet_residencial%2Ccasa_residencial%2Csobrado_residencial%2Ccondominio_residencial%2Ccasa-vila_residencial%2Ccobertura_residencial%2Cflat_residencial%2Cloft_residencial&pagina=271
2026-03-13 18:03:39,572 - INFO - Aguardando 6.4s para carregamento...
2026-03-13 18:03:54,456 - INFO - Analisando página HTML...
2026-03-13 18:03:54,458 - INFO - Tentativa 1 (links com /imovel/): 28 cards
2026-03-13 18:03:54,461 - INFO - ✓ Página 271: 28 imóveis extraídos
2026-03-13 18:03:54,537 - INFO - Driver fechado
2026-03-13 18:03:54,539 - INFO - ✓ Página 271 salva em data/raw/por_pagina/sao-paulo_sp_pagina271.csv
2026-03-13 18:03:54,539 - INFO - Aguardando 8.0s antes da próxima página...
2026-03-13 18:04:02,536 - INFO - ============================================================
2026-03-13 18:04:02,536 - INFO - PÁGINA 272
2026-03-13 18:04:02,536 - INFO - ============================================================
2026-03-13 18:04:02,536 - INFO - ====== WebDriver manager ======
2026-03-13 18:04:02,594 - INFO - Get LATEST chromedriver version for google-chrome
2026-03-13 18:04:02,687 - INFO - Get LATEST chromedriver version for google-chrome
2026-03-13 18:04:02,782 - INFO - Driver [/home/felipe/.wdm/drivers/chromedriver/linux64/145.0.7632.117/chromedriver-linux64/chromedriver] found in cache
2026-03-13 18:04:03,603 - INFO - Driver criado com User-Agent: Mozilla/5.0 (Windows NT 10.0; Win64; x64) AppleWeb...
2026-03-13 18:04:03,603 - INFO - Acessando: https://www.zapimoveis.com.br/aluguel/apartamentos/sp+sao-paulo/?tipos=apartamento_residencial%2Cstudio_residencial%2Ckitnet_residencial%2Ccasa_residencial%2Csobrado_residencial%2Ccondominio_residencial%2Ccasa-vila_residencial%2Ccobertura_residencial%2Cflat_residencial%2Cloft_residencial&pagina=272
2026-03-13 18:04:04,956 - INFO - Aguardando 7.6s para carregamento...
2026-03-13 18:04:19,981 - INFO - Analisando página HTML...
2026-03-13 18:04:19,982 - INFO - Tentativa 1 (links com /imovel/): 25 cards
2026-03-13 18:04:19,985 - INFO - ✓ Página 272: 25 imóveis extraídos
2026-03-13 18:04:20,062 - INFO - Driver fechado
2026-03-13 18:04:20,065 - INFO - ✓ Página 272 salva em data/raw/por_pagina/sao-paulo_sp_pagina272.csv
2026-03-13 18:04:20,065 - INFO - Aguardando 6.0s antes da próxima página...
2026-03-13 18:04:26,058 - INFO - ============================================================
2026-03-13 18:04:26,058 - INFO - PÁGINA 273
2026-03-13 18:04:26,058 - INFO - ============================================================
2026-03-13 18:04:26,058 - INFO - ====== WebDriver manager ======
2026-03-13 18:04:26,114 - INFO - Get LATEST chromedriver version for google-chrome
2026-03-13 18:04:26,201 - INFO - Get LATEST chromedriver version for google-chrome
2026-03-13 18:04:26,297 - INFO - Driver [/home/felipe/.wdm/drivers/chromedriver/linux64/145.0.7632.117/chromedriver-linux64/chromedriver] found in cache
2026-03-13 18:04:27,106 - INFO - Driver criado com User-Agent: Mozilla/5.0 (Macintosh; Intel Mac OS X 10_15_7) Ap...
2026-03-13 18:04:27,106 - INFO - Acessando: https://www.zapimoveis.com.br/aluguel/apartamentos/sp+sao-paulo/?tipos=apartamento_residencial%2Cstudio_residencial%2Ckitnet_residencial%2Ccasa_residencial%2Csobrado_residencial%2Ccondominio_residencial%2Ccasa-vila_residencial%2Ccobertura_residencial%2Cflat_residencial%2Cloft_residencial&pagina=273
2026-03-13 18:04:28,361 - INFO - Aguardando 5.2s para carregamento...
2026-03-13 18:04:42,003 - INFO - Analisando página HTML...
2026-03-13 18:04:42,004 - INFO - Tentativa 1 (links com /imovel/): 29 cards
2026-03-13 18:04:42,007 - INFO - ✓ Página 273: 29 imóveis extraídos
2026-03-13 18:04:42,080 - INFO - Driver fechado
2026-03-13 18:04:42,083 - INFO - ✓ Página 273 salva em data/raw/por_pagina/sao-paulo_sp_pagina273.csv
2026-03-13 18:04:42,083 - INFO - Aguardando 5.9s antes da próxima página...
2026-03-13 18:04:47,998 - INFO - ============================================================
2026-03-13 18:04:47,998 - INFO - PÁGINA 274
2026-03-13 18:04:47,998 - INFO - ============================================================
2026-03-13 18:04:47,998 - INFO - ====== WebDriver manager ======
2026-03-13 18:04:48,056 - INFO - Get LATEST chromedriver version for google-chrome
2026-03-13 18:04:48,130 - INFO - Get LATEST chromedriver version for google-chrome
2026-03-13 18:04:48,230 - INFO - Driver [/home/felipe/.wdm/drivers/chromedriver/linux64/145.0.7632.117/chromedriver-linux64/chromedriver] found in cache
2026-03-13 18:04:49,053 - INFO - Driver criado com User-Agent: Mozilla/5.0 (X11; Linux x86_64) AppleWebKit/537.36...
2026-03-13 18:04:49,053 - INFO - Acessando: https://www.zapimoveis.com.br/aluguel/apartamentos/sp+sao-paulo/?tipos=apartamento_residencial%2Cstudio_residencial%2Ckitnet_residencial%2Ccasa_residencial%2Csobrado_residencial%2Ccondominio_residencial%2Ccasa-vila_residencial%2Ccobertura_residencial%2Cflat_residencial%2Cloft_residencial&pagina=274
2026-03-13 18:04:50,194 - INFO - Aguardando 5.3s para carregamento...
2026-03-13 18:05:03,207 - INFO - Analisando página HTML...
2026-03-13 18:05:03,208 - INFO - Tentativa 1 (links com /imovel/): 26 cards
2026-03-13 18:05:03,211 - INFO - ✓ Página 274: 26 imóveis extraídos
2026-03-13 18:05:03,282 - INFO - Driver fechado
2026-03-13 18:05:03,285 - INFO - ✓ Página 274 salva em data/raw/por_pagina/sao-paulo_sp_pagina274.csv
2026-03-13 18:05:03,285 - INFO - Aguardando 6.6s antes da próxima página...
2026-03-13 18:05:09,858 - INFO - ============================================================
2026-03-13 18:05:09,858 - INFO - PÁGINA 275
2026-03-13 18:05:09,858 - INFO - ============================================================
2026-03-13 18:05:09,858 - INFO - ====== WebDriver manager ======
2026-03-13 18:05:09,916 - INFO - Get LATEST chromedriver version for google-chrome
2026-03-13 18:05:09,997 - INFO - Get LATEST chromedriver version for google-chrome
2026-03-13 18:05:10,080 - INFO - Driver [/home/felipe/.wdm/drivers/chromedriver/linux64/145.0.7632.117/chromedriver-linux64/chromedriver] found in cache
2026-03-13 18:05:10,881 - INFO - Driver criado com User-Agent: Mozilla/5.0 (Macintosh; Intel Mac OS X 10_15_7) Ap...
2026-03-13 18:05:10,881 - INFO - Acessando: https://www.zapimoveis.com.br/aluguel/apartamentos/sp+sao-paulo/?tipos=apartamento_residencial%2Cstudio_residencial%2Ckitnet_residencial%2Ccasa_residencial%2Csobrado_residencial%2Ccondominio_residencial%2Ccasa-vila_residencial%2Ccobertura_residencial%2Cflat_residencial%2Cloft_residencial&pagina=275
2026-03-13 18:05:12,040 - INFO - Aguardando 6.6s para carregamento...
2026-03-13 18:05:25,633 - INFO - Analisando página HTML...
2026-03-13 18:05:25,634 - INFO - Tentativa 1 (links com /imovel/): 28 cards
2026-03-13 18:05:25,637 - INFO - ✓ Página 275: 28 imóveis extraídos
2026-03-13 18:05:25,709 - INFO - Driver fechado
2026-03-13 18:05:25,712 - INFO - ✓ Página 275 salva em data/raw/por_pagina/sao-paulo_sp_pagina275.csv
2026-03-13 18:05:25,712 - INFO - Aguardando 7.9s antes da próxima página...
2026-03-13 18:05:33,585 - INFO - ============================================================
2026-03-13 18:05:33,585 - INFO - PÁGINA 276
2026-03-13 18:05:33,585 - INFO - ============================================================
2026-03-13 18:05:33,585 - INFO - ====== WebDriver manager ======
2026-03-13 18:05:33,644 - INFO - Get LATEST chromedriver version for google-chrome
2026-03-13 18:05:33,711 - INFO - Get LATEST chromedriver version for google-chrome
2026-03-13 18:05:33,792 - INFO - Driver [/home/felipe/.wdm/drivers/chromedriver/linux64/145.0.7632.117/chromedriver-linux64/chromedriver] found in cache
2026-03-13 18:05:34,598 - INFO - Driver criado com User-Agent: Mozilla/5.0 (Macintosh; Intel Mac OS X 10_15_7) Ap...
2026-03-13 18:05:34,598 - INFO - Acessando: https://www.zapimoveis.com.br/aluguel/apartamentos/sp+sao-paulo/?tipos=apartamento_residencial%2Cstudio_residencial%2Ckitnet_residencial%2Ccasa_residencial%2Csobrado_residencial%2Ccondominio_residencial%2Ccasa-vila_residencial%2Ccobertura_residencial%2Cflat_residencial%2Cloft_residencial&pagina=276
2026-03-13 18:05:35,827 - INFO - Aguardando 6.8s para carregamento...
2026-03-13 18:05:51,781 - INFO - Analisando página HTML...
2026-03-13 18:05:51,782 - INFO - Tentativa 1 (links com /imovel/): 27 cards
2026-03-13 18:05:51,785 - INFO - ✓ Página 276: 27 imóveis extraídos
2026-03-13 18:05:51,862 - INFO - Driver fechado
2026-03-13 18:05:51,865 - INFO - ✓ Página 276 salva em data/raw/por_pagina/sao-paulo_sp_pagina276.csv
2026-03-13 18:05:51,866 - INFO - Aguardando 9.7s antes da próxima página...
2026-03-13 18:06:01,604 - INFO - ============================================================
2026-03-13 18:06:01,604 - INFO - PÁGINA 277
2026-03-13 18:06:01,604 - INFO - ============================================================
2026-03-13 18:06:01,604 - INFO - ====== WebDriver manager ======
2026-03-13 18:06:01,664 - INFO - Get LATEST chromedriver version for google-chrome
2026-03-13 18:06:01,741 - INFO - Get LATEST chromedriver version for google-chrome
2026-03-13 18:06:01,817 - INFO - Driver [/home/felipe/.wdm/drivers/chromedriver/linux64/145.0.7632.117/chromedriver-linux64/chromedriver] found in cache
2026-03-13 18:06:02,627 - INFO - Driver criado com User-Agent: Mozilla/5.0 (Windows NT 10.0; Win64; x64; rv:121.0...
2026-03-13 18:06:02,627 - INFO - Acessando: https://www.zapimoveis.com.br/aluguel/apartamentos/sp+sao-paulo/?tipos=apartamento_residencial%2Cstudio_residencial%2Ckitnet_residencial%2Ccasa_residencial%2Csobrado_residencial%2Ccondominio_residencial%2Ccasa-vila_residencial%2Ccobertura_residencial%2Cflat_residencial%2Cloft_residencial&pagina=277
2026-03-13 18:06:03,747 - INFO - Aguardando 7.2s para carregamento...
2026-03-13 18:06:19,598 - INFO - Analisando página HTML...
2026-03-13 18:06:19,600 - INFO - Tentativa 1 (links com /imovel/): 28 cards
2026-03-13 18:06:19,602 - INFO - ✓ Página 277: 28 imóveis extraídos
2026-03-13 18:06:19,682 - INFO - Driver fechado
2026-03-13 18:06:19,685 - INFO - ✓ Página 277 salva em data/raw/por_pagina/sao-paulo_sp_pagina277.csv
2026-03-13 18:06:19,685 - INFO - Aguardando 5.6s antes da próxima página...
2026-03-13 18:06:25,238 - INFO - ============================================================
2026-03-13 18:06:25,239 - INFO - PÁGINA 278
2026-03-13 18:06:25,239 - INFO - ============================================================
2026-03-13 18:06:25,239 - INFO - ====== WebDriver manager ======
2026-03-13 18:06:25,298 - INFO - Get LATEST chromedriver version for google-chrome
2026-03-13 18:06:25,371 - INFO - Get LATEST chromedriver version for google-chrome
2026-03-13 18:06:25,448 - INFO - Driver [/home/felipe/.wdm/drivers/chromedriver/linux64/145.0.7632.117/chromedriver-linux64/chromedriver] found in cache
2026-03-13 18:06:26,257 - INFO - Driver criado com User-Agent: Mozilla/5.0 (Windows NT 10.0; Win64; x64) AppleWeb...
2026-03-13 18:06:26,258 - INFO - Acessando: https://www.zapimoveis.com.br/aluguel/apartamentos/sp+sao-paulo/?tipos=apartamento_residencial%2Cstudio_residencial%2Ckitnet_residencial%2Ccasa_residencial%2Csobrado_residencial%2Ccondominio_residencial%2Ccasa-vila_residencial%2Ccobertura_residencial%2Cflat_residencial%2Cloft_residencial&pagina=278
2026-03-13 18:06:27,511 - INFO - Aguardando 6.0s para carregamento...
2026-03-13 18:06:42,787 - INFO - Analisando página HTML...
2026-03-13 18:06:42,789 - INFO - Tentativa 1 (links com /imovel/): 21 cards
2026-03-13 18:06:42,791 - INFO - ✓ Página 278: 21 imóveis extraídos
2026-03-13 18:06:42,868 - INFO - Driver fechado
2026-03-13 18:06:42,870 - INFO - ✓ Página 278 salva em data/raw/por_pagina/sao-paulo_sp_pagina278.csv
2026-03-13 18:06:42,870 - INFO - Aguardando 6.6s antes da próxima página...
2026-03-13 18:06:49,434 - INFO - ============================================================
2026-03-13 18:06:49,434 - INFO - PÁGINA 279
2026-03-13 18:06:49,434 - INFO - ============================================================
2026-03-13 18:06:49,434 - INFO - ====== WebDriver manager ======
2026-03-13 18:06:49,493 - INFO - Get LATEST chromedriver version for google-chrome
2026-03-13 18:06:49,572 - INFO - Get LATEST chromedriver version for google-chrome
2026-03-13 18:06:49,651 - INFO - Driver [/home/felipe/.wdm/drivers/chromedriver/linux64/145.0.7632.117/chromedriver-linux64/chromedriver] found in cache
2026-03-13 18:06:50,463 - INFO - Driver criado com User-Agent: Mozilla/5.0 (Macintosh; Intel Mac OS X 10_15_7) Ap...
2026-03-13 18:06:50,463 - INFO - Acessando: https://www.zapimoveis.com.br/aluguel/apartamentos/sp+sao-paulo/?tipos=apartamento_residencial%2Cstudio_residencial%2Ckitnet_residencial%2Ccasa_residencial%2Csobrado_residencial%2Ccondominio_residencial%2Ccasa-vila_residencial%2Ccobertura_residencial%2Cflat_residencial%2Cloft_residencial&pagina=279
2026-03-13 18:06:51,973 - INFO - Aguardando 7.9s para carregamento...
2026-03-13 18:07:09,177 - INFO - Analisando página HTML...
2026-03-13 18:07:09,179 - INFO - Tentativa 1 (links com /imovel/): 25 cards
2026-03-13 18:07:09,181 - INFO - ✓ Página 279: 25 imóveis extraídos
2026-03-13 18:07:09,259 - INFO - Driver fechado
2026-03-13 18:07:09,261 - INFO - ✓ Página 279 salva em data/raw/por_pagina/sao-paulo_sp_pagina279.csv
2026-03-13 18:07:09,261 - INFO - Aguardando 5.8s antes da próxima página...
2026-03-13 18:07:15,106 - INFO - ============================================================
2026-03-13 18:07:15,106 - INFO - PÁGINA 280
2026-03-13 18:07:15,106 - INFO - ============================================================
2026-03-13 18:07:15,106 - INFO - ====== WebDriver manager ======
2026-03-13 18:07:15,166 - INFO - Get LATEST chromedriver version for google-chrome
2026-03-13 18:07:15,247 - INFO - Get LATEST chromedriver version for google-chrome
2026-03-13 18:07:15,328 - INFO - Driver [/home/felipe/.wdm/drivers/chromedriver/linux64/145.0.7632.117/chromedriver-linux64/chromedriver] found in cache
2026-03-13 18:07:16,135 - INFO - Driver criado com User-Agent: Mozilla/5.0 (Macintosh; Intel Mac OS X 10_15_7) Ap...
2026-03-13 18:07:16,135 - INFO - Acessando: https://www.zapimoveis.com.br/aluguel/apartamentos/sp+sao-paulo/?tipos=apartamento_residencial%2Cstudio_residencial%2Ckitnet_residencial%2Ccasa_residencial%2Csobrado_residencial%2Ccondominio_residencial%2Ccasa-vila_residencial%2Ccobertura_residencial%2Cflat_residencial%2Cloft_residencial&pagina=280
2026-03-13 18:07:18,440 - INFO - Aguardando 7.0s para carregamento...
2026-03-13 18:07:32,831 - INFO - Analisando página HTML...
2026-03-13 18:07:32,832 - INFO - Tentativa 1 (links com /imovel/): 23 cards
2026-03-13 18:07:32,835 - INFO - ✓ Página 280: 23 imóveis extraídos
2026-03-13 18:07:32,911 - INFO - Driver fechado
2026-03-13 18:07:32,915 - INFO - ✓ Página 280 salva em data/raw/por_pagina/sao-paulo_sp_pagina280.csv
2026-03-13 18:07:32,915 - INFO - Aguardando 8.2s antes da próxima página...
2026-03-13 18:07:41,134 - INFO - ============================================================
2026-03-13 18:07:41,134 - INFO - PÁGINA 281
2026-03-13 18:07:41,134 - INFO - ============================================================
2026-03-13 18:07:41,134 - INFO - ====== WebDriver manager ======
2026-03-13 18:07:41,193 - INFO - Get LATEST chromedriver version for google-chrome
2026-03-13 18:07:41,275 - INFO - Get LATEST chromedriver version for google-chrome
2026-03-13 18:07:41,356 - INFO - Driver [/home/felipe/.wdm/drivers/chromedriver/linux64/145.0.7632.117/chromedriver-linux64/chromedriver] found in cache
2026-03-13 18:07:42,167 - INFO - Driver criado com User-Agent: Mozilla/5.0 (Macintosh; Intel Mac OS X 10_15_7) Ap...
2026-03-13 18:07:42,167 - INFO - Acessando: https://www.zapimoveis.com.br/aluguel/apartamentos/sp+sao-paulo/?tipos=apartamento_residencial%2Cstudio_residencial%2Ckitnet_residencial%2Ccasa_residencial%2Csobrado_residencial%2Ccondominio_residencial%2Ccasa-vila_residencial%2Ccobertura_residencial%2Cflat_residencial%2Cloft_residencial&pagina=281
2026-03-13 18:07:43,479 - INFO - Aguardando 7.9s para carregamento...
2026-03-13 18:07:59,502 - INFO - Analisando página HTML...
2026-03-13 18:07:59,503 - INFO - Tentativa 1 (links com /imovel/): 28 cards
2026-03-13 18:07:59,506 - INFO - ✓ Página 281: 28 imóveis extraídos
2026-03-13 18:07:59,584 - INFO - Driver fechado
2026-03-13 18:07:59,586 - INFO - ✓ Página 281 salva em data/raw/por_pagina/sao-paulo_sp_pagina281.csv
2026-03-13 18:07:59,586 - INFO - Aguardando 9.8s antes da próxima página...
2026-03-13 18:08:09,416 - INFO - ============================================================
2026-03-13 18:08:09,416 - INFO - PÁGINA 282
2026-03-13 18:08:09,416 - INFO - ============================================================
2026-03-13 18:08:09,416 - INFO - ====== WebDriver manager ======
2026-03-13 18:08:09,476 - INFO - Get LATEST chromedriver version for google-chrome
2026-03-13 18:08:09,565 - INFO - Get LATEST chromedriver version for google-chrome
2026-03-13 18:08:09,641 - INFO - Driver [/home/felipe/.wdm/drivers/chromedriver/linux64/145.0.7632.117/chromedriver-linux64/chromedriver] found in cache
2026-03-13 18:08:10,467 - INFO - Driver criado com User-Agent: Mozilla/5.0 (X11; Linux x86_64) AppleWebKit/537.36...
2026-03-13 18:08:10,467 - INFO - Acessando: https://www.zapimoveis.com.br/aluguel/apartamentos/sp+sao-paulo/?tipos=apartamento_residencial%2Cstudio_residencial%2Ckitnet_residencial%2Ccasa_residencial%2Csobrado_residencial%2Ccondominio_residencial%2Ccasa-vila_residencial%2Ccobertura_residencial%2Cflat_residencial%2Cloft_residencial&pagina=282
2026-03-13 18:08:11,893 - INFO - Aguardando 7.7s para carregamento...
2026-03-13 18:08:27,613 - INFO - Analisando página HTML...
2026-03-13 18:08:27,615 - INFO - Tentativa 1 (links com /imovel/): 24 cards
2026-03-13 18:08:27,617 - INFO - ✓ Página 282: 24 imóveis extraídos
2026-03-13 18:08:27,697 - INFO - Driver fechado
2026-03-13 18:08:27,699 - INFO - ✓ Página 282 salva em data/raw/por_pagina/sao-paulo_sp_pagina282.csv
2026-03-13 18:08:27,699 - INFO - Aguardando 9.9s antes da próxima página...
2026-03-13 18:08:37,643 - INFO - ============================================================
2026-03-13 18:08:37,643 - INFO - PÁGINA 283
2026-03-13 18:08:37,643 - INFO - ============================================================
2026-03-13 18:08:37,643 - INFO - ====== WebDriver manager ======
2026-03-13 18:08:37,703 - INFO - Get LATEST chromedriver version for google-chrome
2026-03-13 18:08:37,829 - INFO - Get LATEST chromedriver version for google-chrome
2026-03-13 18:08:37,911 - INFO - Driver [/home/felipe/.wdm/drivers/chromedriver/linux64/145.0.7632.117/chromedriver-linux64/chromedriver] found in cache
2026-03-13 18:08:38,722 - INFO - Driver criado com User-Agent: Mozilla/5.0 (X11; Linux x86_64) AppleWebKit/537.36...
2026-03-13 18:08:38,722 - INFO - Acessando: https://www.zapimoveis.com.br/aluguel/apartamentos/sp+sao-paulo/?tipos=apartamento_residencial%2Cstudio_residencial%2Ckitnet_residencial%2Ccasa_residencial%2Csobrado_residencial%2Ccondominio_residencial%2Ccasa-vila_residencial%2Ccobertura_residencial%2Cflat_residencial%2Cloft_residencial&pagina=283
2026-03-13 18:08:39,985 - INFO - Aguardando 7.5s para carregamento...
2026-03-13 18:08:54,966 - INFO - Analisando página HTML...
2026-03-13 18:08:54,967 - INFO - Tentativa 1 (links com /imovel/): 29 cards
2026-03-13 18:08:54,970 - INFO - ✓ Página 283: 29 imóveis extraídos
2026-03-13 18:08:55,047 - INFO - Driver fechado
2026-03-13 18:08:55,049 - INFO - ✓ Página 283 salva em data/raw/por_pagina/sao-paulo_sp_pagina283.csv
2026-03-13 18:08:55,049 - INFO - Aguardando 9.1s antes da próxima página...
2026-03-13 18:09:04,105 - INFO - ============================================================
2026-03-13 18:09:04,105 - INFO - PÁGINA 284
2026-03-13 18:09:04,105 - INFO - ============================================================
2026-03-13 18:09:04,106 - INFO - ====== WebDriver manager ======
2026-03-13 18:09:04,163 - INFO - Get LATEST chromedriver version for google-chrome
2026-03-13 18:09:04,251 - INFO - Get LATEST chromedriver version for google-chrome
2026-03-13 18:09:04,344 - INFO - Driver [/home/felipe/.wdm/drivers/chromedriver/linux64/145.0.7632.117/chromedriver-linux64/chromedriver] found in cache
2026-03-13 18:09:05,167 - INFO - Driver criado com User-Agent: Mozilla/5.0 (X11; Linux x86_64) AppleWebKit/537.36...
2026-03-13 18:09:05,167 - INFO - Acessando: https://www.zapimoveis.com.br/aluguel/apartamentos/sp+sao-paulo/?tipos=apartamento_residencial%2Cstudio_residencial%2Ckitnet_residencial%2Ccasa_residencial%2Csobrado_residencial%2Ccondominio_residencial%2Ccasa-vila_residencial%2Ccobertura_residencial%2Cflat_residencial%2Cloft_residencial&pagina=284
2026-03-13 18:09:06,511 - INFO - Aguardando 5.0s para carregamento...
2026-03-13 18:09:20,630 - INFO - Analisando página HTML...
2026-03-13 18:09:20,631 - INFO - Tentativa 1 (links com /imovel/): 26 cards
2026-03-13 18:09:20,633 - INFO - ✓ Página 284: 26 imóveis extraídos
2026-03-13 18:09:20,711 - INFO - Driver fechado
2026-03-13 18:09:20,713 - INFO - ✓ Página 284 salva em data/raw/por_pagina/sao-paulo_sp_pagina284.csv
2026-03-13 18:09:20,713 - INFO - Aguardando 8.0s antes da próxima página...
2026-03-13 18:09:28,667 - INFO - ============================================================
2026-03-13 18:09:28,667 - INFO - PÁGINA 285
2026-03-13 18:09:28,667 - INFO - ============================================================
2026-03-13 18:09:28,667 - INFO - ====== WebDriver manager ======
2026-03-13 18:09:28,726 - INFO - Get LATEST chromedriver version for google-chrome
2026-03-13 18:09:28,882 - INFO - Get LATEST chromedriver version for google-chrome
2026-03-13 18:09:28,963 - INFO - Driver [/home/felipe/.wdm/drivers/chromedriver/linux64/145.0.7632.117/chromedriver-linux64/chromedriver] found in cache
2026-03-13 18:09:29,775 - INFO - Driver criado com User-Agent: Mozilla/5.0 (Macintosh; Intel Mac OS X 10_15_7) Ap...
2026-03-13 18:09:29,775 - INFO - Acessando: https://www.zapimoveis.com.br/aluguel/apartamentos/sp+sao-paulo/?tipos=apartamento_residencial%2Cstudio_residencial%2Ckitnet_residencial%2Ccasa_residencial%2Csobrado_residencial%2Ccondominio_residencial%2Ccasa-vila_residencial%2Ccobertura_residencial%2Cflat_residencial%2Cloft_residencial&pagina=285
2026-03-13 18:09:38,042 - INFO - Aguardando 5.6s para carregamento...
2026-03-13 18:09:52,221 - INFO - Analisando página HTML...
2026-03-13 18:09:52,222 - INFO - Tentativa 1 (links com /imovel/): 26 cards
2026-03-13 18:09:52,225 - INFO - ✓ Página 285: 26 imóveis extraídos
2026-03-13 18:09:52,301 - INFO - Driver fechado
2026-03-13 18:09:52,303 - INFO - ✓ Página 285 salva em data/raw/por_pagina/sao-paulo_sp_pagina285.csv
2026-03-13 18:09:52,303 - INFO - Aguardando 5.7s antes da próxima página...
2026-03-13 18:09:58,032 - INFO - ============================================================
2026-03-13 18:09:58,032 - INFO - PÁGINA 286
2026-03-13 18:09:58,032 - INFO - ============================================================
2026-03-13 18:09:58,032 - INFO - ====== WebDriver manager ======
2026-03-13 18:09:58,091 - INFO - Get LATEST chromedriver version for google-chrome
2026-03-13 18:09:58,318 - INFO - Get LATEST chromedriver version for google-chrome
2026-03-13 18:09:58,400 - INFO - Driver [/home/felipe/.wdm/drivers/chromedriver/linux64/145.0.7632.117/chromedriver-linux64/chromedriver] found in cache
2026-03-13 18:09:59,213 - INFO - Driver criado com User-Agent: Mozilla/5.0 (Macintosh; Intel Mac OS X 10_15_7) Ap...
2026-03-13 18:09:59,213 - INFO - Acessando: https://www.zapimoveis.com.br/aluguel/apartamentos/sp+sao-paulo/?tipos=apartamento_residencial%2Cstudio_residencial%2Ckitnet_residencial%2Ccasa_residencial%2Csobrado_residencial%2Ccondominio_residencial%2Ccasa-vila_residencial%2Ccobertura_residencial%2Cflat_residencial%2Cloft_residencial&pagina=286
2026-03-13 18:10:00,426 - INFO - Aguardando 6.2s para carregamento...
2026-03-13 18:10:15,114 - INFO - Analisando página HTML...
2026-03-13 18:10:15,115 - INFO - Tentativa 1 (links com /imovel/): 26 cards
2026-03-13 18:10:15,118 - INFO - ✓ Página 286: 26 imóveis extraídos
2026-03-13 18:10:15,194 - INFO - Driver fechado
2026-03-13 18:10:15,196 - INFO - ✓ Página 286 salva em data/raw/por_pagina/sao-paulo_sp_pagina286.csv
2026-03-13 18:10:15,196 - INFO - Aguardando 7.0s antes da próxima página...
2026-03-13 18:10:22,238 - INFO - ============================================================
2026-03-13 18:10:22,238 - INFO - PÁGINA 287
2026-03-13 18:10:22,238 - INFO - ============================================================
2026-03-13 18:10:22,238 - INFO - ====== WebDriver manager ======
2026-03-13 18:10:22,298 - INFO - Get LATEST chromedriver version for google-chrome
2026-03-13 18:10:22,379 - INFO - Get LATEST chromedriver version for google-chrome
2026-03-13 18:10:22,469 - INFO - Driver [/home/felipe/.wdm/drivers/chromedriver/linux64/145.0.7632.117/chromedriver-linux64/chromedriver] found in cache
2026-03-13 18:10:23,288 - INFO - Driver criado com User-Agent: Mozilla/5.0 (X11; Linux x86_64) AppleWebKit/537.36...
2026-03-13 18:10:23,288 - INFO - Acessando: https://www.zapimoveis.com.br/aluguel/apartamentos/sp+sao-paulo/?tipos=apartamento_residencial%2Cstudio_residencial%2Ckitnet_residencial%2Ccasa_residencial%2Csobrado_residencial%2Ccondominio_residencial%2Ccasa-vila_residencial%2Ccobertura_residencial%2Cflat_residencial%2Cloft_residencial&pagina=287
2026-03-13 18:10:24,619 - INFO - Aguardando 7.4s para carregamento...
2026-03-13 18:10:40,382 - INFO - Analisando página HTML...
2026-03-13 18:10:40,383 - INFO - Tentativa 1 (links com /imovel/): 19 cards
2026-03-13 18:10:40,385 - INFO - ✓ Página 287: 19 imóveis extraídos
2026-03-13 18:10:40,463 - INFO - Driver fechado
2026-03-13 18:10:40,465 - INFO - ✓ Página 287 salva em data/raw/por_pagina/sao-paulo_sp_pagina287.csv
2026-03-13 18:10:40,465 - INFO - Aguardando 7.6s antes da próxima página...
2026-03-13 18:10:48,101 - INFO - ============================================================
2026-03-13 18:10:48,101 - INFO - PÁGINA 288
2026-03-13 18:10:48,101 - INFO - ============================================================
2026-03-13 18:10:48,101 - INFO - ====== WebDriver manager ======
2026-03-13 18:10:48,159 - INFO - Get LATEST chromedriver version for google-chrome
2026-03-13 18:10:48,233 - INFO - Get LATEST chromedriver version for google-chrome
2026-03-13 18:10:48,332 - INFO - Driver [/home/felipe/.wdm/drivers/chromedriver/linux64/145.0.7632.117/chromedriver-linux64/chromedriver] found in cache
2026-03-13 18:10:49,154 - INFO - Driver criado com User-Agent: Mozilla/5.0 (X11; Linux x86_64) AppleWebKit/537.36...
2026-03-13 18:10:49,154 - INFO - Acessando: https://www.zapimoveis.com.br/aluguel/apartamentos/sp+sao-paulo/?tipos=apartamento_residencial%2Cstudio_residencial%2Ckitnet_residencial%2Ccasa_residencial%2Csobrado_residencial%2Ccondominio_residencial%2Ccasa-vila_residencial%2Ccobertura_residencial%2Cflat_residencial%2Cloft_residencial&pagina=288
2026-03-13 18:10:50,436 - INFO - Aguardando 5.5s para carregamento...
2026-03-13 18:11:03,805 - INFO - Analisando página HTML...
2026-03-13 18:11:03,806 - INFO - Tentativa 1 (links com /imovel/): 27 cards
2026-03-13 18:11:03,809 - INFO - ✓ Página 288: 27 imóveis extraídos
2026-03-13 18:11:03,883 - INFO - Driver fechado
2026-03-13 18:11:03,886 - INFO - ✓ Página 288 salva em data/raw/por_pagina/sao-paulo_sp_pagina288.csv
2026-03-13 18:11:03,887 - INFO - Aguardando 6.0s antes da próxima página...
2026-03-13 18:11:09,867 - INFO - ============================================================
2026-03-13 18:11:09,867 - INFO - PÁGINA 289
2026-03-13 18:11:09,867 - INFO - ============================================================
2026-03-13 18:11:09,867 - INFO - ====== WebDriver manager ======
2026-03-13 18:11:09,925 - INFO - Get LATEST chromedriver version for google-chrome
2026-03-13 18:11:09,993 - INFO - Get LATEST chromedriver version for google-chrome
2026-03-13 18:11:10,083 - INFO - Driver [/home/felipe/.wdm/drivers/chromedriver/linux64/145.0.7632.117/chromedriver-linux64/chromedriver] found in cache
2026-03-13 18:11:10,894 - INFO - Driver criado com User-Agent: Mozilla/5.0 (Macintosh; Intel Mac OS X 10_15_7) Ap...
2026-03-13 18:11:10,895 - INFO - Acessando: https://www.zapimoveis.com.br/aluguel/apartamentos/sp+sao-paulo/?tipos=apartamento_residencial%2Cstudio_residencial%2Ckitnet_residencial%2Ccasa_residencial%2Csobrado_residencial%2Ccondominio_residencial%2Ccasa-vila_residencial%2Ccobertura_residencial%2Cflat_residencial%2Cloft_residencial&pagina=289
2026-03-13 18:11:12,052 - INFO - Aguardando 6.3s para carregamento...
2026-03-13 18:11:27,514 - INFO - Analisando página HTML...
2026-03-13 18:11:27,515 - INFO - Tentativa 1 (links com /imovel/): 28 cards
2026-03-13 18:11:27,518 - INFO - ✓ Página 289: 28 imóveis extraídos
2026-03-13 18:11:27,595 - INFO - Driver fechado
2026-03-13 18:11:27,599 - INFO - ✓ Página 289 salva em data/raw/por_pagina/sao-paulo_sp_pagina289.csv
2026-03-13 18:11:27,599 - INFO - Aguardando 6.2s antes da próxima página...
2026-03-13 18:11:33,816 - INFO - ============================================================
2026-03-13 18:11:33,816 - INFO - PÁGINA 290
2026-03-13 18:11:33,816 - INFO - ============================================================
2026-03-13 18:11:33,816 - INFO - ====== WebDriver manager ======
2026-03-13 18:11:33,875 - INFO - Get LATEST chromedriver version for google-chrome
2026-03-13 18:11:33,946 - INFO - Get LATEST chromedriver version for google-chrome
2026-03-13 18:11:34,051 - INFO - Driver [/home/felipe/.wdm/drivers/chromedriver/linux64/145.0.7632.117/chromedriver-linux64/chromedriver] found in cache
2026-03-13 18:11:34,866 - INFO - Driver criado com User-Agent: Mozilla/5.0 (X11; Linux x86_64) AppleWebKit/537.36...
2026-03-13 18:11:34,866 - INFO - Acessando: https://www.zapimoveis.com.br/aluguel/apartamentos/sp+sao-paulo/?tipos=apartamento_residencial%2Cstudio_residencial%2Ckitnet_residencial%2Ccasa_residencial%2Csobrado_residencial%2Ccondominio_residencial%2Ccasa-vila_residencial%2Ccobertura_residencial%2Cflat_residencial%2Cloft_residencial&pagina=290
2026-03-13 18:11:36,096 - INFO - Aguardando 7.6s para carregamento...
2026-03-13 18:11:52,997 - INFO - Analisando página HTML...
2026-03-13 18:11:52,999 - INFO - Tentativa 1 (links com /imovel/): 24 cards
2026-03-13 18:11:53,001 - INFO - ✓ Página 290: 24 imóveis extraídos
2026-03-13 18:11:53,079 - INFO - Driver fechado
2026-03-13 18:11:53,081 - INFO - ✓ Página 290 salva em data/raw/por_pagina/sao-paulo_sp_pagina290.csv
2026-03-13 18:11:53,081 - INFO - Aguardando 9.0s antes da próxima página...
2026-03-13 18:12:02,070 - INFO - ============================================================
2026-03-13 18:12:02,070 - INFO - PÁGINA 291
2026-03-13 18:12:02,070 - INFO - ============================================================
2026-03-13 18:12:02,070 - INFO - ====== WebDriver manager ======
2026-03-13 18:12:02,128 - INFO - Get LATEST chromedriver version for google-chrome
2026-03-13 18:12:02,208 - INFO - Get LATEST chromedriver version for google-chrome
2026-03-13 18:12:02,297 - INFO - Driver [/home/felipe/.wdm/drivers/chromedriver/linux64/145.0.7632.117/chromedriver-linux64/chromedriver] found in cache
2026-03-13 18:12:03,111 - INFO - Driver criado com User-Agent: Mozilla/5.0 (Windows NT 10.0; Win64; x64; rv:121.0...
2026-03-13 18:12:03,111 - INFO - Acessando: https://www.zapimoveis.com.br/aluguel/apartamentos/sp+sao-paulo/?tipos=apartamento_residencial%2Cstudio_residencial%2Ckitnet_residencial%2Ccasa_residencial%2Csobrado_residencial%2Ccondominio_residencial%2Ccasa-vila_residencial%2Ccobertura_residencial%2Cflat_residencial%2Cloft_residencial&pagina=291
2026-03-13 18:12:05,114 - INFO - Aguardando 7.3s para carregamento...
2026-03-13 18:12:19,851 - INFO - Analisando página HTML...
2026-03-13 18:12:19,852 - INFO - Tentativa 1 (links com /imovel/): 23 cards
2026-03-13 18:12:19,854 - INFO - ✓ Página 291: 23 imóveis extraídos
2026-03-13 18:12:19,932 - INFO - Driver fechado
2026-03-13 18:12:19,933 - INFO - ✓ Página 291 salva em data/raw/por_pagina/sao-paulo_sp_pagina291.csv
2026-03-13 18:12:19,933 - INFO - Aguardando 8.7s antes da próxima página...
2026-03-13 18:12:28,663 - INFO - ============================================================
2026-03-13 18:12:28,663 - INFO - PÁGINA 292
2026-03-13 18:12:28,663 - INFO - ============================================================
2026-03-13 18:12:28,663 - INFO - ====== WebDriver manager ======
2026-03-13 18:12:28,722 - INFO - Get LATEST chromedriver version for google-chrome
2026-03-13 18:12:28,808 - INFO - Get LATEST chromedriver version for google-chrome
2026-03-13 18:12:28,889 - INFO - Driver [/home/felipe/.wdm/drivers/chromedriver/linux64/145.0.7632.117/chromedriver-linux64/chromedriver] found in cache
2026-03-13 18:12:29,706 - INFO - Driver criado com User-Agent: Mozilla/5.0 (X11; Linux x86_64) AppleWebKit/537.36...
2026-03-13 18:12:29,706 - INFO - Acessando: https://www.zapimoveis.com.br/aluguel/apartamentos/sp+sao-paulo/?tipos=apartamento_residencial%2Cstudio_residencial%2Ckitnet_residencial%2Ccasa_residencial%2Csobrado_residencial%2Ccondominio_residencial%2Ccasa-vila_residencial%2Ccobertura_residencial%2Cflat_residencial%2Cloft_residencial&pagina=292
2026-03-13 18:12:32,433 - INFO - Aguardando 7.4s para carregamento...
2026-03-13 18:12:49,209 - INFO - Analisando página HTML...
2026-03-13 18:12:49,210 - INFO - Tentativa 1 (links com /imovel/): 30 cards
2026-03-13 18:12:49,213 - INFO - ✓ Página 292: 30 imóveis extraídos
2026-03-13 18:12:49,290 - INFO - Driver fechado
2026-03-13 18:12:49,292 - INFO - ✓ Página 292 salva em data/raw/por_pagina/sao-paulo_sp_pagina292.csv
2026-03-13 18:12:49,292 - INFO - Aguardando 5.5s antes da próxima página...
2026-03-13 18:12:54,804 - INFO - ============================================================
2026-03-13 18:12:54,804 - INFO - PÁGINA 293
2026-03-13 18:12:54,804 - INFO - ============================================================
2026-03-13 18:12:54,805 - INFO - ====== WebDriver manager ======
2026-03-13 18:12:54,865 - INFO - Get LATEST chromedriver version for google-chrome
2026-03-13 18:12:54,979 - INFO - Get LATEST chromedriver version for google-chrome
2026-03-13 18:12:55,058 - INFO - Driver [/home/felipe/.wdm/drivers/chromedriver/linux64/145.0.7632.117/chromedriver-linux64/chromedriver] found in cache
2026-03-13 18:12:55,882 - INFO - Driver criado com User-Agent: Mozilla/5.0 (Windows NT 10.0; Win64; x64) AppleWeb...
2026-03-13 18:12:55,882 - INFO - Acessando: https://www.zapimoveis.com.br/aluguel/apartamentos/sp+sao-paulo/?tipos=apartamento_residencial%2Cstudio_residencial%2Ckitnet_residencial%2Ccasa_residencial%2Csobrado_residencial%2Ccondominio_residencial%2Ccasa-vila_residencial%2Ccobertura_residencial%2Cflat_residencial%2Cloft_residencial&pagina=293
2026-03-13 18:13:04,027 - INFO - Aguardando 7.1s para carregamento...
2026-03-13 18:13:18,550 - INFO - Analisando página HTML...
2026-03-13 18:13:18,551 - INFO - Tentativa 1 (links com /imovel/): 27 cards
2026-03-13 18:13:18,554 - INFO - ✓ Página 293: 27 imóveis extraídos
2026-03-13 18:13:18,630 - INFO - Driver fechado
2026-03-13 18:13:18,634 - INFO - ✓ Página 293 salva em data/raw/por_pagina/sao-paulo_sp_pagina293.csv
2026-03-13 18:13:18,634 - INFO - Aguardando 8.7s antes da próxima página...
2026-03-13 18:13:27,302 - INFO - ============================================================
2026-03-13 18:13:27,302 - INFO - PÁGINA 294
2026-03-13 18:13:27,302 - INFO - ============================================================
2026-03-13 18:13:27,302 - INFO - ====== WebDriver manager ======
2026-03-13 18:13:27,360 - INFO - Get LATEST chromedriver version for google-chrome
2026-03-13 18:13:27,452 - INFO - Get LATEST chromedriver version for google-chrome
2026-03-13 18:13:27,518 - INFO - Driver [/home/felipe/.wdm/drivers/chromedriver/linux64/145.0.7632.117/chromedriver-linux64/chromedriver] found in cache
2026-03-13 18:13:28,341 - INFO - Driver criado com User-Agent: Mozilla/5.0 (Windows NT 10.0; Win64; x64) AppleWeb...
2026-03-13 18:13:28,341 - INFO - Acessando: https://www.zapimoveis.com.br/aluguel/apartamentos/sp+sao-paulo/?tipos=apartamento_residencial%2Cstudio_residencial%2Ckitnet_residencial%2Ccasa_residencial%2Csobrado_residencial%2Ccondominio_residencial%2Ccasa-vila_residencial%2Ccobertura_residencial%2Cflat_residencial%2Cloft_residencial&pagina=294
2026-03-13 18:13:45,911 - INFO - Aguardando 5.2s para carregamento...
2026-03-13 18:13:59,732 - INFO - Analisando página HTML...
2026-03-13 18:13:59,734 - INFO - Tentativa 1 (links com /imovel/): 27 cards
2026-03-13 18:13:59,736 - INFO - ✓ Página 294: 27 imóveis extraídos
2026-03-13 18:13:59,813 - INFO - Driver fechado
2026-03-13 18:13:59,815 - INFO - ✓ Página 294 salva em data/raw/por_pagina/sao-paulo_sp_pagina294.csv
2026-03-13 18:13:59,815 - INFO - Aguardando 5.5s antes da próxima página...
2026-03-13 18:14:05,267 - INFO - ============================================================
2026-03-13 18:14:05,267 - INFO - PÁGINA 295
2026-03-13 18:14:05,267 - INFO - ============================================================
2026-03-13 18:14:05,267 - INFO - ====== WebDriver manager ======
2026-03-13 18:14:05,325 - INFO - Get LATEST chromedriver version for google-chrome
2026-03-13 18:14:05,496 - INFO - Get LATEST chromedriver version for google-chrome
2026-03-13 18:14:05,579 - INFO - Driver [/home/felipe/.wdm/drivers/chromedriver/linux64/145.0.7632.117/chromedriver-linux64/chromedriver] found in cache
2026-03-13 18:14:06,408 - INFO - Driver criado com User-Agent: Mozilla/5.0 (X11; Linux x86_64) AppleWebKit/537.36...
2026-03-13 18:14:06,408 - INFO - Acessando: https://www.zapimoveis.com.br/aluguel/apartamentos/sp+sao-paulo/?tipos=apartamento_residencial%2Cstudio_residencial%2Ckitnet_residencial%2Ccasa_residencial%2Csobrado_residencial%2Ccondominio_residencial%2Ccasa-vila_residencial%2Ccobertura_residencial%2Cflat_residencial%2Cloft_residencial&pagina=295
2026-03-13 18:14:07,754 - INFO - Aguardando 6.1s para carregamento...
2026-03-13 18:14:22,832 - INFO - Analisando página HTML...
2026-03-13 18:14:22,834 - INFO - Tentativa 1 (links com /imovel/): 29 cards
2026-03-13 18:14:22,837 - INFO - ✓ Página 295: 29 imóveis extraídos
2026-03-13 18:14:22,913 - INFO - Driver fechado
2026-03-13 18:14:22,915 - INFO - ✓ Página 295 salva em data/raw/por_pagina/sao-paulo_sp_pagina295.csv
2026-03-13 18:14:22,915 - INFO - Aguardando 9.1s antes da próxima página...
2026-03-13 18:14:32,046 - INFO - ============================================================
2026-03-13 18:14:32,046 - INFO - PÁGINA 296
2026-03-13 18:14:32,046 - INFO - ============================================================
2026-03-13 18:14:32,046 - INFO - ====== WebDriver manager ======
2026-03-13 18:14:32,105 - INFO - Get LATEST chromedriver version for google-chrome
2026-03-13 18:14:32,177 - INFO - Get LATEST chromedriver version for google-chrome
2026-03-13 18:14:32,246 - INFO - Driver [/home/felipe/.wdm/drivers/chromedriver/linux64/145.0.7632.117/chromedriver-linux64/chromedriver] found in cache
2026-03-13 18:14:33,052 - INFO - Driver criado com User-Agent: Mozilla/5.0 (Macintosh; Intel Mac OS X 10_15_7) Ap...
2026-03-13 18:14:33,052 - INFO - Acessando: https://www.zapimoveis.com.br/aluguel/apartamentos/sp+sao-paulo/?tipos=apartamento_residencial%2Cstudio_residencial%2Ckitnet_residencial%2Ccasa_residencial%2Csobrado_residencial%2Ccondominio_residencial%2Ccasa-vila_residencial%2Ccobertura_residencial%2Cflat_residencial%2Cloft_residencial&pagina=296
2026-03-13 18:14:34,301 - INFO - Aguardando 7.5s para carregamento...
2026-03-13 18:14:48,903 - INFO - Analisando página HTML...
2026-03-13 18:14:48,905 - INFO - Tentativa 1 (links com /imovel/): 27 cards
2026-03-13 18:14:48,907 - INFO - ✓ Página 296: 27 imóveis extraídos
2026-03-13 18:14:48,990 - INFO - Driver fechado
2026-03-13 18:14:48,993 - INFO - ✓ Página 296 salva em data/raw/por_pagina/sao-paulo_sp_pagina296.csv
2026-03-13 18:14:48,994 - INFO - Aguardando 7.3s antes da próxima página...
2026-03-13 18:14:56,323 - INFO - ============================================================
2026-03-13 18:14:56,323 - INFO - PÁGINA 297
2026-03-13 18:14:56,323 - INFO - ============================================================
2026-03-13 18:14:56,323 - INFO - ====== WebDriver manager ======
2026-03-13 18:14:56,381 - INFO - Get LATEST chromedriver version for google-chrome
2026-03-13 18:14:56,484 - INFO - Get LATEST chromedriver version for google-chrome
2026-03-13 18:14:56,570 - INFO - Driver [/home/felipe/.wdm/drivers/chromedriver/linux64/145.0.7632.117/chromedriver-linux64/chromedriver] found in cache
2026-03-13 18:14:57,371 - INFO - Driver criado com User-Agent: Mozilla/5.0 (Windows NT 10.0; Win64; x64) AppleWeb...
2026-03-13 18:14:57,372 - INFO - Acessando: https://www.zapimoveis.com.br/aluguel/apartamentos/sp+sao-paulo/?tipos=apartamento_residencial%2Cstudio_residencial%2Ckitnet_residencial%2Ccasa_residencial%2Csobrado_residencial%2Ccondominio_residencial%2Ccasa-vila_residencial%2Ccobertura_residencial%2Cflat_residencial%2Cloft_residencial&pagina=297
2026-03-13 18:14:58,441 - INFO - Aguardando 6.0s para carregamento...
2026-03-13 18:15:12,530 - INFO - Analisando página HTML...
2026-03-13 18:15:12,532 - INFO - Tentativa 1 (links com /imovel/): 28 cards
2026-03-13 18:15:12,534 - INFO - ✓ Página 297: 28 imóveis extraídos
2026-03-13 18:15:12,609 - INFO - Driver fechado
2026-03-13 18:15:12,612 - INFO - ✓ Página 297 salva em data/raw/por_pagina/sao-paulo_sp_pagina297.csv
2026-03-13 18:15:12,612 - INFO - Aguardando 9.5s antes da próxima página...
2026-03-13 18:15:22,097 - INFO - ============================================================
2026-03-13 18:15:22,097 - INFO - PÁGINA 298
2026-03-13 18:15:22,097 - INFO - ============================================================
2026-03-13 18:15:22,097 - INFO - ====== WebDriver manager ======
2026-03-13 18:15:22,155 - INFO - Get LATEST chromedriver version for google-chrome
2026-03-13 18:15:22,238 - INFO - Get LATEST chromedriver version for google-chrome
2026-03-13 18:15:22,319 - INFO - Driver [/home/felipe/.wdm/drivers/chromedriver/linux64/145.0.7632.117/chromedriver-linux64/chromedriver] found in cache
2026-03-13 18:15:23,116 - INFO - Driver criado com User-Agent: Mozilla/5.0 (Macintosh; Intel Mac OS X 10_15_7) Ap...
2026-03-13 18:15:23,116 - INFO - Acessando: https://www.zapimoveis.com.br/aluguel/apartamentos/sp+sao-paulo/?tipos=apartamento_residencial%2Cstudio_residencial%2Ckitnet_residencial%2Ccasa_residencial%2Csobrado_residencial%2Ccondominio_residencial%2Ccasa-vila_residencial%2Ccobertura_residencial%2Cflat_residencial%2Cloft_residencial&pagina=298
2026-03-13 18:15:24,503 - INFO - Aguardando 7.7s para carregamento...
2026-03-13 18:15:40,201 - INFO - Analisando página HTML...
2026-03-13 18:15:40,202 - INFO - Tentativa 1 (links com /imovel/): 30 cards
2026-03-13 18:15:40,205 - INFO - ✓ Página 298: 30 imóveis extraídos
2026-03-13 18:15:40,281 - INFO - Driver fechado
2026-03-13 18:15:40,283 - INFO - ✓ Página 298 salva em data/raw/por_pagina/sao-paulo_sp_pagina298.csv
2026-03-13 18:15:40,283 - INFO - Aguardando 9.8s antes da próxima página...
2026-03-13 18:15:50,101 - INFO - ============================================================
2026-03-13 18:15:50,102 - INFO - PÁGINA 299
2026-03-13 18:15:50,102 - INFO - ============================================================
2026-03-13 18:15:50,102 - INFO - ====== WebDriver manager ======
2026-03-13 18:15:50,160 - INFO - Get LATEST chromedriver version for google-chrome
2026-03-13 18:15:50,260 - INFO - Get LATEST chromedriver version for google-chrome
2026-03-13 18:15:50,356 - INFO - Driver [/home/felipe/.wdm/drivers/chromedriver/linux64/145.0.7632.117/chromedriver-linux64/chromedriver] found in cache
2026-03-13 18:15:51,159 - INFO - Driver criado com User-Agent: Mozilla/5.0 (Macintosh; Intel Mac OS X 10_15_7) Ap...
2026-03-13 18:15:51,159 - INFO - Acessando: https://www.zapimoveis.com.br/aluguel/apartamentos/sp+sao-paulo/?tipos=apartamento_residencial%2Cstudio_residencial%2Ckitnet_residencial%2Ccasa_residencial%2Csobrado_residencial%2Ccondominio_residencial%2Ccasa-vila_residencial%2Ccobertura_residencial%2Cflat_residencial%2Cloft_residencial&pagina=299
2026-03-13 18:15:52,695 - INFO - Aguardando 6.1s para carregamento...
2026-03-13 18:16:06,904 - INFO - Analisando página HTML...
2026-03-13 18:16:06,906 - INFO - Tentativa 1 (links com /imovel/): 30 cards
2026-03-13 18:16:06,909 - INFO - ✓ Página 299: 30 imóveis extraídos
2026-03-13 18:16:06,991 - INFO - Driver fechado
2026-03-13 18:16:06,992 - INFO - ✓ Página 299 salva em data/raw/por_pagina/sao-paulo_sp_pagina299.csv
2026-03-13 18:16:06,992 - INFO - Aguardando 8.7s antes da próxima página...
2026-03-13 18:16:15,693 - INFO - ============================================================
2026-03-13 18:16:15,693 - INFO - PÁGINA 300
2026-03-13 18:16:15,693 - INFO - ============================================================
2026-03-13 18:16:15,693 - INFO - ====== WebDriver manager ======
2026-03-13 18:16:15,752 - INFO - Get LATEST chromedriver version for google-chrome
2026-03-13 18:16:15,833 - INFO - Get LATEST chromedriver version for google-chrome
2026-03-13 18:16:15,926 - INFO - Driver [/home/felipe/.wdm/drivers/chromedriver/linux64/145.0.7632.117/chromedriver-linux64/chromedriver] found in cache
2026-03-13 18:16:16,731 - INFO - Driver criado com User-Agent: Mozilla/5.0 (Macintosh; Intel Mac OS X 10_15_7) Ap...
2026-03-13 18:16:16,731 - INFO - Acessando: https://www.zapimoveis.com.br/aluguel/apartamentos/sp+sao-paulo/?tipos=apartamento_residencial%2Cstudio_residencial%2Ckitnet_residencial%2Ccasa_residencial%2Csobrado_residencial%2Ccondominio_residencial%2Ccasa-vila_residencial%2Ccobertura_residencial%2Cflat_residencial%2Cloft_residencial&pagina=300
2026-03-13 18:16:18,495 - INFO - Aguardando 6.4s para carregamento...
2026-03-13 18:16:33,356 - INFO - Analisando página HTML...
2026-03-13 18:16:33,357 - INFO - Tentativa 1 (links com /imovel/): 28 cards
2026-03-13 18:16:33,360 - INFO - ✓ Página 300: 28 imóveis extraídos
2026-03-13 18:16:33,436 - INFO - Driver fechado
2026-03-13 18:16:33,440 - INFO - ✓ Página 300 salva em data/raw/por_pagina/sao-paulo_sp_pagina300.csv
2026-03-13 18:16:33,440 - INFO - Aguardando 7.8s antes da próxima página...
2026-03-13 18:16:41,195 - INFO - ============================================================
2026-03-13 18:16:41,196 - INFO - PÁGINA 301
2026-03-13 18:16:41,196 - INFO - ============================================================
2026-03-13 18:16:41,196 - INFO - ====== WebDriver manager ======
2026-03-13 18:16:41,254 - INFO - Get LATEST chromedriver version for google-chrome
2026-03-13 18:16:41,347 - INFO - Get LATEST chromedriver version for google-chrome
2026-03-13 18:16:41,442 - INFO - Driver [/home/felipe/.wdm/drivers/chromedriver/linux64/145.0.7632.117/chromedriver-linux64/chromedriver] found in cache
2026-03-13 18:16:42,245 - INFO - Driver criado com User-Agent: Mozilla/5.0 (Windows NT 10.0; Win64; x64) AppleWeb...
2026-03-13 18:16:42,245 - INFO - Acessando: https://www.zapimoveis.com.br/aluguel/apartamentos/sp+sao-paulo/?tipos=apartamento_residencial%2Cstudio_residencial%2Ckitnet_residencial%2Ccasa_residencial%2Csobrado_residencial%2Ccondominio_residencial%2Ccasa-vila_residencial%2Ccobertura_residencial%2Cflat_residencial%2Cloft_residencial&pagina=301
2026-03-13 18:16:43,800 - INFO - Aguardando 7.7s para carregamento...
2026-03-13 18:16:59,410 - INFO - Analisando página HTML...
2026-03-13 18:16:59,411 - INFO - Tentativa 1 (links com /imovel/): 25 cards
2026-03-13 18:16:59,414 - INFO - ✓ Página 301: 25 imóveis extraídos
2026-03-13 18:16:59,492 - INFO - Driver fechado
2026-03-13 18:16:59,494 - INFO - ✓ Página 301 salva em data/raw/por_pagina/sao-paulo_sp_pagina301.csv
2026-03-13 18:16:59,494 - INFO - Aguardando 9.5s antes da próxima página...
2026-03-13 18:17:09,038 - INFO - ============================================================
2026-03-13 18:17:09,038 - INFO - PÁGINA 302
2026-03-13 18:17:09,038 - INFO - ============================================================
2026-03-13 18:17:09,038 - INFO - ====== WebDriver manager ======
2026-03-13 18:17:09,095 - INFO - Get LATEST chromedriver version for google-chrome
2026-03-13 18:17:09,176 - INFO - Get LATEST chromedriver version for google-chrome
2026-03-13 18:17:09,254 - INFO - Driver [/home/felipe/.wdm/drivers/chromedriver/linux64/145.0.7632.117/chromedriver-linux64/chromedriver] found in cache
2026-03-13 18:17:10,102 - INFO - Driver criado com User-Agent: Mozilla/5.0 (Windows NT 10.0; Win64; x64) AppleWeb...
2026-03-13 18:17:10,102 - INFO - Acessando: https://www.zapimoveis.com.br/aluguel/apartamentos/sp+sao-paulo/?tipos=apartamento_residencial%2Cstudio_residencial%2Ckitnet_residencial%2Ccasa_residencial%2Csobrado_residencial%2Ccondominio_residencial%2Ccasa-vila_residencial%2Ccobertura_residencial%2Cflat_residencial%2Cloft_residencial&pagina=302
2026-03-13 18:17:11,202 - INFO - Aguardando 6.8s para carregamento...
2026-03-13 18:17:25,315 - INFO - Analisando página HTML...
2026-03-13 18:17:25,316 - INFO - Tentativa 1 (links com /imovel/): 25 cards
2026-03-13 18:17:25,319 - INFO - ✓ Página 302: 25 imóveis extraídos
2026-03-13 18:17:25,396 - INFO - Driver fechado
2026-03-13 18:17:25,399 - INFO - ✓ Página 302 salva em data/raw/por_pagina/sao-paulo_sp_pagina302.csv
2026-03-13 18:17:25,399 - INFO - Aguardando 5.6s antes da próxima página...
2026-03-13 18:17:31,029 - INFO - ============================================================
2026-03-13 18:17:31,029 - INFO - PÁGINA 303
2026-03-13 18:17:31,029 - INFO - ============================================================
2026-03-13 18:17:31,030 - INFO - ====== WebDriver manager ======
2026-03-13 18:17:31,088 - INFO - Get LATEST chromedriver version for google-chrome
2026-03-13 18:17:31,169 - INFO - Get LATEST chromedriver version for google-chrome
2026-03-13 18:17:31,265 - INFO - Driver [/home/felipe/.wdm/drivers/chromedriver/linux64/145.0.7632.117/chromedriver-linux64/chromedriver] found in cache
2026-03-13 18:17:32,066 - INFO - Driver criado com User-Agent: Mozilla/5.0 (X11; Linux x86_64) AppleWebKit/537.36...
2026-03-13 18:17:32,066 - INFO - Acessando: https://www.zapimoveis.com.br/aluguel/apartamentos/sp+sao-paulo/?tipos=apartamento_residencial%2Cstudio_residencial%2Ckitnet_residencial%2Ccasa_residencial%2Csobrado_residencial%2Ccondominio_residencial%2Ccasa-vila_residencial%2Ccobertura_residencial%2Cflat_residencial%2Cloft_residencial&pagina=303
2026-03-13 18:17:33,368 - INFO - Aguardando 5.8s para carregamento...
2026-03-13 18:17:47,523 - INFO - Analisando página HTML...
2026-03-13 18:17:47,524 - INFO - Tentativa 1 (links com /imovel/): 26 cards
2026-03-13 18:17:47,527 - INFO - ✓ Página 303: 26 imóveis extraídos
2026-03-13 18:17:47,602 - INFO - Driver fechado
2026-03-13 18:17:47,604 - INFO - ✓ Página 303 salva em data/raw/por_pagina/sao-paulo_sp_pagina303.csv
2026-03-13 18:17:47,604 - INFO - Aguardando 8.2s antes da próxima página...
2026-03-13 18:17:55,840 - INFO - ============================================================
2026-03-13 18:17:55,840 - INFO - PÁGINA 304
2026-03-13 18:17:55,840 - INFO - ============================================================
2026-03-13 18:17:55,840 - INFO - ====== WebDriver manager ======
2026-03-13 18:17:55,899 - INFO - Get LATEST chromedriver version for google-chrome
2026-03-13 18:17:55,976 - INFO - Get LATEST chromedriver version for google-chrome
2026-03-13 18:17:56,053 - INFO - Driver [/home/felipe/.wdm/drivers/chromedriver/linux64/145.0.7632.117/chromedriver-linux64/chromedriver] found in cache
2026-03-13 18:17:56,855 - INFO - Driver criado com User-Agent: Mozilla/5.0 (X11; Linux x86_64) AppleWebKit/537.36...
2026-03-13 18:17:56,855 - INFO - Acessando: https://www.zapimoveis.com.br/aluguel/apartamentos/sp+sao-paulo/?tipos=apartamento_residencial%2Cstudio_residencial%2Ckitnet_residencial%2Ccasa_residencial%2Csobrado_residencial%2Ccondominio_residencial%2Ccasa-vila_residencial%2Ccobertura_residencial%2Cflat_residencial%2Cloft_residencial&pagina=304
2026-03-13 18:17:58,332 - INFO - Aguardando 5.7s para carregamento...
2026-03-13 18:18:10,560 - INFO - Analisando página HTML...
2026-03-13 18:18:10,561 - INFO - Tentativa 1 (links com /imovel/): 29 cards
2026-03-13 18:18:10,564 - INFO - ✓ Página 304: 29 imóveis extraídos
2026-03-13 18:18:10,634 - INFO - Driver fechado
2026-03-13 18:18:10,636 - INFO - ✓ Página 304 salva em data/raw/por_pagina/sao-paulo_sp_pagina304.csv
2026-03-13 18:18:10,636 - INFO - Aguardando 8.2s antes da próxima página...
2026-03-13 18:18:18,816 - INFO - ============================================================
2026-03-13 18:18:18,816 - INFO - PÁGINA 305
2026-03-13 18:18:18,816 - INFO - ============================================================
2026-03-13 18:18:18,816 - INFO - ====== WebDriver manager ======
2026-03-13 18:18:18,878 - INFO - Get LATEST chromedriver version for google-chrome
2026-03-13 18:18:18,963 - INFO - Get LATEST chromedriver version for google-chrome
2026-03-13 18:18:19,037 - INFO - Driver [/home/felipe/.wdm/drivers/chromedriver/linux64/145.0.7632.117/chromedriver-linux64/chromedriver] found in cache
2026-03-13 18:18:19,837 - INFO - Driver criado com User-Agent: Mozilla/5.0 (Windows NT 10.0; Win64; x64) AppleWeb...
2026-03-13 18:18:19,837 - INFO - Acessando: https://www.zapimoveis.com.br/aluguel/apartamentos/sp+sao-paulo/?tipos=apartamento_residencial%2Cstudio_residencial%2Ckitnet_residencial%2Ccasa_residencial%2Csobrado_residencial%2Ccondominio_residencial%2Ccasa-vila_residencial%2Ccobertura_residencial%2Cflat_residencial%2Cloft_residencial&pagina=305
2026-03-13 18:18:20,962 - INFO - Aguardando 5.2s para carregamento...
2026-03-13 18:18:35,037 - INFO - Analisando página HTML...
2026-03-13 18:18:35,038 - INFO - Tentativa 1 (links com /imovel/): 28 cards
2026-03-13 18:18:35,041 - INFO - ✓ Página 305: 28 imóveis extraídos
2026-03-13 18:18:35,116 - INFO - Driver fechado
2026-03-13 18:18:35,119 - INFO - ✓ Página 305 salva em data/raw/por_pagina/sao-paulo_sp_pagina305.csv
2026-03-13 18:18:35,119 - INFO - Aguardando 5.6s antes da próxima página...
2026-03-13 18:18:40,701 - INFO - ============================================================
2026-03-13 18:18:40,701 - INFO - PÁGINA 306
2026-03-13 18:18:40,701 - INFO - ============================================================
2026-03-13 18:18:40,701 - INFO - ====== WebDriver manager ======
2026-03-13 18:18:40,760 - INFO - Get LATEST chromedriver version for google-chrome
2026-03-13 18:18:40,851 - INFO - Get LATEST chromedriver version for google-chrome
2026-03-13 18:18:40,932 - INFO - Driver [/home/felipe/.wdm/drivers/chromedriver/linux64/145.0.7632.117/chromedriver-linux64/chromedriver] found in cache
2026-03-13 18:18:41,730 - INFO - Driver criado com User-Agent: Mozilla/5.0 (Macintosh; Intel Mac OS X 10_15_7) Ap...
2026-03-13 18:18:41,730 - INFO - Acessando: https://www.zapimoveis.com.br/aluguel/apartamentos/sp+sao-paulo/?tipos=apartamento_residencial%2Cstudio_residencial%2Ckitnet_residencial%2Ccasa_residencial%2Csobrado_residencial%2Ccondominio_residencial%2Ccasa-vila_residencial%2Ccobertura_residencial%2Cflat_residencial%2Cloft_residencial&pagina=306
2026-03-13 18:18:42,992 - INFO - Aguardando 6.4s para carregamento...
2026-03-13 18:18:57,014 - INFO - Analisando página HTML...
2026-03-13 18:18:57,016 - INFO - Tentativa 1 (links com /imovel/): 27 cards
2026-03-13 18:18:57,018 - INFO - ✓ Página 306: 27 imóveis extraídos
2026-03-13 18:18:57,094 - INFO - Driver fechado
2026-03-13 18:18:57,098 - INFO - ✓ Página 306 salva em data/raw/por_pagina/sao-paulo_sp_pagina306.csv
2026-03-13 18:18:57,098 - INFO - Aguardando 5.2s antes da próxima página...
2026-03-13 18:19:02,314 - INFO - ============================================================
2026-03-13 18:19:02,314 - INFO - PÁGINA 307
2026-03-13 18:19:02,314 - INFO - ============================================================
2026-03-13 18:19:02,314 - INFO - ====== WebDriver manager ======
2026-03-13 18:19:02,373 - INFO - Get LATEST chromedriver version for google-chrome
2026-03-13 18:19:02,459 - INFO - Get LATEST chromedriver version for google-chrome
2026-03-13 18:19:02,530 - INFO - Driver [/home/felipe/.wdm/drivers/chromedriver/linux64/145.0.7632.117/chromedriver-linux64/chromedriver] found in cache
2026-03-13 18:19:03,335 - INFO - Driver criado com User-Agent: Mozilla/5.0 (X11; Linux x86_64) AppleWebKit/537.36...
2026-03-13 18:19:03,335 - INFO - Acessando: https://www.zapimoveis.com.br/aluguel/apartamentos/sp+sao-paulo/?tipos=apartamento_residencial%2Cstudio_residencial%2Ckitnet_residencial%2Ccasa_residencial%2Csobrado_residencial%2Ccondominio_residencial%2Ccasa-vila_residencial%2Ccobertura_residencial%2Cflat_residencial%2Cloft_residencial&pagina=307
2026-03-13 18:19:04,599 - INFO - Aguardando 7.7s para carregamento...
2026-03-13 18:19:20,591 - INFO - Analisando página HTML...
2026-03-13 18:19:20,592 - INFO - Tentativa 1 (links com /imovel/): 27 cards
2026-03-13 18:19:20,595 - INFO - ✓ Página 307: 27 imóveis extraídos
2026-03-13 18:19:20,672 - INFO - Driver fechado
2026-03-13 18:19:20,673 - INFO - ✓ Página 307 salva em data/raw/por_pagina/sao-paulo_sp_pagina307.csv
2026-03-13 18:19:20,673 - INFO - Aguardando 8.8s antes da próxima página...
2026-03-13 18:19:29,466 - INFO - ============================================================
2026-03-13 18:19:29,466 - INFO - PÁGINA 308
2026-03-13 18:19:29,466 - INFO - ============================================================
2026-03-13 18:19:29,466 - INFO - ====== WebDriver manager ======
2026-03-13 18:19:29,525 - INFO - Get LATEST chromedriver version for google-chrome
2026-03-13 18:19:29,605 - INFO - Get LATEST chromedriver version for google-chrome
2026-03-13 18:19:29,699 - INFO - Driver [/home/felipe/.wdm/drivers/chromedriver/linux64/145.0.7632.117/chromedriver-linux64/chromedriver] found in cache
2026-03-13 18:19:30,493 - INFO - Driver criado com User-Agent: Mozilla/5.0 (Macintosh; Intel Mac OS X 10_15_7) Ap...
2026-03-13 18:19:30,493 - INFO - Acessando: https://www.zapimoveis.com.br/aluguel/apartamentos/sp+sao-paulo/?tipos=apartamento_residencial%2Cstudio_residencial%2Ckitnet_residencial%2Ccasa_residencial%2Csobrado_residencial%2Ccondominio_residencial%2Ccasa-vila_residencial%2Ccobertura_residencial%2Cflat_residencial%2Cloft_residencial&pagina=308
2026-03-13 18:19:31,828 - INFO - Aguardando 7.7s para carregamento...
2026-03-13 18:19:47,956 - INFO - Analisando página HTML...
2026-03-13 18:19:47,957 - INFO - Tentativa 1 (links com /imovel/): 24 cards
2026-03-13 18:19:47,960 - INFO - ✓ Página 308: 24 imóveis extraídos
2026-03-13 18:19:48,036 - INFO - Driver fechado
2026-03-13 18:19:48,040 - INFO - ✓ Página 308 salva em data/raw/por_pagina/sao-paulo_sp_pagina308.csv
2026-03-13 18:19:48,040 - INFO - Aguardando 7.8s antes da próxima página...
2026-03-13 18:19:55,839 - INFO - ============================================================
2026-03-13 18:19:55,839 - INFO - PÁGINA 309
2026-03-13 18:19:55,839 - INFO - ============================================================
2026-03-13 18:19:55,839 - INFO - ====== WebDriver manager ======
2026-03-13 18:19:55,898 - INFO - Get LATEST chromedriver version for google-chrome
2026-03-13 18:19:56,095 - INFO - Get LATEST chromedriver version for google-chrome
2026-03-13 18:19:56,167 - INFO - Driver [/home/felipe/.wdm/drivers/chromedriver/linux64/145.0.7632.117/chromedriver-linux64/chromedriver] found in cache
2026-03-13 18:19:56,961 - INFO - Driver criado com User-Agent: Mozilla/5.0 (X11; Linux x86_64) AppleWebKit/537.36...
2026-03-13 18:19:56,961 - INFO - Acessando: https://www.zapimoveis.com.br/aluguel/apartamentos/sp+sao-paulo/?tipos=apartamento_residencial%2Cstudio_residencial%2Ckitnet_residencial%2Ccasa_residencial%2Csobrado_residencial%2Ccondominio_residencial%2Ccasa-vila_residencial%2Ccobertura_residencial%2Cflat_residencial%2Cloft_residencial&pagina=309
2026-03-13 18:19:58,140 - INFO - Aguardando 7.6s para carregamento...
2026-03-13 18:20:14,187 - INFO - Analisando página HTML...
2026-03-13 18:20:14,189 - INFO - Tentativa 1 (links com /imovel/): 27 cards
2026-03-13 18:20:14,191 - INFO - ✓ Página 309: 27 imóveis extraídos
2026-03-13 18:20:14,269 - INFO - Driver fechado
2026-03-13 18:20:14,271 - INFO - ✓ Página 309 salva em data/raw/por_pagina/sao-paulo_sp_pagina309.csv
2026-03-13 18:20:14,271 - INFO - Aguardando 6.4s antes da próxima página...
2026-03-13 18:20:20,643 - INFO - ============================================================
2026-03-13 18:20:20,643 - INFO - PÁGINA 310
2026-03-13 18:20:20,643 - INFO - ============================================================
2026-03-13 18:20:20,643 - INFO - ====== WebDriver manager ======
2026-03-13 18:20:20,701 - INFO - Get LATEST chromedriver version for google-chrome
2026-03-13 18:20:20,792 - INFO - Get LATEST chromedriver version for google-chrome
2026-03-13 18:20:20,874 - INFO - Driver [/home/felipe/.wdm/drivers/chromedriver/linux64/145.0.7632.117/chromedriver-linux64/chromedriver] found in cache
2026-03-13 18:20:21,678 - INFO - Driver criado com User-Agent: Mozilla/5.0 (X11; Linux x86_64) AppleWebKit/537.36...
2026-03-13 18:20:21,678 - INFO - Acessando: https://www.zapimoveis.com.br/aluguel/apartamentos/sp+sao-paulo/?tipos=apartamento_residencial%2Cstudio_residencial%2Ckitnet_residencial%2Ccasa_residencial%2Csobrado_residencial%2Ccondominio_residencial%2Ccasa-vila_residencial%2Ccobertura_residencial%2Cflat_residencial%2Cloft_residencial&pagina=310
2026-03-13 18:20:22,727 - INFO - Aguardando 6.5s para carregamento...
2026-03-13 18:20:36,510 - INFO - Analisando página HTML...
2026-03-13 18:20:36,511 - INFO - Tentativa 1 (links com /imovel/): 29 cards
2026-03-13 18:20:36,514 - INFO - ✓ Página 310: 29 imóveis extraídos
2026-03-13 18:20:36,585 - INFO - Driver fechado
2026-03-13 18:20:36,589 - INFO - ✓ Página 310 salva em data/raw/por_pagina/sao-paulo_sp_pagina310.csv
2026-03-13 18:20:36,589 - INFO - Aguardando 7.8s antes da próxima página...
2026-03-13 18:20:44,431 - INFO - ============================================================
2026-03-13 18:20:44,431 - INFO - PÁGINA 311
2026-03-13 18:20:44,431 - INFO - ============================================================
2026-03-13 18:20:44,431 - INFO - ====== WebDriver manager ======
2026-03-13 18:20:44,490 - INFO - Get LATEST chromedriver version for google-chrome
2026-03-13 18:20:44,576 - INFO - Get LATEST chromedriver version for google-chrome
2026-03-13 18:20:44,658 - INFO - Driver [/home/felipe/.wdm/drivers/chromedriver/linux64/145.0.7632.117/chromedriver-linux64/chromedriver] found in cache
2026-03-13 18:20:45,456 - INFO - Driver criado com User-Agent: Mozilla/5.0 (Macintosh; Intel Mac OS X 10_15_7) Ap...
2026-03-13 18:20:45,457 - INFO - Acessando: https://www.zapimoveis.com.br/aluguel/apartamentos/sp+sao-paulo/?tipos=apartamento_residencial%2Cstudio_residencial%2Ckitnet_residencial%2Ccasa_residencial%2Csobrado_residencial%2Ccondominio_residencial%2Ccasa-vila_residencial%2Ccobertura_residencial%2Cflat_residencial%2Cloft_residencial&pagina=311
2026-03-13 18:20:47,017 - INFO - Aguardando 7.5s para carregamento...
2026-03-13 18:21:03,084 - INFO - Analisando página HTML...
2026-03-13 18:21:03,086 - INFO - Tentativa 1 (links com /imovel/): 26 cards
2026-03-13 18:21:03,088 - INFO - ✓ Página 311: 26 imóveis extraídos
2026-03-13 18:21:03,165 - INFO - Driver fechado
2026-03-13 18:21:03,167 - INFO - ✓ Página 311 salva em data/raw/por_pagina/sao-paulo_sp_pagina311.csv
2026-03-13 18:21:03,167 - INFO - Aguardando 6.0s antes da próxima página...
2026-03-13 18:21:09,126 - INFO - ============================================================
2026-03-13 18:21:09,126 - INFO - PÁGINA 312
2026-03-13 18:21:09,126 - INFO - ============================================================
2026-03-13 18:21:09,126 - INFO - ====== WebDriver manager ======
2026-03-13 18:21:09,184 - INFO - Get LATEST chromedriver version for google-chrome
2026-03-13 18:21:09,265 - INFO - Get LATEST chromedriver version for google-chrome
2026-03-13 18:21:09,353 - INFO - Driver [/home/felipe/.wdm/drivers/chromedriver/linux64/145.0.7632.117/chromedriver-linux64/chromedriver] found in cache
2026-03-13 18:21:10,172 - INFO - Driver criado com User-Agent: Mozilla/5.0 (Windows NT 10.0; Win64; x64; rv:121.0...
2026-03-13 18:21:10,172 - INFO - Acessando: https://www.zapimoveis.com.br/aluguel/apartamentos/sp+sao-paulo/?tipos=apartamento_residencial%2Cstudio_residencial%2Ckitnet_residencial%2Ccasa_residencial%2Csobrado_residencial%2Ccondominio_residencial%2Ccasa-vila_residencial%2Ccobertura_residencial%2Cflat_residencial%2Cloft_residencial&pagina=312
2026-03-13 18:21:11,691 - INFO - Aguardando 5.8s para carregamento...
2026-03-13 18:21:25,631 - INFO - Analisando página HTML...
2026-03-13 18:21:25,633 - INFO - Tentativa 1 (links com /imovel/): 26 cards
2026-03-13 18:21:25,636 - INFO - ✓ Página 312: 26 imóveis extraídos
2026-03-13 18:21:25,711 - INFO - Driver fechado
2026-03-13 18:21:25,713 - INFO - ✓ Página 312 salva em data/raw/por_pagina/sao-paulo_sp_pagina312.csv
2026-03-13 18:21:25,713 - INFO - Aguardando 7.3s antes da próxima página...
2026-03-13 18:21:33,031 - INFO - ============================================================
2026-03-13 18:21:33,031 - INFO - PÁGINA 313
2026-03-13 18:21:33,031 - INFO - ============================================================
2026-03-13 18:21:33,031 - INFO - ====== WebDriver manager ======
2026-03-13 18:21:33,088 - INFO - Get LATEST chromedriver version for google-chrome
2026-03-13 18:21:33,165 - INFO - Get LATEST chromedriver version for google-chrome
2026-03-13 18:21:33,235 - INFO - Driver [/home/felipe/.wdm/drivers/chromedriver/linux64/145.0.7632.117/chromedriver-linux64/chromedriver] found in cache
2026-03-13 18:21:34,067 - INFO - Driver criado com User-Agent: Mozilla/5.0 (Windows NT 10.0; Win64; x64; rv:121.0...
2026-03-13 18:21:34,067 - INFO - Acessando: https://www.zapimoveis.com.br/aluguel/apartamentos/sp+sao-paulo/?tipos=apartamento_residencial%2Cstudio_residencial%2Ckitnet_residencial%2Ccasa_residencial%2Csobrado_residencial%2Ccondominio_residencial%2Ccasa-vila_residencial%2Ccobertura_residencial%2Cflat_residencial%2Cloft_residencial&pagina=313
2026-03-13 18:21:35,156 - INFO - Aguardando 7.2s para carregamento...
2026-03-13 18:21:50,921 - INFO - Analisando página HTML...
2026-03-13 18:21:50,922 - INFO - Tentativa 1 (links com /imovel/): 29 cards
2026-03-13 18:21:50,925 - INFO - ✓ Página 313: 29 imóveis extraídos
2026-03-13 18:21:51,002 - INFO - Driver fechado
2026-03-13 18:21:51,004 - INFO - ✓ Página 313 salva em data/raw/por_pagina/sao-paulo_sp_pagina313.csv
2026-03-13 18:21:51,004 - INFO - Aguardando 8.9s antes da próxima página...
2026-03-13 18:21:59,934 - INFO - ============================================================
2026-03-13 18:21:59,934 - INFO - PÁGINA 314
2026-03-13 18:21:59,934 - INFO - ============================================================
2026-03-13 18:21:59,934 - INFO - ====== WebDriver manager ======
2026-03-13 18:21:59,992 - INFO - Get LATEST chromedriver version for google-chrome
2026-03-13 18:22:00,083 - INFO - Get LATEST chromedriver version for google-chrome
2026-03-13 18:22:00,150 - INFO - Driver [/home/felipe/.wdm/drivers/chromedriver/linux64/145.0.7632.117/chromedriver-linux64/chromedriver] found in cache
2026-03-13 18:22:00,955 - INFO - Driver criado com User-Agent: Mozilla/5.0 (Macintosh; Intel Mac OS X 10_15_7) Ap...
2026-03-13 18:22:00,955 - INFO - Acessando: https://www.zapimoveis.com.br/aluguel/apartamentos/sp+sao-paulo/?tipos=apartamento_residencial%2Cstudio_residencial%2Ckitnet_residencial%2Ccasa_residencial%2Csobrado_residencial%2Ccondominio_residencial%2Ccasa-vila_residencial%2Ccobertura_residencial%2Cflat_residencial%2Cloft_residencial&pagina=314
2026-03-13 18:22:02,281 - INFO - Aguardando 6.6s para carregamento...
2026-03-13 18:22:16,541 - INFO - Analisando página HTML...
2026-03-13 18:22:16,542 - INFO - Tentativa 1 (links com /imovel/): 21 cards
2026-03-13 18:22:16,544 - INFO - ✓ Página 314: 21 imóveis extraídos
2026-03-13 18:22:16,619 - INFO - Driver fechado
2026-03-13 18:22:16,623 - INFO - ✓ Página 314 salva em data/raw/por_pagina/sao-paulo_sp_pagina314.csv
2026-03-13 18:22:16,623 - INFO - Aguardando 5.6s antes da próxima página...
2026-03-13 18:22:22,264 - INFO - ============================================================
2026-03-13 18:22:22,264 - INFO - PÁGINA 315
2026-03-13 18:22:22,264 - INFO - ============================================================
2026-03-13 18:22:22,264 - INFO - ====== WebDriver manager ======
2026-03-13 18:22:22,323 - INFO - Get LATEST chromedriver version for google-chrome
2026-03-13 18:22:22,393 - INFO - Get LATEST chromedriver version for google-chrome
2026-03-13 18:22:22,487 - INFO - Driver [/home/felipe/.wdm/drivers/chromedriver/linux64/145.0.7632.117/chromedriver-linux64/chromedriver] found in cache
2026-03-13 18:22:23,298 - INFO - Driver criado com User-Agent: Mozilla/5.0 (Windows NT 10.0; Win64; x64; rv:121.0...
2026-03-13 18:22:23,298 - INFO - Acessando: https://www.zapimoveis.com.br/aluguel/apartamentos/sp+sao-paulo/?tipos=apartamento_residencial%2Cstudio_residencial%2Ckitnet_residencial%2Ccasa_residencial%2Csobrado_residencial%2Ccondominio_residencial%2Ccasa-vila_residencial%2Ccobertura_residencial%2Cflat_residencial%2Cloft_residencial&pagina=315
2026-03-13 18:22:24,268 - INFO - Aguardando 5.1s para carregamento...
2026-03-13 18:22:37,337 - INFO - Analisando página HTML...
2026-03-13 18:22:37,339 - INFO - Tentativa 1 (links com /imovel/): 23 cards
2026-03-13 18:22:37,341 - INFO - ✓ Página 315: 23 imóveis extraídos
2026-03-13 18:22:37,410 - INFO - Driver fechado
2026-03-13 18:22:37,413 - INFO - ✓ Página 315 salva em data/raw/por_pagina/sao-paulo_sp_pagina315.csv
2026-03-13 18:22:37,413 - INFO - Aguardando 7.2s antes da próxima página...
2026-03-13 18:22:44,621 - INFO - ============================================================
2026-03-13 18:22:44,621 - INFO - PÁGINA 316
2026-03-13 18:22:44,621 - INFO - ============================================================
2026-03-13 18:22:44,621 - INFO - ====== WebDriver manager ======
2026-03-13 18:22:44,680 - INFO - Get LATEST chromedriver version for google-chrome
2026-03-13 18:22:44,752 - INFO - Get LATEST chromedriver version for google-chrome
2026-03-13 18:22:44,853 - INFO - Driver [/home/felipe/.wdm/drivers/chromedriver/linux64/145.0.7632.117/chromedriver-linux64/chromedriver] found in cache
2026-03-13 18:22:45,677 - INFO - Driver criado com User-Agent: Mozilla/5.0 (Windows NT 10.0; Win64; x64) AppleWeb...
2026-03-13 18:22:45,677 - INFO - Acessando: https://www.zapimoveis.com.br/aluguel/apartamentos/sp+sao-paulo/?tipos=apartamento_residencial%2Cstudio_residencial%2Ckitnet_residencial%2Ccasa_residencial%2Csobrado_residencial%2Ccondominio_residencial%2Ccasa-vila_residencial%2Ccobertura_residencial%2Cflat_residencial%2Cloft_residencial&pagina=316
2026-03-13 18:22:46,910 - INFO - Aguardando 5.1s para carregamento...
2026-03-13 18:23:00,434 - INFO - Analisando página HTML...
2026-03-13 18:23:00,436 - INFO - Tentativa 1 (links com /imovel/): 26 cards
2026-03-13 18:23:00,438 - INFO - ✓ Página 316: 26 imóveis extraídos
2026-03-13 18:23:00,512 - INFO - Driver fechado
2026-03-13 18:23:00,515 - INFO - ✓ Página 316 salva em data/raw/por_pagina/sao-paulo_sp_pagina316.csv
2026-03-13 18:23:00,515 - INFO - Aguardando 7.8s antes da próxima página...
2026-03-13 18:23:08,282 - INFO - ============================================================
2026-03-13 18:23:08,282 - INFO - PÁGINA 317
2026-03-13 18:23:08,282 - INFO - ============================================================
2026-03-13 18:23:08,282 - INFO - ====== WebDriver manager ======
2026-03-13 18:23:08,341 - INFO - Get LATEST chromedriver version for google-chrome
2026-03-13 18:23:08,418 - INFO - Get LATEST chromedriver version for google-chrome
2026-03-13 18:23:08,498 - INFO - Driver [/home/felipe/.wdm/drivers/chromedriver/linux64/145.0.7632.117/chromedriver-linux64/chromedriver] found in cache
2026-03-13 18:23:09,297 - INFO - Driver criado com User-Agent: Mozilla/5.0 (Macintosh; Intel Mac OS X 10_15_7) Ap...
2026-03-13 18:23:09,297 - INFO - Acessando: https://www.zapimoveis.com.br/aluguel/apartamentos/sp+sao-paulo/?tipos=apartamento_residencial%2Cstudio_residencial%2Ckitnet_residencial%2Ccasa_residencial%2Csobrado_residencial%2Ccondominio_residencial%2Ccasa-vila_residencial%2Ccobertura_residencial%2Cflat_residencial%2Cloft_residencial&pagina=317
2026-03-13 18:23:10,646 - INFO - Aguardando 5.7s para carregamento...
2026-03-13 18:23:24,706 - INFO - Analisando página HTML...
2026-03-13 18:23:24,707 - INFO - Tentativa 1 (links com /imovel/): 27 cards
2026-03-13 18:23:24,710 - INFO - ✓ Página 317: 27 imóveis extraídos
2026-03-13 18:23:24,785 - INFO - Driver fechado
2026-03-13 18:23:24,787 - INFO - ✓ Página 317 salva em data/raw/por_pagina/sao-paulo_sp_pagina317.csv
2026-03-13 18:23:24,787 - INFO - Aguardando 7.1s antes da próxima página...
2026-03-13 18:23:31,841 - INFO - ============================================================
2026-03-13 18:23:31,842 - INFO - PÁGINA 318
2026-03-13 18:23:31,842 - INFO - ============================================================
2026-03-13 18:23:31,842 - INFO - ====== WebDriver manager ======
2026-03-13 18:23:31,901 - INFO - Get LATEST chromedriver version for google-chrome
2026-03-13 18:23:31,993 - INFO - Get LATEST chromedriver version for google-chrome
2026-03-13 18:23:32,060 - INFO - Driver [/home/felipe/.wdm/drivers/chromedriver/linux64/145.0.7632.117/chromedriver-linux64/chromedriver] found in cache
2026-03-13 18:23:32,866 - INFO - Driver criado com User-Agent: Mozilla/5.0 (Macintosh; Intel Mac OS X 10_15_7) Ap...
2026-03-13 18:23:32,866 - INFO - Acessando: https://www.zapimoveis.com.br/aluguel/apartamentos/sp+sao-paulo/?tipos=apartamento_residencial%2Cstudio_residencial%2Ckitnet_residencial%2Ccasa_residencial%2Csobrado_residencial%2Ccondominio_residencial%2Ccasa-vila_residencial%2Ccobertura_residencial%2Cflat_residencial%2Cloft_residencial&pagina=318
2026-03-13 18:23:34,030 - INFO - Aguardando 5.9s para carregamento...
2026-03-13 18:23:49,032 - INFO - Analisando página HTML...
2026-03-13 18:23:49,034 - INFO - Tentativa 1 (links com /imovel/): 23 cards
2026-03-13 18:23:49,036 - INFO - ✓ Página 318: 23 imóveis extraídos
2026-03-13 18:23:49,112 - INFO - Driver fechado
2026-03-13 18:23:49,116 - INFO - ✓ Página 318 salva em data/raw/por_pagina/sao-paulo_sp_pagina318.csv
2026-03-13 18:23:49,116 - INFO - Aguardando 5.3s antes da próxima página...
2026-03-13 18:23:54,458 - INFO - ============================================================
2026-03-13 18:23:54,458 - INFO - PÁGINA 319
2026-03-13 18:23:54,458 - INFO - ============================================================
2026-03-13 18:23:54,458 - INFO - ====== WebDriver manager ======
2026-03-13 18:23:54,517 - INFO - Get LATEST chromedriver version for google-chrome
2026-03-13 18:23:54,591 - INFO - Get LATEST chromedriver version for google-chrome
2026-03-13 18:23:54,689 - INFO - Driver [/home/felipe/.wdm/drivers/chromedriver/linux64/145.0.7632.117/chromedriver-linux64/chromedriver] found in cache
2026-03-13 18:23:55,515 - INFO - Driver criado com User-Agent: Mozilla/5.0 (Macintosh; Intel Mac OS X 10_15_7) Ap...
2026-03-13 18:23:55,515 - INFO - Acessando: https://www.zapimoveis.com.br/aluguel/apartamentos/sp+sao-paulo/?tipos=apartamento_residencial%2Cstudio_residencial%2Ckitnet_residencial%2Ccasa_residencial%2Csobrado_residencial%2Ccondominio_residencial%2Ccasa-vila_residencial%2Ccobertura_residencial%2Cflat_residencial%2Cloft_residencial&pagina=319
2026-03-13 18:23:57,428 - INFO - Aguardando 6.6s para carregamento...
2026-03-13 18:24:11,754 - INFO - Analisando página HTML...
2026-03-13 18:24:11,755 - INFO - Tentativa 1 (links com /imovel/): 27 cards
2026-03-13 18:24:11,758 - INFO - ✓ Página 319: 27 imóveis extraídos
2026-03-13 18:24:11,835 - INFO - Driver fechado
2026-03-13 18:24:11,838 - INFO - ✓ Página 319 salva em data/raw/por_pagina/sao-paulo_sp_pagina319.csv
2026-03-13 18:24:11,839 - INFO - Aguardando 8.5s antes da próxima página...
2026-03-13 18:24:20,314 - INFO - ============================================================
2026-03-13 18:24:20,314 - INFO - PÁGINA 320
2026-03-13 18:24:20,314 - INFO - ============================================================
2026-03-13 18:24:20,314 - INFO - ====== WebDriver manager ======
2026-03-13 18:24:20,370 - INFO - Get LATEST chromedriver version for google-chrome
2026-03-13 18:24:20,442 - INFO - Get LATEST chromedriver version for google-chrome
2026-03-13 18:24:20,523 - INFO - Driver [/home/felipe/.wdm/drivers/chromedriver/linux64/145.0.7632.117/chromedriver-linux64/chromedriver] found in cache
2026-03-13 18:24:21,338 - INFO - Driver criado com User-Agent: Mozilla/5.0 (Windows NT 10.0; Win64; x64; rv:121.0...
2026-03-13 18:24:21,338 - INFO - Acessando: https://www.zapimoveis.com.br/aluguel/apartamentos/sp+sao-paulo/?tipos=apartamento_residencial%2Cstudio_residencial%2Ckitnet_residencial%2Ccasa_residencial%2Csobrado_residencial%2Ccondominio_residencial%2Ccasa-vila_residencial%2Ccobertura_residencial%2Cflat_residencial%2Cloft_residencial&pagina=320
2026-03-13 18:24:22,639 - INFO - Aguardando 6.5s para carregamento...
2026-03-13 18:24:37,110 - INFO - Analisando página HTML...
2026-03-13 18:24:37,112 - INFO - Tentativa 1 (links com /imovel/): 25 cards
2026-03-13 18:24:37,114 - INFO - ✓ Página 320: 25 imóveis extraídos
2026-03-13 18:24:37,191 - INFO - Driver fechado
2026-03-13 18:24:37,194 - INFO - ✓ Página 320 salva em data/raw/por_pagina/sao-paulo_sp_pagina320.csv
2026-03-13 18:24:37,194 - INFO - Aguardando 9.0s antes da próxima página...
2026-03-13 18:24:46,234 - INFO - ============================================================
2026-03-13 18:24:46,235 - INFO - PÁGINA 321
2026-03-13 18:24:46,235 - INFO - ============================================================
2026-03-13 18:24:46,235 - INFO - ====== WebDriver manager ======
2026-03-13 18:24:46,292 - INFO - Get LATEST chromedriver version for google-chrome
2026-03-13 18:24:46,376 - INFO - Get LATEST chromedriver version for google-chrome
2026-03-13 18:24:46,474 - INFO - Driver [/home/felipe/.wdm/drivers/chromedriver/linux64/145.0.7632.117/chromedriver-linux64/chromedriver] found in cache
2026-03-13 18:24:47,269 - INFO - Driver criado com User-Agent: Mozilla/5.0 (Windows NT 10.0; Win64; x64; rv:121.0...
2026-03-13 18:24:47,269 - INFO - Acessando: https://www.zapimoveis.com.br/aluguel/apartamentos/sp+sao-paulo/?tipos=apartamento_residencial%2Cstudio_residencial%2Ckitnet_residencial%2Ccasa_residencial%2Csobrado_residencial%2Ccondominio_residencial%2Ccasa-vila_residencial%2Ccobertura_residencial%2Cflat_residencial%2Cloft_residencial&pagina=321
2026-03-13 18:24:48,409 - INFO - Aguardando 6.7s para carregamento...
2026-03-13 18:25:03,460 - INFO - Analisando página HTML...
2026-03-13 18:25:03,462 - INFO - Tentativa 1 (links com /imovel/): 28 cards
2026-03-13 18:25:03,465 - INFO - ✓ Página 321: 28 imóveis extraídos
2026-03-13 18:25:03,541 - INFO - Driver fechado
2026-03-13 18:25:03,545 - INFO - ✓ Página 321 salva em data/raw/por_pagina/sao-paulo_sp_pagina321.csv
2026-03-13 18:25:03,545 - INFO - Aguardando 8.5s antes da próxima página...
2026-03-13 18:25:12,059 - INFO - ============================================================
2026-03-13 18:25:12,059 - INFO - PÁGINA 322
2026-03-13 18:25:12,059 - INFO - ============================================================
2026-03-13 18:25:12,059 - INFO - ====== WebDriver manager ======
2026-03-13 18:25:12,117 - INFO - Get LATEST chromedriver version for google-chrome
2026-03-13 18:25:12,191 - INFO - Get LATEST chromedriver version for google-chrome
2026-03-13 18:25:12,273 - INFO - Driver [/home/felipe/.wdm/drivers/chromedriver/linux64/145.0.7632.117/chromedriver-linux64/chromedriver] found in cache
2026-03-13 18:25:13,101 - INFO - Driver criado com User-Agent: Mozilla/5.0 (Macintosh; Intel Mac OS X 10_15_7) Ap...
2026-03-13 18:25:13,101 - INFO - Acessando: https://www.zapimoveis.com.br/aluguel/apartamentos/sp+sao-paulo/?tipos=apartamento_residencial%2Cstudio_residencial%2Ckitnet_residencial%2Ccasa_residencial%2Csobrado_residencial%2Ccondominio_residencial%2Ccasa-vila_residencial%2Ccobertura_residencial%2Cflat_residencial%2Cloft_residencial&pagina=322
2026-03-13 18:25:14,668 - INFO - Aguardando 7.1s para carregamento...
2026-03-13 18:25:30,651 - INFO - Analisando página HTML...
2026-03-13 18:25:30,652 - INFO - Tentativa 1 (links com /imovel/): 25 cards
2026-03-13 18:25:30,655 - INFO - ✓ Página 322: 25 imóveis extraídos
2026-03-13 18:25:30,733 - INFO - Driver fechado
2026-03-13 18:25:30,735 - INFO - ✓ Página 322 salva em data/raw/por_pagina/sao-paulo_sp_pagina322.csv
2026-03-13 18:25:30,735 - INFO - Aguardando 9.5s antes da próxima página...
2026-03-13 18:25:40,227 - INFO - ============================================================
2026-03-13 18:25:40,227 - INFO - PÁGINA 323
2026-03-13 18:25:40,227 - INFO - ============================================================
2026-03-13 18:25:40,227 - INFO - ====== WebDriver manager ======
2026-03-13 18:25:40,285 - INFO - Get LATEST chromedriver version for google-chrome
2026-03-13 18:25:40,375 - INFO - Get LATEST chromedriver version for google-chrome
2026-03-13 18:25:40,456 - INFO - Driver [/home/felipe/.wdm/drivers/chromedriver/linux64/145.0.7632.117/chromedriver-linux64/chromedriver] found in cache
2026-03-13 18:25:41,216 - INFO - Driver criado com User-Agent: Mozilla/5.0 (Windows NT 10.0; Win64; x64; rv:121.0...
2026-03-13 18:25:41,216 - INFO - Acessando: https://www.zapimoveis.com.br/aluguel/apartamentos/sp+sao-paulo/?tipos=apartamento_residencial%2Cstudio_residencial%2Ckitnet_residencial%2Ccasa_residencial%2Csobrado_residencial%2Ccondominio_residencial%2Ccasa-vila_residencial%2Ccobertura_residencial%2Cflat_residencial%2Cloft_residencial&pagina=323
2026-03-13 18:25:42,599 - INFO - Aguardando 6.2s para carregamento...
2026-03-13 18:25:57,402 - INFO - Analisando página HTML...
2026-03-13 18:25:57,403 - INFO - Tentativa 1 (links com /imovel/): 24 cards
2026-03-13 18:25:57,406 - INFO - ✓ Página 323: 24 imóveis extraídos
2026-03-13 18:25:57,483 - INFO - Driver fechado
2026-03-13 18:25:57,485 - INFO - ✓ Página 323 salva em data/raw/por_pagina/sao-paulo_sp_pagina323.csv
2026-03-13 18:25:57,485 - INFO - Aguardando 9.7s antes da próxima página...
2026-03-13 18:26:07,186 - INFO - ============================================================
2026-03-13 18:26:07,186 - INFO - PÁGINA 324
2026-03-13 18:26:07,186 - INFO - ============================================================
2026-03-13 18:26:07,186 - INFO - ====== WebDriver manager ======
2026-03-13 18:26:07,245 - INFO - Get LATEST chromedriver version for google-chrome
2026-03-13 18:26:07,327 - INFO - Get LATEST chromedriver version for google-chrome
2026-03-13 18:26:07,418 - INFO - Driver [/home/felipe/.wdm/drivers/chromedriver/linux64/145.0.7632.117/chromedriver-linux64/chromedriver] found in cache
2026-03-13 18:26:08,228 - INFO - Driver criado com User-Agent: Mozilla/5.0 (X11; Linux x86_64) AppleWebKit/537.36...
2026-03-13 18:26:08,228 - INFO - Acessando: https://www.zapimoveis.com.br/aluguel/apartamentos/sp+sao-paulo/?tipos=apartamento_residencial%2Cstudio_residencial%2Ckitnet_residencial%2Ccasa_residencial%2Csobrado_residencial%2Ccondominio_residencial%2Ccasa-vila_residencial%2Ccobertura_residencial%2Cflat_residencial%2Cloft_residencial&pagina=324
2026-03-13 18:26:09,361 - INFO - Aguardando 7.0s para carregamento...
2026-03-13 18:26:23,686 - INFO - Analisando página HTML...
2026-03-13 18:26:23,688 - INFO - Tentativa 1 (links com /imovel/): 26 cards
2026-03-13 18:26:23,690 - INFO - ✓ Página 324: 26 imóveis extraídos
2026-03-13 18:26:23,767 - INFO - Driver fechado
2026-03-13 18:26:23,770 - INFO - ✓ Página 324 salva em data/raw/por_pagina/sao-paulo_sp_pagina324.csv
2026-03-13 18:26:23,771 - INFO - Aguardando 6.1s antes da próxima página...
2026-03-13 18:26:29,835 - INFO - ============================================================
2026-03-13 18:26:29,835 - INFO - PÁGINA 325
2026-03-13 18:26:29,835 - INFO - ============================================================
2026-03-13 18:26:29,835 - INFO - ====== WebDriver manager ======
2026-03-13 18:26:29,895 - INFO - Get LATEST chromedriver version for google-chrome
2026-03-13 18:26:29,975 - INFO - Get LATEST chromedriver version for google-chrome
2026-03-13 18:26:30,067 - INFO - Driver [/home/felipe/.wdm/drivers/chromedriver/linux64/145.0.7632.117/chromedriver-linux64/chromedriver] found in cache
2026-03-13 18:26:30,868 - INFO - Driver criado com User-Agent: Mozilla/5.0 (Macintosh; Intel Mac OS X 10_15_7) Ap...
2026-03-13 18:26:30,868 - INFO - Acessando: https://www.zapimoveis.com.br/aluguel/apartamentos/sp+sao-paulo/?tipos=apartamento_residencial%2Cstudio_residencial%2Ckitnet_residencial%2Ccasa_residencial%2Csobrado_residencial%2Ccondominio_residencial%2Ccasa-vila_residencial%2Ccobertura_residencial%2Cflat_residencial%2Cloft_residencial&pagina=325
2026-03-13 18:26:32,158 - INFO - Aguardando 5.6s para carregamento...
2026-03-13 18:26:45,089 - INFO - Analisando página HTML...
2026-03-13 18:26:45,091 - INFO - Tentativa 1 (links com /imovel/): 27 cards
2026-03-13 18:26:45,093 - INFO - ✓ Página 325: 27 imóveis extraídos
2026-03-13 18:26:45,165 - INFO - Driver fechado
2026-03-13 18:26:45,167 - INFO - ✓ Página 325 salva em data/raw/por_pagina/sao-paulo_sp_pagina325.csv
2026-03-13 18:26:45,167 - INFO - Aguardando 7.9s antes da próxima página...
2026-03-13 18:26:53,051 - INFO - ============================================================
2026-03-13 18:26:53,051 - INFO - PÁGINA 326
2026-03-13 18:26:53,051 - INFO - ============================================================
2026-03-13 18:26:53,051 - INFO - ====== WebDriver manager ======
2026-03-13 18:26:53,110 - INFO - Get LATEST chromedriver version for google-chrome
2026-03-13 18:26:53,187 - INFO - Get LATEST chromedriver version for google-chrome
2026-03-13 18:26:53,268 - INFO - Driver [/home/felipe/.wdm/drivers/chromedriver/linux64/145.0.7632.117/chromedriver-linux64/chromedriver] found in cache
2026-03-13 18:26:54,089 - INFO - Driver criado com User-Agent: Mozilla/5.0 (Windows NT 10.0; Win64; x64) AppleWeb...
2026-03-13 18:26:54,089 - INFO - Acessando: https://www.zapimoveis.com.br/aluguel/apartamentos/sp+sao-paulo/?tipos=apartamento_residencial%2Cstudio_residencial%2Ckitnet_residencial%2Ccasa_residencial%2Csobrado_residencial%2Ccondominio_residencial%2Ccasa-vila_residencial%2Ccobertura_residencial%2Cflat_residencial%2Cloft_residencial&pagina=326
2026-03-13 18:26:55,463 - INFO - Aguardando 6.6s para carregamento...
2026-03-13 18:27:09,632 - INFO - Analisando página HTML...
2026-03-13 18:27:09,634 - INFO - Tentativa 1 (links com /imovel/): 27 cards
2026-03-13 18:27:09,636 - INFO - ✓ Página 326: 27 imóveis extraídos
2026-03-13 18:27:09,714 - INFO - Driver fechado
2026-03-13 18:27:09,715 - INFO - ✓ Página 326 salva em data/raw/por_pagina/sao-paulo_sp_pagina326.csv
2026-03-13 18:27:09,716 - INFO - Aguardando 5.5s antes da próxima página...
2026-03-13 18:27:15,182 - INFO - ============================================================
2026-03-13 18:27:15,182 - INFO - PÁGINA 327
2026-03-13 18:27:15,182 - INFO - ============================================================
2026-03-13 18:27:15,182 - INFO - ====== WebDriver manager ======
2026-03-13 18:27:15,241 - INFO - Get LATEST chromedriver version for google-chrome
2026-03-13 18:27:15,322 - INFO - Get LATEST chromedriver version for google-chrome
2026-03-13 18:27:15,413 - INFO - Driver [/home/felipe/.wdm/drivers/chromedriver/linux64/145.0.7632.117/chromedriver-linux64/chromedriver] found in cache
2026-03-13 18:27:16,231 - INFO - Driver criado com User-Agent: Mozilla/5.0 (Macintosh; Intel Mac OS X 10_15_7) Ap...
2026-03-13 18:27:16,231 - INFO - Acessando: https://www.zapimoveis.com.br/aluguel/apartamentos/sp+sao-paulo/?tipos=apartamento_residencial%2Cstudio_residencial%2Ckitnet_residencial%2Ccasa_residencial%2Csobrado_residencial%2Ccondominio_residencial%2Ccasa-vila_residencial%2Ccobertura_residencial%2Cflat_residencial%2Cloft_residencial&pagina=327
2026-03-13 18:27:17,466 - INFO - Aguardando 5.4s para carregamento...
2026-03-13 18:27:30,918 - INFO - Analisando página HTML...
2026-03-13 18:27:30,920 - INFO - Tentativa 1 (links com /imovel/): 29 cards
2026-03-13 18:27:30,923 - INFO - ✓ Página 327: 29 imóveis extraídos
2026-03-13 18:27:30,998 - INFO - Driver fechado
2026-03-13 18:27:31,002 - INFO - ✓ Página 327 salva em data/raw/por_pagina/sao-paulo_sp_pagina327.csv
2026-03-13 18:27:31,002 - INFO - Aguardando 8.9s antes da próxima página...
2026-03-13 18:27:39,893 - INFO - ============================================================
2026-03-13 18:27:39,893 - INFO - PÁGINA 328
2026-03-13 18:27:39,893 - INFO - ============================================================
2026-03-13 18:27:39,893 - INFO - ====== WebDriver manager ======
2026-03-13 18:27:39,951 - INFO - Get LATEST chromedriver version for google-chrome
2026-03-13 18:27:40,036 - INFO - Get LATEST chromedriver version for google-chrome
2026-03-13 18:27:40,139 - INFO - Driver [/home/felipe/.wdm/drivers/chromedriver/linux64/145.0.7632.117/chromedriver-linux64/chromedriver] found in cache
2026-03-13 18:27:40,930 - INFO - Driver criado com User-Agent: Mozilla/5.0 (X11; Linux x86_64) AppleWebKit/537.36...
2026-03-13 18:27:40,931 - INFO - Acessando: https://www.zapimoveis.com.br/aluguel/apartamentos/sp+sao-paulo/?tipos=apartamento_residencial%2Cstudio_residencial%2Ckitnet_residencial%2Ccasa_residencial%2Csobrado_residencial%2Ccondominio_residencial%2Ccasa-vila_residencial%2Ccobertura_residencial%2Cflat_residencial%2Cloft_residencial&pagina=328
2026-03-13 18:27:42,061 - INFO - Aguardando 6.6s para carregamento...
2026-03-13 18:27:56,331 - INFO - Analisando página HTML...
2026-03-13 18:27:56,333 - INFO - Tentativa 1 (links com /imovel/): 28 cards
2026-03-13 18:27:56,336 - INFO - ✓ Página 328: 28 imóveis extraídos
2026-03-13 18:27:56,412 - INFO - Driver fechado
2026-03-13 18:27:56,414 - INFO - ✓ Página 328 salva em data/raw/por_pagina/sao-paulo_sp_pagina328.csv
2026-03-13 18:27:56,414 - INFO - Aguardando 6.9s antes da próxima página...
2026-03-13 18:28:03,334 - INFO - ============================================================
2026-03-13 18:28:03,334 - INFO - PÁGINA 329
2026-03-13 18:28:03,334 - INFO - ============================================================
2026-03-13 18:28:03,334 - INFO - ====== WebDriver manager ======
2026-03-13 18:28:03,392 - INFO - Get LATEST chromedriver version for google-chrome
2026-03-13 18:28:03,484 - INFO - Get LATEST chromedriver version for google-chrome
2026-03-13 18:28:03,562 - INFO - Driver [/home/felipe/.wdm/drivers/chromedriver/linux64/145.0.7632.117/chromedriver-linux64/chromedriver] found in cache
2026-03-13 18:28:04,373 - INFO - Driver criado com User-Agent: Mozilla/5.0 (Macintosh; Intel Mac OS X 10_15_7) Ap...
2026-03-13 18:28:04,373 - INFO - Acessando: https://www.zapimoveis.com.br/aluguel/apartamentos/sp+sao-paulo/?tipos=apartamento_residencial%2Cstudio_residencial%2Ckitnet_residencial%2Ccasa_residencial%2Csobrado_residencial%2Ccondominio_residencial%2Ccasa-vila_residencial%2Ccobertura_residencial%2Cflat_residencial%2Cloft_residencial&pagina=329
2026-03-13 18:28:05,803 - INFO - Aguardando 5.4s para carregamento...
2026-03-13 18:28:18,994 - INFO - Analisando página HTML...
2026-03-13 18:28:18,996 - INFO - Tentativa 1 (links com /imovel/): 27 cards
2026-03-13 18:28:18,998 - INFO - ✓ Página 329: 27 imóveis extraídos
2026-03-13 18:28:19,072 - INFO - Driver fechado
2026-03-13 18:28:19,075 - INFO - ✓ Página 329 salva em data/raw/por_pagina/sao-paulo_sp_pagina329.csv
2026-03-13 18:28:19,076 - INFO - Aguardando 7.3s antes da próxima página...
2026-03-13 18:28:26,404 - INFO - ============================================================
2026-03-13 18:28:26,405 - INFO - PÁGINA 330
2026-03-13 18:28:26,405 - INFO - ============================================================
2026-03-13 18:28:26,405 - INFO - ====== WebDriver manager ======
2026-03-13 18:28:26,463 - INFO - Get LATEST chromedriver version for google-chrome
2026-03-13 18:28:26,544 - INFO - Get LATEST chromedriver version for google-chrome
2026-03-13 18:28:26,634 - INFO - Driver [/home/felipe/.wdm/drivers/chromedriver/linux64/145.0.7632.117/chromedriver-linux64/chromedriver] found in cache
2026-03-13 18:28:27,452 - INFO - Driver criado com User-Agent: Mozilla/5.0 (X11; Linux x86_64) AppleWebKit/537.36...
2026-03-13 18:28:27,452 - INFO - Acessando: https://www.zapimoveis.com.br/aluguel/apartamentos/sp+sao-paulo/?tipos=apartamento_residencial%2Cstudio_residencial%2Ckitnet_residencial%2Ccasa_residencial%2Csobrado_residencial%2Ccondominio_residencial%2Ccasa-vila_residencial%2Ccobertura_residencial%2Cflat_residencial%2Cloft_residencial&pagina=330
2026-03-13 18:28:28,605 - INFO - Aguardando 5.9s para carregamento...
2026-03-13 18:28:43,140 - INFO - Analisando página HTML...
2026-03-13 18:28:43,142 - INFO - Tentativa 1 (links com /imovel/): 24 cards
2026-03-13 18:28:43,144 - INFO - ✓ Página 330: 24 imóveis extraídos
2026-03-13 18:28:43,221 - INFO - Driver fechado
2026-03-13 18:28:43,225 - INFO - ✓ Página 330 salva em data/raw/por_pagina/sao-paulo_sp_pagina330.csv
2026-03-13 18:28:43,225 - INFO - Aguardando 6.6s antes da próxima página...
2026-03-13 18:28:49,783 - INFO - ============================================================
2026-03-13 18:28:49,783 - INFO - PÁGINA 331
2026-03-13 18:28:49,783 - INFO - ============================================================
2026-03-13 18:28:49,783 - INFO - ====== WebDriver manager ======
2026-03-13 18:28:49,840 - INFO - Get LATEST chromedriver version for google-chrome
2026-03-13 18:28:49,945 - INFO - Get LATEST chromedriver version for google-chrome
2026-03-13 18:28:50,039 - INFO - Driver [/home/felipe/.wdm/drivers/chromedriver/linux64/145.0.7632.117/chromedriver-linux64/chromedriver] found in cache
2026-03-13 18:28:50,834 - INFO - Driver criado com User-Agent: Mozilla/5.0 (Windows NT 10.0; Win64; x64; rv:121.0...
2026-03-13 18:28:50,834 - INFO - Acessando: https://www.zapimoveis.com.br/aluguel/apartamentos/sp+sao-paulo/?tipos=apartamento_residencial%2Cstudio_residencial%2Ckitnet_residencial%2Ccasa_residencial%2Csobrado_residencial%2Ccondominio_residencial%2Ccasa-vila_residencial%2Ccobertura_residencial%2Cflat_residencial%2Cloft_residencial&pagina=331
2026-03-13 18:28:51,871 - INFO - Aguardando 6.2s para carregamento...
2026-03-13 18:29:05,762 - INFO - Analisando página HTML...
2026-03-13 18:29:05,763 - INFO - Tentativa 1 (links com /imovel/): 21 cards
2026-03-13 18:29:05,765 - INFO - ✓ Página 331: 21 imóveis extraídos
2026-03-13 18:29:05,839 - INFO - Driver fechado
2026-03-13 18:29:05,841 - INFO - ✓ Página 331 salva em data/raw/por_pagina/sao-paulo_sp_pagina331.csv
2026-03-13 18:29:05,841 - INFO - Aguardando 5.9s antes da próxima página...
2026-03-13 18:29:11,738 - INFO - ============================================================
2026-03-13 18:29:11,738 - INFO - PÁGINA 332
2026-03-13 18:29:11,738 - INFO - ============================================================
2026-03-13 18:29:11,738 - INFO - ====== WebDriver manager ======
2026-03-13 18:29:11,797 - INFO - Get LATEST chromedriver version for google-chrome
2026-03-13 18:29:12,986 - INFO - Get LATEST chromedriver version for google-chrome
2026-03-13 18:29:13,073 - INFO - Driver [/home/felipe/.wdm/drivers/chromedriver/linux64/145.0.7632.117/chromedriver-linux64/chromedriver] found in cache
2026-03-13 18:29:13,864 - INFO - Driver criado com User-Agent: Mozilla/5.0 (Windows NT 10.0; Win64; x64) AppleWeb...
2026-03-13 18:29:13,864 - INFO - Acessando: https://www.zapimoveis.com.br/aluguel/apartamentos/sp+sao-paulo/?tipos=apartamento_residencial%2Cstudio_residencial%2Ckitnet_residencial%2Ccasa_residencial%2Csobrado_residencial%2Ccondominio_residencial%2Ccasa-vila_residencial%2Ccobertura_residencial%2Cflat_residencial%2Cloft_residencial&pagina=332
2026-03-13 18:29:15,065 - INFO - Aguardando 7.4s para carregamento...
2026-03-13 18:29:29,947 - INFO - Analisando página HTML...
2026-03-13 18:29:29,948 - INFO - Tentativa 1 (links com /imovel/): 27 cards
2026-03-13 18:29:29,951 - INFO - ✓ Página 332: 27 imóveis extraídos
2026-03-13 18:29:30,029 - INFO - Driver fechado
2026-03-13 18:29:30,030 - INFO - ✓ Página 332 salva em data/raw/por_pagina/sao-paulo_sp_pagina332.csv
2026-03-13 18:29:30,030 - INFO - Aguardando 8.9s antes da próxima página...
2026-03-13 18:29:38,888 - INFO - ============================================================
2026-03-13 18:29:38,889 - INFO - PÁGINA 333
2026-03-13 18:29:38,889 - INFO - ============================================================
2026-03-13 18:29:38,889 - INFO - ====== WebDriver manager ======
2026-03-13 18:29:38,947 - INFO - Get LATEST chromedriver version for google-chrome
2026-03-13 18:29:39,030 - INFO - Get LATEST chromedriver version for google-chrome
2026-03-13 18:29:39,120 - INFO - Driver [/home/felipe/.wdm/drivers/chromedriver/linux64/145.0.7632.117/chromedriver-linux64/chromedriver] found in cache
2026-03-13 18:29:39,917 - INFO - Driver criado com User-Agent: Mozilla/5.0 (Windows NT 10.0; Win64; x64) AppleWeb...
2026-03-13 18:29:39,917 - INFO - Acessando: https://www.zapimoveis.com.br/aluguel/apartamentos/sp+sao-paulo/?tipos=apartamento_residencial%2Cstudio_residencial%2Ckitnet_residencial%2Ccasa_residencial%2Csobrado_residencial%2Ccondominio_residencial%2Ccasa-vila_residencial%2Ccobertura_residencial%2Cflat_residencial%2Cloft_residencial&pagina=333
2026-03-13 18:29:41,017 - INFO - Aguardando 5.6s para carregamento...
2026-03-13 18:29:53,806 - INFO - Analisando página HTML...
2026-03-13 18:29:53,807 - INFO - Tentativa 1 (links com /imovel/): 27 cards
2026-03-13 18:29:53,810 - INFO - ✓ Página 333: 27 imóveis extraídos
2026-03-13 18:29:53,880 - INFO - Driver fechado
2026-03-13 18:29:53,882 - INFO - ✓ Página 333 salva em data/raw/por_pagina/sao-paulo_sp_pagina333.csv
2026-03-13 18:29:53,882 - INFO - Aguardando 8.3s antes da próxima página...
2026-03-13 18:30:02,143 - INFO - ============================================================
2026-03-13 18:30:02,143 - INFO - PÁGINA 334
2026-03-13 18:30:02,143 - INFO - ============================================================
2026-03-13 18:30:02,143 - INFO - ====== WebDriver manager ======
2026-03-13 18:30:02,202 - INFO - Get LATEST chromedriver version for google-chrome
2026-03-13 18:30:02,277 - INFO - Get LATEST chromedriver version for google-chrome
2026-03-13 18:30:02,339 - INFO - Driver [/home/felipe/.wdm/drivers/chromedriver/linux64/145.0.7632.117/chromedriver-linux64/chromedriver] found in cache
2026-03-13 18:30:03,133 - INFO - Driver criado com User-Agent: Mozilla/5.0 (Windows NT 10.0; Win64; x64; rv:121.0...
2026-03-13 18:30:03,133 - INFO - Acessando: https://www.zapimoveis.com.br/aluguel/apartamentos/sp+sao-paulo/?tipos=apartamento_residencial%2Cstudio_residencial%2Ckitnet_residencial%2Ccasa_residencial%2Csobrado_residencial%2Ccondominio_residencial%2Ccasa-vila_residencial%2Ccobertura_residencial%2Cflat_residencial%2Cloft_residencial&pagina=334
2026-03-13 18:30:04,159 - INFO - Aguardando 5.3s para carregamento...
2026-03-13 18:30:17,242 - INFO - Analisando página HTML...
2026-03-13 18:30:17,243 - INFO - Tentativa 1 (links com /imovel/): 4 cards
2026-03-13 18:30:17,243 - INFO - ✓ Página 334: 4 imóveis extraídos
2026-03-13 18:30:17,311 - INFO - Driver fechado
2026-03-13 18:30:17,313 - INFO - ✓ Página 334 salva em data/raw/por_pagina/sao-paulo_sp_pagina334.csv
2026-03-13 18:30:17,313 - INFO - Aguardando 7.0s antes da próxima página...
2026-03-13 18:30:24,275 - INFO - ============================================================
2026-03-13 18:30:24,275 - INFO - PÁGINA 335
2026-03-13 18:30:24,275 - INFO - ============================================================
2026-03-13 18:30:24,276 - INFO - ====== WebDriver manager ======
2026-03-13 18:30:24,333 - INFO - Get LATEST chromedriver version for google-chrome
2026-03-13 18:30:24,420 - INFO - Get LATEST chromedriver version for google-chrome
2026-03-13 18:30:24,506 - INFO - Driver [/home/felipe/.wdm/drivers/chromedriver/linux64/145.0.7632.117/chromedriver-linux64/chromedriver] found in cache
2026-03-13 18:30:25,317 - INFO - Driver criado com User-Agent: Mozilla/5.0 (Windows NT 10.0; Win64; x64) AppleWeb...
2026-03-13 18:30:25,317 - INFO - Acessando: https://www.zapimoveis.com.br/aluguel/apartamentos/sp+sao-paulo/?tipos=apartamento_residencial%2Cstudio_residencial%2Ckitnet_residencial%2Ccasa_residencial%2Csobrado_residencial%2Ccondominio_residencial%2Ccasa-vila_residencial%2Ccobertura_residencial%2Cflat_residencial%2Cloft_residencial&pagina=335
2026-03-13 18:30:27,138 - INFO - Aguardando 5.3s para carregamento...
2026-03-13 18:30:39,526 - INFO - Analisando página HTML...
2026-03-13 18:30:39,527 - INFO - Tentativa 1 (links com /imovel/): 4 cards
2026-03-13 18:30:39,527 - INFO - ✓ Página 335: 4 imóveis extraídos
2026-03-13 18:30:39,596 - INFO - Driver fechado
2026-03-13 18:30:39,598 - INFO - ✓ Página 335 salva em data/raw/por_pagina/sao-paulo_sp_pagina335.csv
2026-03-13 18:30:39,598 - INFO - Aguardando 9.5s antes da próxima página...
2026-03-13 18:30:49,132 - INFO - ============================================================
2026-03-13 18:30:49,132 - INFO - PÁGINA 336
2026-03-13 18:30:49,132 - INFO - ============================================================
2026-03-13 18:30:49,132 - INFO - ====== WebDriver manager ======
2026-03-13 18:30:49,191 - INFO - Get LATEST chromedriver version for google-chrome
2026-03-13 18:30:49,271 - INFO - Get LATEST chromedriver version for google-chrome
2026-03-13 18:30:49,355 - INFO - Driver [/home/felipe/.wdm/drivers/chromedriver/linux64/145.0.7632.117/chromedriver-linux64/chromedriver] found in cache
2026-03-13 18:30:50,150 - INFO - Driver criado com User-Agent: Mozilla/5.0 (Windows NT 10.0; Win64; x64) AppleWeb...
2026-03-13 18:30:50,150 - INFO - Acessando: https://www.zapimoveis.com.br/aluguel/apartamentos/sp+sao-paulo/?tipos=apartamento_residencial%2Cstudio_residencial%2Ckitnet_residencial%2Ccasa_residencial%2Csobrado_residencial%2Ccondominio_residencial%2Ccasa-vila_residencial%2Ccobertura_residencial%2Cflat_residencial%2Cloft_residencial&pagina=336
2026-03-13 18:30:50,988 - INFO - Aguardando 5.3s para carregamento...
2026-03-13 18:31:04,860 - INFO - Analisando página HTML...
2026-03-13 18:31:04,861 - INFO - Tentativa 1 (links com /imovel/): 4 cards
2026-03-13 18:31:04,861 - INFO - ✓ Página 336: 4 imóveis extraídos
2026-03-13 18:31:04,930 - INFO - Driver fechado
2026-03-13 18:31:04,931 - INFO - ✓ Página 336 salva em data/raw/por_pagina/sao-paulo_sp_pagina336.csv
2026-03-13 18:31:04,931 - INFO - Aguardando 5.3s antes da próxima página...
2026-03-13 18:31:10,235 - INFO - ============================================================
2026-03-13 18:31:10,235 - INFO - PÁGINA 337
2026-03-13 18:31:10,235 - INFO - ============================================================
2026-03-13 18:31:10,235 - INFO - ====== WebDriver manager ======
2026-03-13 18:31:10,292 - INFO - Get LATEST chromedriver version for google-chrome
2026-03-13 18:31:10,378 - INFO - Get LATEST chromedriver version for google-chrome
2026-03-13 18:31:10,460 - INFO - Driver [/home/felipe/.wdm/drivers/chromedriver/linux64/145.0.7632.117/chromedriver-linux64/chromedriver] found in cache
2026-03-13 18:31:11,265 - INFO - Driver criado com User-Agent: Mozilla/5.0 (Windows NT 10.0; Win64; x64) AppleWeb...
2026-03-13 18:31:11,265 - INFO - Acessando: https://www.zapimoveis.com.br/aluguel/apartamentos/sp+sao-paulo/?tipos=apartamento_residencial%2Cstudio_residencial%2Ckitnet_residencial%2Ccasa_residencial%2Csobrado_residencial%2Ccondominio_residencial%2Ccasa-vila_residencial%2Ccobertura_residencial%2Cflat_residencial%2Cloft_residencial&pagina=337
2026-03-13 18:31:12,285 - INFO - Aguardando 5.3s para carregamento...
2026-03-13 18:31:26,232 - INFO - Analisando página HTML...
2026-03-13 18:31:26,232 - INFO - Tentativa 1 (links com /imovel/): 4 cards
2026-03-13 18:31:26,233 - INFO - ✓ Página 337: 4 imóveis extraídos
2026-03-13 18:31:26,304 - INFO - Driver fechado
2026-03-13 18:31:26,305 - INFO - ✓ Página 337 salva em data/raw/por_pagina/sao-paulo_sp_pagina337.csv
2026-03-13 18:31:26,306 - INFO - Aguardando 9.7s antes da próxima página...
2026-03-13 18:31:36,023 - INFO - ============================================================
2026-03-13 18:31:36,023 - INFO - PÁGINA 338
2026-03-13 18:31:36,023 - INFO - ============================================================
2026-03-13 18:31:36,023 - INFO - ====== WebDriver manager ======
2026-03-13 18:31:36,082 - INFO - Get LATEST chromedriver version for google-chrome
2026-03-13 18:31:36,159 - INFO - Get LATEST chromedriver version for google-chrome
2026-03-13 18:31:36,261 - INFO - Driver [/home/felipe/.wdm/drivers/chromedriver/linux64/145.0.7632.117/chromedriver-linux64/chromedriver] found in cache
2026-03-13 18:31:37,084 - INFO - Driver criado com User-Agent: Mozilla/5.0 (X11; Linux x86_64) AppleWebKit/537.36...
2026-03-13 18:31:37,084 - INFO - Acessando: https://www.zapimoveis.com.br/aluguel/apartamentos/sp+sao-paulo/?tipos=apartamento_residencial%2Cstudio_residencial%2Ckitnet_residencial%2Ccasa_residencial%2Csobrado_residencial%2Ccondominio_residencial%2Ccasa-vila_residencial%2Ccobertura_residencial%2Cflat_residencial%2Cloft_residencial&pagina=338
2026-03-13 18:31:38,184 - INFO - Aguardando 5.5s para carregamento...
2026-03-13 18:31:51,987 - INFO - Analisando página HTML...
2026-03-13 18:31:51,987 - INFO - Tentativa 1 (links com /imovel/): 4 cards
2026-03-13 18:31:51,988 - INFO - ✓ Página 338: 4 imóveis extraídos
2026-03-13 18:31:52,060 - INFO - Driver fechado
2026-03-13 18:31:52,061 - INFO - ✓ Página 338 salva em data/raw/por_pagina/sao-paulo_sp_pagina338.csv
2026-03-13 18:31:52,061 - INFO - Aguardando 8.2s antes da próxima página...
2026-03-13 18:32:00,252 - INFO - ============================================================
2026-03-13 18:32:00,253 - INFO - PÁGINA 339
2026-03-13 18:32:00,253 - INFO - ============================================================
2026-03-13 18:32:00,253 - INFO - ====== WebDriver manager ======
2026-03-13 18:32:00,310 - INFO - Get LATEST chromedriver version for google-chrome
2026-03-13 18:32:00,380 - INFO - Get LATEST chromedriver version for google-chrome
2026-03-13 18:32:00,461 - INFO - Driver [/home/felipe/.wdm/drivers/chromedriver/linux64/145.0.7632.117/chromedriver-linux64/chromedriver] found in cache
2026-03-13 18:32:01,261 - INFO - Driver criado com User-Agent: Mozilla/5.0 (Windows NT 10.0; Win64; x64; rv:121.0...
2026-03-13 18:32:01,261 - INFO - Acessando: https://www.zapimoveis.com.br/aluguel/apartamentos/sp+sao-paulo/?tipos=apartamento_residencial%2Cstudio_residencial%2Ckitnet_residencial%2Ccasa_residencial%2Csobrado_residencial%2Ccondominio_residencial%2Ccasa-vila_residencial%2Ccobertura_residencial%2Cflat_residencial%2Cloft_residencial&pagina=339
2026-03-13 18:32:02,941 - INFO - Aguardando 7.0s para carregamento...
2026-03-13 18:32:17,152 - INFO - Analisando página HTML...
2026-03-13 18:32:17,153 - INFO - Tentativa 1 (links com /imovel/): 4 cards
2026-03-13 18:32:17,153 - INFO - ✓ Página 339: 4 imóveis extraídos
2026-03-13 18:32:17,229 - INFO - Driver fechado
2026-03-13 18:32:17,230 - INFO - ✓ Página 339 salva em data/raw/por_pagina/sao-paulo_sp_pagina339.csv
2026-03-13 18:32:17,230 - INFO - Aguardando 8.7s antes da próxima página...
2026-03-13 18:32:25,883 - INFO - ============================================================
2026-03-13 18:32:25,884 - INFO - PÁGINA 340
2026-03-13 18:32:25,884 - INFO - ============================================================
2026-03-13 18:32:25,884 - INFO - ====== WebDriver manager ======
2026-03-13 18:32:25,942 - INFO - Get LATEST chromedriver version for google-chrome
2026-03-13 18:32:26,022 - INFO - Get LATEST chromedriver version for google-chrome
2026-03-13 18:32:26,098 - INFO - Driver [/home/felipe/.wdm/drivers/chromedriver/linux64/145.0.7632.117/chromedriver-linux64/chromedriver] found in cache
2026-03-13 18:32:26,900 - INFO - Driver criado com User-Agent: Mozilla/5.0 (Windows NT 10.0; Win64; x64) AppleWeb...
2026-03-13 18:32:26,900 - INFO - Acessando: https://www.zapimoveis.com.br/aluguel/apartamentos/sp+sao-paulo/?tipos=apartamento_residencial%2Cstudio_residencial%2Ckitnet_residencial%2Ccasa_residencial%2Csobrado_residencial%2Ccondominio_residencial%2Ccasa-vila_residencial%2Ccobertura_residencial%2Cflat_residencial%2Cloft_residencial&pagina=340
2026-03-13 18:32:27,909 - INFO - Aguardando 7.8s para carregamento...
2026-03-13 18:32:43,965 - INFO - Analisando página HTML...
2026-03-13 18:32:43,966 - INFO - Tentativa 1 (links com /imovel/): 4 cards
2026-03-13 18:32:43,966 - INFO - ✓ Página 340: 4 imóveis extraídos
2026-03-13 18:32:44,042 - INFO - Driver fechado
2026-03-13 18:32:44,044 - INFO - ✓ Página 340 salva em data/raw/por_pagina/sao-paulo_sp_pagina340.csv
2026-03-13 18:32:44,044 - INFO - Aguardando 7.4s antes da próxima página...
2026-03-13 18:32:51,470 - INFO - ============================================================
2026-03-13 18:32:51,470 - INFO - PÁGINA 341
2026-03-13 18:32:51,470 - INFO - ============================================================
2026-03-13 18:32:51,470 - INFO - ====== WebDriver manager ======
2026-03-13 18:32:51,528 - INFO - Get LATEST chromedriver version for google-chrome
2026-03-13 18:32:51,619 - INFO - Get LATEST chromedriver version for google-chrome
2026-03-13 18:32:51,711 - INFO - Driver [/home/felipe/.wdm/drivers/chromedriver/linux64/145.0.7632.117/chromedriver-linux64/chromedriver] found in cache
2026-03-13 18:32:52,527 - INFO - Driver criado com User-Agent: Mozilla/5.0 (Windows NT 10.0; Win64; x64) AppleWeb...
2026-03-13 18:32:52,527 - INFO - Acessando: https://www.zapimoveis.com.br/aluguel/apartamentos/sp+sao-paulo/?tipos=apartamento_residencial%2Cstudio_residencial%2Ckitnet_residencial%2Ccasa_residencial%2Csobrado_residencial%2Ccondominio_residencial%2Ccasa-vila_residencial%2Ccobertura_residencial%2Cflat_residencial%2Cloft_residencial&pagina=341
2026-03-13 18:32:53,427 - INFO - Aguardando 7.6s para carregamento...
2026-03-13 18:33:08,994 - INFO - Analisando página HTML...
2026-03-13 18:33:08,994 - INFO - Tentativa 1 (links com /imovel/): 4 cards
2026-03-13 18:33:08,994 - INFO - ✓ Página 341: 4 imóveis extraídos
2026-03-13 18:33:09,068 - INFO - Driver fechado
2026-03-13 18:33:09,069 - INFO - ✓ Página 341 salva em data/raw/por_pagina/sao-paulo_sp_pagina341.csv
2026-03-13 18:33:09,069 - INFO - Aguardando 6.7s antes da próxima página...
2026-03-13 18:33:15,748 - INFO - ============================================================
2026-03-13 18:33:15,748 - INFO - PÁGINA 342
2026-03-13 18:33:15,748 - INFO - ============================================================
2026-03-13 18:33:15,748 - INFO - ====== WebDriver manager ======
2026-03-13 18:33:15,806 - INFO - Get LATEST chromedriver version for google-chrome
2026-03-13 18:33:15,882 - INFO - Get LATEST chromedriver version for google-chrome
2026-03-13 18:33:15,958 - INFO - Driver [/home/felipe/.wdm/drivers/chromedriver/linux64/145.0.7632.117/chromedriver-linux64/chromedriver] found in cache
2026-03-13 18:33:16,771 - INFO - Driver criado com User-Agent: Mozilla/5.0 (Windows NT 10.0; Win64; x64; rv:121.0...
2026-03-13 18:33:16,771 - INFO - Acessando: https://www.zapimoveis.com.br/aluguel/apartamentos/sp+sao-paulo/?tipos=apartamento_residencial%2Cstudio_residencial%2Ckitnet_residencial%2Ccasa_residencial%2Csobrado_residencial%2Ccondominio_residencial%2Ccasa-vila_residencial%2Ccobertura_residencial%2Cflat_residencial%2Cloft_residencial&pagina=342
2026-03-13 18:33:17,526 - INFO - Aguardando 5.3s para carregamento...
2026-03-13 18:33:30,978 - INFO - Analisando página HTML...
2026-03-13 18:33:30,979 - INFO - Tentativa 1 (links com /imovel/): 4 cards
2026-03-13 18:33:30,979 - INFO - ✓ Página 342: 4 imóveis extraídos
2026-03-13 18:33:31,047 - INFO - Driver fechado
2026-03-13 18:33:31,049 - INFO - ✓ Página 342 salva em data/raw/por_pagina/sao-paulo_sp_pagina342.csv
2026-03-13 18:33:31,049 - INFO - Aguardando 5.3s antes da próxima página...
2026-03-13 18:33:36,325 - INFO - ============================================================
2026-03-13 18:33:36,325 - INFO - PÁGINA 343
2026-03-13 18:33:36,325 - INFO - ============================================================
2026-03-13 18:33:36,325 - INFO - ====== WebDriver manager ======
2026-03-13 18:33:36,384 - INFO - Get LATEST chromedriver version for google-chrome
2026-03-13 18:33:36,473 - INFO - Get LATEST chromedriver version for google-chrome
2026-03-13 18:33:36,552 - INFO - Driver [/home/felipe/.wdm/drivers/chromedriver/linux64/145.0.7632.117/chromedriver-linux64/chromedriver] found in cache
2026-03-13 18:33:37,361 - INFO - Driver criado com User-Agent: Mozilla/5.0 (Windows NT 10.0; Win64; x64; rv:121.0...
2026-03-13 18:33:37,361 - INFO - Acessando: https://www.zapimoveis.com.br/aluguel/apartamentos/sp+sao-paulo/?tipos=apartamento_residencial%2Cstudio_residencial%2Ckitnet_residencial%2Ccasa_residencial%2Csobrado_residencial%2Ccondominio_residencial%2Ccasa-vila_residencial%2Ccobertura_residencial%2Cflat_residencial%2Cloft_residencial&pagina=343
2026-03-13 18:33:38,624 - INFO - Aguardando 5.2s para carregamento...
2026-03-13 18:33:51,556 - INFO - Analisando página HTML...
2026-03-13 18:33:51,557 - INFO - Tentativa 1 (links com /imovel/): 4 cards
2026-03-13 18:33:51,557 - INFO - ✓ Página 343: 4 imóveis extraídos
2026-03-13 18:33:51,625 - INFO - Driver fechado
2026-03-13 18:33:51,627 - INFO - ✓ Página 343 salva em data/raw/por_pagina/sao-paulo_sp_pagina343.csv
2026-03-13 18:33:51,627 - INFO - Aguardando 6.5s antes da próxima página...
2026-03-13 18:33:58,110 - INFO - ============================================================
2026-03-13 18:33:58,110 - INFO - PÁGINA 344
2026-03-13 18:33:58,110 - INFO - ============================================================
2026-03-13 18:33:58,111 - INFO - ====== WebDriver manager ======
2026-03-13 18:33:58,168 - INFO - Get LATEST chromedriver version for google-chrome
2026-03-13 18:33:58,258 - INFO - Get LATEST chromedriver version for google-chrome
2026-03-13 18:33:58,354 - INFO - Driver [/home/felipe/.wdm/drivers/chromedriver/linux64/145.0.7632.117/chromedriver-linux64/chromedriver] found in cache
2026-03-13 18:33:59,159 - INFO - Driver criado com User-Agent: Mozilla/5.0 (Windows NT 10.0; Win64; x64) AppleWeb...
2026-03-13 18:33:59,159 - INFO - Acessando: https://www.zapimoveis.com.br/aluguel/apartamentos/sp+sao-paulo/?tipos=apartamento_residencial%2Cstudio_residencial%2Ckitnet_residencial%2Ccasa_residencial%2Csobrado_residencial%2Ccondominio_residencial%2Ccasa-vila_residencial%2Ccobertura_residencial%2Cflat_residencial%2Cloft_residencial&pagina=344
2026-03-13 18:34:00,021 - INFO - Aguardando 7.6s para carregamento...
2026-03-13 18:34:16,407 - INFO - Analisando página HTML...
2026-03-13 18:34:16,408 - INFO - Tentativa 1 (links com /imovel/): 4 cards
2026-03-13 18:34:16,408 - INFO - ✓ Página 344: 4 imóveis extraídos
2026-03-13 18:34:16,475 - INFO - Driver fechado
2026-03-13 18:34:16,477 - INFO - ✓ Página 344 salva em data/raw/por_pagina/sao-paulo_sp_pagina344.csv
2026-03-13 18:34:16,477 - INFO - Aguardando 6.3s antes da próxima página...
2026-03-13 18:34:22,768 - INFO - ============================================================
2026-03-13 18:34:22,769 - INFO - PÁGINA 345
2026-03-13 18:34:22,769 - INFO - ============================================================
2026-03-13 18:34:22,769 - INFO - ====== WebDriver manager ======
2026-03-13 18:34:22,828 - INFO - Get LATEST chromedriver version for google-chrome
2026-03-13 18:34:22,905 - INFO - Get LATEST chromedriver version for google-chrome
2026-03-13 18:34:22,986 - INFO - Driver [/home/felipe/.wdm/drivers/chromedriver/linux64/145.0.7632.117/chromedriver-linux64/chromedriver] found in cache
2026-03-13 18:34:23,806 - INFO - Driver criado com User-Agent: Mozilla/5.0 (Macintosh; Intel Mac OS X 10_15_7) Ap...
2026-03-13 18:34:23,806 - INFO - Acessando: https://www.zapimoveis.com.br/aluguel/apartamentos/sp+sao-paulo/?tipos=apartamento_residencial%2Cstudio_residencial%2Ckitnet_residencial%2Ccasa_residencial%2Csobrado_residencial%2Ccondominio_residencial%2Ccasa-vila_residencial%2Ccobertura_residencial%2Cflat_residencial%2Cloft_residencial&pagina=345
2026-03-13 18:34:25,554 - INFO - Aguardando 6.2s para carregamento...
2026-03-13 18:34:39,815 - INFO - Analisando página HTML...
2026-03-13 18:34:39,816 - INFO - Tentativa 1 (links com /imovel/): 4 cards
2026-03-13 18:34:39,816 - INFO - ✓ Página 345: 4 imóveis extraídos
2026-03-13 18:34:39,890 - INFO - Driver fechado
2026-03-13 18:34:39,892 - INFO - ✓ Página 345 salva em data/raw/por_pagina/sao-paulo_sp_pagina345.csv
2026-03-13 18:34:39,892 - INFO - Aguardando 5.1s antes da próxima página...
2026-03-13 18:34:44,953 - INFO - ============================================================
2026-03-13 18:34:44,953 - INFO - PÁGINA 346
2026-03-13 18:34:44,953 - INFO - ============================================================
2026-03-13 18:34:44,954 - INFO - ====== WebDriver manager ======
2026-03-13 18:34:45,012 - INFO - Get LATEST chromedriver version for google-chrome
2026-03-13 18:34:45,084 - INFO - Get LATEST chromedriver version for google-chrome
2026-03-13 18:34:45,181 - INFO - Driver [/home/felipe/.wdm/drivers/chromedriver/linux64/145.0.7632.117/chromedriver-linux64/chromedriver] found in cache
2026-03-13 18:34:45,986 - INFO - Driver criado com User-Agent: Mozilla/5.0 (X11; Linux x86_64) AppleWebKit/537.36...
2026-03-13 18:34:45,986 - INFO - Acessando: https://www.zapimoveis.com.br/aluguel/apartamentos/sp+sao-paulo/?tipos=apartamento_residencial%2Cstudio_residencial%2Ckitnet_residencial%2Ccasa_residencial%2Csobrado_residencial%2Ccondominio_residencial%2Ccasa-vila_residencial%2Ccobertura_residencial%2Cflat_residencial%2Cloft_residencial&pagina=346
2026-03-13 18:34:46,947 - INFO - Aguardando 5.5s para carregamento...
2026-03-13 18:35:00,149 - INFO - Analisando página HTML...
2026-03-13 18:35:00,150 - INFO - Tentativa 1 (links com /imovel/): 4 cards
2026-03-13 18:35:00,150 - INFO - ✓ Página 346: 4 imóveis extraídos
2026-03-13 18:35:00,217 - INFO - Driver fechado
2026-03-13 18:35:00,219 - INFO - ✓ Página 346 salva em data/raw/por_pagina/sao-paulo_sp_pagina346.csv
2026-03-13 18:35:00,219 - INFO - Aguardando 5.7s antes da próxima página...
2026-03-13 18:35:05,869 - INFO - ============================================================
2026-03-13 18:35:05,869 - INFO - PÁGINA 347
2026-03-13 18:35:05,869 - INFO - ============================================================
2026-03-13 18:35:05,869 - INFO - ====== WebDriver manager ======
2026-03-13 18:35:05,926 - INFO - Get LATEST chromedriver version for google-chrome
2026-03-13 18:35:06,024 - INFO - Get LATEST chromedriver version for google-chrome
2026-03-13 18:35:06,109 - INFO - Driver [/home/felipe/.wdm/drivers/chromedriver/linux64/145.0.7632.117/chromedriver-linux64/chromedriver] found in cache
2026-03-13 18:35:06,902 - INFO - Driver criado com User-Agent: Mozilla/5.0 (Windows NT 10.0; Win64; x64) AppleWeb...
2026-03-13 18:35:06,903 - INFO - Acessando: https://www.zapimoveis.com.br/aluguel/apartamentos/sp+sao-paulo/?tipos=apartamento_residencial%2Cstudio_residencial%2Ckitnet_residencial%2Ccasa_residencial%2Csobrado_residencial%2Ccondominio_residencial%2Ccasa-vila_residencial%2Ccobertura_residencial%2Cflat_residencial%2Cloft_residencial&pagina=347
2026-03-13 18:35:07,811 - INFO - Aguardando 8.0s para carregamento...
2026-03-13 18:35:23,467 - INFO - Analisando página HTML...
2026-03-13 18:35:23,468 - INFO - Tentativa 1 (links com /imovel/): 4 cards
2026-03-13 18:35:23,468 - INFO - ✓ Página 347: 4 imóveis extraídos
2026-03-13 18:35:23,543 - INFO - Driver fechado
2026-03-13 18:35:23,544 - INFO - ✓ Página 347 salva em data/raw/por_pagina/sao-paulo_sp_pagina347.csv
2026-03-13 18:35:23,544 - INFO - Aguardando 8.8s antes da próxima página...
2026-03-13 18:35:32,387 - INFO - ============================================================
2026-03-13 18:35:32,387 - INFO - PÁGINA 348
2026-03-13 18:35:32,387 - INFO - ============================================================
2026-03-13 18:35:32,387 - INFO - ====== WebDriver manager ======
2026-03-13 18:35:32,446 - INFO - Get LATEST chromedriver version for google-chrome
2026-03-13 18:35:32,533 - INFO - Get LATEST chromedriver version for google-chrome
2026-03-13 18:35:32,611 - INFO - Driver [/home/felipe/.wdm/drivers/chromedriver/linux64/145.0.7632.117/chromedriver-linux64/chromedriver] found in cache
2026-03-13 18:35:33,438 - INFO - Driver criado com User-Agent: Mozilla/5.0 (Windows NT 10.0; Win64; x64) AppleWeb...
2026-03-13 18:35:33,438 - INFO - Acessando: https://www.zapimoveis.com.br/aluguel/apartamentos/sp+sao-paulo/?tipos=apartamento_residencial%2Cstudio_residencial%2Ckitnet_residencial%2Ccasa_residencial%2Csobrado_residencial%2Ccondominio_residencial%2Ccasa-vila_residencial%2Ccobertura_residencial%2Cflat_residencial%2Cloft_residencial&pagina=348
2026-03-13 18:35:34,373 - INFO - Aguardando 7.2s para carregamento...
2026-03-13 18:35:48,823 - INFO - Analisando página HTML...
2026-03-13 18:35:48,823 - INFO - Tentativa 1 (links com /imovel/): 4 cards
2026-03-13 18:35:48,824 - INFO - ✓ Página 348: 4 imóveis extraídos
2026-03-13 18:35:48,896 - INFO - Driver fechado
2026-03-13 18:35:48,898 - INFO - ✓ Página 348 salva em data/raw/por_pagina/sao-paulo_sp_pagina348.csv
2026-03-13 18:35:48,898 - INFO - Aguardando 8.2s antes da próxima página...
2026-03-13 18:35:57,096 - INFO - ============================================================
2026-03-13 18:35:57,096 - INFO - PÁGINA 349
2026-03-13 18:35:57,097 - INFO - ============================================================
2026-03-13 18:35:57,097 - INFO - ====== WebDriver manager ======
2026-03-13 18:35:57,155 - INFO - Get LATEST chromedriver version for google-chrome
2026-03-13 18:35:57,246 - INFO - Get LATEST chromedriver version for google-chrome
2026-03-13 18:35:57,324 - INFO - Driver [/home/felipe/.wdm/drivers/chromedriver/linux64/145.0.7632.117/chromedriver-linux64/chromedriver] found in cache
2026-03-13 18:35:58,065 - INFO - Driver criado com User-Agent: Mozilla/5.0 (X11; Linux x86_64) AppleWebKit/537.36...
2026-03-13 18:35:58,065 - INFO - Acessando: https://www.zapimoveis.com.br/aluguel/apartamentos/sp+sao-paulo/?tipos=apartamento_residencial%2Cstudio_residencial%2Ckitnet_residencial%2Ccasa_residencial%2Csobrado_residencial%2Ccondominio_residencial%2Ccasa-vila_residencial%2Ccobertura_residencial%2Cflat_residencial%2Cloft_residencial&pagina=349
2026-03-13 18:35:58,965 - INFO - Aguardando 6.1s para carregamento...
2026-03-13 18:36:11,687 - INFO - Analisando página HTML...
2026-03-13 18:36:11,687 - INFO - Tentativa 1 (links com /imovel/): 4 cards
2026-03-13 18:36:11,688 - INFO - ✓ Página 349: 4 imóveis extraídos
2026-03-13 18:36:11,754 - INFO - Driver fechado
2026-03-13 18:36:11,755 - INFO - ✓ Página 349 salva em data/raw/por_pagina/sao-paulo_sp_pagina349.csv
2026-03-13 18:36:11,755 - INFO - Aguardando 6.4s antes da próxima página...
2026-03-13 18:36:18,133 - INFO - ============================================================
2026-03-13 18:36:18,133 - INFO - PÁGINA 350
2026-03-13 18:36:18,133 - INFO - ============================================================
2026-03-13 18:36:18,133 - INFO - ====== WebDriver manager ======
2026-03-13 18:36:18,191 - INFO - Get LATEST chromedriver version for google-chrome
2026-03-13 18:36:18,273 - INFO - Get LATEST chromedriver version for google-chrome
2026-03-13 18:36:18,364 - INFO - Driver [/home/felipe/.wdm/drivers/chromedriver/linux64/145.0.7632.117/chromedriver-linux64/chromedriver] found in cache
2026-03-13 18:36:19,180 - INFO - Driver criado com User-Agent: Mozilla/5.0 (Macintosh; Intel Mac OS X 10_15_7) Ap...
2026-03-13 18:36:19,180 - INFO - Acessando: https://www.zapimoveis.com.br/aluguel/apartamentos/sp+sao-paulo/?tipos=apartamento_residencial%2Cstudio_residencial%2Ckitnet_residencial%2Ccasa_residencial%2Csobrado_residencial%2Ccondominio_residencial%2Ccasa-vila_residencial%2Ccobertura_residencial%2Cflat_residencial%2Cloft_residencial&pagina=350
2026-03-13 18:36:20,034 - INFO - Aguardando 6.3s para carregamento...
2026-03-13 18:36:34,069 - INFO - Analisando página HTML...
2026-03-13 18:36:34,070 - INFO - Tentativa 1 (links com /imovel/): 4 cards
2026-03-13 18:36:34,070 - INFO - ✓ Página 350: 4 imóveis extraídos
2026-03-13 18:36:34,143 - INFO - Driver fechado
2026-03-13 18:36:34,144 - INFO - ✓ Página 350 salva em data/raw/por_pagina/sao-paulo_sp_pagina350.csv
2026-03-13 18:36:34,144 - INFO - Aguardando 7.8s antes da próxima página...
2026-03-13 18:36:41,903 - INFO - ============================================================
2026-03-13 18:36:41,903 - INFO - PÁGINA 351
2026-03-13 18:36:41,903 - INFO - ============================================================
2026-03-13 18:36:41,903 - INFO - ====== WebDriver manager ======
2026-03-13 18:36:41,961 - INFO - Get LATEST chromedriver version for google-chrome
2026-03-13 18:36:42,053 - INFO - Get LATEST chromedriver version for google-chrome
2026-03-13 18:36:42,149 - INFO - Driver [/home/felipe/.wdm/drivers/chromedriver/linux64/145.0.7632.117/chromedriver-linux64/chromedriver] found in cache
2026-03-13 18:36:42,961 - INFO - Driver criado com User-Agent: Mozilla/5.0 (X11; Linux x86_64) AppleWebKit/537.36...
2026-03-13 18:36:42,961 - INFO - Acessando: https://www.zapimoveis.com.br/aluguel/apartamentos/sp+sao-paulo/?tipos=apartamento_residencial%2Cstudio_residencial%2Ckitnet_residencial%2Ccasa_residencial%2Csobrado_residencial%2Ccondominio_residencial%2Ccasa-vila_residencial%2Ccobertura_residencial%2Cflat_residencial%2Cloft_residencial&pagina=351
2026-03-13 18:36:44,011 - INFO - Aguardando 7.9s para carregamento...
2026-03-13 18:37:01,028 - INFO - Analisando página HTML...
2026-03-13 18:37:01,029 - INFO - Tentativa 1 (links com /imovel/): 4 cards
2026-03-13 18:37:01,029 - INFO - ✓ Página 351: 4 imóveis extraídos
2026-03-13 18:37:01,104 - INFO - Driver fechado
2026-03-13 18:37:01,105 - INFO - ✓ Página 351 salva em data/raw/por_pagina/sao-paulo_sp_pagina351.csv
2026-03-13 18:37:01,106 - INFO - Aguardando 9.2s antes da próxima página...
2026-03-13 18:37:10,321 - INFO - ============================================================
2026-03-13 18:37:10,321 - INFO - PÁGINA 352
2026-03-13 18:37:10,321 - INFO - ============================================================
2026-03-13 18:37:10,321 - INFO - ====== WebDriver manager ======
2026-03-13 18:37:10,379 - INFO - Get LATEST chromedriver version for google-chrome
2026-03-13 18:37:10,459 - INFO - Get LATEST chromedriver version for google-chrome
2026-03-13 18:37:10,540 - INFO - Driver [/home/felipe/.wdm/drivers/chromedriver/linux64/145.0.7632.117/chromedriver-linux64/chromedriver] found in cache
2026-03-13 18:37:11,361 - INFO - Driver criado com User-Agent: Mozilla/5.0 (Windows NT 10.0; Win64; x64; rv:121.0...
2026-03-13 18:37:11,361 - INFO - Acessando: https://www.zapimoveis.com.br/aluguel/apartamentos/sp+sao-paulo/?tipos=apartamento_residencial%2Cstudio_residencial%2Ckitnet_residencial%2Ccasa_residencial%2Csobrado_residencial%2Ccondominio_residencial%2Ccasa-vila_residencial%2Ccobertura_residencial%2Cflat_residencial%2Cloft_residencial&pagina=352
2026-03-13 18:37:13,285 - INFO - Aguardando 7.4s para carregamento...
2026-03-13 18:37:27,764 - INFO - Analisando página HTML...
2026-03-13 18:37:27,764 - INFO - Tentativa 1 (links com /imovel/): 4 cards
2026-03-13 18:37:27,765 - INFO - ✓ Página 352: 4 imóveis extraídos
2026-03-13 18:37:27,840 - INFO - Driver fechado
2026-03-13 18:37:27,841 - INFO - ✓ Página 352 salva em data/raw/por_pagina/sao-paulo_sp_pagina352.csv
2026-03-13 18:37:27,841 - INFO - Aguardando 5.8s antes da próxima página...
2026-03-13 18:37:33,656 - INFO - ============================================================
2026-03-13 18:37:33,656 - INFO - PÁGINA 353
2026-03-13 18:37:33,656 - INFO - ============================================================
2026-03-13 18:37:33,656 - INFO - ====== WebDriver manager ======
2026-03-13 18:37:33,714 - INFO - Get LATEST chromedriver version for google-chrome
2026-03-13 18:37:33,805 - INFO - Get LATEST chromedriver version for google-chrome
2026-03-13 18:37:33,882 - INFO - Driver [/home/felipe/.wdm/drivers/chromedriver/linux64/145.0.7632.117/chromedriver-linux64/chromedriver] found in cache
2026-03-13 18:37:34,686 - INFO - Driver criado com User-Agent: Mozilla/5.0 (Macintosh; Intel Mac OS X 10_15_7) Ap...
2026-03-13 18:37:34,686 - INFO - Acessando: https://www.zapimoveis.com.br/aluguel/apartamentos/sp+sao-paulo/?tipos=apartamento_residencial%2Cstudio_residencial%2Ckitnet_residencial%2Ccasa_residencial%2Csobrado_residencial%2Ccondominio_residencial%2Ccasa-vila_residencial%2Ccobertura_residencial%2Cflat_residencial%2Cloft_residencial&pagina=353
2026-03-13 18:37:35,639 - INFO - Aguardando 5.1s para carregamento...
2026-03-13 18:37:48,369 - INFO - Analisando página HTML...
2026-03-13 18:37:48,369 - INFO - Tentativa 1 (links com /imovel/): 4 cards
2026-03-13 18:37:48,370 - INFO - ✓ Página 353: 4 imóveis extraídos
2026-03-13 18:37:48,437 - INFO - Driver fechado
2026-03-13 18:37:48,438 - INFO - ✓ Página 353 salva em data/raw/por_pagina/sao-paulo_sp_pagina353.csv
2026-03-13 18:37:48,438 - INFO - Aguardando 5.8s antes da próxima página...
2026-03-13 18:37:54,257 - INFO - ============================================================
2026-03-13 18:37:54,257 - INFO - PÁGINA 354
2026-03-13 18:37:54,257 - INFO - ============================================================
2026-03-13 18:37:54,257 - INFO - ====== WebDriver manager ======
2026-03-13 18:37:54,314 - INFO - Get LATEST chromedriver version for google-chrome
2026-03-13 18:37:54,396 - INFO - Get LATEST chromedriver version for google-chrome
2026-03-13 18:37:54,482 - INFO - Driver [/home/felipe/.wdm/drivers/chromedriver/linux64/145.0.7632.117/chromedriver-linux64/chromedriver] found in cache
2026-03-13 18:37:55,291 - INFO - Driver criado com User-Agent: Mozilla/5.0 (Windows NT 10.0; Win64; x64) AppleWeb...
2026-03-13 18:37:55,291 - INFO - Acessando: https://www.zapimoveis.com.br/aluguel/apartamentos/sp+sao-paulo/?tipos=apartamento_residencial%2Cstudio_residencial%2Ckitnet_residencial%2Ccasa_residencial%2Csobrado_residencial%2Ccondominio_residencial%2Ccasa-vila_residencial%2Ccobertura_residencial%2Cflat_residencial%2Cloft_residencial&pagina=354
2026-03-13 18:37:56,217 - INFO - Aguardando 7.6s para carregamento...
2026-03-13 18:38:12,106 - INFO - Analisando página HTML...
2026-03-13 18:38:12,106 - INFO - Tentativa 1 (links com /imovel/): 4 cards
2026-03-13 18:38:12,107 - INFO - ✓ Página 354: 4 imóveis extraídos
2026-03-13 18:38:12,183 - INFO - Driver fechado
2026-03-13 18:38:12,184 - INFO - ✓ Página 354 salva em data/raw/por_pagina/sao-paulo_sp_pagina354.csv
2026-03-13 18:38:12,184 - INFO - Aguardando 7.8s antes da próxima página...
2026-03-13 18:38:19,945 - INFO - ============================================================
2026-03-13 18:38:19,945 - INFO - PÁGINA 355
2026-03-13 18:38:19,945 - INFO - ============================================================
2026-03-13 18:38:19,946 - INFO - ====== WebDriver manager ======
2026-03-13 18:38:20,004 - INFO - Get LATEST chromedriver version for google-chrome
2026-03-13 18:38:20,087 - INFO - Get LATEST chromedriver version for google-chrome
2026-03-13 18:38:20,161 - INFO - Driver [/home/felipe/.wdm/drivers/chromedriver/linux64/145.0.7632.117/chromedriver-linux64/chromedriver] found in cache
2026-03-13 18:38:20,955 - INFO - Driver criado com User-Agent: Mozilla/5.0 (Windows NT 10.0; Win64; x64) AppleWeb...
2026-03-13 18:38:20,955 - INFO - Acessando: https://www.zapimoveis.com.br/aluguel/apartamentos/sp+sao-paulo/?tipos=apartamento_residencial%2Cstudio_residencial%2Ckitnet_residencial%2Ccasa_residencial%2Csobrado_residencial%2Ccondominio_residencial%2Ccasa-vila_residencial%2Ccobertura_residencial%2Cflat_residencial%2Cloft_residencial&pagina=355
2026-03-13 18:38:22,148 - INFO - Aguardando 6.4s para carregamento...
2026-03-13 18:38:36,502 - INFO - Analisando página HTML...
2026-03-13 18:38:36,502 - INFO - Tentativa 1 (links com /imovel/): 4 cards
2026-03-13 18:38:36,503 - INFO - ✓ Página 355: 4 imóveis extraídos
2026-03-13 18:38:36,578 - INFO - Driver fechado
2026-03-13 18:38:36,580 - INFO - ✓ Página 355 salva em data/raw/por_pagina/sao-paulo_sp_pagina355.csv
2026-03-13 18:38:36,580 - INFO - Aguardando 8.3s antes da próxima página...
2026-03-13 18:38:44,859 - INFO - ============================================================
2026-03-13 18:38:44,859 - INFO - PÁGINA 356
2026-03-13 18:38:44,859 - INFO - ============================================================
2026-03-13 18:38:44,859 - INFO - ====== WebDriver manager ======
2026-03-13 18:38:44,916 - INFO - Get LATEST chromedriver version for google-chrome
2026-03-13 18:38:45,009 - INFO - Get LATEST chromedriver version for google-chrome
2026-03-13 18:38:45,102 - INFO - Driver [/home/felipe/.wdm/drivers/chromedriver/linux64/145.0.7632.117/chromedriver-linux64/chromedriver] found in cache
2026-03-13 18:38:45,908 - INFO - Driver criado com User-Agent: Mozilla/5.0 (Windows NT 10.0; Win64; x64) AppleWeb...
2026-03-13 18:38:45,908 - INFO - Acessando: https://www.zapimoveis.com.br/aluguel/apartamentos/sp+sao-paulo/?tipos=apartamento_residencial%2Cstudio_residencial%2Ckitnet_residencial%2Ccasa_residencial%2Csobrado_residencial%2Ccondominio_residencial%2Ccasa-vila_residencial%2Ccobertura_residencial%2Cflat_residencial%2Cloft_residencial&pagina=356
2026-03-13 18:38:46,695 - INFO - Aguardando 6.4s para carregamento...
2026-03-13 18:39:01,053 - INFO - Analisando página HTML...
2026-03-13 18:39:01,053 - INFO - Tentativa 1 (links com /imovel/): 4 cards
2026-03-13 18:39:01,054 - INFO - ✓ Página 356: 4 imóveis extraídos
2026-03-13 18:39:01,127 - INFO - Driver fechado
2026-03-13 18:39:01,128 - INFO - ✓ Página 356 salva em data/raw/por_pagina/sao-paulo_sp_pagina356.csv
2026-03-13 18:39:01,128 - INFO - Aguardando 6.9s antes da próxima página...
2026-03-13 18:39:07,993 - INFO - ============================================================
2026-03-13 18:39:07,993 - INFO - PÁGINA 357
2026-03-13 18:39:07,993 - INFO - ============================================================
2026-03-13 18:39:07,993 - INFO - ====== WebDriver manager ======
2026-03-13 18:39:08,051 - INFO - Get LATEST chromedriver version for google-chrome
2026-03-13 18:39:08,124 - INFO - Get LATEST chromedriver version for google-chrome
2026-03-13 18:39:08,190 - INFO - Driver [/home/felipe/.wdm/drivers/chromedriver/linux64/145.0.7632.117/chromedriver-linux64/chromedriver] found in cache
2026-03-13 18:39:08,996 - INFO - Driver criado com User-Agent: Mozilla/5.0 (Windows NT 10.0; Win64; x64) AppleWeb...
2026-03-13 18:39:08,997 - INFO - Acessando: https://www.zapimoveis.com.br/aluguel/apartamentos/sp+sao-paulo/?tipos=apartamento_residencial%2Cstudio_residencial%2Ckitnet_residencial%2Ccasa_residencial%2Csobrado_residencial%2Ccondominio_residencial%2Ccasa-vila_residencial%2Ccobertura_residencial%2Cflat_residencial%2Cloft_residencial&pagina=357
2026-03-13 18:39:09,991 - INFO - Aguardando 6.0s para carregamento...
2026-03-13 18:39:23,565 - INFO - Analisando página HTML...
2026-03-13 18:39:23,566 - INFO - Tentativa 1 (links com /imovel/): 4 cards
2026-03-13 18:39:23,566 - INFO - ✓ Página 357: 4 imóveis extraídos
2026-03-13 18:39:23,635 - INFO - Driver fechado
2026-03-13 18:39:23,637 - INFO - ✓ Página 357 salva em data/raw/por_pagina/sao-paulo_sp_pagina357.csv
2026-03-13 18:39:23,637 - INFO - Aguardando 9.4s antes da próxima página...
2026-03-13 18:39:33,023 - INFO - ============================================================
2026-03-13 18:39:33,023 - INFO - PÁGINA 358
2026-03-13 18:39:33,023 - INFO - ============================================================
2026-03-13 18:39:33,023 - INFO - ====== WebDriver manager ======
2026-03-13 18:39:33,079 - INFO - Get LATEST chromedriver version for google-chrome
2026-03-13 18:39:33,161 - INFO - Get LATEST chromedriver version for google-chrome
2026-03-13 18:39:33,252 - INFO - Driver [/home/felipe/.wdm/drivers/chromedriver/linux64/145.0.7632.117/chromedriver-linux64/chromedriver] found in cache
2026-03-13 18:39:34,061 - INFO - Driver criado com User-Agent: Mozilla/5.0 (Windows NT 10.0; Win64; x64; rv:121.0...
2026-03-13 18:39:34,061 - INFO - Acessando: https://www.zapimoveis.com.br/aluguel/apartamentos/sp+sao-paulo/?tipos=apartamento_residencial%2Cstudio_residencial%2Ckitnet_residencial%2Ccasa_residencial%2Csobrado_residencial%2Ccondominio_residencial%2Ccasa-vila_residencial%2Ccobertura_residencial%2Cflat_residencial%2Cloft_residencial&pagina=358
2026-03-13 18:39:35,041 - INFO - Aguardando 7.4s para carregamento...
2026-03-13 18:39:50,137 - INFO - Analisando página HTML...
2026-03-13 18:39:50,137 - INFO - Tentativa 1 (links com /imovel/): 4 cards
2026-03-13 18:39:50,138 - INFO - ✓ Página 358: 4 imóveis extraídos
2026-03-13 18:39:50,213 - INFO - Driver fechado
2026-03-13 18:39:50,215 - INFO - ✓ Página 358 salva em data/raw/por_pagina/sao-paulo_sp_pagina358.csv
2026-03-13 18:39:50,215 - INFO - Aguardando 8.6s antes da próxima página...
2026-03-13 18:39:58,849 - INFO - ============================================================
2026-03-13 18:39:58,849 - INFO - PÁGINA 359
2026-03-13 18:39:58,849 - INFO - ============================================================
2026-03-13 18:39:58,849 - INFO - ====== WebDriver manager ======
2026-03-13 18:39:58,909 - INFO - Get LATEST chromedriver version for google-chrome
2026-03-13 18:39:58,993 - INFO - Get LATEST chromedriver version for google-chrome
2026-03-13 18:39:59,073 - INFO - Driver [/home/felipe/.wdm/drivers/chromedriver/linux64/145.0.7632.117/chromedriver-linux64/chromedriver] found in cache
2026-03-13 18:39:59,880 - INFO - Driver criado com User-Agent: Mozilla/5.0 (Macintosh; Intel Mac OS X 10_15_7) Ap...
2026-03-13 18:39:59,880 - INFO - Acessando: https://www.zapimoveis.com.br/aluguel/apartamentos/sp+sao-paulo/?tipos=apartamento_residencial%2Cstudio_residencial%2Ckitnet_residencial%2Ccasa_residencial%2Csobrado_residencial%2Ccondominio_residencial%2Ccasa-vila_residencial%2Ccobertura_residencial%2Cflat_residencial%2Cloft_residencial&pagina=359
2026-03-13 18:40:00,965 - INFO - Aguardando 6.4s para carregamento...
2026-03-13 18:40:16,030 - INFO - Analisando página HTML...
2026-03-13 18:40:16,030 - INFO - Tentativa 1 (links com /imovel/): 4 cards
2026-03-13 18:40:16,031 - INFO - ✓ Página 359: 4 imóveis extraídos
2026-03-13 18:40:16,106 - INFO - Driver fechado
2026-03-13 18:40:16,107 - INFO - ✓ Página 359 salva em data/raw/por_pagina/sao-paulo_sp_pagina359.csv
2026-03-13 18:40:16,108 - INFO - Aguardando 9.1s antes da próxima página...
2026-03-13 18:40:25,211 - INFO - ============================================================
2026-03-13 18:40:25,211 - INFO - PÁGINA 360
2026-03-13 18:40:25,211 - INFO - ============================================================
2026-03-13 18:40:25,211 - INFO - ====== WebDriver manager ======
2026-03-13 18:40:25,271 - INFO - Get LATEST chromedriver version for google-chrome
2026-03-13 18:40:25,341 - INFO - Get LATEST chromedriver version for google-chrome
2026-03-13 18:40:25,424 - INFO - Driver [/home/felipe/.wdm/drivers/chromedriver/linux64/145.0.7632.117/chromedriver-linux64/chromedriver] found in cache
2026-03-13 18:40:26,235 - INFO - Driver criado com User-Agent: Mozilla/5.0 (X11; Linux x86_64) AppleWebKit/537.36...
2026-03-13 18:40:26,235 - INFO - Acessando: https://www.zapimoveis.com.br/aluguel/apartamentos/sp+sao-paulo/?tipos=apartamento_residencial%2Cstudio_residencial%2Ckitnet_residencial%2Ccasa_residencial%2Csobrado_residencial%2Ccondominio_residencial%2Ccasa-vila_residencial%2Ccobertura_residencial%2Cflat_residencial%2Cloft_residencial&pagina=360
2026-03-13 18:40:27,108 - INFO - Aguardando 6.7s para carregamento...
2026-03-13 18:40:41,489 - INFO - Analisando página HTML...
2026-03-13 18:40:41,489 - INFO - Tentativa 1 (links com /imovel/): 4 cards
2026-03-13 18:40:41,490 - INFO - ✓ Página 360: 4 imóveis extraídos
2026-03-13 18:40:41,564 - INFO - Driver fechado
2026-03-13 18:40:41,565 - INFO - ✓ Página 360 salva em data/raw/por_pagina/sao-paulo_sp_pagina360.csv
2026-03-13 18:40:41,565 - INFO - Aguardando 7.4s antes da próxima página...
2026-03-13 18:40:48,940 - INFO - ============================================================
2026-03-13 18:40:48,940 - INFO - PÁGINA 361
2026-03-13 18:40:48,940 - INFO - ============================================================
2026-03-13 18:40:48,940 - INFO - ====== WebDriver manager ======
2026-03-13 18:40:48,999 - INFO - Get LATEST chromedriver version for google-chrome
2026-03-13 18:40:49,090 - INFO - Get LATEST chromedriver version for google-chrome
2026-03-13 18:40:49,179 - INFO - Driver [/home/felipe/.wdm/drivers/chromedriver/linux64/145.0.7632.117/chromedriver-linux64/chromedriver] found in cache
2026-03-13 18:40:49,984 - INFO - Driver criado com User-Agent: Mozilla/5.0 (Windows NT 10.0; Win64; x64) AppleWeb...
2026-03-13 18:40:49,984 - INFO - Acessando: https://www.zapimoveis.com.br/aluguel/apartamentos/sp+sao-paulo/?tipos=apartamento_residencial%2Cstudio_residencial%2Ckitnet_residencial%2Ccasa_residencial%2Csobrado_residencial%2Ccondominio_residencial%2Ccasa-vila_residencial%2Ccobertura_residencial%2Cflat_residencial%2Cloft_residencial&pagina=361
2026-03-13 18:40:51,714 - INFO - Aguardando 5.4s para carregamento...
2026-03-13 18:41:05,947 - INFO - Analisando página HTML...
2026-03-13 18:41:05,948 - INFO - Tentativa 1 (links com /imovel/): 4 cards
2026-03-13 18:41:05,948 - INFO - ✓ Página 361: 4 imóveis extraídos
2026-03-13 18:41:06,028 - INFO - Driver fechado
2026-03-13 18:41:06,029 - INFO - ✓ Página 361 salva em data/raw/por_pagina/sao-paulo_sp_pagina361.csv
2026-03-13 18:41:06,029 - INFO - Aguardando 9.0s antes da próxima página...
2026-03-13 18:41:15,049 - INFO - ============================================================
2026-03-13 18:41:15,049 - INFO - PÁGINA 362
2026-03-13 18:41:15,049 - INFO - ============================================================
2026-03-13 18:41:15,049 - INFO - ====== WebDriver manager ======
2026-03-13 18:41:15,108 - INFO - Get LATEST chromedriver version for google-chrome
2026-03-13 18:41:15,188 - INFO - Get LATEST chromedriver version for google-chrome
2026-03-13 18:41:15,274 - INFO - Driver [/home/felipe/.wdm/drivers/chromedriver/linux64/145.0.7632.117/chromedriver-linux64/chromedriver] found in cache
2026-03-13 18:41:16,076 - INFO - Driver criado com User-Agent: Mozilla/5.0 (Windows NT 10.0; Win64; x64; rv:121.0...
2026-03-13 18:41:16,076 - INFO - Acessando: https://www.zapimoveis.com.br/aluguel/apartamentos/sp+sao-paulo/?tipos=apartamento_residencial%2Cstudio_residencial%2Ckitnet_residencial%2Ccasa_residencial%2Csobrado_residencial%2Ccondominio_residencial%2Ccasa-vila_residencial%2Ccobertura_residencial%2Cflat_residencial%2Cloft_residencial&pagina=362
2026-03-13 18:41:16,946 - INFO - Aguardando 7.9s para carregamento...
2026-03-13 18:41:33,781 - INFO - Analisando página HTML...
2026-03-13 18:41:33,782 - INFO - Tentativa 1 (links com /imovel/): 4 cards
2026-03-13 18:41:33,782 - INFO - ✓ Página 362: 4 imóveis extraídos
2026-03-13 18:41:33,857 - INFO - Driver fechado
2026-03-13 18:41:33,859 - INFO - ✓ Página 362 salva em data/raw/por_pagina/sao-paulo_sp_pagina362.csv
2026-03-13 18:41:33,859 - INFO - Aguardando 6.0s antes da próxima página...
2026-03-13 18:41:39,877 - INFO - ============================================================
2026-03-13 18:41:39,877 - INFO - PÁGINA 363
2026-03-13 18:41:39,877 - INFO - ============================================================
2026-03-13 18:41:39,877 - INFO - ====== WebDriver manager ======
2026-03-13 18:41:39,934 - INFO - Get LATEST chromedriver version for google-chrome
2026-03-13 18:41:40,022 - INFO - Get LATEST chromedriver version for google-chrome
2026-03-13 18:41:40,124 - INFO - Driver [/home/felipe/.wdm/drivers/chromedriver/linux64/145.0.7632.117/chromedriver-linux64/chromedriver] found in cache
2026-03-13 18:41:40,932 - INFO - Driver criado com User-Agent: Mozilla/5.0 (Windows NT 10.0; Win64; x64) AppleWeb...
2026-03-13 18:41:40,932 - INFO - Acessando: https://www.zapimoveis.com.br/aluguel/apartamentos/sp+sao-paulo/?tipos=apartamento_residencial%2Cstudio_residencial%2Ckitnet_residencial%2Ccasa_residencial%2Csobrado_residencial%2Ccondominio_residencial%2Ccasa-vila_residencial%2Ccobertura_residencial%2Cflat_residencial%2Cloft_residencial&pagina=363
2026-03-13 18:41:41,791 - INFO - Aguardando 6.8s para carregamento...
2026-03-13 18:41:56,763 - INFO - Analisando página HTML...
2026-03-13 18:41:56,763 - INFO - Tentativa 1 (links com /imovel/): 4 cards
2026-03-13 18:41:56,764 - INFO - ✓ Página 363: 4 imóveis extraídos
2026-03-13 18:41:56,840 - INFO - Driver fechado
2026-03-13 18:41:56,841 - INFO - ✓ Página 363 salva em data/raw/por_pagina/sao-paulo_sp_pagina363.csv
2026-03-13 18:41:56,841 - INFO - Aguardando 9.6s antes da próxima página...
2026-03-13 18:42:06,414 - INFO - ============================================================
2026-03-13 18:42:06,414 - INFO - PÁGINA 364
2026-03-13 18:42:06,414 - INFO - ============================================================
2026-03-13 18:42:06,414 - INFO - ====== WebDriver manager ======
2026-03-13 18:42:06,473 - INFO - Get LATEST chromedriver version for google-chrome
2026-03-13 18:42:06,554 - INFO - Get LATEST chromedriver version for google-chrome
2026-03-13 18:42:06,638 - INFO - Driver [/home/felipe/.wdm/drivers/chromedriver/linux64/145.0.7632.117/chromedriver-linux64/chromedriver] found in cache
2026-03-13 18:42:07,386 - INFO - Driver criado com User-Agent: Mozilla/5.0 (Windows NT 10.0; Win64; x64) AppleWeb...
2026-03-13 18:42:07,386 - INFO - Acessando: https://www.zapimoveis.com.br/aluguel/apartamentos/sp+sao-paulo/?tipos=apartamento_residencial%2Cstudio_residencial%2Ckitnet_residencial%2Ccasa_residencial%2Csobrado_residencial%2Ccondominio_residencial%2Ccasa-vila_residencial%2Ccobertura_residencial%2Cflat_residencial%2Cloft_residencial&pagina=364
2026-03-13 18:42:08,539 - INFO - Aguardando 6.5s para carregamento...
2026-03-13 18:42:23,036 - INFO - Analisando página HTML...
2026-03-13 18:42:23,036 - INFO - Tentativa 1 (links com /imovel/): 4 cards
2026-03-13 18:42:23,036 - INFO - ✓ Página 364: 4 imóveis extraídos
2026-03-13 18:42:23,111 - INFO - Driver fechado
2026-03-13 18:42:23,112 - INFO - ✓ Página 364 salva em data/raw/por_pagina/sao-paulo_sp_pagina364.csv
2026-03-13 18:42:23,113 - INFO - Aguardando 6.9s antes da próxima página...
2026-03-13 18:42:30,013 - INFO - ============================================================
2026-03-13 18:42:30,013 - INFO - PÁGINA 365
2026-03-13 18:42:30,013 - INFO - ============================================================
2026-03-13 18:42:30,013 - INFO - ====== WebDriver manager ======
2026-03-13 18:42:30,072 - INFO - Get LATEST chromedriver version for google-chrome
2026-03-13 18:42:30,164 - INFO - Get LATEST chromedriver version for google-chrome
2026-03-13 18:42:30,246 - INFO - Driver [/home/felipe/.wdm/drivers/chromedriver/linux64/145.0.7632.117/chromedriver-linux64/chromedriver] found in cache
2026-03-13 18:42:31,056 - INFO - Driver criado com User-Agent: Mozilla/5.0 (Windows NT 10.0; Win64; x64; rv:121.0...
2026-03-13 18:42:31,056 - INFO - Acessando: https://www.zapimoveis.com.br/aluguel/apartamentos/sp+sao-paulo/?tipos=apartamento_residencial%2Cstudio_residencial%2Ckitnet_residencial%2Ccasa_residencial%2Csobrado_residencial%2Ccondominio_residencial%2Ccasa-vila_residencial%2Ccobertura_residencial%2Cflat_residencial%2Cloft_residencial&pagina=365
2026-03-13 18:42:32,143 - INFO - Aguardando 7.8s para carregamento...
2026-03-13 18:42:49,210 - INFO - Analisando página HTML...
2026-03-13 18:42:49,210 - INFO - Tentativa 1 (links com /imovel/): 4 cards
2026-03-13 18:42:49,210 - INFO - ✓ Página 365: 4 imóveis extraídos
2026-03-13 18:42:49,285 - INFO - Driver fechado
2026-03-13 18:42:49,286 - INFO - ✓ Página 365 salva em data/raw/por_pagina/sao-paulo_sp_pagina365.csv
2026-03-13 18:42:49,286 - INFO - Aguardando 8.7s antes da próxima página...
2026-03-13 18:42:57,962 - INFO - ============================================================
2026-03-13 18:42:57,962 - INFO - PÁGINA 366
2026-03-13 18:42:57,962 - INFO - ============================================================
2026-03-13 18:42:57,962 - INFO - ====== WebDriver manager ======
2026-03-13 18:42:58,022 - INFO - Get LATEST chromedriver version for google-chrome
2026-03-13 18:42:58,100 - INFO - Get LATEST chromedriver version for google-chrome
2026-03-13 18:42:58,194 - INFO - Driver [/home/felipe/.wdm/drivers/chromedriver/linux64/145.0.7632.117/chromedriver-linux64/chromedriver] found in cache
2026-03-13 18:42:58,996 - INFO - Driver criado com User-Agent: Mozilla/5.0 (X11; Linux x86_64) AppleWebKit/537.36...
2026-03-13 18:42:58,996 - INFO - Acessando: https://www.zapimoveis.com.br/aluguel/apartamentos/sp+sao-paulo/?tipos=apartamento_residencial%2Cstudio_residencial%2Ckitnet_residencial%2Ccasa_residencial%2Csobrado_residencial%2Ccondominio_residencial%2Ccasa-vila_residencial%2Ccobertura_residencial%2Cflat_residencial%2Cloft_residencial&pagina=366
2026-03-13 18:42:59,843 - INFO - Aguardando 7.8s para carregamento...
2026-03-13 18:43:16,269 - INFO - Analisando página HTML...
2026-03-13 18:43:16,269 - INFO - Tentativa 1 (links com /imovel/): 4 cards
2026-03-13 18:43:16,270 - INFO - ✓ Página 366: 4 imóveis extraídos
2026-03-13 18:43:16,345 - INFO - Driver fechado
2026-03-13 18:43:16,347 - INFO - ✓ Página 366 salva em data/raw/por_pagina/sao-paulo_sp_pagina366.csv
2026-03-13 18:43:16,347 - INFO - Aguardando 6.5s antes da próxima página...
2026-03-13 18:43:22,812 - INFO - ============================================================
2026-03-13 18:43:22,812 - INFO - PÁGINA 367
2026-03-13 18:43:22,812 - INFO - ============================================================
2026-03-13 18:43:22,812 - INFO - ====== WebDriver manager ======
2026-03-13 18:43:22,871 - INFO - Get LATEST chromedriver version for google-chrome
2026-03-13 18:43:22,961 - INFO - Get LATEST chromedriver version for google-chrome
2026-03-13 18:43:23,038 - INFO - Driver [/home/felipe/.wdm/drivers/chromedriver/linux64/145.0.7632.117/chromedriver-linux64/chromedriver] found in cache
2026-03-13 18:43:23,846 - INFO - Driver criado com User-Agent: Mozilla/5.0 (Macintosh; Intel Mac OS X 10_15_7) Ap...
2026-03-13 18:43:23,846 - INFO - Acessando: https://www.zapimoveis.com.br/aluguel/apartamentos/sp+sao-paulo/?tipos=apartamento_residencial%2Cstudio_residencial%2Ckitnet_residencial%2Ccasa_residencial%2Csobrado_residencial%2Ccondominio_residencial%2Ccasa-vila_residencial%2Ccobertura_residencial%2Cflat_residencial%2Cloft_residencial&pagina=367
2026-03-13 18:43:24,714 - INFO - Aguardando 6.2s para carregamento...
2026-03-13 18:43:38,427 - INFO - Analisando página HTML...
2026-03-13 18:43:38,427 - INFO - Tentativa 1 (links com /imovel/): 4 cards
2026-03-13 18:43:38,428 - INFO - ✓ Página 367: 4 imóveis extraídos
2026-03-13 18:43:38,498 - INFO - Driver fechado
2026-03-13 18:43:38,499 - INFO - ✓ Página 367 salva em data/raw/por_pagina/sao-paulo_sp_pagina367.csv
2026-03-13 18:43:38,499 - INFO - Aguardando 6.1s antes da próxima página...
2026-03-13 18:43:44,631 - INFO - ============================================================
2026-03-13 18:43:44,631 - INFO - PÁGINA 368
2026-03-13 18:43:44,631 - INFO - ============================================================
2026-03-13 18:43:44,632 - INFO - ====== WebDriver manager ======
2026-03-13 18:43:44,690 - INFO - Get LATEST chromedriver version for google-chrome
2026-03-13 18:43:44,778 - INFO - Get LATEST chromedriver version for google-chrome
2026-03-13 18:43:44,856 - INFO - Driver [/home/felipe/.wdm/drivers/chromedriver/linux64/145.0.7632.117/chromedriver-linux64/chromedriver] found in cache
2026-03-13 18:43:45,651 - INFO - Driver criado com User-Agent: Mozilla/5.0 (Windows NT 10.0; Win64; x64; rv:121.0...
2026-03-13 18:43:45,651 - INFO - Acessando: https://www.zapimoveis.com.br/aluguel/apartamentos/sp+sao-paulo/?tipos=apartamento_residencial%2Cstudio_residencial%2Ckitnet_residencial%2Ccasa_residencial%2Csobrado_residencial%2Ccondominio_residencial%2Ccasa-vila_residencial%2Ccobertura_residencial%2Cflat_residencial%2Cloft_residencial&pagina=368
2026-03-13 18:43:46,704 - INFO - Aguardando 6.2s para carregamento...
2026-03-13 18:44:02,017 - INFO - Analisando página HTML...
2026-03-13 18:44:02,017 - INFO - Tentativa 1 (links com /imovel/): 4 cards
2026-03-13 18:44:02,017 - INFO - ✓ Página 368: 4 imóveis extraídos
2026-03-13 18:44:02,092 - INFO - Driver fechado
2026-03-13 18:44:02,093 - INFO - ✓ Página 368 salva em data/raw/por_pagina/sao-paulo_sp_pagina368.csv
2026-03-13 18:44:02,093 - INFO - Aguardando 6.2s antes da próxima página...
2026-03-13 18:44:08,339 - INFO - ============================================================
2026-03-13 18:44:08,339 - INFO - PÁGINA 369
2026-03-13 18:44:08,339 - INFO - ============================================================
2026-03-13 18:44:08,339 - INFO - ====== WebDriver manager ======
2026-03-13 18:44:08,396 - INFO - Get LATEST chromedriver version for google-chrome
2026-03-13 18:44:08,489 - INFO - Get LATEST chromedriver version for google-chrome
2026-03-13 18:44:08,580 - INFO - Driver [/home/felipe/.wdm/drivers/chromedriver/linux64/145.0.7632.117/chromedriver-linux64/chromedriver] found in cache
2026-03-13 18:44:09,384 - INFO - Driver criado com User-Agent: Mozilla/5.0 (X11; Linux x86_64) AppleWebKit/537.36...
2026-03-13 18:44:09,384 - INFO - Acessando: https://www.zapimoveis.com.br/aluguel/apartamentos/sp+sao-paulo/?tipos=apartamento_residencial%2Cstudio_residencial%2Ckitnet_residencial%2Ccasa_residencial%2Csobrado_residencial%2Ccondominio_residencial%2Ccasa-vila_residencial%2Ccobertura_residencial%2Cflat_residencial%2Cloft_residencial&pagina=369
2026-03-13 18:44:10,286 - INFO - Aguardando 5.6s para carregamento...
2026-03-13 18:44:22,825 - INFO - Analisando página HTML...
2026-03-13 18:44:22,825 - INFO - Tentativa 1 (links com /imovel/): 4 cards
2026-03-13 18:44:22,826 - INFO - ✓ Página 369: 4 imóveis extraídos
2026-03-13 18:44:22,891 - INFO - Driver fechado
2026-03-13 18:44:22,893 - INFO - ✓ Página 369 salva em data/raw/por_pagina/sao-paulo_sp_pagina369.csv
2026-03-13 18:44:22,893 - INFO - Aguardando 8.1s antes da próxima página...
2026-03-13 18:44:31,025 - INFO - ============================================================
2026-03-13 18:44:31,025 - INFO - PÁGINA 370
2026-03-13 18:44:31,025 - INFO - ============================================================
2026-03-13 18:44:31,025 - INFO - ====== WebDriver manager ======
2026-03-13 18:44:31,084 - INFO - Get LATEST chromedriver version for google-chrome
2026-03-13 18:44:31,172 - INFO - Get LATEST chromedriver version for google-chrome
2026-03-13 18:44:31,260 - INFO - Driver [/home/felipe/.wdm/drivers/chromedriver/linux64/145.0.7632.117/chromedriver-linux64/chromedriver] found in cache
2026-03-13 18:44:32,067 - INFO - Driver criado com User-Agent: Mozilla/5.0 (Windows NT 10.0; Win64; x64; rv:121.0...
2026-03-13 18:44:32,067 - INFO - Acessando: https://www.zapimoveis.com.br/aluguel/apartamentos/sp+sao-paulo/?tipos=apartamento_residencial%2Cstudio_residencial%2Ckitnet_residencial%2Ccasa_residencial%2Csobrado_residencial%2Ccondominio_residencial%2Ccasa-vila_residencial%2Ccobertura_residencial%2Cflat_residencial%2Cloft_residencial&pagina=370
2026-03-13 18:44:33,240 - INFO - Aguardando 6.6s para carregamento...
2026-03-13 18:44:47,846 - INFO - Analisando página HTML...
2026-03-13 18:44:47,846 - INFO - Tentativa 1 (links com /imovel/): 4 cards
2026-03-13 18:44:47,847 - INFO - ✓ Página 370: 4 imóveis extraídos
2026-03-13 18:44:47,922 - INFO - Driver fechado
2026-03-13 18:44:47,924 - INFO - ✓ Página 370 salva em data/raw/por_pagina/sao-paulo_sp_pagina370.csv
2026-03-13 18:44:47,924 - INFO - Aguardando 5.4s antes da próxima página...
2026-03-13 18:44:53,371 - INFO - ============================================================
2026-03-13 18:44:53,371 - INFO - PÁGINA 371
2026-03-13 18:44:53,371 - INFO - ============================================================
2026-03-13 18:44:53,371 - INFO - ====== WebDriver manager ======
2026-03-13 18:44:53,429 - INFO - Get LATEST chromedriver version for google-chrome
2026-03-13 18:44:53,510 - INFO - Get LATEST chromedriver version for google-chrome
2026-03-13 18:44:53,589 - INFO - Driver [/home/felipe/.wdm/drivers/chromedriver/linux64/145.0.7632.117/chromedriver-linux64/chromedriver] found in cache
2026-03-13 18:44:54,412 - INFO - Driver criado com User-Agent: Mozilla/5.0 (Windows NT 10.0; Win64; x64) AppleWeb...
2026-03-13 18:44:54,412 - INFO - Acessando: https://www.zapimoveis.com.br/aluguel/apartamentos/sp+sao-paulo/?tipos=apartamento_residencial%2Cstudio_residencial%2Ckitnet_residencial%2Ccasa_residencial%2Csobrado_residencial%2Ccondominio_residencial%2Ccasa-vila_residencial%2Ccobertura_residencial%2Cflat_residencial%2Cloft_residencial&pagina=371
2026-03-13 18:44:55,333 - INFO - Aguardando 5.6s para carregamento...
2026-03-13 18:45:08,428 - INFO - Analisando página HTML...
2026-03-13 18:45:08,428 - INFO - Tentativa 1 (links com /imovel/): 4 cards
2026-03-13 18:45:08,429 - INFO - ✓ Página 371: 4 imóveis extraídos
2026-03-13 18:45:08,497 - INFO - Driver fechado
2026-03-13 18:45:08,498 - INFO - ✓ Página 371 salva em data/raw/por_pagina/sao-paulo_sp_pagina371.csv
2026-03-13 18:45:08,499 - INFO - Aguardando 7.5s antes da próxima página...
2026-03-13 18:45:15,963 - INFO - ============================================================
2026-03-13 18:45:15,963 - INFO - PÁGINA 372
2026-03-13 18:45:15,963 - INFO - ============================================================
2026-03-13 18:45:15,963 - INFO - ====== WebDriver manager ======
2026-03-13 18:45:16,021 - INFO - Get LATEST chromedriver version for google-chrome
2026-03-13 18:45:16,085 - INFO - Get LATEST chromedriver version for google-chrome
2026-03-13 18:45:16,162 - INFO - Driver [/home/felipe/.wdm/drivers/chromedriver/linux64/145.0.7632.117/chromedriver-linux64/chromedriver] found in cache
2026-03-13 18:45:16,969 - INFO - Driver criado com User-Agent: Mozilla/5.0 (Windows NT 10.0; Win64; x64; rv:121.0...
2026-03-13 18:45:16,970 - INFO - Acessando: https://www.zapimoveis.com.br/aluguel/apartamentos/sp+sao-paulo/?tipos=apartamento_residencial%2Cstudio_residencial%2Ckitnet_residencial%2Ccasa_residencial%2Csobrado_residencial%2Ccondominio_residencial%2Ccasa-vila_residencial%2Ccobertura_residencial%2Cflat_residencial%2Cloft_residencial&pagina=372
2026-03-13 18:45:17,919 - INFO - Aguardando 7.0s para carregamento...
2026-03-13 18:45:31,755 - INFO - Analisando página HTML...
2026-03-13 18:45:31,756 - INFO - Tentativa 1 (links com /imovel/): 4 cards
2026-03-13 18:45:31,756 - INFO - ✓ Página 372: 4 imóveis extraídos
2026-03-13 18:45:31,827 - INFO - Driver fechado
2026-03-13 18:45:31,829 - INFO - ✓ Página 372 salva em data/raw/por_pagina/sao-paulo_sp_pagina372.csv
2026-03-13 18:45:31,829 - INFO - Aguardando 9.6s antes da próxima página...
2026-03-13 18:45:41,407 - INFO - ============================================================
2026-03-13 18:45:41,408 - INFO - PÁGINA 373
2026-03-13 18:45:41,408 - INFO - ============================================================
2026-03-13 18:45:41,408 - INFO - ====== WebDriver manager ======
2026-03-13 18:45:41,466 - INFO - Get LATEST chromedriver version for google-chrome
2026-03-13 18:45:41,545 - INFO - Get LATEST chromedriver version for google-chrome
2026-03-13 18:45:41,616 - INFO - Driver [/home/felipe/.wdm/drivers/chromedriver/linux64/145.0.7632.117/chromedriver-linux64/chromedriver] found in cache
2026-03-13 18:45:42,419 - INFO - Driver criado com User-Agent: Mozilla/5.0 (Macintosh; Intel Mac OS X 10_15_7) Ap...
2026-03-13 18:45:42,419 - INFO - Acessando: https://www.zapimoveis.com.br/aluguel/apartamentos/sp+sao-paulo/?tipos=apartamento_residencial%2Cstudio_residencial%2Ckitnet_residencial%2Ccasa_residencial%2Csobrado_residencial%2Ccondominio_residencial%2Ccasa-vila_residencial%2Ccobertura_residencial%2Cflat_residencial%2Cloft_residencial&pagina=373
2026-03-13 18:45:43,504 - INFO - Aguardando 5.3s para carregamento...
2026-03-13 18:45:56,072 - INFO - Analisando página HTML...
2026-03-13 18:45:56,072 - INFO - Tentativa 1 (links com /imovel/): 4 cards
2026-03-13 18:45:56,073 - INFO - ✓ Página 373: 4 imóveis extraídos
2026-03-13 18:45:56,140 - INFO - Driver fechado
2026-03-13 18:45:56,142 - INFO - ✓ Página 373 salva em data/raw/por_pagina/sao-paulo_sp_pagina373.csv
2026-03-13 18:45:56,142 - INFO - Aguardando 6.0s antes da próxima página...
2026-03-13 18:46:02,106 - INFO - ============================================================
2026-03-13 18:46:02,106 - INFO - PÁGINA 374
2026-03-13 18:46:02,106 - INFO - ============================================================
2026-03-13 18:46:02,106 - INFO - ====== WebDriver manager ======
2026-03-13 18:46:02,163 - INFO - Get LATEST chromedriver version for google-chrome
2026-03-13 18:46:02,231 - INFO - Get LATEST chromedriver version for google-chrome
2026-03-13 18:46:02,318 - INFO - Driver [/home/felipe/.wdm/drivers/chromedriver/linux64/145.0.7632.117/chromedriver-linux64/chromedriver] found in cache
2026-03-13 18:46:03,118 - INFO - Driver criado com User-Agent: Mozilla/5.0 (Macintosh; Intel Mac OS X 10_15_7) Ap...
2026-03-13 18:46:03,118 - INFO - Acessando: https://www.zapimoveis.com.br/aluguel/apartamentos/sp+sao-paulo/?tipos=apartamento_residencial%2Cstudio_residencial%2Ckitnet_residencial%2Ccasa_residencial%2Csobrado_residencial%2Ccondominio_residencial%2Ccasa-vila_residencial%2Ccobertura_residencial%2Cflat_residencial%2Cloft_residencial&pagina=374
2026-03-13 18:46:03,235 - INFO - Aguardando 7.1s para carregamento...
2026-03-13 18:46:17,744 - INFO - Analisando página HTML...
2026-03-13 18:46:17,744 - INFO - Tentativa 1 (links com /imovel/): 4 cards
2026-03-13 18:46:17,745 - INFO - ✓ Página 374: 4 imóveis extraídos
2026-03-13 18:46:17,815 - INFO - Driver fechado
2026-03-13 18:46:17,816 - INFO - ✓ Página 374 salva em data/raw/por_pagina/sao-paulo_sp_pagina374.csv
2026-03-13 18:46:17,816 - INFO - Aguardando 7.1s antes da próxima página...
2026-03-13 18:46:24,925 - INFO - ============================================================
2026-03-13 18:46:24,925 - INFO - PÁGINA 375
2026-03-13 18:46:24,925 - INFO - ============================================================
2026-03-13 18:46:24,925 - INFO - ====== WebDriver manager ======
2026-03-13 18:46:24,984 - INFO - Get LATEST chromedriver version for google-chrome
2026-03-13 18:46:25,066 - INFO - Get LATEST chromedriver version for google-chrome
2026-03-13 18:46:25,175 - INFO - Driver [/home/felipe/.wdm/drivers/chromedriver/linux64/145.0.7632.117/chromedriver-linux64/chromedriver] found in cache
2026-03-13 18:46:26,001 - INFO - Driver criado com User-Agent: Mozilla/5.0 (X11; Linux x86_64) AppleWebKit/537.36...
2026-03-13 18:46:26,002 - INFO - Acessando: https://www.zapimoveis.com.br/aluguel/apartamentos/sp+sao-paulo/?tipos=apartamento_residencial%2Cstudio_residencial%2Ckitnet_residencial%2Ccasa_residencial%2Csobrado_residencial%2Ccondominio_residencial%2Ccasa-vila_residencial%2Ccobertura_residencial%2Cflat_residencial%2Cloft_residencial&pagina=375
2026-03-13 18:46:26,887 - INFO - Aguardando 6.0s para carregamento...
2026-03-13 18:46:40,631 - INFO - Analisando página HTML...
2026-03-13 18:46:40,632 - INFO - Tentativa 1 (links com /imovel/): 4 cards
2026-03-13 18:46:40,632 - INFO - ✓ Página 375: 4 imóveis extraídos
2026-03-13 18:46:40,704 - INFO - Driver fechado
2026-03-13 18:46:40,705 - INFO - ✓ Página 375 salva em data/raw/por_pagina/sao-paulo_sp_pagina375.csv
2026-03-13 18:46:40,705 - INFO - Aguardando 7.2s antes da próxima página...
2026-03-13 18:46:47,906 - INFO - ============================================================
2026-03-13 18:46:47,906 - INFO - PÁGINA 376
2026-03-13 18:46:47,906 - INFO - ============================================================
2026-03-13 18:46:47,906 - INFO - ====== WebDriver manager ======
2026-03-13 18:46:47,966 - INFO - Get LATEST chromedriver version for google-chrome
2026-03-13 18:46:48,039 - INFO - Get LATEST chromedriver version for google-chrome
2026-03-13 18:46:48,119 - INFO - Driver [/home/felipe/.wdm/drivers/chromedriver/linux64/145.0.7632.117/chromedriver-linux64/chromedriver] found in cache
2026-03-13 18:46:48,924 - INFO - Driver criado com User-Agent: Mozilla/5.0 (Windows NT 10.0; Win64; x64) AppleWeb...
2026-03-13 18:46:48,924 - INFO - Acessando: https://www.zapimoveis.com.br/aluguel/apartamentos/sp+sao-paulo/?tipos=apartamento_residencial%2Cstudio_residencial%2Ckitnet_residencial%2Ccasa_residencial%2Csobrado_residencial%2Ccondominio_residencial%2Ccasa-vila_residencial%2Ccobertura_residencial%2Cflat_residencial%2Cloft_residencial&pagina=376
2026-03-13 18:46:50,295 - INFO - Aguardando 6.0s para carregamento...
2026-03-13 18:47:03,031 - INFO - Analisando página HTML...
2026-03-13 18:47:03,031 - INFO - Tentativa 1 (links com /imovel/): 4 cards
2026-03-13 18:47:03,032 - INFO - ✓ Página 376: 4 imóveis extraídos
2026-03-13 18:47:03,102 - INFO - Driver fechado
2026-03-13 18:47:03,103 - INFO - ✓ Página 376 salva em data/raw/por_pagina/sao-paulo_sp_pagina376.csv
2026-03-13 18:47:03,103 - INFO - Aguardando 9.7s antes da próxima página...
2026-03-13 18:47:12,791 - INFO - ============================================================
2026-03-13 18:47:12,792 - INFO - PÁGINA 377
2026-03-13 18:47:12,792 - INFO - ============================================================
2026-03-13 18:47:12,792 - INFO - ====== WebDriver manager ======
2026-03-13 18:47:12,850 - INFO - Get LATEST chromedriver version for google-chrome
2026-03-13 18:47:12,939 - INFO - Get LATEST chromedriver version for google-chrome
2026-03-13 18:47:13,025 - INFO - Driver [/home/felipe/.wdm/drivers/chromedriver/linux64/145.0.7632.117/chromedriver-linux64/chromedriver] found in cache
2026-03-13 18:47:13,859 - INFO - Driver criado com User-Agent: Mozilla/5.0 (Windows NT 10.0; Win64; x64) AppleWeb...
2026-03-13 18:47:13,859 - INFO - Acessando: https://www.zapimoveis.com.br/aluguel/apartamentos/sp+sao-paulo/?tipos=apartamento_residencial%2Cstudio_residencial%2Ckitnet_residencial%2Ccasa_residencial%2Csobrado_residencial%2Ccondominio_residencial%2Ccasa-vila_residencial%2Ccobertura_residencial%2Cflat_residencial%2Cloft_residencial&pagina=377
2026-03-13 18:47:15,017 - INFO - Aguardando 7.3s para carregamento...
2026-03-13 18:47:30,976 - INFO - Analisando página HTML...
2026-03-13 18:47:30,976 - INFO - Tentativa 1 (links com /imovel/): 4 cards
2026-03-13 18:47:30,977 - INFO - ✓ Página 377: 4 imóveis extraídos
2026-03-13 18:47:31,051 - INFO - Driver fechado
2026-03-13 18:47:31,052 - INFO - ✓ Página 377 salva em data/raw/por_pagina/sao-paulo_sp_pagina377.csv
2026-03-13 18:47:31,052 - INFO - Aguardando 6.1s antes da próxima página...
2026-03-13 18:47:37,201 - INFO - ============================================================
2026-03-13 18:47:37,201 - INFO - PÁGINA 378
2026-03-13 18:47:37,201 - INFO - ============================================================
2026-03-13 18:47:37,201 - INFO - ====== WebDriver manager ======
2026-03-13 18:47:37,259 - INFO - Get LATEST chromedriver version for google-chrome
2026-03-13 18:47:37,348 - INFO - Get LATEST chromedriver version for google-chrome
2026-03-13 18:47:37,417 - INFO - Driver [/home/felipe/.wdm/drivers/chromedriver/linux64/145.0.7632.117/chromedriver-linux64/chromedriver] found in cache
2026-03-13 18:47:38,209 - INFO - Driver criado com User-Agent: Mozilla/5.0 (Windows NT 10.0; Win64; x64) AppleWeb...
2026-03-13 18:47:38,209 - INFO - Acessando: https://www.zapimoveis.com.br/aluguel/apartamentos/sp+sao-paulo/?tipos=apartamento_residencial%2Cstudio_residencial%2Ckitnet_residencial%2Ccasa_residencial%2Csobrado_residencial%2Ccondominio_residencial%2Ccasa-vila_residencial%2Ccobertura_residencial%2Cflat_residencial%2Cloft_residencial&pagina=378
2026-03-13 18:47:39,019 - INFO - Aguardando 6.3s para carregamento...
2026-03-13 18:47:53,570 - INFO - Analisando página HTML...
2026-03-13 18:47:53,570 - INFO - Tentativa 1 (links com /imovel/): 4 cards
2026-03-13 18:47:53,571 - INFO - ✓ Página 378: 4 imóveis extraídos
2026-03-13 18:47:53,645 - INFO - Driver fechado
2026-03-13 18:47:53,647 - INFO - ✓ Página 378 salva em data/raw/por_pagina/sao-paulo_sp_pagina378.csv
2026-03-13 18:47:53,647 - INFO - Aguardando 9.3s antes da próxima página...
2026-03-13 18:48:02,908 - INFO - ============================================================
2026-03-13 18:48:02,909 - INFO - PÁGINA 379
2026-03-13 18:48:02,909 - INFO - ============================================================
2026-03-13 18:48:02,909 - INFO - ====== WebDriver manager ======
2026-03-13 18:48:02,968 - INFO - Get LATEST chromedriver version for google-chrome
2026-03-13 18:48:03,076 - INFO - Get LATEST chromedriver version for google-chrome
2026-03-13 18:48:03,160 - INFO - Driver [/home/felipe/.wdm/drivers/chromedriver/linux64/145.0.7632.117/chromedriver-linux64/chromedriver] found in cache
2026-03-13 18:48:03,964 - INFO - Driver criado com User-Agent: Mozilla/5.0 (Windows NT 10.0; Win64; x64; rv:121.0...
2026-03-13 18:48:03,964 - INFO - Acessando: https://www.zapimoveis.com.br/aluguel/apartamentos/sp+sao-paulo/?tipos=apartamento_residencial%2Cstudio_residencial%2Ckitnet_residencial%2Ccasa_residencial%2Csobrado_residencial%2Ccondominio_residencial%2Ccasa-vila_residencial%2Ccobertura_residencial%2Cflat_residencial%2Cloft_residencial&pagina=379
2026-03-13 18:48:05,089 - INFO - Aguardando 7.1s para carregamento...
2026-03-13 18:48:20,600 - INFO - Analisando página HTML...
2026-03-13 18:48:20,601 - INFO - Tentativa 1 (links com /imovel/): 4 cards
2026-03-13 18:48:20,601 - INFO - ✓ Página 379: 4 imóveis extraídos
2026-03-13 18:48:20,677 - INFO - Driver fechado
2026-03-13 18:48:20,678 - INFO - ✓ Página 379 salva em data/raw/por_pagina/sao-paulo_sp_pagina379.csv
2026-03-13 18:48:20,678 - INFO - Aguardando 5.1s antes da próxima página...
2026-03-13 18:48:25,802 - INFO - ============================================================
2026-03-13 18:48:25,802 - INFO - PÁGINA 380
2026-03-13 18:48:25,802 - INFO - ============================================================
2026-03-13 18:48:25,803 - INFO - ====== WebDriver manager ======
2026-03-13 18:48:25,862 - INFO - Get LATEST chromedriver version for google-chrome
2026-03-13 18:48:26,000 - INFO - Get LATEST chromedriver version for google-chrome
2026-03-13 18:48:26,077 - INFO - Driver [/home/felipe/.wdm/drivers/chromedriver/linux64/145.0.7632.117/chromedriver-linux64/chromedriver] found in cache
2026-03-13 18:48:26,865 - INFO - Driver criado com User-Agent: Mozilla/5.0 (Windows NT 10.0; Win64; x64) AppleWeb...
2026-03-13 18:48:26,865 - INFO - Acessando: https://www.zapimoveis.com.br/aluguel/apartamentos/sp+sao-paulo/?tipos=apartamento_residencial%2Cstudio_residencial%2Ckitnet_residencial%2Ccasa_residencial%2Csobrado_residencial%2Ccondominio_residencial%2Ccasa-vila_residencial%2Ccobertura_residencial%2Cflat_residencial%2Cloft_residencial&pagina=380
2026-03-13 18:48:27,787 - INFO - Aguardando 7.9s para carregamento...
2026-03-13 18:48:42,905 - INFO - Analisando página HTML...
2026-03-13 18:48:42,905 - INFO - Tentativa 1 (links com /imovel/): 4 cards
2026-03-13 18:48:42,906 - INFO - ✓ Página 380: 4 imóveis extraídos
2026-03-13 18:48:42,971 - INFO - Driver fechado
2026-03-13 18:48:42,972 - INFO - ✓ Página 380 salva em data/raw/por_pagina/sao-paulo_sp_pagina380.csv
2026-03-13 18:48:42,972 - INFO - Aguardando 5.2s antes da próxima página...
2026-03-13 18:48:48,212 - INFO - ============================================================
2026-03-13 18:48:48,212 - INFO - PÁGINA 381
2026-03-13 18:48:48,212 - INFO - ============================================================
2026-03-13 18:48:48,212 - INFO - ====== WebDriver manager ======
2026-03-13 18:48:48,268 - INFO - Get LATEST chromedriver version for google-chrome
2026-03-13 18:48:48,431 - INFO - Get LATEST chromedriver version for google-chrome
2026-03-13 18:48:48,514 - INFO - Driver [/home/felipe/.wdm/drivers/chromedriver/linux64/145.0.7632.117/chromedriver-linux64/chromedriver] found in cache
2026-03-13 18:48:49,316 - INFO - Driver criado com User-Agent: Mozilla/5.0 (Windows NT 10.0; Win64; x64) AppleWeb...
2026-03-13 18:48:49,316 - INFO - Acessando: https://www.zapimoveis.com.br/aluguel/apartamentos/sp+sao-paulo/?tipos=apartamento_residencial%2Cstudio_residencial%2Ckitnet_residencial%2Ccasa_residencial%2Csobrado_residencial%2Ccondominio_residencial%2Ccasa-vila_residencial%2Ccobertura_residencial%2Cflat_residencial%2Cloft_residencial&pagina=381
2026-03-13 18:48:50,661 - INFO - Aguardando 5.5s para carregamento...
2026-03-13 18:49:04,080 - INFO - Analisando página HTML...
2026-03-13 18:49:04,081 - INFO - Tentativa 1 (links com /imovel/): 4 cards
2026-03-13 18:49:04,081 - INFO - ✓ Página 381: 4 imóveis extraídos
2026-03-13 18:49:04,151 - INFO - Driver fechado
2026-03-13 18:49:04,153 - INFO - ✓ Página 381 salva em data/raw/por_pagina/sao-paulo_sp_pagina381.csv
2026-03-13 18:49:04,153 - INFO - Aguardando 7.2s antes da próxima página...
2026-03-13 18:49:11,319 - INFO - ============================================================
2026-03-13 18:49:11,319 - INFO - PÁGINA 382
2026-03-13 18:49:11,319 - INFO - ============================================================
2026-03-13 18:49:11,319 - INFO - ====== WebDriver manager ======
2026-03-13 18:49:11,378 - INFO - Get LATEST chromedriver version for google-chrome
2026-03-13 18:49:11,445 - INFO - Get LATEST chromedriver version for google-chrome
2026-03-13 18:49:11,519 - INFO - Driver [/home/felipe/.wdm/drivers/chromedriver/linux64/145.0.7632.117/chromedriver-linux64/chromedriver] found in cache
2026-03-13 18:49:12,324 - INFO - Driver criado com User-Agent: Mozilla/5.0 (Macintosh; Intel Mac OS X 10_15_7) Ap...
2026-03-13 18:49:12,324 - INFO - Acessando: https://www.zapimoveis.com.br/aluguel/apartamentos/sp+sao-paulo/?tipos=apartamento_residencial%2Cstudio_residencial%2Ckitnet_residencial%2Ccasa_residencial%2Csobrado_residencial%2Ccondominio_residencial%2Ccasa-vila_residencial%2Ccobertura_residencial%2Cflat_residencial%2Cloft_residencial&pagina=382
2026-03-13 18:49:13,210 - INFO - Aguardando 5.7s para carregamento...
2026-03-13 18:49:26,119 - INFO - Analisando página HTML...
2026-03-13 18:49:26,119 - INFO - Tentativa 1 (links com /imovel/): 4 cards
2026-03-13 18:49:26,119 - INFO - ✓ Página 382: 4 imóveis extraídos
2026-03-13 18:49:26,186 - INFO - Driver fechado
2026-03-13 18:49:26,187 - INFO - ✓ Página 382 salva em data/raw/por_pagina/sao-paulo_sp_pagina382.csv
2026-03-13 18:49:26,187 - INFO - Aguardando 9.3s antes da próxima página...
2026-03-13 18:49:35,497 - INFO - ============================================================
2026-03-13 18:49:35,497 - INFO - PÁGINA 383
2026-03-13 18:49:35,497 - INFO - ============================================================
2026-03-13 18:49:35,498 - INFO - ====== WebDriver manager ======
2026-03-13 18:49:35,556 - INFO - Get LATEST chromedriver version for google-chrome
2026-03-13 18:49:35,638 - INFO - Get LATEST chromedriver version for google-chrome
2026-03-13 18:49:35,728 - INFO - Driver [/home/felipe/.wdm/drivers/chromedriver/linux64/145.0.7632.117/chromedriver-linux64/chromedriver] found in cache
2026-03-13 18:49:36,528 - INFO - Driver criado com User-Agent: Mozilla/5.0 (X11; Linux x86_64) AppleWebKit/537.36...
2026-03-13 18:49:36,528 - INFO - Acessando: https://www.zapimoveis.com.br/aluguel/apartamentos/sp+sao-paulo/?tipos=apartamento_residencial%2Cstudio_residencial%2Ckitnet_residencial%2Ccasa_residencial%2Csobrado_residencial%2Ccondominio_residencial%2Ccasa-vila_residencial%2Ccobertura_residencial%2Cflat_residencial%2Cloft_residencial&pagina=383
2026-03-13 18:49:37,375 - INFO - Aguardando 5.9s para carregamento...
2026-03-13 18:49:49,958 - INFO - Analisando página HTML...
2026-03-13 18:49:49,959 - INFO - Tentativa 1 (links com /imovel/): 4 cards
2026-03-13 18:49:49,959 - INFO - ✓ Página 383: 4 imóveis extraídos
2026-03-13 18:49:50,026 - INFO - Driver fechado
2026-03-13 18:49:50,027 - INFO - ✓ Página 383 salva em data/raw/por_pagina/sao-paulo_sp_pagina383.csv
2026-03-13 18:49:50,027 - INFO - Aguardando 7.2s antes da próxima página...
2026-03-13 18:49:57,216 - INFO - ============================================================
2026-03-13 18:49:57,216 - INFO - PÁGINA 384
2026-03-13 18:49:57,216 - INFO - ============================================================
2026-03-13 18:49:57,216 - INFO - ====== WebDriver manager ======
2026-03-13 18:49:57,274 - INFO - Get LATEST chromedriver version for google-chrome
2026-03-13 18:49:57,364 - INFO - Get LATEST chromedriver version for google-chrome
2026-03-13 18:49:57,452 - INFO - Driver [/home/felipe/.wdm/drivers/chromedriver/linux64/145.0.7632.117/chromedriver-linux64/chromedriver] found in cache
2026-03-13 18:49:58,265 - INFO - Driver criado com User-Agent: Mozilla/5.0 (Windows NT 10.0; Win64; x64) AppleWeb...
2026-03-13 18:49:58,265 - INFO - Acessando: https://www.zapimoveis.com.br/aluguel/apartamentos/sp+sao-paulo/?tipos=apartamento_residencial%2Cstudio_residencial%2Ckitnet_residencial%2Ccasa_residencial%2Csobrado_residencial%2Ccondominio_residencial%2Ccasa-vila_residencial%2Ccobertura_residencial%2Cflat_residencial%2Cloft_residencial&pagina=384
2026-03-13 18:49:59,262 - INFO - Aguardando 6.4s para carregamento...
2026-03-13 18:50:13,275 - INFO - Analisando página HTML...
2026-03-13 18:50:13,276 - INFO - Tentativa 1 (links com /imovel/): 4 cards
2026-03-13 18:50:13,277 - INFO - ✓ Página 384: 4 imóveis extraídos
2026-03-13 18:50:13,347 - INFO - Driver fechado
2026-03-13 18:50:13,349 - INFO - ✓ Página 384 salva em data/raw/por_pagina/sao-paulo_sp_pagina384.csv
2026-03-13 18:50:13,349 - INFO - Aguardando 6.3s antes da próxima página...
2026-03-13 18:50:19,613 - INFO - ============================================================
2026-03-13 18:50:19,613 - INFO - PÁGINA 385
2026-03-13 18:50:19,613 - INFO - ============================================================
2026-03-13 18:50:19,613 - INFO - ====== WebDriver manager ======
2026-03-13 18:50:19,671 - INFO - Get LATEST chromedriver version for google-chrome
2026-03-13 18:50:19,750 - INFO - Get LATEST chromedriver version for google-chrome
2026-03-13 18:50:19,835 - INFO - Driver [/home/felipe/.wdm/drivers/chromedriver/linux64/145.0.7632.117/chromedriver-linux64/chromedriver] found in cache
2026-03-13 18:50:20,638 - INFO - Driver criado com User-Agent: Mozilla/5.0 (Windows NT 10.0; Win64; x64) AppleWeb...
2026-03-13 18:50:20,638 - INFO - Acessando: https://www.zapimoveis.com.br/aluguel/apartamentos/sp+sao-paulo/?tipos=apartamento_residencial%2Cstudio_residencial%2Ckitnet_residencial%2Ccasa_residencial%2Csobrado_residencial%2Ccondominio_residencial%2Ccasa-vila_residencial%2Ccobertura_residencial%2Cflat_residencial%2Cloft_residencial&pagina=385
2026-03-13 18:50:21,483 - INFO - Aguardando 6.1s para carregamento...
2026-03-13 18:50:35,915 - INFO - Analisando página HTML...
2026-03-13 18:50:35,915 - INFO - Tentativa 1 (links com /imovel/): 4 cards
2026-03-13 18:50:35,916 - INFO - ✓ Página 385: 4 imóveis extraídos
2026-03-13 18:50:35,988 - INFO - Driver fechado
2026-03-13 18:50:35,989 - INFO - ✓ Página 385 salva em data/raw/por_pagina/sao-paulo_sp_pagina385.csv
2026-03-13 18:50:35,989 - INFO - Aguardando 9.4s antes da próxima página...
2026-03-13 18:50:45,437 - INFO - ============================================================
2026-03-13 18:50:45,438 - INFO - PÁGINA 386
2026-03-13 18:50:45,438 - INFO - ============================================================
2026-03-13 18:50:45,438 - INFO - ====== WebDriver manager ======
2026-03-13 18:50:45,495 - INFO - Get LATEST chromedriver version for google-chrome
2026-03-13 18:50:45,592 - INFO - Get LATEST chromedriver version for google-chrome
2026-03-13 18:50:45,685 - INFO - Driver [/home/felipe/.wdm/drivers/chromedriver/linux64/145.0.7632.117/chromedriver-linux64/chromedriver] found in cache
2026-03-13 18:50:46,498 - INFO - Driver criado com User-Agent: Mozilla/5.0 (Macintosh; Intel Mac OS X 10_15_7) Ap...
2026-03-13 18:50:46,498 - INFO - Acessando: https://www.zapimoveis.com.br/aluguel/apartamentos/sp+sao-paulo/?tipos=apartamento_residencial%2Cstudio_residencial%2Ckitnet_residencial%2Ccasa_residencial%2Csobrado_residencial%2Ccondominio_residencial%2Ccasa-vila_residencial%2Ccobertura_residencial%2Cflat_residencial%2Cloft_residencial&pagina=386
2026-03-13 18:50:47,760 - INFO - Aguardando 7.8s para carregamento...
2026-03-13 18:51:02,992 - INFO - Analisando página HTML...
2026-03-13 18:51:02,993 - INFO - Tentativa 1 (links com /imovel/): 4 cards
2026-03-13 18:51:02,993 - INFO - ✓ Página 386: 4 imóveis extraídos
2026-03-13 18:51:03,068 - INFO - Driver fechado
2026-03-13 18:51:03,069 - INFO - ✓ Página 386 salva em data/raw/por_pagina/sao-paulo_sp_pagina386.csv
2026-03-13 18:51:03,069 - INFO - Aguardando 6.0s antes da próxima página...
2026-03-13 18:51:09,051 - INFO - ============================================================
2026-03-13 18:51:09,051 - INFO - PÁGINA 387
2026-03-13 18:51:09,051 - INFO - ============================================================
2026-03-13 18:51:09,051 - INFO - ====== WebDriver manager ======
2026-03-13 18:51:09,109 - INFO - Get LATEST chromedriver version for google-chrome
2026-03-13 18:51:09,190 - INFO - Get LATEST chromedriver version for google-chrome
2026-03-13 18:51:09,277 - INFO - Driver [/home/felipe/.wdm/drivers/chromedriver/linux64/145.0.7632.117/chromedriver-linux64/chromedriver] found in cache
2026-03-13 18:51:10,107 - INFO - Driver criado com User-Agent: Mozilla/5.0 (Windows NT 10.0; Win64; x64) AppleWeb...
2026-03-13 18:51:10,108 - INFO - Acessando: https://www.zapimoveis.com.br/aluguel/apartamentos/sp+sao-paulo/?tipos=apartamento_residencial%2Cstudio_residencial%2Ckitnet_residencial%2Ccasa_residencial%2Csobrado_residencial%2Ccondominio_residencial%2Ccasa-vila_residencial%2Ccobertura_residencial%2Cflat_residencial%2Cloft_residencial&pagina=387
2026-03-13 18:51:10,891 - INFO - Aguardando 5.8s para carregamento...
2026-03-13 18:51:24,938 - INFO - Analisando página HTML...
2026-03-13 18:51:24,938 - INFO - Tentativa 1 (links com /imovel/): 4 cards
2026-03-13 18:51:24,939 - INFO - ✓ Página 387: 4 imóveis extraídos
2026-03-13 18:51:25,009 - INFO - Driver fechado
2026-03-13 18:51:25,010 - INFO - ✓ Página 387 salva em data/raw/por_pagina/sao-paulo_sp_pagina387.csv
2026-03-13 18:51:25,011 - INFO - Aguardando 7.9s antes da próxima página...
2026-03-13 18:51:32,930 - INFO - ============================================================
2026-03-13 18:51:32,930 - INFO - PÁGINA 388
2026-03-13 18:51:32,930 - INFO - ============================================================
2026-03-13 18:51:32,931 - INFO - ====== WebDriver manager ======
2026-03-13 18:51:32,988 - INFO - Get LATEST chromedriver version for google-chrome
2026-03-13 18:51:33,073 - INFO - Get LATEST chromedriver version for google-chrome
2026-03-13 18:51:33,145 - INFO - Driver [/home/felipe/.wdm/drivers/chromedriver/linux64/145.0.7632.117/chromedriver-linux64/chromedriver] found in cache
2026-03-13 18:51:33,899 - INFO - Driver criado com User-Agent: Mozilla/5.0 (Windows NT 10.0; Win64; x64; rv:121.0...
2026-03-13 18:51:33,899 - INFO - Acessando: https://www.zapimoveis.com.br/aluguel/apartamentos/sp+sao-paulo/?tipos=apartamento_residencial%2Cstudio_residencial%2Ckitnet_residencial%2Ccasa_residencial%2Csobrado_residencial%2Ccondominio_residencial%2Ccasa-vila_residencial%2Ccobertura_residencial%2Cflat_residencial%2Cloft_residencial&pagina=388
2026-03-13 18:51:34,882 - INFO - Aguardando 6.8s para carregamento...
2026-03-13 18:55:45,375 - INFO - ✓ Última página coletada detectada: 387
2026-03-13 18:55:45,375 - INFO - ✓ Total de páginas encontradas: 278
2026-03-13 18:55:49,214 - INFO - ============================================================
2026-03-13 18:55:49,214 - INFO - PÁGINA 388
2026-03-13 18:55:49,214 - INFO - ============================================================
2026-03-13 18:55:49,214 - INFO - ====== WebDriver manager ======
2026-03-13 18:55:49,274 - INFO - Get LATEST chromedriver version for google-chrome
2026-03-13 18:55:49,400 - INFO - Get LATEST chromedriver version for google-chrome
2026-03-13 18:55:49,476 - INFO - Driver [/home/felipe/.wdm/drivers/chromedriver/linux64/145.0.7632.117/chromedriver-linux64/chromedriver] found in cache
2026-03-13 18:55:50,311 - INFO - Driver criado com User-Agent: Mozilla/5.0 (Windows NT 10.0; Win64; x64) AppleWeb...
2026-03-13 18:55:50,311 - INFO - Acessando: https://www.zapimoveis.com.br/aluguel/apartamentos/sp+sao-paulo/?tipos=apartamento_residencial%2Cstudio_residencial%2Ckitnet_residencial%2Ccasa_residencial%2Csobrado_residencial%2Ccondominio_residencial%2Ccasa-vila_residencial%2Ccobertura_residencial%2Cflat_residencial%2Cloft_residencial&pagina=388
2026-03-13 18:55:51,622 - INFO - Aguardando 7.1s para carregamento...
2026-03-13 18:56:05,380 - INFO - Analisando página HTML...
2026-03-13 18:56:05,380 - INFO - Tentativa 1 (links com /imovel/): 4 cards
2026-03-13 18:56:05,381 - INFO - ✓ Página 388: 4 imóveis extraídos
2026-03-13 18:56:05,453 - INFO - Driver fechado
2026-03-13 18:56:05,456 - INFO - ✓ Página 388 salva em data/raw/por_pagina/sao-paulo_sp_pagina388.csv
2026-03-13 18:56:05,456 - INFO - Aguardando 5.7s antes da próxima página...
2026-03-13 18:56:11,147 - INFO - ============================================================
2026-03-13 18:56:11,147 - INFO - PÁGINA 389
2026-03-13 18:56:11,148 - INFO - ============================================================
2026-03-13 18:56:11,148 - INFO - ====== WebDriver manager ======
2026-03-13 18:56:11,206 - INFO - Get LATEST chromedriver version for google-chrome
2026-03-13 18:56:11,285 - INFO - Get LATEST chromedriver version for google-chrome
2026-03-13 18:56:11,363 - INFO - Driver [/home/felipe/.wdm/drivers/chromedriver/linux64/145.0.7632.117/chromedriver-linux64/chromedriver] found in cache
2026-03-13 18:56:12,204 - INFO - Driver criado com User-Agent: Mozilla/5.0 (Windows NT 10.0; Win64; x64; rv:121.0...
2026-03-13 18:56:12,205 - INFO - Acessando: https://www.zapimoveis.com.br/aluguel/apartamentos/sp+sao-paulo/?tipos=apartamento_residencial%2Cstudio_residencial%2Ckitnet_residencial%2Ccasa_residencial%2Csobrado_residencial%2Ccondominio_residencial%2Ccasa-vila_residencial%2Ccobertura_residencial%2Cflat_residencial%2Cloft_residencial&pagina=389
2026-03-13 18:56:13,038 - INFO - Aguardando 6.1s para carregamento...
2026-03-13 18:56:27,726 - INFO - Analisando página HTML...
2026-03-13 18:56:27,726 - INFO - Tentativa 1 (links com /imovel/): 4 cards
2026-03-13 18:56:27,727 - INFO - ✓ Página 389: 4 imóveis extraídos
2026-03-13 18:56:27,808 - INFO - Driver fechado
2026-03-13 18:56:27,810 - INFO - ✓ Página 389 salva em data/raw/por_pagina/sao-paulo_sp_pagina389.csv
2026-03-13 18:56:27,810 - INFO - Aguardando 6.0s antes da próxima página...
2026-03-13 18:56:33,762 - INFO - ============================================================
2026-03-13 18:56:33,762 - INFO - PÁGINA 390
2026-03-13 18:56:33,762 - INFO - ============================================================
2026-03-13 18:56:33,762 - INFO - ====== WebDriver manager ======
2026-03-13 18:56:33,822 - INFO - Get LATEST chromedriver version for google-chrome
2026-03-13 18:56:33,896 - INFO - Get LATEST chromedriver version for google-chrome
2026-03-13 18:56:33,982 - INFO - Driver [/home/felipe/.wdm/drivers/chromedriver/linux64/145.0.7632.117/chromedriver-linux64/chromedriver] found in cache
2026-03-13 18:56:34,803 - INFO - Driver criado com User-Agent: Mozilla/5.0 (Windows NT 10.0; Win64; x64; rv:121.0...
2026-03-13 18:56:34,803 - INFO - Acessando: https://www.zapimoveis.com.br/aluguel/apartamentos/sp+sao-paulo/?tipos=apartamento_residencial%2Cstudio_residencial%2Ckitnet_residencial%2Ccasa_residencial%2Csobrado_residencial%2Ccondominio_residencial%2Ccasa-vila_residencial%2Ccobertura_residencial%2Cflat_residencial%2Cloft_residencial&pagina=390
2026-03-13 18:56:35,606 - INFO - Aguardando 6.0s para carregamento...
2026-03-13 18:56:49,592 - INFO - Analisando página HTML...
2026-03-13 18:56:49,592 - INFO - Tentativa 1 (links com /imovel/): 4 cards
2026-03-13 18:56:49,593 - INFO - ✓ Página 390: 4 imóveis extraídos
2026-03-13 18:56:49,666 - INFO - Driver fechado
2026-03-13 18:56:49,668 - INFO - ✓ Página 390 salva em data/raw/por_pagina/sao-paulo_sp_pagina390.csv
2026-03-13 18:56:49,668 - INFO - Aguardando 7.4s antes da próxima página...
2026-03-13 18:56:57,027 - INFO - ============================================================
2026-03-13 18:56:57,027 - INFO - PÁGINA 391
2026-03-13 18:56:57,027 - INFO - ============================================================
2026-03-13 18:56:57,027 - INFO - ====== WebDriver manager ======
2026-03-13 18:56:57,086 - INFO - Get LATEST chromedriver version for google-chrome
2026-03-13 18:56:57,154 - INFO - Get LATEST chromedriver version for google-chrome
2026-03-13 18:56:57,230 - INFO - Driver [/home/felipe/.wdm/drivers/chromedriver/linux64/145.0.7632.117/chromedriver-linux64/chromedriver] found in cache
2026-03-13 18:56:58,060 - INFO - Driver criado com User-Agent: Mozilla/5.0 (Macintosh; Intel Mac OS X 10_15_7) Ap...
2026-03-13 18:56:58,060 - INFO - Acessando: https://www.zapimoveis.com.br/aluguel/apartamentos/sp+sao-paulo/?tipos=apartamento_residencial%2Cstudio_residencial%2Ckitnet_residencial%2Ccasa_residencial%2Csobrado_residencial%2Ccondominio_residencial%2Ccasa-vila_residencial%2Ccobertura_residencial%2Cflat_residencial%2Cloft_residencial&pagina=391
2026-03-13 18:56:59,007 - INFO - Aguardando 7.7s para carregamento...
2026-03-13 18:57:14,255 - INFO - Analisando página HTML...
2026-03-13 18:57:14,255 - INFO - Tentativa 1 (links com /imovel/): 4 cards
2026-03-13 18:57:14,256 - INFO - ✓ Página 391: 4 imóveis extraídos
2026-03-13 18:57:14,331 - INFO - Driver fechado
2026-03-13 18:57:14,333 - INFO - ✓ Página 391 salva em data/raw/por_pagina/sao-paulo_sp_pagina391.csv
2026-03-13 18:57:14,333 - INFO - Aguardando 5.4s antes da próxima página...
2026-03-13 18:57:19,700 - INFO - ============================================================
2026-03-13 18:57:19,700 - INFO - PÁGINA 392
2026-03-13 18:57:19,700 - INFO - ============================================================
2026-03-13 18:57:19,700 - INFO - ====== WebDriver manager ======
2026-03-13 18:57:19,759 - INFO - Get LATEST chromedriver version for google-chrome
2026-03-13 18:57:19,834 - INFO - Get LATEST chromedriver version for google-chrome
2026-03-13 18:57:19,930 - INFO - Driver [/home/felipe/.wdm/drivers/chromedriver/linux64/145.0.7632.117/chromedriver-linux64/chromedriver] found in cache
2026-03-13 18:57:20,789 - INFO - Driver criado com User-Agent: Mozilla/5.0 (Macintosh; Intel Mac OS X 10_15_7) Ap...
2026-03-13 18:57:20,789 - INFO - Acessando: https://www.zapimoveis.com.br/aluguel/apartamentos/sp+sao-paulo/?tipos=apartamento_residencial%2Cstudio_residencial%2Ckitnet_residencial%2Ccasa_residencial%2Csobrado_residencial%2Ccondominio_residencial%2Ccasa-vila_residencial%2Ccobertura_residencial%2Cflat_residencial%2Cloft_residencial&pagina=392
2026-03-13 18:57:21,733 - INFO - Aguardando 6.1s para carregamento...
2026-03-13 18:57:35,862 - INFO - Analisando página HTML...
2026-03-13 18:57:35,862 - INFO - Tentativa 1 (links com /imovel/): 4 cards
2026-03-13 18:57:35,862 - INFO - ✓ Página 392: 4 imóveis extraídos
2026-03-13 18:57:35,935 - INFO - Driver fechado
2026-03-13 18:57:35,937 - INFO - ✓ Página 392 salva em data/raw/por_pagina/sao-paulo_sp_pagina392.csv
2026-03-13 18:57:35,937 - INFO - Aguardando 8.1s antes da próxima página...
2026-03-13 18:57:44,023 - INFO - ============================================================
2026-03-13 18:57:44,023 - INFO - PÁGINA 393
2026-03-13 18:57:44,023 - INFO - ============================================================
2026-03-13 18:57:44,024 - INFO - ====== WebDriver manager ======
2026-03-13 18:57:44,084 - INFO - Get LATEST chromedriver version for google-chrome
2026-03-13 18:57:44,164 - INFO - Get LATEST chromedriver version for google-chrome
2026-03-13 18:57:44,247 - INFO - Driver [/home/felipe/.wdm/drivers/chromedriver/linux64/145.0.7632.117/chromedriver-linux64/chromedriver] found in cache
2026-03-13 18:57:45,096 - INFO - Driver criado com User-Agent: Mozilla/5.0 (X11; Linux x86_64) AppleWebKit/537.36...
2026-03-13 18:57:45,096 - INFO - Acessando: https://www.zapimoveis.com.br/aluguel/apartamentos/sp+sao-paulo/?tipos=apartamento_residencial%2Cstudio_residencial%2Ckitnet_residencial%2Ccasa_residencial%2Csobrado_residencial%2Ccondominio_residencial%2Ccasa-vila_residencial%2Ccobertura_residencial%2Cflat_residencial%2Cloft_residencial&pagina=393
2026-03-13 18:57:45,927 - INFO - Aguardando 5.9s para carregamento...
2026-03-13 18:58:00,554 - INFO - Analisando página HTML...
2026-03-13 18:58:00,554 - INFO - Tentativa 1 (links com /imovel/): 4 cards
2026-03-13 18:58:00,555 - INFO - ✓ Página 393: 4 imóveis extraídos
2026-03-13 18:58:00,628 - INFO - Driver fechado
2026-03-13 18:58:00,630 - INFO - ✓ Página 393 salva em data/raw/por_pagina/sao-paulo_sp_pagina393.csv
2026-03-13 18:58:00,630 - INFO - Aguardando 7.8s antes da próxima página...
2026-03-13 18:58:08,410 - INFO - ============================================================
2026-03-13 18:58:08,410 - INFO - PÁGINA 394
2026-03-13 18:58:08,410 - INFO - ============================================================
2026-03-13 18:58:08,410 - INFO - ====== WebDriver manager ======
2026-03-13 18:58:08,470 - INFO - Get LATEST chromedriver version for google-chrome
2026-03-13 18:58:08,546 - INFO - Get LATEST chromedriver version for google-chrome
2026-03-13 18:58:08,641 - INFO - Driver [/home/felipe/.wdm/drivers/chromedriver/linux64/145.0.7632.117/chromedriver-linux64/chromedriver] found in cache
2026-03-13 18:58:09,463 - INFO - Driver criado com User-Agent: Mozilla/5.0 (X11; Linux x86_64) AppleWebKit/537.36...
2026-03-13 18:58:09,463 - INFO - Acessando: https://www.zapimoveis.com.br/aluguel/apartamentos/sp+sao-paulo/?tipos=apartamento_residencial%2Cstudio_residencial%2Ckitnet_residencial%2Ccasa_residencial%2Csobrado_residencial%2Ccondominio_residencial%2Ccasa-vila_residencial%2Ccobertura_residencial%2Cflat_residencial%2Cloft_residencial&pagina=394
2026-03-13 18:58:10,553 - INFO - Aguardando 6.9s para carregamento...
2026-03-13 18:58:25,161 - INFO - Analisando página HTML...
2026-03-13 18:58:25,162 - INFO - Tentativa 1 (links com /imovel/): 4 cards
2026-03-13 18:58:25,162 - INFO - ✓ Página 394: 4 imóveis extraídos
2026-03-13 18:58:25,235 - INFO - Driver fechado
2026-03-13 18:58:25,237 - INFO - ✓ Página 394 salva em data/raw/por_pagina/sao-paulo_sp_pagina394.csv
2026-03-13 18:58:25,237 - INFO - Aguardando 6.9s antes da próxima página...
2026-03-13 18:58:32,131 - INFO - ============================================================
2026-03-13 18:58:32,131 - INFO - PÁGINA 395
2026-03-13 18:58:32,132 - INFO - ============================================================
2026-03-13 18:58:32,132 - INFO - ====== WebDriver manager ======
2026-03-13 18:58:32,191 - INFO - Get LATEST chromedriver version for google-chrome
2026-03-13 18:58:32,269 - INFO - Get LATEST chromedriver version for google-chrome
2026-03-13 18:58:32,353 - INFO - Driver [/home/felipe/.wdm/drivers/chromedriver/linux64/145.0.7632.117/chromedriver-linux64/chromedriver] found in cache
2026-03-13 18:58:33,185 - INFO - Driver criado com User-Agent: Mozilla/5.0 (X11; Linux x86_64) AppleWebKit/537.36...
2026-03-13 18:58:33,185 - INFO - Acessando: https://www.zapimoveis.com.br/aluguel/apartamentos/sp+sao-paulo/?tipos=apartamento_residencial%2Cstudio_residencial%2Ckitnet_residencial%2Ccasa_residencial%2Csobrado_residencial%2Ccondominio_residencial%2Ccasa-vila_residencial%2Ccobertura_residencial%2Cflat_residencial%2Cloft_residencial&pagina=395
2026-03-13 18:58:34,244 - INFO - Aguardando 7.3s para carregamento...
2026-03-13 18:58:50,434 - INFO - Analisando página HTML...
2026-03-13 18:58:50,435 - INFO - Tentativa 1 (links com /imovel/): 4 cards
2026-03-13 18:58:50,435 - INFO - ✓ Página 395: 4 imóveis extraídos
2026-03-13 18:58:50,510 - INFO - Driver fechado
2026-03-13 18:58:50,511 - INFO - ✓ Página 395 salva em data/raw/por_pagina/sao-paulo_sp_pagina395.csv
2026-03-13 18:58:50,511 - INFO - Aguardando 5.1s antes da próxima página...
2026-03-13 18:58:55,588 - INFO - ============================================================
2026-03-13 18:58:55,588 - INFO - PÁGINA 396
2026-03-13 18:58:55,588 - INFO - ============================================================
2026-03-13 18:58:55,588 - INFO - ====== WebDriver manager ======
2026-03-13 18:58:55,648 - INFO - Get LATEST chromedriver version for google-chrome
2026-03-13 18:58:55,744 - INFO - Get LATEST chromedriver version for google-chrome
2026-03-13 18:58:55,841 - INFO - Driver [/home/felipe/.wdm/drivers/chromedriver/linux64/145.0.7632.117/chromedriver-linux64/chromedriver] found in cache
2026-03-13 18:58:56,666 - INFO - Driver criado com User-Agent: Mozilla/5.0 (Windows NT 10.0; Win64; x64; rv:121.0...
2026-03-13 18:58:56,666 - INFO - Acessando: https://www.zapimoveis.com.br/aluguel/apartamentos/sp+sao-paulo/?tipos=apartamento_residencial%2Cstudio_residencial%2Ckitnet_residencial%2Ccasa_residencial%2Csobrado_residencial%2Ccondominio_residencial%2Ccasa-vila_residencial%2Ccobertura_residencial%2Cflat_residencial%2Cloft_residencial&pagina=396
2026-03-13 18:58:57,787 - INFO - Aguardando 6.6s para carregamento...
2026-03-13 18:59:12,641 - INFO - Analisando página HTML...
2026-03-13 18:59:12,641 - INFO - Tentativa 1 (links com /imovel/): 4 cards
2026-03-13 18:59:12,642 - INFO - ✓ Página 396: 4 imóveis extraídos
2026-03-13 18:59:12,717 - INFO - Driver fechado
2026-03-13 18:59:12,719 - INFO - ✓ Página 396 salva em data/raw/por_pagina/sao-paulo_sp_pagina396.csv
2026-03-13 18:59:12,719 - INFO - Aguardando 9.5s antes da próxima página...
2026-03-13 18:59:22,259 - INFO - ============================================================
2026-03-13 18:59:22,259 - INFO - PÁGINA 397
2026-03-13 18:59:22,259 - INFO - ============================================================
2026-03-13 18:59:22,260 - INFO - ====== WebDriver manager ======
2026-03-13 18:59:22,319 - INFO - Get LATEST chromedriver version for google-chrome
2026-03-13 18:59:24,508 - INFO - Get LATEST chromedriver version for google-chrome
2026-03-13 18:59:24,580 - INFO - Driver [/home/felipe/.wdm/drivers/chromedriver/linux64/145.0.7632.117/chromedriver-linux64/chromedriver] found in cache
2026-03-13 18:59:25,424 - INFO - Driver criado com User-Agent: Mozilla/5.0 (Macintosh; Intel Mac OS X 10_15_7) Ap...
2026-03-13 18:59:25,424 - INFO - Acessando: https://www.zapimoveis.com.br/aluguel/apartamentos/sp+sao-paulo/?tipos=apartamento_residencial%2Cstudio_residencial%2Ckitnet_residencial%2Ccasa_residencial%2Csobrado_residencial%2Ccondominio_residencial%2Ccasa-vila_residencial%2Ccobertura_residencial%2Cflat_residencial%2Cloft_residencial&pagina=397
2026-03-13 18:59:26,262 - INFO - Aguardando 5.4s para carregamento...
2026-03-13 18:59:39,165 - INFO - Analisando página HTML...
2026-03-13 18:59:39,165 - INFO - Tentativa 1 (links com /imovel/): 4 cards
2026-03-13 18:59:39,166 - INFO - ✓ Página 397: 4 imóveis extraídos
2026-03-13 18:59:39,233 - INFO - Driver fechado
2026-03-13 18:59:39,235 - INFO - ✓ Página 397 salva em data/raw/por_pagina/sao-paulo_sp_pagina397.csv
2026-03-13 18:59:39,235 - INFO - Aguardando 7.6s antes da próxima página...
2026-03-13 18:59:46,838 - INFO - ============================================================
2026-03-13 18:59:46,838 - INFO - PÁGINA 398
2026-03-13 18:59:46,838 - INFO - ============================================================
2026-03-13 18:59:46,838 - INFO - ====== WebDriver manager ======
2026-03-13 18:59:46,898 - INFO - Get LATEST chromedriver version for google-chrome
2026-03-13 18:59:46,984 - INFO - Get LATEST chromedriver version for google-chrome
2026-03-13 18:59:47,078 - INFO - Driver [/home/felipe/.wdm/drivers/chromedriver/linux64/145.0.7632.117/chromedriver-linux64/chromedriver] found in cache
2026-03-13 18:59:47,929 - INFO - Driver criado com User-Agent: Mozilla/5.0 (Windows NT 10.0; Win64; x64) AppleWeb...
2026-03-13 18:59:47,929 - INFO - Acessando: https://www.zapimoveis.com.br/aluguel/apartamentos/sp+sao-paulo/?tipos=apartamento_residencial%2Cstudio_residencial%2Ckitnet_residencial%2Ccasa_residencial%2Csobrado_residencial%2Ccondominio_residencial%2Ccasa-vila_residencial%2Ccobertura_residencial%2Cflat_residencial%2Cloft_residencial&pagina=398
2026-03-13 18:59:48,784 - INFO - Aguardando 5.0s para carregamento...
2026-03-13 19:00:01,375 - INFO - Analisando página HTML...
2026-03-13 19:00:01,375 - INFO - Tentativa 1 (links com /imovel/): 4 cards
2026-03-13 19:00:01,376 - INFO - ✓ Página 398: 4 imóveis extraídos
2026-03-13 19:00:01,443 - INFO - Driver fechado
2026-03-13 19:00:01,444 - INFO - ✓ Página 398 salva em data/raw/por_pagina/sao-paulo_sp_pagina398.csv
2026-03-13 19:00:01,444 - INFO - Aguardando 5.4s antes da próxima página...
2026-03-13 19:00:06,850 - INFO - ============================================================
2026-03-13 19:00:06,850 - INFO - PÁGINA 399
2026-03-13 19:00:06,850 - INFO - ============================================================
2026-03-13 19:00:06,851 - INFO - ====== WebDriver manager ======
2026-03-13 19:00:06,909 - INFO - Get LATEST chromedriver version for google-chrome
2026-03-13 19:00:06,991 - INFO - Get LATEST chromedriver version for google-chrome
2026-03-13 19:00:07,079 - INFO - Driver [/home/felipe/.wdm/drivers/chromedriver/linux64/145.0.7632.117/chromedriver-linux64/chromedriver] found in cache
2026-03-13 19:00:07,914 - INFO - Driver criado com User-Agent: Mozilla/5.0 (Windows NT 10.0; Win64; x64; rv:121.0...
2026-03-13 19:00:07,914 - INFO - Acessando: https://www.zapimoveis.com.br/aluguel/apartamentos/sp+sao-paulo/?tipos=apartamento_residencial%2Cstudio_residencial%2Ckitnet_residencial%2Ccasa_residencial%2Csobrado_residencial%2Ccondominio_residencial%2Ccasa-vila_residencial%2Ccobertura_residencial%2Cflat_residencial%2Cloft_residencial&pagina=399
2026-03-13 19:00:08,776 - INFO - Aguardando 5.7s para carregamento...
2026-03-13 19:00:21,947 - INFO - Analisando página HTML...
2026-03-13 19:00:21,948 - INFO - Tentativa 1 (links com /imovel/): 4 cards
2026-03-13 19:00:21,948 - INFO - ✓ Página 399: 4 imóveis extraídos
2026-03-13 19:00:22,016 - INFO - Driver fechado
2026-03-13 19:00:22,017 - INFO - ✓ Página 399 salva em data/raw/por_pagina/sao-paulo_sp_pagina399.csv
2026-03-13 19:00:22,017 - INFO - Aguardando 6.1s antes da próxima página...
2026-03-13 19:00:28,163 - INFO - ============================================================
2026-03-13 19:00:28,163 - INFO - PÁGINA 400
2026-03-13 19:00:28,163 - INFO - ============================================================
2026-03-13 19:00:28,163 - INFO - ====== WebDriver manager ======
2026-03-13 19:00:28,221 - INFO - Get LATEST chromedriver version for google-chrome
2026-03-13 19:00:28,294 - INFO - Get LATEST chromedriver version for google-chrome
2026-03-13 19:00:28,391 - INFO - Driver [/home/felipe/.wdm/drivers/chromedriver/linux64/145.0.7632.117/chromedriver-linux64/chromedriver] found in cache
2026-03-13 19:00:29,198 - INFO - Driver criado com User-Agent: Mozilla/5.0 (Windows NT 10.0; Win64; x64; rv:121.0...
2026-03-13 19:00:29,198 - INFO - Acessando: https://www.zapimoveis.com.br/aluguel/apartamentos/sp+sao-paulo/?tipos=apartamento_residencial%2Cstudio_residencial%2Ckitnet_residencial%2Ccasa_residencial%2Csobrado_residencial%2Ccondominio_residencial%2Ccasa-vila_residencial%2Ccobertura_residencial%2Cflat_residencial%2Cloft_residencial&pagina=400
2026-03-13 19:00:30,079 - INFO - Aguardando 6.3s para carregamento...
2026-03-13 19:00:33,298 - WARNING - Retrying (Retry(total=2, connect=None, read=None, redirect=None, status=None)) after connection broken by 'ConnectionResetError(104, 'Connection reset by peer')': /session/0c0211b1e2af017fe2e13faaeb3c6005
2026-03-13 19:00:33,299 - WARNING - Retrying (Retry(total=1, connect=None, read=None, redirect=None, status=None)) after connection broken by 'NewConnectionError("HTTPConnection(host='localhost', port=34973): Failed to establish a new connection: [Errno 111] Connection refused")': /session/0c0211b1e2af017fe2e13faaeb3c6005
2026-03-13 19:00:33,299 - WARNING - Retrying (Retry(total=0, connect=None, read=None, redirect=None, status=None)) after connection broken by 'NewConnectionError("HTTPConnection(host='localhost', port=34973): Failed to establish a new connection: [Errno 111] Connection refused")': /session/0c0211b1e2af017fe2e13faaeb3c6005
2026-03-13 19:00:33,299 - INFO - Driver fechado
2026-03-13 19:04:43,334 - INFO - ✓ Última página coletada detectada: 333
2026-03-13 19:04:43,334 - INFO - ✓ Total de páginas encontradas: 224
2026-03-13 19:04:47,124 - INFO - ============================================================
2026-03-13 19:04:47,124 - INFO - PÁGINA 334
2026-03-13 19:04:47,124 - INFO - ============================================================
2026-03-13 19:04:47,124 - INFO - ====== WebDriver manager ======
2026-03-13 19:04:47,186 - INFO - Get LATEST chromedriver version for google-chrome
2026-03-13 19:04:47,265 - INFO - Get LATEST chromedriver version for google-chrome
2026-03-13 19:04:47,351 - INFO - Driver [/home/felipe/.wdm/drivers/chromedriver/linux64/145.0.7632.117/chromedriver-linux64/chromedriver] found in cache
2026-03-13 19:04:48,182 - INFO - Driver criado com User-Agent: Mozilla/5.0 (Windows NT 10.0; Win64; x64) AppleWeb...
2026-03-13 19:04:48,182 - INFO - Acessando: https://www.zapimoveis.com.br/aluguel/apartamentos/sp+sao-paulo/?tipos=apartamento_residencial%2Cstudio_residencial%2Ckitnet_residencial%2Ccasa_residencial%2Csobrado_residencial%2Ccondominio_residencial%2Ccasa-vila_residencial%2Ccobertura_residencial%2Cflat_residencial%2Cloft_residencial&pagina=334
2026-03-13 19:04:49,073 - INFO - Aguardando 7.9s para carregamento...
2026-03-13 19:05:04,391 - INFO - Analisando página HTML...
2026-03-13 19:05:04,392 - INFO - Tentativa 1 (links com /imovel/): 4 cards
2026-03-13 19:05:04,393 - INFO - ✓ Página 334: 4 imóveis extraídos
2026-03-13 19:05:04,469 - INFO - Driver fechado
2026-03-13 19:05:04,472 - INFO - ✓ Página 334 salva em data/raw/por_pagina/sao-paulo_sp_pagina334.csv
2026-03-13 19:05:04,472 - INFO - Aguardando 7.5s antes da próxima página...
2026-03-13 19:05:11,993 - INFO - ============================================================
2026-03-13 19:05:11,993 - INFO - PÁGINA 335
2026-03-13 19:05:11,994 - INFO - ============================================================
2026-03-13 19:05:11,994 - INFO - ====== WebDriver manager ======
2026-03-13 19:05:12,053 - INFO - Get LATEST chromedriver version for google-chrome
2026-03-13 19:05:12,137 - INFO - Get LATEST chromedriver version for google-chrome
2026-03-13 19:05:12,216 - INFO - Driver [/home/felipe/.wdm/drivers/chromedriver/linux64/145.0.7632.117/chromedriver-linux64/chromedriver] found in cache
2026-03-13 19:05:12,973 - INFO - Driver criado com User-Agent: Mozilla/5.0 (Windows NT 10.0; Win64; x64) AppleWeb...
2026-03-13 19:05:12,973 - INFO - Acessando: https://www.zapimoveis.com.br/aluguel/apartamentos/sp+sao-paulo/?tipos=apartamento_residencial%2Cstudio_residencial%2Ckitnet_residencial%2Ccasa_residencial%2Csobrado_residencial%2Ccondominio_residencial%2Ccasa-vila_residencial%2Ccobertura_residencial%2Cflat_residencial%2Cloft_residencial&pagina=335
2026-03-13 19:05:13,851 - INFO - Aguardando 8.0s para carregamento...
2026-03-13 19:05:17,445 - WARNING - Retrying (Retry(total=2, connect=None, read=None, redirect=None, status=None)) after connection broken by 'ConnectionResetError(104, 'Connection reset by peer')': /session/5579b9a9e3c1bb405173a5b74c561f36
2026-03-13 19:05:17,445 - WARNING - Retrying (Retry(total=1, connect=None, read=None, redirect=None, status=None)) after connection broken by 'NewConnectionError("HTTPConnection(host='localhost', port=41611): Failed to establish a new connection: [Errno 111] Connection refused")': /session/5579b9a9e3c1bb405173a5b74c561f36
2026-03-13 19:05:17,445 - WARNING - Retrying (Retry(total=0, connect=None, read=None, redirect=None, status=None)) after connection broken by 'NewConnectionError("HTTPConnection(host='localhost', port=41611): Failed to establish a new connection: [Errno 111] Connection refused")': /session/5579b9a9e3c1bb405173a5b74c561f36
2026-03-13 19:05:17,446 - INFO - Driver fechado
2026-03-13 19:09:29,305 - INFO - ✓ Última página coletada detectada: 333
2026-03-13 19:09:29,305 - INFO - ✓ Total de páginas encontradas: 224
2026-03-13 19:09:31,375 - INFO - ============================================================
2026-03-13 19:09:31,375 - INFO - PÁGINA 334
2026-03-13 19:09:31,375 - INFO - ============================================================
2026-03-13 19:09:31,375 - INFO - ====== WebDriver manager ======
2026-03-13 19:09:31,437 - INFO - Get LATEST chromedriver version for google-chrome
2026-03-13 19:09:31,529 - INFO - Get LATEST chromedriver version for google-chrome
2026-03-13 19:09:31,618 - INFO - Driver [/home/felipe/.wdm/drivers/chromedriver/linux64/145.0.7632.117/chromedriver-linux64/chromedriver] found in cache
2026-03-13 19:09:32,386 - INFO - Driver criado com User-Agent: Mozilla/5.0 (Windows NT 10.0; Win64; x64; rv:121.0...
2026-03-13 19:09:32,386 - INFO - Acessando: https://www.zapimoveis.com.br/aluguel/apartamentos/sp+sao-paulo/?tipos=apartamento_residencial%2Cstudio_residencial%2Ckitnet_residencial%2Ccasa_residencial%2Csobrado_residencial%2Ccondominio_residencial%2Ccasa-vila_residencial%2Ccobertura_residencial%2Cflat_residencial%2Cloft_residencial&pagina=334
2026-03-13 19:09:33,468 - INFO - Aguardando 6.2s para carregamento...
2026-03-13 19:09:46,988 - INFO - Analisando página HTML...
2026-03-13 19:09:46,989 - INFO - Tentativa 1 (links com /imovel/): 4 cards
2026-03-13 19:09:46,990 - INFO - ✓ Página 334: 4 imóveis extraídos
2026-03-13 19:09:47,058 - INFO - Driver fechado
2026-03-13 19:09:47,060 - INFO - ✓ Página 334 salva em data/raw/por_pagina/sao-paulo_sp_pagina334.csv
2026-03-13 19:09:47,060 - INFO - Aguardando 7.7s antes da próxima página...
2026-03-13 19:09:54,809 - INFO - ============================================================
2026-03-13 19:09:54,809 - INFO - PÁGINA 335
2026-03-13 19:09:54,809 - INFO - ============================================================
2026-03-13 19:09:54,810 - INFO - ====== WebDriver manager ======
2026-03-13 19:09:54,871 - INFO - Get LATEST chromedriver version for google-chrome
2026-03-13 19:09:54,971 - INFO - Get LATEST chromedriver version for google-chrome
2026-03-13 19:09:55,040 - INFO - Driver [/home/felipe/.wdm/drivers/chromedriver/linux64/145.0.7632.117/chromedriver-linux64/chromedriver] found in cache
2026-03-13 19:09:55,817 - INFO - Driver criado com User-Agent: Mozilla/5.0 (Windows NT 10.0; Win64; x64; rv:121.0...
2026-03-13 19:09:55,817 - INFO - Acessando: https://www.zapimoveis.com.br/aluguel/apartamentos/sp+sao-paulo/?tipos=apartamento_residencial%2Cstudio_residencial%2Ckitnet_residencial%2Ccasa_residencial%2Csobrado_residencial%2Ccondominio_residencial%2Ccasa-vila_residencial%2Ccobertura_residencial%2Cflat_residencial%2Cloft_residencial&pagina=335
2026-03-13 19:09:56,731 - INFO - Aguardando 5.4s para carregamento...
2026-03-13 19:10:04,826 - ERROR - Erro ao processar página 335: Message: invalid session id
Stacktrace:
#0 0x58a1fd584b6a <unknown>
#1 0x58a1fcf97720 <unknown>
#2 0x58a1fcfdde60 <unknown>
#3 0x58a1fd013286 <unknown>
#4 0x58a1fd00d898 <unknown>
#5 0x58a1fd00ccac <unknown>
#6 0x58a1fcf5d055 <unknown>
#7 0x58a1fd5496b9 <unknown>
#8 0x58a1fd54c5c1 <unknown>
#9 0x58a1fd535e29 <unknown>
#10 0x58a1fd54d17e <unknown>
#11 0x58a1fd51c4b0 <unknown>
#12 0x58a1fcf5a804 <unknown>
#13 0x7aea6f02a1ca <unknown>
#14 0x7aea6f02a28b __libc_start_main
#15 0x58a1fcf19caa _start

2026-03-13 19:10:04,831 - INFO - Driver fechado
2026-03-13 19:10:04,831 - WARNING - Página 335 sem imóveis (1/2)
2026-03-13 19:10:04,831 - INFO - Aguardando 7.8s antes da próxima página...
2026-03-13 20:16:28,005 - INFO - ✓ Utilizando diretório: src/data/raw/por_pagina
2026-03-13 20:16:28,007 - INFO - ✓ Última página coletada detectada: 333
2026-03-13 20:16:28,007 - INFO - ✓ Total de páginas encontradas: 333
2026-03-13 20:16:30,189 - INFO - ============================================================
2026-03-13 20:16:30,189 - INFO - PÁGINA 334
2026-03-13 20:16:30,189 - INFO - ============================================================
2026-03-13 20:16:30,189 - INFO - ====== WebDriver manager ======
2026-03-13 20:16:30,252 - INFO - Get LATEST chromedriver version for google-chrome
2026-03-13 20:16:30,416 - INFO - Get LATEST chromedriver version for google-chrome
2026-03-13 20:16:30,489 - INFO - Driver [/home/felipe/.wdm/drivers/chromedriver/linux64/145.0.7632.117/chromedriver-linux64/chromedriver] found in cache
2026-03-13 20:16:31,288 - INFO - Driver criado com User-Agent: Mozilla/5.0 (Windows NT 10.0; Win64; x64) AppleWeb...
2026-03-13 20:16:31,288 - INFO - Acessando: https://www.zapimoveis.com.br/aluguel/apartamentos/sp+sao-paulo/?tipos=apartamento_residencial%2Cstudio_residencial%2Ckitnet_residencial%2Ccasa_residencial%2Csobrado_residencial%2Ccondominio_residencial%2Ccasa-vila_residencial%2Ccobertura_residencial%2Cflat_residencial%2Cloft_residencial&pagina=334
2026-03-13 20:16:32,606 - INFO - Aguardando 5.3s para carregamento...
2026-03-13 20:16:39,069 - WARNING - Retrying (Retry(total=2, connect=None, read=None, redirect=None, status=None)) after connection broken by 'ConnectionResetError(104, 'Connection reset by peer')': /session/9c39c33b18b1edee54a29fd3112fd4fd
2026-03-13 20:16:39,070 - WARNING - Retrying (Retry(total=1, connect=None, read=None, redirect=None, status=None)) after connection broken by 'NewConnectionError("HTTPConnection(host='localhost', port=53249): Failed to establish a new connection: [Errno 111] Connection refused")': /session/9c39c33b18b1edee54a29fd3112fd4fd
2026-03-13 20:16:39,070 - WARNING - Retrying (Retry(total=0, connect=None, read=None, redirect=None, status=None)) after connection broken by 'NewConnectionError("HTTPConnection(host='localhost', port=53249): Failed to establish a new connection: [Errno 111] Connection refused")': /session/9c39c33b18b1edee54a29fd3112fd4fd
2026-03-13 20:16:39,075 - INFO - Driver fechado
2026-03-13 20:16:39,075 - WARNING - 
⚠️  Scraping interrompido pelo usuário na página 334
2026-03-13 20:20:47,289 - INFO - ✓ Última página coletada: 333
2026-03-13 20:20:47,290 - INFO - ✓ Total de páginas encontradas: 333
2026-03-13 20:20:50,519 - INFO - ============================================================
2026-03-13 20:20:50,519 - INFO - PÁGINA 334
2026-03-13 20:20:50,519 - INFO - ============================================================
2026-03-13 20:20:50,519 - INFO - ====== WebDriver manager ======
2026-03-13 20:20:50,580 - INFO - Get LATEST chromedriver version for google-chrome
2026-03-13 20:20:50,657 - INFO - Get LATEST chromedriver version for google-chrome
2026-03-13 20:20:50,737 - INFO - Driver [/home/felipe/.wdm/drivers/chromedriver/linux64/145.0.7632.117/chromedriver-linux64/chromedriver] found in cache
2026-03-13 20:20:51,528 - INFO - Driver criado com User-Agent: Mozilla/5.0 (Macintosh; Intel Mac OS X 10_15_7) Ap...
2026-03-13 20:20:51,528 - INFO - Acessando: https://www.zapimoveis.com.br/aluguel/apartamentos/sp+sao-paulo/?tipos=apartamento_residencial%2Cstudio_residencial%2Ckitnet_residencial%2Ccasa_residencial%2Csobrado_residencial%2Ccondominio_residencial%2Ccasa-vila_residencial%2Ccobertura_residencial%2Cflat_residencial%2Cloft_residencial&pagina=334
2026-03-13 20:20:52,639 - INFO - Aguardando 7.2s para carregamento...
2026-03-13 20:21:06,575 - INFO - Analisando página HTML...
2026-03-13 20:21:06,575 - INFO - Tentativa 1 (links com /imovel/): 4 cards
2026-03-13 20:21:06,576 - INFO - ✓ Página 334: 4 imóveis extraídos
2026-03-13 20:21:06,649 - INFO - Driver fechado
2026-03-13 20:21:06,653 - INFO - ✓ Página 334 salva em src/data/raw/por_pagina/sao-paulo_sp_pagina334.csv
2026-03-13 20:21:14,653 - INFO - ============================================================
2026-03-13 20:21:14,653 - INFO - PÁGINA 335
2026-03-13 20:21:14,653 - INFO - ============================================================
2026-03-13 20:21:14,653 - INFO - ====== WebDriver manager ======
2026-03-13 20:21:14,714 - INFO - Get LATEST chromedriver version for google-chrome
2026-03-13 20:21:14,797 - INFO - Get LATEST chromedriver version for google-chrome
2026-03-13 20:21:14,898 - INFO - Driver [/home/felipe/.wdm/drivers/chromedriver/linux64/145.0.7632.117/chromedriver-linux64/chromedriver] found in cache
2026-03-13 20:21:15,718 - INFO - Driver criado com User-Agent: Mozilla/5.0 (Windows NT 10.0; Win64; x64) AppleWeb...
2026-03-13 20:21:15,718 - INFO - Acessando: https://www.zapimoveis.com.br/aluguel/apartamentos/sp+sao-paulo/?tipos=apartamento_residencial%2Cstudio_residencial%2Ckitnet_residencial%2Ccasa_residencial%2Csobrado_residencial%2Ccondominio_residencial%2Ccasa-vila_residencial%2Ccobertura_residencial%2Cflat_residencial%2Cloft_residencial&pagina=335
2026-03-13 20:21:16,761 - INFO - Aguardando 7.5s para carregamento...
2026-03-13 20:21:32,602 - INFO - Analisando página HTML...
2026-03-13 20:21:32,603 - INFO - Tentativa 1 (links com /imovel/): 4 cards
2026-03-13 20:21:32,603 - INFO - ✓ Página 335: 4 imóveis extraídos
2026-03-13 20:21:32,677 - INFO - Driver fechado
2026-03-13 20:21:32,680 - INFO - ✓ Página 335 salva em src/data/raw/por_pagina/sao-paulo_sp_pagina335.csv
2026-03-13 21:49:54,608 - INFO - ✓ Última página coletada: 333
2026-03-13 21:49:54,608 - INFO - ✓ Total de páginas encontradas: 1
2026-03-13 21:49:56,439 - INFO - ============================================================
2026-03-13 21:49:56,440 - INFO - PÁGINA 334
2026-03-13 21:49:56,440 - INFO - ============================================================
2026-03-13 21:49:56,440 - INFO - ====== WebDriver manager ======
2026-03-13 21:49:56,501 - INFO - Get LATEST chromedriver version for google-chrome
2026-03-13 21:49:56,695 - INFO - Get LATEST chromedriver version for google-chrome
2026-03-13 21:49:56,783 - INFO - Driver [/home/felipe/.wdm/drivers/chromedriver/linux64/145.0.7632.117/chromedriver-linux64/chromedriver] found in cache
2026-03-13 21:49:57,569 - INFO - Driver criado com User-Agent: Mozilla/5.0 (Windows NT 10.0; Win64; x64; rv:121.0...
2026-03-13 21:49:57,570 - INFO - Acessando: https://www.zapimoveis.com.br/aluguel/apartamentos/sp+sao-paulo/?tipos=apartamento_residencial%2Cstudio_residencial%2Ckitnet_residencial%2Ccasa_residencial%2Csobrado_residencial%2Ccondominio_residencial%2Ccasa-vila_residencial%2Ccobertura_residencial%2Cflat_residencial%2Cloft_residencial&pagina=334
2026-03-13 21:49:58,857 - INFO - Aguardando 5.7s para carregamento...
2026-03-13 21:50:11,269 - INFO - Analisando página HTML...
2026-03-13 21:50:11,269 - INFO - Tentativa 1 (links com /imovel/): 4 cards
2026-03-13 21:50:11,270 - INFO - ✓ Página 334: 4 imóveis extraídos
2026-03-13 21:50:11,336 - INFO - Driver fechado
2026-03-13 21:50:11,339 - INFO - ✓ Página 334 salva em src/data/raw/por_pagina/sao-paulo_sp_pagina334.csv
2026-03-13 21:50:19,339 - INFO - ============================================================
2026-03-13 21:50:19,339 - INFO - PÁGINA 335
2026-03-13 21:50:19,339 - INFO - ============================================================
2026-03-13 21:50:19,339 - INFO - ====== WebDriver manager ======
2026-03-13 21:50:19,400 - INFO - Get LATEST chromedriver version for google-chrome
2026-03-13 21:50:19,467 - INFO - Get LATEST chromedriver version for google-chrome
2026-03-13 21:50:19,554 - INFO - Driver [/home/felipe/.wdm/drivers/chromedriver/linux64/145.0.7632.117/chromedriver-linux64/chromedriver] found in cache
2026-03-13 21:50:20,314 - INFO - Driver criado com User-Agent: Mozilla/5.0 (Windows NT 10.0; Win64; x64; rv:121.0...
2026-03-13 21:50:20,314 - INFO - Acessando: https://www.zapimoveis.com.br/aluguel/apartamentos/sp+sao-paulo/?tipos=apartamento_residencial%2Cstudio_residencial%2Ckitnet_residencial%2Ccasa_residencial%2Csobrado_residencial%2Ccondominio_residencial%2Ccasa-vila_residencial%2Ccobertura_residencial%2Cflat_residencial%2Cloft_residencial&pagina=335
2026-03-13 21:50:21,255 - INFO - Aguardando 6.0s para carregamento...
2026-03-13 21:50:34,506 - INFO - Analisando página HTML...
2026-03-13 21:50:34,506 - INFO - Tentativa 1 (links com /imovel/): 4 cards
2026-03-13 21:50:34,507 - INFO - ✓ Página 335: 4 imóveis extraídos
2026-03-13 21:50:34,575 - INFO - Driver fechado
2026-03-13 21:50:34,576 - INFO - ✓ Página 335 salva em src/data/raw/por_pagina/sao-paulo_sp_pagina335.csv
2026-03-13 21:51:17,518 - INFO - ✓ Última página coletada: 332
2026-03-13 21:51:17,518 - INFO - ✓ Total de páginas encontradas: 1
2026-03-13 21:51:19,262 - INFO - ============================================================
2026-03-13 21:51:19,262 - INFO - PÁGINA 333
2026-03-13 21:51:19,262 - INFO - ============================================================
2026-03-13 21:51:19,262 - INFO - ====== WebDriver manager ======
2026-03-13 21:51:19,324 - INFO - Get LATEST chromedriver version for google-chrome
2026-03-13 21:51:19,408 - INFO - Get LATEST chromedriver version for google-chrome
2026-03-13 21:51:19,502 - INFO - Driver [/home/felipe/.wdm/drivers/chromedriver/linux64/145.0.7632.117/chromedriver-linux64/chromedriver] found in cache
2026-03-13 21:51:20,354 - INFO - Driver criado com User-Agent: Mozilla/5.0 (Windows NT 10.0; Win64; x64; rv:121.0...
2026-03-13 21:51:20,354 - INFO - Acessando: https://www.zapimoveis.com.br/aluguel/apartamentos/sp+sao-paulo/?tipos=apartamento_residencial%2Cstudio_residencial%2Ckitnet_residencial%2Ccasa_residencial%2Csobrado_residencial%2Ccondominio_residencial%2Ccasa-vila_residencial%2Ccobertura_residencial%2Cflat_residencial%2Cloft_residencial&pagina=333
2026-03-13 21:51:25,998 - INFO - Aguardando 6.9s para carregamento...
2026-03-13 21:51:40,674 - INFO - Analisando página HTML...
2026-03-13 21:51:40,675 - INFO - Tentativa 1 (links com /imovel/): 26 cards
2026-03-13 21:51:40,678 - INFO - ✓ Página 333: 26 imóveis extraídos
2026-03-13 21:51:40,756 - INFO - Driver fechado
2026-03-13 21:51:40,759 - INFO - ✓ Página 333 salva em src/data/raw/por_pagina/sao-paulo_sp_pagina333.csv
2026-03-13 21:51:48,760 - INFO - ============================================================
2026-03-13 21:51:48,760 - INFO - PÁGINA 334
2026-03-13 21:51:48,760 - INFO - ============================================================
2026-03-13 21:51:48,760 - INFO - ====== WebDriver manager ======
2026-03-13 21:51:48,820 - INFO - Get LATEST chromedriver version for google-chrome
2026-03-13 21:51:48,922 - INFO - Get LATEST chromedriver version for google-chrome
2026-03-13 21:51:49,014 - INFO - Driver [/home/felipe/.wdm/drivers/chromedriver/linux64/145.0.7632.117/chromedriver-linux64/chromedriver] found in cache
2026-03-13 21:51:49,791 - INFO - Driver criado com User-Agent: Mozilla/5.0 (X11; Linux x86_64) AppleWebKit/537.36...
2026-03-13 21:51:49,791 - INFO - Acessando: https://www.zapimoveis.com.br/aluguel/apartamentos/sp+sao-paulo/?tipos=apartamento_residencial%2Cstudio_residencial%2Ckitnet_residencial%2Ccasa_residencial%2Csobrado_residencial%2Ccondominio_residencial%2Ccasa-vila_residencial%2Ccobertura_residencial%2Cflat_residencial%2Cloft_residencial&pagina=334
2026-03-13 21:51:50,558 - INFO - Aguardando 5.2s para carregamento...
2026-03-13 21:52:04,189 - INFO - Analisando página HTML...
2026-03-13 21:52:04,189 - INFO - Tentativa 1 (links com /imovel/): 4 cards
2026-03-13 21:52:04,190 - INFO - ✓ Página 334: 4 imóveis extraídos
2026-03-13 21:52:04,261 - INFO - Driver fechado
2026-03-13 21:52:04,262 - INFO - ✓ Página 334 salva em src/data/raw/por_pagina/sao-paulo_sp_pagina334.csv
