geometry,amenity,brand,brand:wikidata,dispensing,drive_through,healthcare,name,wheelchair,addr:city,addr:housenumber,addr:postcode,addr:street,addr:country,addr:state,contact:phone,contact:website,opening_hours,check_date,phone,website,brand:wikipedia,contact:email,mobile,alt_name,operator,cuisine,addr:suburb,smoking,name:pt,payment:cash,payment:credit_cards,payment:debit_cards,old_name,entrance,contact:fax,parking,level,name:en,height,shop,building,description,email,check_date:opening_hours,internet_access,payment:mastercard,payment:visa,toilets:wheelchair,fax,healthcare:speciality,payment:american_express,payment:coins,payment:maestro,payment:visa_debit,payment:visa_electron,payment:elo,emergency,internet_access:fee,organic,check_date:currency:XBT,currency:XBT,payment:apple_pay,payment:cards,payment:contactless,payment:diners_club,payment:discover_card,payment:google_pay,payment:jcb,payment:lightning,payment:lightning_contactless,payment:mastercard_contactless,payment:nfc,payment:onchain,payment:samsung_pay,payment:unionpay,source,delivery,landuse,branch,building:levels,roof:levels,roof:colour,roof:material,mapillary,roof:shape,ref:vatin,atm,layer,note,payment:notes,building:colour,air_conditioning,indoor,room,area,start_date,survey:date,contact:facebook,payment:electronic_purses,wikidata,wikipedia,leisure,contact:instagram,opening_hours:drive_through,opening_date,addr:subdistrict,addr:district,type
POINT (-46.7248374 -23.5281086),pharmacy,Drogasil,Q5308185,yes,no,pharmacy,Drogasil,yes,,,,,,,,,,,,,,,,,,,,,,,,,,,,,,,,,,,,,,,,,,,,,,,,,,,,,,,,,,,,,,,,,,,,,,,,,,,,,,,,,,,,,,,,,,,,,,,,,,,,
POINT (-46.5615758 -23.5434916),pharmacy,,,,,pharmacy,Farma & Cia,,,,,,,,,,,,,,,,,,,,,,,,,,,,,,,,,,,,,,,,,,,,,,,,,,,,,,,,,,,,,,,,,,,,,,,,,,,,,,,,,,,,,,,,,,,,,,,,,,,,,
POINT (-46.7365315 -23.5234135),pharmacy,,,,,pharmacy,,,São Paulo,1539,05089-001,Rua Guaipá,,,,,,,,,,,,,,,,,,,,,,,,,,,,,,,,,,,,,,,,,,,,,,,,,,,,,,,,,,,,,,,,,,,,,,,,,,,,,,,,,,,,,,,,,,,,,,,,
POINT (-46.7341461 -23.6524688),pharmacy,,,,,,Drogaria São Paulo,,São Paulo,920,05805-000,Avenida Maria Coelho Aguiar,BR,SP,+55 11 5851-6291;+55 11 5851-6907;0800 779 8767,http://www.drogariasaopaulo.com.br,Mo-Su 07:00-24:00,,,,,,,,,,,,,,,,,,,,,,,,,,,,,,,,,,,,,,,,,,,,,,,,,,,,,,,,,,,,,,,,,,,,,,,,,,,,,,,,,,,,,,,,,,,
POINT (-46.7363042 -23.6576603),pharmacy,,,,,pharmacy,Drogaria Nova São Luiz,,,,,,,,,,,,,,,,,,,,,,,,,,,,,,,,,,,,,,,,,,,,,,,,,,,,,,,,,,,,,,,,,,,,,,,,,,,,,,,,,,,,,,,,,,,,,,,,,,,,,
POINT (-46.6430063 -23.5528451),pharmacy,,,,,pharmacy,,,,,,,,,,,,,,,,,,,,,,,,,,,,,,,,,,,,,,,,,,,,,,,,,,,,,,,,,,,,,,,,,,,,,,,,,,,,,,,,,,,,,,,,,,,,,,,,,,,,,,
POINT (-46.6381129 -23.5599368),pharmacy,,,yes,,,Drogaria São Paulo,,,840,01502-001,Avenida da Liberdade,,,,,24/7,2025-02-19,+55 11 3207-4168,https://www.drogariasaopaulo.com.br/,,,,,,,,,,,,,,,,,,,,,,,,,,,,,,,,,,,,,,,,,,,,,,,,,,,,,,,,,,,,,,,,,,,,,,,,,,,,,,,,,,,,,,,,
POINT (-46.6442291 -23.5984324),pharmacy,Drogaria São Paulo,Q5308184,,no,pharmacy,Drogaria São Paulo,,São Paulo,763,04039-032,Rua Pedro de Toledo,BR,SP,+55 11 5549-9647;+55 11 5571-5663;0800 779 8767,http://www.drogariasaopaulo.com.br,24/7,2025-07-12,,,en:Grupo DPSP,,,,,,,,,,,,,,,,,,,,,,,,,,,,,,,,,,,,,,,,,,,,,,,,,,,,,,,,,,,,,,,,,,,,,,,,,,,,,,,,,,,,,,,
POINT (-46.6752459 -23.5392935),pharmacy,,,,,,Drogasil,,São Paulo,1152,05016-110,Avenida Sumaré,BR,SP,+55 11 3672-3885;+55 11 3862-3089,http://www.drogasil.com.br/,24/7,2023-04-20,,,,atendimento@drogasil.com.br,,,,,,,,,,,,,,,,,,,,,,,,,,,,,,,,,,,,,,,,,,,,,,,,,,,,,,,,,,,,,,,,,,,,,,,,,,,,,,,,,,,,,,
POINT (-46.6942795 -23.5435637),pharmacy,Droga Raia,Q10357101,yes,,pharmacy,Droga Raia,,,1776,05438-300,Rua Heitor Penteado,,,,,24/7,,+55 11 3672-8279,https://www.drogaraia.com.br,pt:RaiaDrogasil,,,,,,,,,,,,,,,,,,,,,,,,,,,,,,,,,,,,,,,,,,,,,,,,,,,,,,,,,,,,,,,,,,,,,,,,,,,,,,,,,,,,,,,
POINT (-46.6554145 -23.5704075),pharmacy,,,,,pharmacy,Drogaria Tio Luiz,,,261,,Rua José Maria Lisboa,,,,,,,,,,,,,,,,,,,,,,,,,,,,,,,,,,,,,,,,,,,,,,,,,,,,,,,,,,,,,,,,,,,,,,,,,,,,,,,,,,,,,,,,,,,,,,,,
POINT (-46.6539957 -23.5718417),pharmacy,,,,,pharmacy,Farmácio Orthomolecular,limited,,77,01423-000,Rua José Maria Lisboa,,,,,,,,,,,,,,,,,,,,,,,,,,,,,,,,,,,,,,,,,,,,,,,,,,,,,,,,,,,,,,,,,,,,,,,,,,,,,,,,,,,,,,,,,,,,,,,,
POINT (-46.6969098 -23.5522828),pharmacy,,,,,,Drogaria São Paulo,,,,,,,,,,Mo-Su 07:00-23:00,,,,,,,,,,,,,,,,,,,,,,,,,,,,,,,,,,,,,,,,,,,,,,,,,,,,,,,,,,,,,,,,,,,,,,,,,,,,,,,,,,,,,,,,,,,
POINT (-46.4881465 -23.5031624),pharmacy,,,yes,no,pharmacy,Droga Couto 2,,,467,,Avenida Boturussu,,,,,,,+55 11 3596 3848,,,,+55 11 97087 8193,,,,,,,,,,,,,,,,,,,,,,,,,,,,,,,,,,,,,,,,,,,,,,,,,,,,,,,,,,,,,,,,,,,,,,,,,,,,,,,,,,,,,
POINT (-46.4894581 -23.5073208),pharmacy,,,,,,,,,,,,,,,,,,,,,,,,,,,,,,,,,,,,,,,,,,,,,,,,,,,,,,,,,,,,,,,,,,,,,,,,,,,,,,,,,,,,,,,,,,,,,,,,,,,,,,,,,,,
POINT (-46.489208 -23.5075733),pharmacy,,,,,,,,,,,,,,,,,,,,,,,,,,,,,,,,,,,,,,,,,,,,,,,,,,,,,,,,,,,,,,,,,,,,,,,,,,,,,,,,,,,,,,,,,,,,,,,,,,,,,,,,,,,
POINT (-46.4901752 -23.5073347),pharmacy,,,,,,,,,,,,,,,,,,,,,,,,,,,,,,,,,,,,,,,,,,,,,,,,,,,,,,,,,,,,,,,,,,,,,,,,,,,,,,,,,,,,,,,,,,,,,,,,,,,,,,,,,,,
POINT (-46.4808985 -23.49311),pharmacy,,,,,,,,,,,,,,,,,,,,,,,,,,,,,,,,,,,,,,,,,,,,,,,,,,,,,,,,,,,,,,,,,,,,,,,,,,,,,,,,,,,,,,,,,,,,,,,,,,,,,,,,,,,
POINT (-46.4792567 -23.4902759),pharmacy,,,yes,,pharmacy,,,,,,,,,,,,,,,,,,,,,,,,,,,,,,,,,,,,,,,,,,,,,,,,,,,,,,,,,,,,,,,,,,,,,,,,,,,,,,,,,,,,,,,,,,,,,,,,,,,,,,
POINT (-46.6694274 -23.6057531),pharmacy,Droga Raia,Q10357101,,,pharmacy,Droga Raia,,São Paulo,1177,04522-033,Rua Gaivota,BR,SP,+55 11 5044-4654,http://www.drogaraia.com.br/,Mo-Su 08:00-24:00,,,,pt:RaiaDrogasil,,,,,,,,,,,,,,,,,,,,,,,,,,,,,,,,,,,,,,,,,,,,,,,,,,,,,,,,,,,,,,,,,,,,,,,,,,,,,,,,,,,,,,,
POINT (-46.630429 -23.5903205),pharmacy,Drogasil,Q5308185,,,pharmacy,Drogasil,yes,São Paulo,32;38;42,04116-000,Avenida Prefeito Fábio Prado,BR,SP,+55 11 5081-4417;+55 11 5081-3579,http://www.drogasil.com.br/,Mo-Fr 07:00-23:00;Sa 07:00-23:00;Su 07:00-23:00,,,,pt:Drogasil,atendimento@drogasil.com.br,,,,,,,,,,,,,,,,,,,,,,,,,,,,,,,,,,,,,,,,,,,,,,,,,,,,,,,,,,,,,,,,,,,,,,,,,,,,,,,,,,,,,,
POINT (-46.6149995 -23.6023833),pharmacy,Drogaria São Paulo,Q5308184,yes,no,pharmacy,Drogaria São Paulo,,São Paulo,6450;6454,04272-100,Rua Vergueiro,BR,SP,+55 11 5061-4131;+55 11 5061-9632;0800 779 8767,http://www.drogariasaopaulo.com.br,Mo-Su 07:00-23:00,,,,en:Grupo DPSP,,,,,,,,,,,,,,,,,,,,,,,,,,,,,,,,,,,,,,,,,,,,,,,,,,,,,,,,,,,,,,,,,,,,,,,,,,,,,,,,,,,,,,,
POINT (-46.779632 -23.6616861),pharmacy,,,yes,no,pharmacy,,,,,,,,,,,,,,,,,,,,,,,,,,,,,,,,,,,,,,,,,,,,,,,,,,,,,,,,,,,,,,,,,,,,,,,,,,,,,,,,,,,,,,,,,,,,,,,,,,,,,,
POINT (-46.6171682 -23.615233),pharmacy,Drogaria São Paulo,Q5308184,,,pharmacy,Drogaria São Paulo,,São Paulo,2226,04132-001,Avenida do Cursino,BR,SP,+55 11 5058-8198;+55 11 5058-6544;0800 779 8767,http://www.drogariasaopaulo.com.br,Mo-Su 07:00-24:00,,,,en:Grupo DPSP,,,,,,,,,,,,,,,,,,,,,,,,,,,,,,,,,,,,,,,,,,,,,,,,,,,,,,,,,,,,,,,,,,,,,,,,,,,,,,,,,,,,,,,
POINT (-46.5680088 -23.5590459),pharmacy,Drogaria São Paulo,Q5308184,no,,pharmacy,Drogaria São Paulo,,São Paulo,1111,03342-000,Avenida Regente Feijo,,,,,24/7,,+55 11 2671-4124,https://www.drogariasaopaulo.com.br/,,,,,,,,,,,,,,,,,,,,,,,,,,,,,,,,,,,,,,,,,,,,,,,,,,,,,,,,,,,,,,,,,,,,,,,,,,,,,,,,,,,,,,,,
POINT (-46.7369291 -23.5866859),pharmacy,Drogaria São Paulo,Q5308184,,,pharmacy,Drogaria São Paulo,yes,São Paulo,340;344;348,05537-000,Avenida Ministro Laudo Ferreira de Camargo,BR,SP,+55 11 3507-6286,http://www.drogaraia.com.br,Mo-Fr 07:30-23:00; Sa 07:30-23:30; Su 07:30-23:30,,,,en:Grupo DPSP,,,Droga Raia Peri Peri,,,,,,,,,,,,,,,,,,,,,,,,,,,,,,,,,,,,,,,,,,,,,,,,,,,,,,,,,,,,,,,,,,,,,,,,,,,,,,,,,,,,
POINT (-46.6805696 -23.6135792),pharmacy,Pague Menos,Q7124466,,,pharmacy,Pague Menos,,,,,,,,,,,,,,pt:Pague Menos,,,,Pague Menos,,,,,,,,,,,,,,,,,,,,,,,,,,,,,,,,,,,,,,,,,,,,,,,,,,,,,,,,,,,,,,,,,,,,,,,,,,,,,,,,,,,
POINT (-46.6791427 -23.612429),pharmacy,,,,,,,,São Paulo,105,04560-010,Rua Nebraska,BR,SP,+55 11 5535-2061,http://www.drogaraia.com.br,24/7,,,,,,,,Droga Raia,,,,,,,,,,,,,,,,,,,,,,,,,,,,,,,,,,,,,,,,,,,,,,,,,,,,,,,,,,,,,,,,,,,,,,,,,,,,,,,,,,,
POINT (-46.6787135 -23.611504),pharmacy,,,,,,,,São Paulo,107,04560-020,Rua Lusiânia,BR,SP,+55 11 5532-0605;+55 11 5092-2743;0800 779 8767,http://www.drogariasaopaulo.com.br,Mo-Su 07:00-23:00,,,,,,,,Drogaria São Paulo,,,,,,,,,,,,,,,,,,,,,,,,,,,,,,,,,,,,,,,,,,,,,,,,,,,,,,,,,,,,,,,,,,,,,,,,,,,,,,,,,,,
POINT (-46.5898328 -23.5715039),pharmacy,,,yes,no,pharmacy,Droga Verde,,,,,,,,,,,,,,,,,,,,,,,,,,,,,,,,,,,,,,,,,,,,,,,,,,,,,,,,,,,,,,,,,,,,,,,,,,,,,,,,,,,,,,,,,,,,,,,,,,,,,
POINT (-46.7364112 -23.6265855),pharmacy,,,,,,,,,,,,,,,,,,,,,,,,,,,,,,,,,,,,,,,,,,,,,,,,,,,,,,,,,,,,,,,,,,,,,,,,,,,,,,,,,,,,,,,,,,,,,,,,,,,,,,,,,,,
POINT (-46.6692936 -23.5363891),pharmacy,,,,,pharmacy,Panvel,,,,,,,,,,,,,,,,,,,arab,,,,,,,,,,,,,,,,,,,,,,,,,,,,,,,,,,,,,,,,,,,,,,,,,,,,,,,,,,,,,,,,,,,,,,,,,,,,,,,,,,
POINT (-46.6053629 -23.6176551),pharmacy,Droga Raia,Q10357101,yes,no,pharmacy,Droga Raia,,São Paulo,8923,04273-200,Rua Vergueiro,BR,SP,+55 11 2083-2280,http://www.drogaraia.com.br/,Mo-Su 08:00-24:00,,,,pt:RaiaDrogasil,,,,,,,,,,,,,,,,,,,,,,,,,,,,,,,,,,,,,,,,,,,,,,,,,,,,,,,,,,,,,,,,,,,,,,,,,,,,,,,,,,,,,,,
POINT (-46.6429526 -23.5878276),pharmacy,,,,,pharmacy,Drogaria São Paulo,,,,,,,,,,"Mo-Su,PH 00:00-00:00",,,,,,,,,,,,,,,,,,,,,,,,,,,,,,,,,,,,,,,,,,,,,,,,,,,,,,,,,,,,,,,,,,,,,,,,,,,,,,,,,,,,,,,,,,,
POINT (-46.5105882 -23.5718111),pharmacy,,,,,,Farmais,,,,,,,,,,,,,,,,,,,,,,,,,,,,,,,,,,,,,,,,,,,,,,,,,,,,,,,,,,,,,,,,,,,,,,,,,,,,,,,,,,,,,,,,,,,,,,,,,,,,,
POINT (-46.6862765 -23.7384746),pharmacy,,,,,pharmacy,Droga Mix,,,,,,,,,,,,,,,,,,,,,,,,,,,,,,,,,,,,,,,,,,,,,,,,,,,,,,,,,,,,,,,,,,,,,,,,,,,,,,,,,,,,,,,,,,,,,,,,,,,,,
POINT (-46.6992052 -23.7108929),pharmacy,Drogaria São Paulo,Q5308184,,,pharmacy,Drogaria São Paulo,,São Paulo,1072,04801-000,Avenida Senador Teotônio Vilela,BR,SP,+55 11 5666-1123;+55 11 5666-7631;0800 779 8767,http://www.drogariasaopaulo.com.br,24/7,,,,en:Grupo DPSP,,,,,,,,,,,,,,,,,,,,,,,,,,,,,,,,,,,,,,,,,,,,,,,,,,,,,,,,,,,,,,,,,,,,,,,,,,,,,,,,,,,,,,,
POINT (-46.4898072 -23.4828841),pharmacy,,,,,,,,,,,,,,,,,,,,,,,,,,,,,,,,,,,,,,,,,,,,,,,,,,,,,,,,,,,,,,,,,,,,,,,,,,,,,,,,,,,,,,,,,,,,,,,,,,,,,,,,,,,
POINT (-46.6382359 -23.6092716),pharmacy,Drogasil,Q5308185,,,pharmacy,Drogasil,yes,São Paulo,586;592,04046-000,Avenida Jabaquara,BR,SP,+55 11 5584-6575;+55 11 5078-6323,http://www.drogasil.com.br/,24/7,,,,pt:Drogasil,atendimento@drogasil.com.br,,,,,,,,,,,,,,,,,,,,,,,,,,,,,,,,,,,,,,,,,,,,,,,,,,,,,,,,,,,,,,,,,,,,,,,,,,,,,,,,,,,,,,
POINT (-46.7189448 -23.4368487),pharmacy,,,,,,,,,,,,,,,,,,,,,,,,,,,,,,,,,,,,,,,,,,,,,,,,,,,,,,,,,,,,,,,,,,,,,,,,,,,,,,,,,,,,,,,,,,,,,,,,,,,,,,,,,,,
POINT (-46.7351232 -23.4495946),pharmacy,,,,,,,,,,,,,,,,,,,,,,,,,,,,,,,,,,,,,,,,,,,,,,,,,,,,,,,,,,,,,,,,,,,,,,,,,,,,,,,,,,,,,,,,,,,,,,,,,,,,,,,,,,,
POINT (-46.6392034 -23.6176164),pharmacy,Farma Conde,Q100492677,,,pharmacy,Farma Conde,,São Paulo,1526,,Avenida Jabaquara,,,,,,,,,,,,,,,Saúde,,,,,,,,,,,,,,,,,,,,,,,,,,,,,,,,,,,,,,,,,,,,,,,,,,,,,,,,,,,,,,,,,,,,,,,,,,,,,,,,,
POINT (-46.6391943 -23.6175618),pharmacy,,,,,pharmacy,Ultrafarma,,São Paulo,1524,,Avenida Jabaquara,,,,,,,,,,,,,,,Saúde,,,,,,,,,,,,,,,,,,,,,,,,,,,,,,,,,,,,,,,,,,,,,,,,,,,,,,,,,,,,,,,,,,,,,,,,,,,,,,,,,
POINT (-46.6063856 -23.5240971),pharmacy,,,yes,no,pharmacy,Farmais | Marginal Tiete,,São Paulo,1476,03022-000,Rua Paulo Andrighetti,,,,,24/7,,,,,,,,,,Pari,,,,,,,,,,,,,,,,,,,,,,,,,,,,,,,,,,,,,,,,,,,,,,,,,,,,,,,,,,,,,,,,,,,,,,,,,,,,,,,,,
POINT (-46.6072545 -23.5268525),pharmacy,,,,,,Farmacia Silva Teles,,São Paulo,1404,03026-001,Rua Silva Teles,,,,,Mo-Sa 09:00-07:00,,,,,,,,,,,,,,,,,,,,,,,,,,,,,,,,,,,,,,,,,,,,,,,,,,,,,,,,,,,,,,,,,,,,,,,,,,,,,,,,,,,,,,,,,,,
POINT (-46.6388973 -23.6179043),pharmacy,Farma Conde,Q100492677,,,pharmacy,Farma Conde,,São Paulo,1545,04045-002,Avenida Jabaquara,,,,,,,,,,,,,,,,,,,,,,,,,,,,,,,,,,,,,,,,,,,,,,,,,,,,,,,,,,,,,,,,,,,,,,,,,,,,,,,,,,,,,,,,,,,,,,,,
POINT (-46.5133578 -23.600181),pharmacy,,,,,pharmacy,Drogaria Massao,,,12,,Rua Alexandre Galera,,,,,,,,,,,,,,,,,,,,,,,,,,,,,,,,,,,,,,,,,,,,,,,,,,,,,,,,,,,,,,,,,,,,,,,,,,,,,,,,,,,,,,,,,,,,,,,,
POINT (-46.6056169 -23.4867366),pharmacy,,,yes,no,pharmacy,Drogaria Vera Cruz,,São Paulo,3466,02242-001,Avenida General Ataliba Leonel,,,,,,,,,,,,,,,,,,,,,,,,,,,,,,,,,,,,,,,,,,,,,,,,,,,,,,,,,,,,,,,,,,,,,,,,,,,,,,,,,,,,,,,,,,,,,,,,
POINT (-46.7020815 -23.5284207),pharmacy,,,,,,,,,,,,,,,,,,,,,,,,,,,,,,,,,,,,,,,,,,,,,,,,,,,,,,,,,,,,,,,,,,,,,,,,,,,,,,,,,,,,,,,,,,,,,,,,,,,,,,,,,,,
POINT (-46.7039368 -23.5277954),pharmacy,,,,,pharmacy,Farma Civica,,São Paulo,102,05050-060,Praça Cívica,,,,,,,,,,,,,,,,,,,,,,,,,,,,,,,,,,,,,,,,,,,,,,,,,,,,,,,,,,,,,,,,,,,,,,,,,,,,,,,,,,,,,,,,,,,,,,,,
POINT (-46.6430726 -23.5810268),pharmacy,,,,,pharmacy,,,,,,,,,,,,,,,,,,,,,,,,,,,,,,,,,,,,,,,,,,,,,,,,,,,,,,,,,,,,,,,,,,,,,,,,,,,,,,,,,,,,,,,,,,,,,,,,,,,,,,
POINT (-46.6408867 -23.5787605),pharmacy,Drogasil,Q5308185,,,pharmacy,Drogasil,yes,São Paulo,173,04009-000,Rua Domingos de Morais,BR,SP,+55 11 5571-2925;+55 11 5579-6554;0800 779 8767,http://www.drogasil.com.br/,24/7,2025-07-08,,,pt:Drogasil,,,,,,,,,,,,,,,,,,,,,,,,,,,,,,,,,,,,,,,,,,,,,,,,,,,,,,,,,,,,,,,,,,,,,,,,,,,,,,,,,,,,,,,
POINT (-46.4064776 -23.538142),pharmacy,,,,,pharmacy,Droga Leste,,São Paulo,38,08451-000,Estrada do Lageado Velho,,,,,24/7,,,,,,,,Rede Droga Leste,,,,,,,,,,,,,,,,,,,,,,,,,,,,,,,,,,,,,,,,,,,,,,,,,,,,,,,,,,,,,,,,,,,,,,,,,,,,,,,,,,,
POINT (-46.6604206 -23.5566214),pharmacy,Droga Raia,Q10357101,,,pharmacy,Droga Raia,,São Paulo,378,01414-000,Rua Haddock Lobo,BR,SP,+55 11 3256-2609,http://www.drogaraia.com.br,Mo-Su 07:00-23:00,,,,pt:RaiaDrogasil,,,,,,Consolação,,,,,,,,,,,,,,,,,,,,,,,,,,,,,,,,,,,,,,,,,,,,,,,,,,,,,,,,,,,,,,,,,,,,,,,,,,,,,,,,,
POINT (-46.681092 -23.5844983),pharmacy,,,yes,no,pharmacy,Discover,yes,São Paulo,1100,04533-004,Rua Tabapuã,,,,,,,,,,,,,,,Itaim Bibi,outside,,,,,,,,,,,,,,,,,,,,,,,,,,,,,,,,,,,,,,,,,,,,,,,,,,,,,,,,,,,,,,,,,,,,,,,,,,,,,,,,
POINT (-46.7220279 -23.6258381),pharmacy,Drogaria São Paulo,Q5308184,,,pharmacy,Drogaria São Paulo,,São Paulo,107,05705-170,Rua Doutor Chibata Miyakoshi,,,+55 11 3758-2251;+55 11 3758-2321;0800 779 8767,http://www.drogariasaopaulo.com.br,Mo-Su 07:00-23:00,,,,en:Grupo DPSP,,,Drogaria São Paulo Panamby II,,,Paraíso do Morumbi,,,,,,,,,,,,,,,,,,,,,,,,,,,,,,,,,,,,,,,,,,,,,,,,,,,,,,,,,,,,,,,,,,,,,,,,,,,,,,,,,
POINT (-46.6824833 -23.5409501),pharmacy,Droga Raia,Q10357101,,,pharmacy,Droga Raia,,São Paulo,531,01254-000,Avenida Professor Afonso Bovero,BR,SP,+55 11 3672-2346,http://www.drogaraia.com.br,Mo-Su 07:00-23:00,2025-04-12,,,pt:RaiaDrogasil,,,,,,,,,,,,,,,,,,,,,,,,,,,,,,,,,,,,,,,,,,,,,,,,,,,,,,,,,,,,,,,,,,,,,,,,,,,,,,,,,,,,,,,
POINT (-46.5731035 -23.5627181),pharmacy,,,,,,,,São Paulo,735,03345-001,Avenida Sapopemba,,,,,,,,,,,,,,,,,,,,,,,,,,,,,,,,,,,,,,,,,,,,,,,,,,,,,,,,,,,,,,,,,,,,,,,,,,,,,,,,,,,,,,,,,,,,,,,,
POINT (-46.5760282 -23.5599513),pharmacy,,,,,pharmacy,Drogaria Moretti,,São Paulo,303,03345-001,Rua Gregório Matos,,,,,,,,,,,,,,,,,,,,,,,,,,,,,,,,,,,,,,,,,,,,,,,,,,,,,,,,,,,,,,,,,,,,,,,,,,,,,,,,,,,,,,,,,,,,,,,,
POINT (-46.6189783 -23.5273176),pharmacy,,,,,,Drogaria Saúde & Vida,,São Paulo,27,03030-000,Rua Padre Vieira,,,,,Mo-Fr 08:00-19:00,,,,,,,,,,,,,,,,,,,,,,,,,,,,,,,,,,,,,,,,,,,,,,,,,,,,,,,,,,,,,,,,,,,,,,,,,,,,,,,,,,,,,,,,,,,
POINT (-46.6029411 -23.5551362),pharmacy,,,,,pharmacy,Sinete 24Horas,,São Paulo,2283,03103-003,Rua da Mooca,,,,,,,,,,,,,,,,,,,,,,,,,,,,,,,,,,,,,,,,,,,,,,,,,,,,,,,,,,,,,,,,,,,,,,,,,,,,,,,,,,,,,,,,,,,,,,,,
POINT (-46.4888623 -23.5591986),pharmacy,,,,,pharmacy,Ultra Leste Drogarias,,São Paulo,36,03584-000,Avenida Gameleira Branca,,,,,,,,,,,,,,,,,,,,,,,,,,,,,,,,,,,,,,,,,,,,,,,,,,,,,,,,,,,,,,,,,,,,,,,,,,,,,,,,,,,,,,,,,,,,,,,,
POINT (-46.6378444 -23.6330112),pharmacy,Drogasil,Q5308185,yes,no,pharmacy,Drogasil,yes,São Paulo,556,04311-001,Avenida do Café,,,,,,2025-02-13,,,,,,,,,,,Drogasil,yes,yes,yes,,,,,,,,,,,,,,,,,,,,,,,,,,,,,,,,,,,,,,,,,,,,,,,,,,,,,,,,,,,,,,,,,,,,,,,,,,,,
POINT (-46.6481438 -23.5660184),pharmacy,Drogasil,Q5308185,,,pharmacy,Drogasil,,São Paulo,2066,01318-002,Avenida Brigadeiro Luís Antônio,,,,,,,,,,,,,,,,,,,,,,,,,,,,,,,,,,,,,,,,,,,,,,,,,,,,,,,,,,,,,,,,,,,,,,,,,,,,,,,,,,,,,,,,,,,,,,,,
POINT (-46.6342229 -23.5517587),pharmacy,,,,,,Drogaria SP,,São Paulo,415,01001-000,Praça da Sé,,,,,,,,,,,,,,,,,,,,,,,,,,,,,,,,,,,,,,,,,,,,,,,,,,,,,,,,,,,,,,,,,,,,,,,,,,,,,,,,,,,,,,,,,,,,,,,,
POINT (-46.6342829 -23.5502535),pharmacy,Droga Raia,Q10357101,,,pharmacy,Droga Raia,,São Paulo,152,01001-001,Praça da Sé,,,,,,,,,pt:RaiaDrogasil,,,,,,,,,,,,,,,,,,,,,,,,,,,,,,,,,,,,,,,,,,,,,,,,,,,,,,,,,,,,,,,,,,,,,,,,,,,,,,,,,,,,,,,
POINT (-46.6418974 -23.5508478),pharmacy,,,,,pharmacy,,,,,,,,,,,,,,,,,,,,,,,,,,,,,,,,,,,,,,,,,,,,,,,,,,,,,,,,,,,,,,,,,,,,,,,,,,,,,,,,,,,,,,,,,,,,,,,,,,,,,,
POINT (-46.5924936 -23.494809),pharmacy,,,,,pharmacy,União Farma,,São Paulo,503,02203-000,Avenida Ede,,,,,,,,,,,,,,,,,,,,,,,,,,,,,,,,,,,,,,,,,,,,,,,,,,,,,,,,,,,,,,,,,,,,,,,,,,,,,,,,,,,,,,,,,,,,,,,,
POINT (-46.625744 -23.5797724),pharmacy,,,,,pharmacy,,,São Paulo,1941,01536-001,Avenida Lacerda Franco,,,,,,,,,,,,,,,,,,,,,,,,,,,,,,,,,,,,,,,,,,,,,,,,,,,,,,,,,,,,,,,,,,,,,,,,,,,,,,,,,,,,,,,,,,,,,,,,
POINT (-46.6156083 -23.5808039),pharmacy,,,yes,no,pharmacy,Droga Porto,,São Paulo,662,01545-001,Rua Vasconcelos Drumond,,,,,,,+55 11 3432 8484,,,,,,,,,,,,,,Rede Bem Drogarias,,,,,,,,,,,,,,,,,,,,,,,,,,,,,,,,,,,,,,,,,,,,,,,,,,,,,,,,,,,,,,,,,,,,,,,,,,,
POINT (-46.6440354 -23.5717324),pharmacy,,,,,pharmacy,Farma Ponte,,,,,,,,,,,,,,,,,,,,,,,,,,,,,,,,,,,,,,,,,,,,,,,,,,,,,,,,,,,,,,,,,,,,,,,,,,,,,,,,,,,,,,,,,,,,,,,,,,,,,
POINT (-46.6520986 -23.5654273),pharmacy,Drogasil,Q5308185,,,pharmacy,Drogasil,yes,São Paulo,995,01311-100,Avenida Paulista,BR,São Paulo,+55 11 3286-0114;+55 11 3253-2501,https://www.drogasil.com.br/,Mo-Sa 07:00-23:00; Su 08:00-22:00,2024-08-03,,,pt:Drogasil,contato@drogasil.com.br,,,,,,,,,,,,,,,,,,,,,,,,,,,,,,,,,,,,,,,,,,,,,,,,,,,,,,,,,,,,,,,,,,,,,,,,,,,,,,,,,,,,,,
POINT (-46.6537481 -23.5640496),pharmacy,Drogaria São Paulo,Q5308184,,,pharmacy,Drogaria São Paulo,,São Paulo,1227,01311-200,Avenida Paulista,BR,São Paulo,+55 11 3288-8061;+55 11 3289-4182,http://www.drogariasaopaulo.com.br/,24/7,,,,en:Grupo DPSP,,,,,,,,,,,,,,,,,,,,,,,,,,,,,,,,,,,,,,,,,,,,,,,,,,,,,,,,,,,,,,,,,,,,,,,,,,,,,,,,,,,,,,,
POINT (-46.6619012 -23.5563052),pharmacy,Drogasil,Q5308185,,,pharmacy,Drogasil,yes,São Paulo,2408,01310-300,Avenida Paulista,BR,São Paulo,+55 11 3255-2345,http://www.onofre.com.br/,,,,,pt:Drogasil,,,,,,,,,,,,,yes,,,,,,,,,,,,,,,,,,,,,,,,,,,,,,,,,,,,,,,,,,,,,,,,,,,,,,,,,,,,,,,,,,,,,,,,,,
POINT (-46.6369612 -23.6013532),pharmacy,Drogasil,Q5308185,yes,no,pharmacy,Drogasil,yes,São Paulo,2842,04036-100,Rua Domingos de Morais,BR,SP,+55 11 5571-1799;+55 11 5084-0944,https://www.drogasil.com.br,Mo-Su 07:30-24:00,,,,pt:Drogasil,,,,,,,,,,,,,,,,,,,,,,,,,,,,,,,,,,,,,,,,,,,,,,,,,,,,,,,,,,,,,,,,,,,,,,,,,,,,,,,,,,,,,,,
POINT (-46.6117194 -23.5326173),pharmacy,,,,,,Farmacia São Miguel,,São Paulo,903,03018-000,Rua João Boemer,,,,,,,,,,,,,,,,,,,,,,,,,,,,,,,,,,,,,,,,,,,,,,,,,,,,,,,,,,,,,,,,,,,,,,,,,,,,,,,,,,,,,,,,,,,,,,,,
POINT (-46.4783041 -23.5249577),pharmacy,,,,,,Drogaria Nova Vida,,São Paulo,326,03685-000,Rua Sonho Gaúcho,,,,,,,,,,,,,,,,,,,,,,,,,,,,,,,,,,,,,,,,,,,,,,,,,,,,,,,,,,,,,,,,,,,,,,,,,,,,,,,,,,,,,,,,,,,,,,,,
POINT (-46.7166054 -23.541373),pharmacy,,,,,pharmacy,,,,,,,,,,,,,,,,,,,,,,,,,,,,,,,,,,,,,,,,,,,,,,,,,,,,,,,,,,,,,,,,,,,,,,,,,,,,,,,,,,,,,,,,,,,,,,,,,,,,,,
POINT (-46.6006799 -23.6121813),pharmacy,,,yes,no,pharmacy,SOS Farma Ponte,,São Paulo,1216,,Rodovia Anchieta,,,,,,,,,,,,,,,,,,,,,,,,,,,,,,,,,,,,,,,,,,,,,,,,,,,,,,,,,,,,,,,,,,,,,,,,,,,,,,,,,,,,,,,,,,,,,,,,
POINT (-46.4782443 -23.531174),pharmacy,,,,,,Mille Drogaria,,São Paulo,267,03693-030,Rua Max Planck,,,,,,,,,,,,,,,Jardim Coimbra,,,,,,,,,,,,,,,,,,,,,,,,,,,,,,,,,,,,,,,,,,,,,,,,,,,,,,,,,,,,,,,,,,,,,,,,,,,,,,,,,
POINT (-46.5382364 -23.5484741),pharmacy,Drogasil,Q5308185,,no,pharmacy,Drogasil,yes,São Paulo,2424;2432,03402-002,Avenida Conselheiro Carrão,BR,SP,+55 11 2227-1370;+55 11 2227-1395,http://www.drogasil.com.br/,Mo-Su 07:00-23:00,,,,pt:Drogasil,atendimento@drogasil.com.br,,,Drogasil,,,,,,,,,,,,,,,,,,,,,,,,,,,,,,,,,,,,,,,,,,,,,,,,,,,,,,,,,,,,,,,,,,,,,,,,,,,,,,,,,,,
POINT (-46.5361403 -23.5490357),pharmacy,,,,no,pharmacy,Droganetto,,,,,,,,,,,,,,,,,,,,,,,,,,,,,,,,,,,,,,,,,,,,,,,,,,,,,,,,,,,,,,,,,,,,,,,,,,,,,,,,,,,,,,,,,,,,,,,,,,,,,
POINT (-46.5398001 -23.5477708),pharmacy,,,,no,pharmacy,Poupafarma,,,,,,,,,,Mo-Sa 07:00-22:00; Su 08:00-18:00,,,,,,,,Poupafarma,,,,,,,,,,,,,,,,,,,,,,,,,,,,,,,,,,,,,,,,,,,,,,,,,,,,,,,,,,,,,,,,,,,,,,,,,,,,,,,,,,,
POINT (-46.5362543 -23.549315),pharmacy,,,,no,pharmacy,Drogaria Mais Formosa,,,,,,,,,,,,,,,,,,,,,,,,,,,,,,,,,,,,,,,,,,,,,,,,,,,,,,,,,,,,,,,,,,,,,,,,,,,,,,,,,,,,,,,,,,,,,,,,,,,,,
POINT (-46.6862992 -23.5827843),pharmacy,Drogasil,Q5308185,,no,pharmacy,Drogasil,yes,São Paulo,247,01453-010,Rua Doutor Mário Ferraz,BR,SP,+55 11 3817-4266;+55 11 3817-4267,http://www.drogasil.com.br/,24/7,,,,,atendimento@drogasil.com.br,,,,,,,,,,,,,,,,,,,,,,,,,,,,,,,,,,,,,,,,,,,,,,,,,,,,,,,,,,,,,,,,,,,,,,,,,,,,,,,,,,,,,,
POINT (-46.4943618 -23.5673445),pharmacy,,,,,pharmacy,,,São Paulo,715,03585-100,Rua Elza dos Anjos Neves,,,,,,,,,,,,,,,,,,,,,,,,,,,,,,,,,,,,,,,,,,,,,,,,,,,,,,,,,,,,,,,,,,,,,,,,,,,,,,,,,,,,,,,,,,,,,,,,
POINT (-46.6986448 -23.6411522),pharmacy,Drogasil,Q5308185,,,pharmacy,Drogasil,yes,São Paulo,6919;6921,04701-200,Avenida Santo Amaro,BR,SP,+55 11 5541-8447;+55 11 5521-3876,http://www.drogasil.com.br/,Mo-Su 07:00-23:00,2024-05-21,,,pt:Drogasil,atendimento@drogasil.com.br,,,,,,,,,,,,,,,,,,,,,,,,,,,,,,,,,,,,,,,,,,,,,,,,,,,,,,,,,,,,,,,,,,,,,,,,,,,,,,,,,,,,,,
POINT (-46.6708188 -23.5808438),pharmacy,Droga Raia,Q10357101,,,pharmacy,Droga Raia,yes,São Paulo,281,01435-001,Avenida São Gabriel,BR,SP,+55 11 3078-3795,http://www.drogaraia.com.br/,24/7,,,,pt:RaiaDrogasil,,,,,,,,,,,,,,,,,,,,,,,,,,,,,,,,,,,,,,,,,,,,,,,,,,,,,,,,,,,,,,,,,,,,,,,,,,,,,,,,,,,,,,,
POINT (-46.7347908 -23.63367),pharmacy,,,,,,,,,,,,,,,,,,,,,,,,,,,,,,,,,,,,,,,,,,,,,,,,,,,,,,,,,,,,,,,,,,,,,,,,,,,,,,,,,,,,,,,,,,,,,,,,,,,,,,,,,,,
POINT (-46.691375 -23.6632578),pharmacy,Drogasil,Q5308185,,,pharmacy,Drogasil,yes,,284,04675-090,Rua Tenente José Maria Pinto,,,,,24/7,,+55 11 5546-5710,https://www.drogasil.com.br/,pt:Drogasil,,,,Drogasil,,,,,,,,,,,,,,,,,,,,,,,,,,,,,,,,,,,,,,,,,,,,,,,,,,,,,,,,,,,,,,,,,,,,,,,,,,,,,,,,,,,
POINT (-46.5896091 -23.4824493),pharmacy,,,yes,,pharmacy,Farmacia de Manipulação,,São Paulo,2069,02201-001,Avenida Júlio Buono,,,,,,,,,,,,,,,,,,,,,,,,,,,,,,,,,,,,,,,,,,,,,,,,,,,,,,,,,,,,,,,,,,,,,,,,,,,,,,,,,,,,,,,,,,,,,,,,
POINT (-46.5753886 -23.535376),pharmacy,,,,,pharmacy,,,São Paulo,3826,03064-000,Avenida Celso Garcia,,,,,,,,,,,,,,,,,,,,,,,,,,,,,,,,,,,,,,,,,,,,,,,,,,,,,,,,,,,,,,,,,,,,,,,,,,,,,,,,,,,,,,,,,,,,,,,,
POINT (-46.5678414 -23.5341462),pharmacy,,,,,pharmacy,,,São Paulo,4639,03063-000,Avenida Celso Garcia,,,,,,,,,,,,,,,,,,,,,,,,,,,,,,,,,,,,,,,,,,,,,,,,,,,,,,,,,,,,,,,,,,,,,,,,,,,,,,,,,,,,,,,,,,,,,,,,
POINT (-46.5668345 -23.5338373),pharmacy,,,,,pharmacy,Farto Drogarias,,São Paulo,4747,03063-000,Avenida Celso Garcia,,,,,,,,,,,,,,,Tatuapé,,,,,,,,,,,,,,,,,,,,,,,,,,,,,,,,,,,,,,,,,,,,,,,,,,,,,,,,,,,,,,,,,,,,,,,,,,,,,,,,,
POINT (-46.5931161 -23.5662124),pharmacy,,,,,pharmacy,,,São Paulo,1491,03115-001,Avenida Paes de Barros,,,,,,,,,,,,,,,,,,,,,,,,,,,,,,,,,,,,,,,,,,,,,,,,,,,,,,,,,,,,,,,,,,,,,,,,,,,,,,,,,,,,,,,,,,,,,,,,
POINT (-46.5811613 -23.5708053),pharmacy,,,,,,,,São Paulo,2709,03195-100,Rua do Oratório,,,,,,,,,,,,,,,,,,,,,,,,,,,,,,,,,,,,,,,,,,,,,,,,,,,,,,,,,,,,,,,,,,,,,,,,,,,,,,,,,,,,,,,,,,,,,,,,
POINT (-46.5796203 -23.4686845),pharmacy,,,,,pharmacy,,,São Paulo,574,02260-001,Avenida Luís Stamatis,,,,,,,,,,,,,,,,,,,,,,,,,,,,,,,,,,,,,,,,,,,,,,,,,,,,,,,,,,,,,,,,,,,,,,,,,,,,,,,,,,,,,,,,,,,,,,,,
POINT (-46.4807755 -23.5547928),pharmacy,,,,,pharmacy,Farmais,,São Paulo,,,Avenida Líder,,,,,08:00-22:00,,,,,,,,,,Cidade Líder,,,,,,,,,,,,,,,,,,,,,,,,,,,,,,,,,,,,,,,,,,,,,,,,,,,,,,,,,,,,,,,,,,,,,,,,,,,,,,,,,
POINT (-46.7263959 -23.5740994),pharmacy,,,,no,pharmacy,Bifarma,,São Paulo,1227,05581-000,Avenida Corifeu de Azevedo Marques,BR,São Paulo,+55 11 3726 7724,,Mo-Sa 09:00-23:00; Su 09:00-22:15,,+55 11 3726 3425,,,,,,,,,,,,,,,,+55 11 3726 1170,,,,,,,,,,,,,,,,,,,,,,,,,,,,,,,,,,,,,,,,,,,,,,,,,,,,,,,,,,,,,,,,,,,,,,,,,
POINT (-46.5661778 -23.5693473),pharmacy,,,,,,,,,653,03350-100,Rua General Argolo,,SP,,,,,,,,,,,,,,,,,,,,,,,,,,,,,,,,,,,,,,,,,,,,,,,,,,,,,,,,,,,,,,,,,,,,,,,,,,,,,,,,,,,,,,,,,,,,,,
POINT (-46.6025687 -23.6209183),pharmacy,Drogaria São Paulo,Q5308184,,,pharmacy,Drogaria São Paulo,,São Paulo,22,04296-090,Rua Descampado,BR,SP,+55 11 2351-4550;+55 11 2351-4549;0800 779 8767,http://www.drogariasaopaulo.com.br,24/7,,,,en:Grupo DPSP,,,,,,,,,,,,,,,,,,,,,,,,,,,,,,,,,,,,,,,,,,,,,,,,,,,,,,,,,,,,,,,,,,,,,,,,,,,,,,,,,,,,,,,
POINT (-46.4303341 -23.5426635),pharmacy,,,,,pharmacy,,,São Paulo,496,08420-280,Avenida Professor Osvaldo de Oliveira,,,,,,,,,,,,,,,,,,,,,,,,,,,,,,,,,,,,,,,,,,,,,,,,,,,,,,,,,,,,,,,,,,,,,,,,,,,,,,,,,,,,,,,,,,,,,,,,
POINT (-46.4754267 -23.5583083),pharmacy,,,,,pharmacy,Farmais,,São Paulo,2765,08280-190,Avenida Maria Luiza Americano,,,,,,,,,,,,,,,Cidade Líder,,,,,,,,,,,,,,,,,,,,,,,,,,,,,,,,,,,,,,,,,,,,,,,,,,,,,,,,,,,,,,,,,,,,,,,,,,,,,,,,,
POINT (-46.5868289 -23.5599851),pharmacy,,,,,,,,São Paulo,4041,03165-001,Rua da Mooca,,,,,,,,,,,,,,,,,,,,,,,,,,,,,,,,,,,,,,,,,,,,,,,,,,,,,,,,,,,,,,,,,,,,,,,,,,,,,,,,,,,,,,,,,,,,,,,,
POINT (-46.6351914 -23.6041674),pharmacy,,,,,pharmacy,,,São Paulo,785,04043-300,Rua Luis Góis,,,,,,,,,,,,,,,,,,,,,,,,,,,,,,,,,,,,,,,,,,,,,,,,,,,,,,,,,,,,,,,,,,,,,,,,,,,,,,,,,,,,,,,,,,,,,,,,
POINT (-46.6043024 -23.5865131),pharmacy,,,,no,pharmacy,Drogaria São José do Ipiranga,,,,,,,,,,,,+55 11 2914-8979,,,,,,,,,,,,,,,,,,,,,,,,,,,,,,,,,,,,,,,,,,,,,,,,,,,,,,,,,,,,,,,,,,,,,,,,,,,,,,,,,,,,,,,,,
POINT (-46.6231704 -23.4863914),pharmacy,,,,,,,,São Paulo,270,02332-000,Avenida Água Fria,,,,,,,,,,,,,,,,,,,,,,,,,,,,,,,,,,,,,,,,,,,,,,,,,,,,,,,,,,,,,,,,,,,,,,,,,,,,,,,,,,,,,,,,,,,,,,,,
POINT (-46.6217248 -23.479216),pharmacy,,,,,,,,São Paulo,1056,02332-001,Avenida Água Fria,,,,,,,,,,,,,,,,,,,,,,,,,,,,,,,,,,,,,,,,,,,,,,,,,,,,,,,,,,,,,,,,,,,,,,,,,,,,,,,,,,,,,,,,,,,,,,,,
POINT (-46.618873 -23.474634),pharmacy,,,,,pharmacy,,,São Paulo,1676,02332-001,Avenida Água Fria,,,,,,,,,,,,,,,,,,,,,,,,,,,,,,,,,,,,,,,,,,,,,,,,,,,,,,,,,,,,,,,,,,,,,,,,,,,,,,,,,,,,,,,,,,,,,,,,
POINT (-46.6365096 -23.6038858),pharmacy,Droga Raia,Q10357101,,,pharmacy,Droga Raia,,São Paulo,3123,04035-001,Rua Domingos de Morais,BR,SP,,,24/7,,+55 11 5072-4115,https://www.drogaraia.com.br,pt:RaiaDrogasil,,,,,,,,,,,,,,,yes,,,,,,,,,,,,,,,,,,,,,,,,,,,,,,,,,,,,,,,,,,,,,,,,,,,,,,,,,,,,,,,,,,,,,,,,
POINT (-46.6175483 -23.4722388),pharmacy,Droga Raia,Q10357101,,,pharmacy,Droga Raia,,São Paulo,3245,,Avenida Nova Cantareira,,,,,,,,,pt:RaiaDrogasil,,,,,,,,,,,,,,,,,,,,,,,,,,,,,,,,,,,,,,,,,,,,,,,,,,,,,,,,,,,,,,,,,,,,,,,,,,,,,,,,,,,,,,,
POINT (-46.4742982 -23.5604766),pharmacy,,,,,pharmacy,,,,,,,,,,,,,,,,,,,,,,,,,,,,,,,,,,,,,,,,,,,,,,,,,,,,,,,,,,,,,,,,,,,,,,,,,,,,,,,,,,,,,,,,,,,,,,,,,,,,,,
POINT (-46.6508148 -23.5664017),pharmacy,Droga Raia,Q10357101,,,pharmacy,Droga Raia,,São Paulo,809,01311-100,Avenida Paulista,,,,,Mo-Su 07:00-23:00,2024-08-11,+55 11 3171-0248,https://www.drogaraia.com.br,pt:RaiaDrogasil,,,,,,,,,,,,,,,,,,,,,,,,,,,,,,,,,,,,,,,,,,,,,,,,,,,,,,,,,,,,,,,,,,,,,,,,,,,,,,,,,,,,,,,
POINT (-46.7907431 -23.6858966),pharmacy,,,,,,,,,,,Avenida da Moenda Velha,,,,,,,,,,,,,,,,,,,,,,,,,,,,,,,,,,,,,,,,,,,,,,,,,,,,,,,,,,,,,,,,,,,,,,,,,,,,,,,,,,,,,,,,,,,,,,,,
POINT (-46.6573078 -23.56037),pharmacy,Drogaria São Paulo,Q5308184,,,pharmacy,Drogaria São Paulo,,São Paulo,1766,01310-200,Avenida Paulista,,,,,,,,,en:Grupo DPSP,,,,,,,,,,,,,,,,,,,,,,,,,,,,,,,,,,,,,,,,,,,,,,,,,,,,,,,,,,,,,,,,,,,,,,,,,,,,,,,,,,,,,,,
POINT (-46.7070884 -23.5715436),pharmacy,,,,,pharmacy,Center Fórmula,,São Paulo,294,05503-000,Avenida Vital Brasil,BR,SP,+55 11 3814-6584;+55 11 3816-2183,,,,,,,butanta@centerformula.com.br,,Center Fórmula Farmácia de Manipulação,,,,,,,,,,,+55 11 3031-6179,,,,,,,,,,,,,,,,,,,,,,,,,,,,,,,,,,,,,,,,,,,,,,,,,,,,,,,,,,,,,,,,,,,,,,,,,
POINT (-46.5884781 -23.5627133),pharmacy,,,,,pharmacy,,,São Paulo,1062,03180-002,Rua Fernando Falcão,,,,,,,,,,,,,,,,,,,,,,,,,,,,,,,,,,,,,,,,,,,,,,,,,,,,,,,,,,,,,,,,,,,,,,,,,,,,,,,,,,,,,,,,,,,,,,,,
POINT (-46.7413166 -23.5698494),pharmacy,Drogasil,Q5308185,,no,pharmacy,Drogasil,yes,São Paulo,3067,05339-900,Avenida Corifeu de Azevedo Marqeus,BR,SP,+55 11 3735 9700;+55 11 3769 5811,http://www.drogasil.com.br/,24/7,,,,,atendimento@drogasil.com.br,,,Drogasil,,,,,,,,,,,,,,,,,,,,,,,,,,,,,,,,,,,,,,,,,,,,,,,,,,,,,,,,,,,,,,,,,,,,,,,,,,,,,,,,,,,
POINT (-46.6284369 -23.6219584),pharmacy,Drogaria São Paulo,Q5308184,,,pharmacy,Drogaria São Paulo,,,,,,,,,,24/7,,,,,,,,,,,,,,,,,,,,,,,,,,,,,,,,,,,,,,,,,,,,,,,,,,,,,,,,,,,,,,,,,,,,,,,,,,,,,,,,,,,,,,,,,,,
POINT (-46.7047693 -23.6111979),pharmacy,,,yes,,pharmacy,Pense Farma,,São Paulo,366,,Rua Americo Alves Pereira Filho,,,,,,,+55 11 3758-1828,,,,,,,,,,,,,,,,,,,,,,,,,,,,,,,,,,,,,,,,,,,,,,,,,,,,,,,,,,,,,,,,,,,,,,,,,,,,,,,,,,,,,,,,,
POINT (-46.6905504 -23.5652935),pharmacy,Droga Raia,Q10357101,,,pharmacy,Droga Raia,,São Paulo,2324,05406-150,Rua Teodoro Sampaio,BR,SP,+55 11 3813-6003,https://www.drogaraia.com.br,Mo-Su 07:00-23:00,2024-03-31,,,,,,,,,,,,,,,,,,,,,,,,,,,,,,,,,,,,,,,,,,,,,,,,,,,,,,,,,,,,,,,,,,,,,,,,,,,,,,,,,,,,,,,,,,
POINT (-46.7598517 -23.6770436),pharmacy,,,,,,Farmácia Vila Remo,,,,,,,,,,,,,,,,,,,,,,Farmácia Vila Remo,,,,,,,,,,,,,,,,,,,,,,,,,,,,,,,,,,,,,,,,,,,,,,,,,,,,,,,,,,,,,,,,,,,,,,,,,,,,,,,
POINT (-46.7059665 -23.6077647),pharmacy,,,yes,,pharmacy,Droga Express,,São Paulo,,,Avenida Barão de Campos Gerais,,,,,,,+55 11 3758-3749,,,,,,,,,,,,,,,,,,,,,,,,,,,,,,,,,,,,,,,,,,,,,,,,,,,,,,,,,,,,,,,,,,,,,,,,,,,,,,,,,,,,,,,,,
POINT (-46.4681439 -23.5652915),pharmacy,,,,,pharmacy,,,,,,,,,,,,,,,,,,,,,,,,,,,,,,,,,,,,,,,,,,,,,,,,,,,,,,,,,,,,,,,,,,,,,,,,,,,,,,,,,,,,,,,,,,,,,,,,,,,,,,
POINT (-46.4771167 -23.5693372),pharmacy,,,,,,,,,,,,,,,,,,,,,,,,,,,,,,,,,,,,,,,,,,,,,,,,,,,,,,,,,,,,,,,,,,,,,,,,,,,,,,,,,,,,,,,,,,,,,,,,,,,,,,,,,,,
POINT (-46.7005526 -23.6339367),pharmacy,Drogasil,Q5308185,yes,,,Drogasil,yes,São Paulo,920,04717-001,Rua Alexandre Dumas,BR,SP,+55 11 3360-9507,http://www.drogasil.com.br/,Mo-Su 07:00-23:00,,,,,atendimento@drogasil.com.br,,,,,,,,,,,,,,,0,,,,,,,,,,,,,,,,,,,,,,,,,,,,,,,,,,,,,,,,,,,,,,,,,,,,,,,,,,,,,,,,,,,,,,,
POINT (-46.62577 -23.5006259),pharmacy,Drogaria São Paulo,Q5308184,,,pharmacy,Drogaria São Paulo,,São Paulo,2236,02010-820,Rua Voluntários da Pátria,,,,,Mo-Sa 07:00-22:00,,+55 11 2973-7382,https://www.drogariasaopaulo.com.br/,en:Grupo DPSP,,,,,,,,,,,,,,,,,,,,,,,,,,,,,,,,,,,,,,,,,,,,,,,,,,,,,,,,,,,,,,,,,,,,,,,,,,,,,,,,,,,,,,,
POINT (-46.6330757 -23.5689154),pharmacy,,,,,pharmacy,,,,,,,,,,,,,,,,,,,,,,,,,,,,,,,,,,,,,,,,,,,,,,,,,,,,,,,,,,,,,,,,,,,,,,,,,,,,,,,,,,,,,,,,,,,,,,,,,,,,,,
POINT (-46.6279556 -23.5654343),pharmacy,,,yes,,pharmacy,,,,,,Avenida da Aclimação,,,,,,,,,,,,,,,,,,,,,,,,,,,,,,,,,,,,,,,,,,,,,,,,,,,,,,,,,,,,,,,,,,,,,,,,,,,,,,,,,,,,,,,,,,,,,,,,
POINT (-46.6327506 -23.5724359),pharmacy,Drogasil,Q5308185,yes,no,pharmacy,Drogasil,yes,São Paulo,707,01531-001,Avenida da Aclimação,,,,,"Mo-Su,PH 07:00-23:00",2025-10-03,+55 11 94351-6440,https://www.drogasil.com.br/,pt:Drogasil,,,,,,Aclimação,,,,,,,,,,,,,,,,,,,,,,,,,,,,,,,,,,,,,,,,,,,,,,,,,,,,,,,,,,,,,,,,,,,,,,,,,,,,,,,,,
POINT (-46.69177 -23.6577954),pharmacy,Drogaria São Paulo,Q5308184,yes,,pharmacy,Drogaria São Paulo,yes,São Paulo,484,04671-071,Rua Sócrates,BR,SP,+55 11 5541-0008;+55 11 5524-8007;0800 779 8767,http://www.drogariasaopaulo.com.br,24/7,,,,,,,,Drogaria São Paulo,,,,,,,,,,,,,,,,,,,,,,,,,,,,,,,,,,,,,,,,,,,,,,,,,,,,,,,,,,,,,,,,,,,,,,,,,,,,,,,,,,,
POINT (-46.789542 -23.700891),pharmacy,,,,,,Farmácia,,,,,,,,,,,,,,,,,,,,,,Farmácia,,,,,,,,,,,,,,,,,,,,,,,,,,,,,,,,,,,,,,,,,,,,,,,,,,,,,,,,,,,,,,,,,,,,,,,,,,,,,,,
POINT (-46.6414806 -23.5455019),pharmacy,Drogasil,Q5308185,,,pharmacy,Drogasil,yes,São Paulo,268,01044-000,Rua Sete de Abril,,,+55 11 3258-4605;+55 11 3257-4895,http://www.drogasil.com.br/,Mo-Fr 07:00-21:00;Sa 07:00-18:00;Su 00:00-24:00,,,,pt:Drogasil,atendimento@drogasil.com.br,,,,,,,,,,,,,,,,,,,,,,,,,,,,,,,,,,,,,,,,,,,,,,,,,,,,,,,,,,,,,,,,,,,,,,,,,,,,,,,,,,,,,,
POINT (-46.6570025 -23.6120617),pharmacy,Drogaria São Paulo,Q5308184,,,pharmacy,Drogaria São Paulo,,São Paulo,979,04074-031,Avenida Moreira Guimarães,BR,SP,+55 11 5052-4881;+55 11 5051-5222;0800 779 8767,http://www.drogariasaopaulo.com.br,24/7,2025-03-21,,,en:Grupo DPSP,,,,,,,,,,,,,,,,,,,,,,,,,,,,,,,,,,,,,,,,,,,,,,,,,,,,,,,,,,,,,,,,,,,,,,,,,,,,,,,,,,,,,,,
POINT (-46.6771017 -23.5874743),pharmacy,Drogasil,Q5308185,,,pharmacy,Drogasil,yes,,834,04535-003,Rua João Cachoeira,,,+55 11 3079-3240;+55 11 3079-3243,https://www.drogasil.com.br,24/7,,,,,atendimento@drogasil.com.br,,,Drogasil,,,,,,,,,,,,,Drogasil,,,,,,,,,,,,,,,,,,,,,,,,,,,,,,,,,,,,,,,,,,,,,,,,,,,,,,,,,,,,,,,,,,,,,,
POINT (-46.616743 -23.5384713),pharmacy,,,,,,,,São Paulo,1,03011-020,Travessa Abreú Junior,,,,,,,,,,,,,,,,,,,,,,,,,,,,,,,,,,,,,,,,,,,,,,,,,,,,,,,,,,,,,,,,,,,,,,,,,,,,,,,,,,,,,,,,,,,,,,,,
POINT (-46.6005464 -23.5977666),pharmacy,Drogaria São Paulo,Q5308184,,no,pharmacy,Drogaria São Paulo,,São Paulo,2175,04208-052,Rua Silva Bueno,,,+55 11 2273-0790;+55 11 2274-7300,http://www.drogariasaopaulo.com.br/,Mo-Su 07:00-24:00,,,,en:Grupo DPSP,,,,,,Ipiranga,,,,,,,,,,,,4.14,,,,,,,,,,,,,,,,,,,,,,,,,,,,,,,,,,,,,,,,,,,,,,,,,,,,,,,,,,,,,,,,,,,,,
POINT (-46.6380016 -23.5408198),pharmacy,,,,,pharmacy,Drogaria e Perfumaria Ophysa,,São Paulo,1130,01040-000,Avenida Ipiranga,,,,,,,,,,,,,,,,,,,,,,,,,,,,perfumery,,,,,,,,,,,,,,,,,,,,,,,,,,,,,,,,,,,,,,,,,,,,,,,,,,,,,,,,,,,,,,,,,,,,
POINT (-46.6453457 -23.5420124),pharmacy,,,,,,Farma Ponte,,São Paulo,211,01219-001,Rua do Arouche,,,+55 11 3337-4399,http://www.farmaponte.com.br,,,,,,,,,,,,,,,,,,,,,,,,,,,,,,,,,,,,,,,,,,,,,,,,,,,,,,,,,,,,,,,,,,,,,,,,,,,,,,,,,,,,,,,,,,,,
POINT (-46.6451457 -23.5421923),pharmacy,,,,,,Drogarias Ultra Popular,,São Paulo,175,01219-001,Rua do Arouche,,,,,,,,,,,,,,,,,,,,,,,,,,,,,,,,,,,,,,,,,,,,,,,,,,,,,,,,,,,,,,,,,,,,,,,,,,,,,,,,,,,,,,,,,,,,,,,,
POINT (-46.6738878 -23.5554906),pharmacy,,,,,pharmacy,Farma Ponte,,São Paulo,309,05405-000,Rua Teodoro Sampaio,BR,SP,+55 11 3060-8728,http://www.farmaponte.com.br,,,,,,,,,,,,,,,,,,,,,,,,,,,,,,,,,,,,,,,,,,,,,,,,,,,,,,,,,,,,,,,,,,,,,,,,,,,,,,,,,,,,,,,,,,,,
POINT (-46.7875246 -23.6997053),pharmacy,,,,,,,,,,,,,,,,,,,,,,,,,,,,,,,,,,,,,,,,,,,,,,,,,,,,,,,,,,,,,,,,,,,,,,,,,,,,,,,,,,,,,,,,,,,,,,,,,,,,,,,,,,,
POINT (-46.6721534 -23.5837837),pharmacy,Droga Raia,Q10357101,,,pharmacy,Droga Raia,,São Paulo,266,04534-001,Rua Joaquim Floriano,BR,SP,+55 11 3078-8592,http://www.drogaraia.com.br/,Mo-Su 07:00-23:00,,,,pt:RaiaDrogasil,,,,,,,,,,,,,,,,,,,,,,,,,,,,,,,,,,,,,,,,,,,,,,,,,,,,,,,,,,,,,,,,,,,,,,,,,,,,,,,,,,,,,,,
POINT (-46.6696855 -23.5951418),pharmacy,Droga Raia,Q10357101,,,pharmacy,Droga Raia,,São Paulo,610,04511-001,Rua Afonso Brás,BR,SP,+55 11 3842-5936,http://www.drogaraia.com.br/,24/7,,,,,,,,,,,,,,,,,,,,,,,,,,,,,,,,,,,,,,,,,,,,,,,,,,,,,,,,,,,,,,,,,,,,,,,,,,,,,,,,,,,,,,,,,,,
POINT (-46.6797039 -23.6522995),pharmacy,Drogaria São Paulo,Q5308184,,,pharmacy,Drogaria São Paulo,,São Paulo,,04662-003,Avenida Washington Luís,BR,SP,+55 11 5523-9093;+55 11 5521-0694;0800 779 8767,http://www.drogariasaopaulo.com.br,Mo-Su 07:00-23:00,,,,en:Grupo DPSP,,,,,,,,,,,,,,,,,,,,yes,,,,,,,,,,,,,,,,,,,,,,,,,,,,,,,,,,,,,,,,,,,,,,,,,,,,,,,,,,,,,,,,,,,
POINT (-46.6183993 -23.532551),pharmacy,,,,,,,,São Paulo,166,03031-050,Praça Padre Bento,,,,,,,,,,,,,,,,,,,,,,,,,,,,,,,,,,,,,,,,,,,,,,,,,,,,,,,,,,,,,,,,,,,,,,,,,,,,,,,,,,,,,,,,,,,,,,,,
POINT (-46.6159716 -23.5428112),pharmacy,Drogasil,Q5308185,yes,,pharmacy,Drogasil,yes,São Paulo,1994,03002-000,Avenida Rangel Pestana,,,,,,,,,pt:Drogasil,,,,,,Brás,,,,,,,,,,,,,,,,,,,,,,,,,,,,,,,,,,,,,,,,,,,,,,,,,,,,,,,,,,,,,,,,,,,,,,,,,,,,,,,,,
POINT (-46.6954602 -23.5676884),pharmacy,Drogasil,Q5308185,yes,,pharmacy,Drogasil,yes,São Paulo,2917,05405-250,Rua Teodoro Sampaio,,,,,,2025-11-28,,,pt:Drogasil,,,,,,,,,,,,,,,,,,,,,,,,,,,,,,,,,,,,,,,,,,,,,,,,,,,,,,,,,,,,,,,,,,,,,,,,,,,,,,,,,,,,,,,
POINT (-46.4156198 -23.6228072),pharmacy,,,,,,,,São Paulo,,,Rua do Carvalho Brasileiro,,,,,,,,,,,,,,,Iguatemi,,,,,,,,,,,,,,,,,,,,,,,,,,,,,,,,,,,,,,,,,,,,,,,,,,,,,,,,,,,,,,,,,,,,,,,,,,,,,,,,,
POINT (-46.6339881 -23.5444523),pharmacy,Drogaria São Paulo,Q5308184,yes,,pharmacy,Drogaria São Paulo,yes,São Paulo,10,01014-000,Largo São Bento,,,,,Mo-Sa 06:00-20:00; Su off,2026-02-19,,,en:Grupo DPSP,,,,,,,,,yes,yes,yes,,,,,,,,,,,,,,,,,,,,,,,,,,,,,,,,,,,,,,,,,,,,,,,,,,,,,,,,,,,,,,,,,,,,,,,,,,,,
POINT (-46.6871472 -23.5632595),pharmacy,Drogasil,Q5308185,,,pharmacy,Drogasil,yes,São Paulo,1914,05406-150,Rua Teodoro Sampaio,BR,,+55 11 3812-8912,,Mo-Su 07:00-22:00,,,,,,,,,,Pinheiros,,,,,,,,,,,,,,,,,,,,,,,,,,,,,,,,,,,,,,,,,,,,,,,,,,,,,,,,,,,,,,,,,,,,,,,,,,,,,,,,,
POINT (-46.6453263 -23.5418556),pharmacy,Drogasil,Q5308185,,,pharmacy,Drogasil,yes,São Paulo,220,01219-000,Rua do Arouche,,,,,,,,,pt:Drogasil,,,,,,,,,,,,,,,,,,,,,,,,,,,,,,,,,,,,,,,,,,,,,,,,,,,,,,,,,,,,,,,,,,,,,,,,,,,,,,,,,,,,,,,
POINT (-46.6499156 -23.5397633),pharmacy,,,,,,Drogaria Batisnogue,,São Paulo,93,01225-010,Largo Santa Cecília,,,,,,,,,,,,,,,,,,,,,,,,,,,,,,,,,,,,,,,,,,,,,,,,,,,,,,,,,,,,,,,,,,,,,,,,,,,,,,,,,,,,,,,,,,,,,,,,
POINT (-46.6880242 -23.5637778),pharmacy,Drogaria São Paulo,Q5308184,,,pharmacy,Drogaria São Paulo,,São Paulo,2014,05406-150,Rua Teodoro Sampaio,,,,,,2024-03-31,,,,,,,,,,,,,,,,,,,,,,,,,,,,,,,,,,,,,,,,,,,,,,,,,,,,,,,,,,,,,,,,,,,,,,,,,,,,,,,,,,,,,,,,,,
POINT (-46.6771908 -23.593922),pharmacy,Pague Menos,Q7124466,,,pharmacy,Pague Menos,,São Paulo,,04537-002,Rua Clodomiro Amazonas,,,,,,,,,,,,,,,,,,,,,,,,,,,,,,,,,,,,,,,,,,,,,,,,,,,,,,,,,,,,,,,,,,,,,,,,,,,,,,,,,,,,,,,,,,,,,,,,
POINT (-46.6344178 -23.5547665),pharmacy,,,,,,Ultrafarma Popular,,São Paulo,174,01510-000,Rua da Glória,,,,,,,,,,,,,,,Liberdade,,,,,,,,,,,,,,,,,,,,,,,,,,,,,,,,,,,,,,,,,,,,,,,,,,,,,,,,,,,,,,,,,,,,,,,,,,,,,,,,,
POINT (-46.685577 -23.5789173),pharmacy,Pague Menos,Q7124466,,,pharmacy,Pague Menos,,,,,,,,,,,,,,,,,,,,,,,,,,,,,,,,,,,,,,,,,,,,,,,,,,,,,,,,,,,,,,,,,,,,,,,,,,,,,,,,,,,,,,,,,,,,,,,,,,,,,
POINT (-46.6598319 -23.5563638),pharmacy,,,,,pharmacy,Drug And Drug,,São Paulo,333,01414-001,Rua Haddock Lobo,,,,,,,,,,,,,,,,,,,,,,,,,,,,,,Farmacia de manipulação,,,,,,,,,,,,,,,,,,,,,,,,,,,,,,,,,,,,,,,,,,,,,,,,,,,,,,,,,,,,,,,,,,
POINT (-46.6520021 -23.5667767),pharmacy,,,,,pharmacy,Pronto Formula Manipulação,,São Paulo,880 L2,01418-100,Alameda Santos,,,,,Mo-Fr 08:00-19:00,,+55 11 3146-8800,http://prontoformula.com.br/,,,,,,,,,,,,,,,,,,,,,,,prontoformula@prontoformula.com.br,,,,,,,,,,,,,,,,,,,,,,,,,,,,,,,,,,,,,,,,,,,,,,,,,,,,,,,,,,,,,,,,,
POINT (-46.707642 -23.6542277),pharmacy,,,,no,pharmacy,Drogaria Campeã,,São Paulo,39,,Avenida Padre José Maria,,,,,,,+55 11 5521 2908,http://www.drogariascampea.com.br/nossas-lojas#sao-paulo,,,,,,,Santo Amaro,,,,,,,,,,,,,,,,,,,,,,,,,,,,,,,,,,,,,,,,,,,,,,,,,,,,,,,,,,,,,,,,,,,,,,,,,,,,,,,,,
POINT (-46.6439957 -23.5705593),pharmacy,Drogasil,Q5308185,,,pharmacy,Drogasil,yes,São Paulo,1974,01327-002,Rua Treze de Maio,,,,,,,,,pt:Drogasil,,,,,,,,,,,,,,,,,,,,,,,,,,,,,,,,,,,,,,,,,,,,,,,,,,,,,,,,,,,,,,,,,,,,,,,,,,,,,,,,,,,,,,,
POINT (-46.6350597 -23.568156),pharmacy,Drogasil,Q5308185,,,pharmacy,Drogasil,yes,,,,,,,,,,,,,pt:Drogasil,,,,,,,,,,,,,,,,,,,,,,,,,,,,,,,,,,,,,,,,,,,,,,,,,,,,,,,,,,,,,,,,,,,,,,,,,,,,,,,,,,,,,,,
POINT (-46.6952871 -23.586245),pharmacy,Drogasil,Q5308185,,,pharmacy,Drogasil,yes,,245,,,,,,,24/7,,,,,,,,,,,,Drogasil 24 Hs,,,,,,,,,,,,,,,,,,,,,,,,,,,,,,,,,,,,,,,,,,,,,,,,,,,,,,,,,,,,,,,,,,,,,,,,,,,,,,,
POINT (-46.6681388 -23.5658084),pharmacy,Drogasil,Q5308185,,,pharmacy,Drogasil,yes,São Paulo,2899,01413-100,Rua Augusta,,,,,,,,,pt:Drogasil,,,,,,,,Drogasil,,,,,,,,,,,,,,,,,,,,,,,,,,,,,,,,,,,,,,,,,,,,,,,,,,,,,,,,,,,,,,,,,,,,,,,,,,,,,,,
POINT (-46.6350995 -23.5588793),pharmacy,,,,,pharmacy,,,,,,,,,,,,,,,,,,,,,,,,,,,,,,,,,,,,,,,,,,,,,,,,,,,,,,,,,,,,,,,,,,,,,,,,,,,,,,,,,,,,,,,,,,,,,,,,,,,,,,
POINT (-46.6349685 -23.5584322),pharmacy,,,,,pharmacy,,,,,,,,,,,,,,,,,,,,,,,,,,,,,,,,,,,,,,,,,,,,,,,,,,,,,,,,,,,,,,,,,,,,,,,,,,,,,,,,,,,,,,,,,,,,,,,,,,,,,,
POINT (-46.6366948 -23.5690982),pharmacy,,,,,pharmacy,Drogasian,,,,,,,,,,,,,,,,,,,,,,,,,,,,,,,,,,,,,,,,,,,,,,,,,,,,,,,,,,,,,,,,,,,,,,,,,,,,,,,,,,,,,,,,,,,,,,,,,,,,,
POINT (-46.6447633 -23.5739077),pharmacy,Droga Raia,Q10357101,,,pharmacy,Droga Raia,yes,,,,,,,,,,2026-01-17,,,,,,,,,,,,,,,,,,,,,,,,,,,,,,,,,,,,,,,,,,,,,,,,,,,,,,,,,,,,,,,,,,,,,,,,,,,,,,,,,,,,,,,,,,
POINT (-46.6455168 -23.576925),pharmacy,Drogasil,Q5308185,,,pharmacy,Drogasil,yes,,,,,,,,,24/7,,,,pt:Drogasil,,,,,,,,,,,,,,,,,,,,,,,,,,,,,,,,,,,,,,,,,,,,,,,,,,,,,,,,,,,,,,,,,,,,,,,,,,,,,,,,,,,,,,,
POINT (-46.6338112 -23.5692785),pharmacy,,,,,pharmacy,,,,,,,,,,,,,,,,,,,,,,,,,,,,,,,,,,,,,,,,,,,,,,,,,,,,,,,,,,,,,,,,,,,,,,,,,,,,,,,,,,,,,,,,,,,,,,,,,,,,,,
POINT (-46.6680121 -23.5641142),pharmacy,Droga Raia,Q10357101,,,pharmacy,Droga Raia,,São Paulo,733,01426-003,Rua Oscar Freire,,,,,,,,,pt:RaiaDrogasil,,,,,,,,,,,,,,,,,,,,,,,,,,,,,,,,,,,,,,,,,,,,,,,,,,,,,,,,,,,,,,,,,,,,,,,,,,,,,,,,,,,,,,,
POINT (-46.6352384 -23.5464773),pharmacy,Pague Menos,Q7124466,,,pharmacy,Pague Menos,,São Paulo,308,01010-000,Rua São Bento,,,,,,,,,,,,,,,,,,,,,,,,,,,,,,,,,,,,,,,,,,,,,,,,,,,,,,,,,,,,,,,,,,,,,,,,,,,,,,,,,,,,,,,,,,,,,,,,
POINT (-46.6354431 -23.5467283),pharmacy,Farma Conde,Q100492677,,,pharmacy,Farma Conde,,São Paulo,284,01010-000,Rua São Bento,,,,,,,,,,,,,,,,,,,,,,,,,,,,,,,,,,,,,,,,,,,,,,,,,,,,,,,,,,,,,,,,,,,,,,,,,,,,,,,,,,,,,,,,,,,,,,,,
POINT (-46.6355786 -23.5469679),pharmacy,,,,,,Farmácia Super Popular,,São Paulo,250,01010-000,Rua São Bento,,,,,,,,,,,,,,,,,,,,,,,,,,,,,,,,,,,,,,,,,,,,,,,,,,,,,,,,,,,,,,,,,,,,,,,,,,,,,,,,,,,,,,,,,,,,,,,,
POINT (-46.6351666 -23.551457),pharmacy,Farma Conde,Q100492677,,,pharmacy,Farma Conde,,São Paulo,19,01501-001,Praça Doutor João Mendes,,,,,,,,,,,,,,,,,,,,,,,,,,,,,,,,,,,,,,,,,,,,,,,,,,,,,,,,,,,,,,,,,,,,,,,,,,,,,,,,,,,,,,,,,,,,,,,,
POINT (-46.6344149 -23.5487595),pharmacy,Drogaria São Paulo,Q5308184,,,pharmacy,Drogaria São Paulo,,São Paulo,78,01002-000,Rua Direita,,,,,,,,,en:Grupo DPSP,,,,,,,,,,,,,,,,,,,,,,,,,,,,,,,,,,,,,,,,,,,,,,,,,,,,,,,,,,,,,,,,,,,,,,,,,,,,,,,,,,,,,,,
POINT (-46.7091125 -23.5548685),pharmacy,Droga Raia,Q10357101,,,pharmacy,Droga Raia,yes,São Paulo,57,05461-000,Praça Panamericana,,,,,24/7,2025-03-01,+55 11 3034-2084,https://www.drogaraia.com.br,,,,,,,,,,,,,,,,,,,,,,,,,,,,,,,,,,,,,,,,,,,,,,,,,,,,,,,,,,,,,,,,,,,,,,,,,,,,,,,,,,,,,,,,
POINT (-46.6351598 -23.5489575),pharmacy,,,,,,Mantelli Farma,,São Paulo,74,01003-000,Rua José Bonifácio,,,,,,,,,,,,,,,,,,,,,,,,,,,,,,,,,,,,,,,,,,,,,,,,,,,,,,,,,,,,,,,,,,,,,,,,,,,,,,,,,,,,,,,,,,,,,,,,
POINT (-46.628231 -23.6244842),pharmacy,Drogaria São Paulo,Q5308184,,,pharmacy,Drogaria São Paulo,,,,,,,,,,,,,,en:Grupo DPSP,,,,,,,,,,,,,,,,,,,,,,,,,,,,,,,,,,,,,,,,,,,,,,,,,,,,,,,,,,,,,,,,,,,,,,,,,,,,,,,,,,,,,,,
POINT (-46.7044619 -23.5234627),pharmacy,,,,,pharmacy,Farmacia Carrefour,,São Paulo,457,05072-000,Rua Nossa Senhora da Lapa,,,,,,,,,,,,,,,,,,,,,,,,,,,,,,,,,,,,,,,,,,,,,,,,,,,,,,,,,,,,,,,,,,,,,,,,,,,,,,,,,,,,,,,,,,,,,,,,
POINT (-46.6388128 -23.6811159),pharmacy,Drogaria São Paulo,Q5308184,,no,pharmacy,Drogaria São Paulo,,São Paulo,,,Avenida Cupecê,,,,,,,,,en:Grupo DPSP,,,,,,Jardim Miriam,,,,,,,,,,,,,,,,,,,,,,,,,,,,,,,,,,,,,,,,,,,,,,,,,,,,,,,,,,,,,,,,,,,,,,,,,,,,,,,,,
POINT (-46.6575561 -23.6657984),pharmacy,Drogaria São Paulo,Q5308184,yes,no,pharmacy,Drogaria São Paulo,,,,,Avenida Cupecê,,,,,24/7,,,,en:Grupo DPSP,,,,,,,,,,,,,,,,,,,,,,,,,,,,,,,,,,,,,,,,,,,,,,,,,,,,,,,,,,,,,,,,,,,,,,,,,,,,,,,,,,,,,,,
POINT (-46.6728957 -23.6457298),pharmacy,Droga Raia,Q10357101,,,pharmacy,Droga Raia,,,,,,,,,,,,,,pt:RaiaDrogasil,,,,,,,,,,,,,,,,,,,,,,,,,,,,,,,,,,,,,,,,,,,,,,,,,,,,,,,,,,,,,,,,,,,,,,,,,,,,,,,,,,,,,,,
POINT (-46.6731612 -23.6442298),pharmacy,Drogaria São Paulo,Q5308184,,,pharmacy,Drogaria São Paulo,,,,,,,,,,,,,,en:Grupo DPSP,,,,,,,,,,,,,,,,,,,,,,,,,,,,,,,,,,,,,,,,,,,,,,,,,,,,,,,,,,,,,,,,,,,,,,,,,,,,,,,,,,,,,,,
POINT (-46.6904662 -23.5400794),pharmacy,,,,,,Weleda Farmácia,,,1919,,Avenida Pompeia,,,,,,,,,,,,,,,,,,,,,,,,,,,,,,,,,,,,,,,,,,,,,,,,,,,,,,,,,,,,,,,,,,,,,,,,,,,,,,,,,,,,,,,,,,,,,,,,
POINT (-46.6636722 -23.6461745),pharmacy,Drogasil,Q5308185,,,pharmacy,Drogasil,yes,,,,,,,,,,,,,pt:Drogasil,,,,,,,,,,,,,,,,,,,,,,,,,,,,,,,,,,,,,,,,,,,,,,,,,,,,,,,,,,,,,,,,,,,,,,,,,,,,,,,,,,,,,,,
POINT (-46.741219 -23.6136009),pharmacy,Drogasil,Q5308185,,,pharmacy,Drogasil,yes,,,,Avenida Doutor Guilherme Dumont Vilares,,,,,,,,,pt:Drogasil,,,,,,,,,,,,,,,,,,,,,,,,,,,,,,,,,,,,,,,,,,,,,,,,,,,,,,,,,,,,,,,,,,,,,,,,,,,,,,,,,,,,,,,
POINT (-46.7415861 -23.6114447),pharmacy,Drogaria São Paulo,Q5308184,yes,,pharmacy,Drogaria São Paulo,,,,,Avenida Doutor Guilherme Dumont Vilares,,,,,,,,,en:Grupo DPSP,,,,,,,,,,,,,,,,,,,,,,,,,,,,,,,,,,,,,,,,,,,,,,,,,,,,,,,,,,,,,,,,,,,,,,,,,,,,,,,,,,,,,,,
POINT (-46.6421022 -23.6465592),pharmacy,Drogaria São Paulo,Q5308184,,,pharmacy,Drogaria São Paulo,,,,,,,,,,,,,,en:Grupo DPSP,,,,,,,,,,,,,,,,,,,,,,,,,,,,,,,,,,,,,,,,,,,,,,,,,,,,,,,,,,,,,,,,,,,,,,,,,,,,,,,,,,,,,,,
POINT (-46.6415671 -23.6431845),pharmacy,Drogasil,Q5308185,,,pharmacy,Drogasil,yes,,,,,,,,,24/7,,,,pt:Drogasil,,,,,,,,,,,,,,,,,,,,,,,,,,,,,,,,,,,,,,,,,,,,,,,,,,,,,,,,,,,,,,,,,,,,,,,,,,,,,,,,,,,,,,,
POINT (-46.6410682 -23.6363217),pharmacy,Drogaria São Paulo,Q5308184,yes,,pharmacy,Drogaria São Paulo,,,,,,,,,,24/7,,,,en:Grupo DPSP,,,,,,,,,,,,,,,,,,,,,,,,,,,,,,,,,,,,,,,,,,,,,,,,,,,,,,,,,,,,,,,,,,,,,,,,,,,,,,,,,,,,,,,
POINT (-46.6620578 -23.648515),pharmacy,Drogaria São Paulo,Q5308184,,,pharmacy,Drogaria São Paulo,yes,,,,,,,,,,,,,en:Grupo DPSP,,,,,,,,,,,,,,,,,,,,,,,,,,,,,,,,,,,,,,,,,,,,,,,,,,,,,,,,,,,,,,,,,,,,,,,,,,,,,,,,,,,,,,,
POINT (-46.7181073 -23.5401411),pharmacy,Drogaria São Paulo,Q5308184,,,pharmacy,Drogaria São Paulo,,,,,,,,,,,,,,en:Grupo DPSP,,,,,,,,,,,,,,,,,,,,,,,,,,,,,,,,,,,,,,,,,,,,,,,,,,,,,,,,,,,,,,,,,,,,,,,,,,,,,,,,,,,,,,,
POINT (-46.5132576 -23.523086),pharmacy,Drogasil,Q5308185,,,pharmacy,Drogasil,,,,,,,,,,,,,,,,,,,,,,,,,,,,,,,,,,,,,,,,,,,,,,,,,,,,,,,,,,,,,,,,,,,,,,,,,,,,,,,,,,,,,,,,,,,,,,,,,,,,,
POINT (-46.5071636 -23.5245482),pharmacy,Drogaria São Paulo,Q5308184,,,pharmacy,Drogaria São Paulo,,,,,,,,,,,,,,,,,,,,,,,,,,,,,,,,,,,,,,,,,,,,,,,,,,,,,,,,,,,,,,,,,,,,,,,,,,,,,,,,,,,,,,,,,,,,,,,,,,,,,
POINT (-46.5364111 -23.5151475),pharmacy,,,,yes,pharmacy,Bifarma,,São Paulo,56,,Rua Siuci,,,,,Mo-Su 09:00-22:00,,,,,,,,,,,,,,,,,,,,,,,,,,,,,,,,,,,,,,,,,,,,,,,,,,,,,,,,,,,,,,,,,,,,,,,,,,,,,,,,,,,,,,,,,,,
POINT (-46.6241587 -23.5784848),pharmacy,Drogaria São Paulo,Q5308184,,,pharmacy,Drogaria São Paulo,,,,,,,,,,,,,,en:Grupo DPSP,,,,,,,,,,,,,,,,,,,,,,,,,,,,,,,,,,,,,,,,,,,,,,,,,,,,,,,,,,,,,,,,,,,,,,,,,,,,,,,,,,,,,,,
POINT (-46.6239883 -23.5795409),pharmacy,Drogasil,Q5308185,,,pharmacy,Drogasil,yes,São Paulo,1837,,Avenida Lins de Vasconcelos,,,,,,,,,pt:Drogasil,,,,,,,,,,,,,,,,,,,,,,,,,,,,,,,,,,,,,,,,,,,,,,,,,,,,,,,,,,,,,,,,,,,,,,,,,,,,,,,,,,,,,,,
POINT (-46.6295598 -23.5892385),pharmacy,Drogaria São Paulo,Q5308184,,,pharmacy,Drogaria São Paulo,,,,,,,,,,24/7,,,,en:Grupo DPSP,,,,,,,,,,,,,,,,,,,,,,,,,,,,,,,,,,,,,,,,,,,,,,,,,,,,,,,,,,,,,,,,,,,,,,,,,,,,,,,,,,,,,,,
POINT (-46.62126 -23.5926064),pharmacy,Droga Raia,Q10357101,yes,,pharmacy,Droga Raia,,,,,,,,,,,,,,pt:RaiaDrogasil,,,,,,,,,,,,,,,,,,,,,,,,,,,,,,,,,,,,,,,,,,,,,,,,,,,,,,,,,,,,,,,,,,,,,,,,,,,,,,,,,,,,,,,
POINT (-46.6508653 -23.5742044),pharmacy,Drogasil,Q5308185,yes,,pharmacy,Drogasil,yes,,,,Rua Tutóia,,,,,24/7,2023-07-08,,,pt:Drogasil,,,,,,,,,,,,,,,,,,,,,,,,,,,,,,,,,,,,,,,,,,,,,,,,,,,,,,,,,,,,,,,,,,,,,,,,,,,,,,,,,,,,,,,
POINT (-46.5546806 -23.5500563),pharmacy,,,,,pharmacy,Farmatrix,,,,,,,,,,,,,,,,,,,,,,,,,,,,,,,,,,,,,,,,,,,,,,,,,,,,,,,,,,,,,,,,,,,,,,,,,,,,,,,,,,,,,,,,,,,,,,,,,,,,,
POINT (-46.6192799 -23.6265692),pharmacy,,,,no,pharmacy,Styllus Farma,,São Paulo,2846,04133-300,Avenida do Cursino,,,,,,,+55 11 5073-3609,,,,,,,,Vila Santo Estefano,,,,,,,,,,,,,,,,,,,,,,,,,,,,,,,,,,,,,,,,,,,,,,,,,,,,,,,,,,,,,,,,,,,,,,,,,,,,,,,,,
POINT (-46.6401881 -23.6221107),pharmacy,Farma Conde,Q100492677,,,pharmacy,Farma Conde,,São Paulo,2004,04640-400,Avenida Jabaquara,,,,,,,,,,,,,,,Mirandópolis,,,,,,,,,,,,,,,,,,,,,,,,,,,,,,,,,,,,,,,,,,,,,,,,,,,,,,,,,,,,,,,,,,,,,,,,,,,,,,,,,
POINT (-46.6210593 -23.562517),pharmacy,,,,,pharmacy,Drogaria Xavier Molina,,São Paulo,63,01523-010,Largo do Cambuci,,,,,,,,,,,,,,,,,,,,,,,,,,,,,,,,,,,,,,,,,,,,,,,,,,,,,,,,,,,,,,,,,,,,,,,,,,,,,,,,,,,,,,,,,,,,,,,,
POINT (-46.6520147 -23.5529559),pharmacy,Droga Raia,Q10357101,yes,no,pharmacy,Droga Raia,yes,São Paulo,466,01307-000,Rua Frei Caneca,,,,,24/7,2025-01-25,+55 11 3562-0095,https://www.drogaraia.com.br/,pt:RaiaDrogasil,,,,,,,,,yes,,,,,,,,,,,,,,2025-01-25,no,yes,yes,,,,,,,,,,,,,,,,,,,,,,,,,,,,,,,,,,,,,,,,,,,,,,,,,,,,,,,,,,,,,
POINT (-46.6420815 -23.5797009),pharmacy,Extrafarma,Q20055480,,,pharmacy,Extrafarma,yes,,,,,,,,,,,,,pt:Extrafarma,,,,,,,,,,,,,,,,,,,,,,,,,,,no,,,,,,,,,,,,,,,,,,,,,,,,,,,,,,,,,,,,,,,,,,,,,,,,,,,,,,,,,,,,
POINT (-46.6831276 -23.6243491),pharmacy,Drogasil,Q5308185,,,pharmacy,Drogasil,yes,,,,,,,,,,,,,pt:Drogasil,,,,,,,,,,,,,,,,,,,,,,,,,,,,,,,,,,,,,,,,,,,,,,,,,,,,,,,,,,,,,,,,,,,,,,,,,,,,,,,,,,,,,,,
POINT (-46.6843882 -23.623656),pharmacy,Droga Raia,Q10357101,,,pharmacy,Droga Raia,,,,,,,,,,24/7,,,,pt:RaiaDrogasil,,,,,,,,,,,,,,,,,,,,,,,,,,,,,,,,,,,,,,,,,,,,,,,,,,,,,,,,,,,,,,,,,,,,,,,,,,,,,,,,,,,,,,,
POINT (-46.7420474 -23.6717783),pharmacy,,,yes,,pharmacy,Pense Farma,,,,,,,,,,,,,,,,,,,,,,,,,,,,,,,,,,,,,,,,,,,,,,,,,,,,,,,,,,,,,,,,,,,,,,,,,,,,,,,,,,,,,,,,,,,,,,,,,,,,,
POINT (-46.6541291 -23.6568896),pharmacy,Drogaria São Paulo,Q5308184,,,pharmacy,Drogaria São Paulo,,,,,,,,,,,,,,en:Grupo DPSP,,,,,,,,,,,,,,,,,,,,,,,,,,,,,,,,,,,,,,,,,,,,,,,,,,,,,,,,,,,,,,,,,,,,,,,,,,,,,,,,,,,,,,,
POINT (-46.6527301 -23.5520275),pharmacy,,,yes,,pharmacy,Drogaria estrela popular,,São Paulo,704,01304-001,Rua Augusta,,,,,,,,,,,,,,,,,,,,,,,,,,,,,,,,,,,,,,,,,,,,,,,,,,,,,,,,,,,,,,,,,,,,,,,,,,,,,,,,,,,,,,,,,,,,,,,,
POINT (-46.6810369 -23.5582938),pharmacy,,,yes,,pharmacy,Almeida Prado Farmacia e laboratorio,,São Paulo,129,05406-040,Praça Benedito Calixto,,,,,,,,,,,,,,,,,,,,,,,,,,,,,,,,,,,,,,,,,,,,,,,,,,,,,,,,,,,,,,,,,,,,,,,,,,,,,,,,,,,,,,,,,,,,,,,,
POINT (-46.680885 -23.5595032),pharmacy,Drogasil,Q5308185,yes,,pharmacy,Drogasil,yes,São Paulo,1150,05406-050,Rua Teodoro Sampaio,,,,,24/7,2025-06-02,,,,,,,,,,,,,,,,,,,,,,,,,,,,,,,,,,,,,,,,,,,,,,,,,,,,,,,,,,,,,,,,,,,,,,,,,,,,,,,,,,,,,,,,,,
POINT (-46.6759567 -23.5565513),pharmacy,Droga Raia,Q10357101,yes,,pharmacy,Droga Raia,,São Paulo,550,05406-000,Rua Teodoro Sampaio,,,,,24/7,,,,,,,,,,,,,,,,,,,,,,,,,,,,,,,,,,,,,,,,,,,,,,,,,,,,,,,,,,,,,,,,,,,,,,,,,,,,,,,,,,,,,,,,,,,
POINT (-46.7370409 -23.5873397),pharmacy,Droga Raia,Q10357101,,,pharmacy,Droga Raia,yes,,,,,,,,,,,,,pt:RaiaDrogasil,,,,,,,,,,,,,,,,,,,,,,,,,,,,,,,,,,,,,,,,,,,,,,,,,,,,,,,,,,,,,,,,,,,,,,,,,,,,,,,,,,,,,,,
POINT (-46.6764989 -23.5568752),pharmacy,Drogasil,Q5308185,yes,,pharmacy,Drogasil,yes,São Paulo,620,05406-000,Rua Teodoro Sampaio,,,,,,,,,,,,,,,,,,,,,,,,,,,,,,,,,,,,,,,,,,,,,,,,,,,,,,,,,,,,,,,,,,,,,,,,,,,,,,,,,,,,,,,,,,,,,,,,
POINT (-46.7099349 -23.5706191),pharmacy,Pague Menos,Q7124466,,,pharmacy,Pague Menos,,São Paulo,602,05503-000,Avenida Vital Brasil,,,,,24/7,2024-03-01,,https://www.paguemenos.com.br,pt:Pague Menos,,,,,,,,,,,,,,,,,,,,,,,,,,,,,,,,,,,,,,,,,,,,,,,,,,,,,,,,,,,,,,,,,,,,,,,,,,,,,,,,,,,,,,,
POINT (-46.6370501 -23.6110513),pharmacy,,,,,pharmacy,Farma Lima,,,,,,,,,,,,,,,,,,,,,,,,,,,,,,,,,,,,,,,,,,,,,,,,,,,,,,,,,,,,,,,,,,,,,,,,,,,,,,,,,,,,,,,,,,,,,,,,,,,,,
POINT (-46.7433307 -23.6727785),pharmacy,,,yes,,pharmacy,Drogarias Nissei,,,,,,,,,,,,,,,,,,,,,,,,,,,,,,,,,,,,,,,,,,,,,,,,,,,,,,,,,,,,,,,,,,,,,,,,,,,,,,,,,,,,,,,,,,,,,,,,,,,,,
POINT (-46.5187553 -23.5985455),pharmacy,Drogaria São Paulo,Q5308184,yes,,pharmacy,Drogaria São Paulo,,São Paulo,8491,03271-010,Avenida Sapopemba,,,,,,,,,,,,,,,Jardim Grimaldi,,,,,,,,,,,,,,,,,,,,,,,,,,,,,,,,,,,,,,,,,,,,,,,,,,,,,,,,,,,,,,,,,,,,,,,,,,,,,,,,,
POINT (-46.6876382 -23.563291),pharmacy,Drogaria São Paulo,Q5308184,yes,,pharmacy,Drogaria São Paulo,,São Paulo,448,05417-001,Rua Mourato Coelho,,,,,,2025-07-27,,,,,,,,,,,,,,,,,,,,,,,,,,,,,,,,,,,,,,,,,,,,,,,,,,,,,,,,,,,,,,,,,,,,,,,,,,,,,,,,,,,,,,,,,,
POINT (-46.5099151 -23.589295),pharmacy,,,yes,,pharmacy,Droga Leste,,,,,,,,,,,,,,,,,,,,,,,,,,,,,,,,,,,,,,,,,,,,,,,,,,,,,,,,,,,,,,,,,,,,,,,,,,,,,,,,,,,,,,,,,,,,,,,,,,,,,
POINT (-46.6344267 -23.5863346),pharmacy,Drogasil,Q5308185,yes,,pharmacy,Drogasil,yes,,,,,,,,,,,,,pt:Drogasil,,,,,,,,,,,,,,,,,,,,,,,,,,,,,,,,,,,,,,,,,,,,,,,,,,,,,,,,,,,,,,,,,,,,,,,,,,,,,,,,,,,,,,,
POINT (-46.6076528 -23.5392513),pharmacy,,,yes,,pharmacy,,,São Paulo,488,03014-000,Avenida Celso Garcia,,,,,,,,,,,,,,,,,,,,,,,,,,,,,,,,,,,,,,,,,,,,,,,,,,,,,,,,,,,,,,,,,,,,,,,,,,,,,,,,,,,,,,,,,,,,,,,,
POINT (-46.6915933 -23.5659217),pharmacy,,,yes,,pharmacy,Farmais,,São Paulo,2452,05406-200,Rua Teodoro Sampaio,,,,,,,,,,,,,,,,,,,,,,,,,,,,,,,,,,,,,,,,,,,,,,,,,,,,,,,,,,,,,,,,,,,,,,,,,,,,,,,,,,,,,,,,,,,,,,,,
POINT (-46.6086705 -23.4919002),pharmacy,,,yes,,pharmacy,Drogaria São Paulo,,,,,,,,,,,,,,,,,,,,,,,,,,,,,,,,,,,,,,,,,,,,,,,,,,,,,,,,,,,,,,,,,,,,,,,,,,,,,,,,,,,,,,,,,,,,,,,,,,,,,
POINT (-46.7403391 -23.6294491),pharmacy,Drogaria São Paulo,Q5308184,yes,no,pharmacy,Drogaria São Paulo,,,,,Rua Nélson Gama de Oliveira,,,,,,,,,,,,,,,,,,,,,,,,,,,,,,,,,,,,,,,,,,,,,,,,,,,,,,,,,,,,,,,,,,,,,,,,,,,,,,,,,,,,,,,,,,,,,,,,
POINT (-46.7001121 -23.6952129),pharmacy,Drogaria São Paulo,Q5308184,,,pharmacy,Drogaria São Paulo,,,,,Avenida Interlagos,,,,,,,,,en:Grupo DPSP,,,,,,,,,,,,,,,,,,,,,,,,,,,,,,,,,,,,,,,,,,,,,,,,,,,,,,,,,,,,,,,,,,,,,,,,,,,,,,,,,,,,,,,
POINT (-46.6776751 -23.5603059),pharmacy,,,,,pharmacy,Droga João Moura,,,,,,,,,,,,,,,,,,,,,,,,,,,,,,,,,,,,,,,,,,,,,,,,,,,,,,,,,,,,,,,,,,,,,,,,,,,,,,,,,,,,,,,,,,,,,,,,,,,,,
POINT (-46.6786628 -23.567754),pharmacy,Drogasil,Q5308185,yes,,pharmacy,Drogasil,yes,São Paulo,21,05415-010,Rua Joaquim Antunes,,,,,,,,,,,,,,,,,,,,,,,,,,,,,,,,,,,,,,,,,,,,,,,,,,,,,,,,,,,,,,,,,,,,,,,,,,,,,,,,,,,,,,,,,,,,,,,,
POINT (-46.6659502 -23.502335),pharmacy,,,yes,,pharmacy,Bifarma,,,,,,,,,,,,,,,,,,,,,,,,,,,,,,,,,,,,,,,,,,,,,,,,,,,,,,,,,,,,,,,,,,,,,,,,,,,,,,,,,,,,,,,,,,,,,,,,,,,,,
POINT (-46.5777408 -23.4789586),pharmacy,,,yes,,pharmacy,Farmais,,São Paulo,1062,02235-000,Avenida Roland Garros,,,,,,,,,,,,,,,,,,,,,,,,,,,,,,,,,,,,,,,,,,,,,,,,,,,,,,,,,,,,,,,,,,,,,,,,,,,,,,,,,,,,,,,,,,,,,,,,
POINT (-46.7040621 -23.4771302),pharmacy,,,,,pharmacy,FarmaClick,,São Paulo,2037,02801-000,Avenida Elísio Teixeira Leite,,,,,"Mo-Sa 08:00-22:00, Su 08:00-14:00",,+551126094077,https://www.farmaclick.com.br,,,,,FarmaClick,,,,,yes,yes,yes,,,,,,,,,,FARMÁCIA ONLINE é na FarmaClick. Os melhores medicamentos e a mais completa linha de pefumaria da internet. Descontos de até 97%! Consulte nossos fretes grátis para SP Capital. Você sempre no nosso foco.,contato@farmaclick.com.br,,,yes,yes,,+551126095077,pharmacy,yes,yes,yes,yes,yes,,,,,,,,,,,,,,,,,,,,,,,,,,,,,,,,,,,,,,,,,,,,,,,,,,,,,
POINT (-46.6783708 -23.6172654),pharmacy,Drogasil,Q5308185,yes,,pharmacy,Drogasil,yes,,,,,,,,,,,,,pt:Drogasil,,,,,,,,,,,,,,,,,,,,,,,,,,,,,,,,,,,,,,,,,,,,,,,,,,,,,,,,,,,,,,,,,,,,,,,,,,,,,,,,,,,,,,,
POINT (-46.6793176 -23.465056),pharmacy,,,yes,,pharmacy,,,,,,,,,,,,,,,,,,,,,,,,,,,,,,,,,,,,,,,,,,,,,,,,,,,,,,,,,,,,,,,,,,,,,,,,,,,,,,,,,,,,,,,,,,,,,,,,,,,,,,
POINT (-46.6676123 -23.5622695),pharmacy,,,yes,,pharmacy,Drogaria Lorena,,São Paulo,1772,01424-006,Alameda Lorena,,,,,,,,,,,,,,,,,,,,,,,,,,,,,,,,,,,,,,,,,,,,,,,,,,,,,,,,,,,,,,,,,,,,,,,,,,,,,,,,,,,,,,,,,,,,,,,,
POINT (-46.6659463 -23.4713124),pharmacy,Drogasil,Q5308185,yes,,pharmacy,Drogasil,,São Paulo,300,02611-002,Avenida Parada Pinto,,,,,,,,,pt:Drogasil,,,,,,,,,,,,,,,,,,,,,,,,,,,,,,,,,,,,,,,,,,,,,,,,,,,,,,,,,,,,,,,,,,,,,,,,,,,,,,,,,,,,,,,
POINT (-46.7032005 -23.6305965),pharmacy,Drogaria São Paulo,Q5308184,yes,no,pharmacy,Drogaria São Paulo,,,1842,,Rua Américo Brasiliense,,,,,,,,,en:Grupo DPSP,,,,,,,,,,,,,,,,,,,,,,,,,,,,,,,,,,,,,,,,,,,,,,,,,,,,,,,,,,,,,,,,,,,,,,,,,,,,,,,,,,,,,,,
POINT (-46.4127213 -23.5210872),pharmacy,,,,,pharmacy,Drogaria Robru,,,,,,,,,,,,,,,,,,,,,,,,,,,,,,,,,chemist,,,,,,,,,,,,,,,,,,,,,,,,,,,,,,,,,,,,,,,,,,,,,,,,,,,,,,,,,,,,,,,,,,,,
POINT (-46.6384149 -23.6818007),pharmacy,,,,,pharmacy,Farmais,,São Paulo,66,,Avenida Ângelo Cristianini,,,,,Mo-Su 08:00-21:00,,,,,,,,,,Jardim Miriam,,,,,,,,,,,,,,,,,,,,,,,,,,,,,,,,,,,,,,,,,,,,,,,,,,,,,,,,,,,,,,,,,,,,,,,,,,,,,,,,,
POINT (-46.6944665 -23.5731756),pharmacy,Drogaria São Paulo,Q5308184,yes,,pharmacy,Drogaria São Paulo,,São Paulo,3727,05401-450,Avenida Rebouças,,,,,,,,,en:Grupo DPSP,,,,,,,,,,,,,,,,,,,,,,,,,,,,,,,,,,,,,,,,,,,,,,,,,,,,,,,,,,,,,,,,,,,,,,,,,,,,,,,,,,,,,,,
POINT (-46.6907618 -23.5715806),pharmacy,,,yes,,pharmacy,Drogaria do Farto,,São Paulo,1582,01451-001,Avenida Brigadeiro Faria Lima,,,,,,,,,,,,,,,,,,,,,,,,,,,,,,,,,,,,,,,,,,,,,,,,,,,,,,,,,,,,,,,,,,,,,,,,,,,,,,,,,,,,,,,,,,,,,,,,
POINT (-46.6464723 -23.5693117),pharmacy,Drogaria São Paulo,Q5308184,yes,,pharmacy,Drogaria São Paulo,,São Paulo,266 A,01310-000,Avenida Paulista,,,,,,,,,en:Grupo DPSP,,,,,,,,,,,,,,,,,,,,,,,,,,,,,,,,,,,,,,,,,,,,,,,,,,,,,,,,,,,,,,,,,,,,,,,,,,,,,,,,,,,,,,,
POINT (-46.6772227 -23.5930211),pharmacy,Droga Raia,Q10357101,yes,no,pharmacy,Droga Raia,,São Paulo,1009,04537-002,Rua Clodomiro Amazonas,,,,,Mo-Su 06:00-23:00,,,https://www.drogaraia.com.br/,pt:RaiaDrogasil,,,,,,Vila Nova Conceição,,,,,,,,,,,,,,,,,,,,,,,,,,,,,,,,,,,,,,,,,,,,,,,,,,,,,,,,,,,,,,,,,,,,,,,,,,,,,,,,,
POINT (-46.6341776 -23.546525),pharmacy,Droga Raia,Q10357101,,,pharmacy,Droga Raia,,,,,,,,,,,,,,pt:RaiaDrogasil,,,,,,,,,,,,,,,,,,,,,,,,,,,,,,,,,,,,,,,,,,,,,,,,,,,,,,,,,,,,,,,,,,,,,,,,,,,,,,,,,,,,,,,
POINT (-46.6964069 -23.5661038),pharmacy,,,yes,,pharmacy,Farmacia Ubiratan,,São Paulo,691,05427-100,Rua Padre Carvalho,,,,,,,,,,,,,,,,,,,,,,,,,,,,,,,,,,,,,,,,,,,,,,,,,,,,,,,,,,,,,,,,,,,,,,,,,,,,,,,,,,,,,,,,,,,,,,,,
POINT (-46.6224406 -23.5508369),pharmacy,,,yes,,pharmacy,Poupa Mais,,São Paulo,268,03040-020,Rua Azevedo Júnior,,,,,,,,,,,,,,,,,,,,,,,,,,,,,,,,,,,,,,,,,,,,,,,,,,,,,,,,,,,,,,,,,,,,,,,,,,,,,,,,,,,,,,,,,,,,,,,,
POINT (-46.4131618 -23.4945044),pharmacy,,,yes,no,pharmacy,Farmácia D'avó,,,3333,08115-100,Avenida Marechal Tito,,,,,"Mo-Sa 08:00-22:00; Su,PH 09:00-20:00",,+55 11 2551 4545,,,,,,,,Jardim Maia,,,,,,,,,,,,,,,,,,,,,,,,,,,,,,,,,,,,,,,,,,,,,,,,,,,,,,,,,,,,,,,,,,,,,,,,,,,,,,,,,
POINT (-46.5999859 -23.5068329),pharmacy,,,yes,no,pharmacy,,,,,,,,,,,,2023-10-03,,,,,,,,,,,,,,,,,,,,,,,,,,,,,,,,,,,,,,,,,,,,,,,,,,,,,,,,,,,,,,,,,,,,,,,,,,,,,,,,,,,,,,,,,,
POINT (-46.6673783 -23.5597442),pharmacy,Droga Raia,Q10357101,yes,,pharmacy,Droga Raia,,São Paulo,3114,01416-000,Rua da Consolação,,,,,,,,,pt:RaiaDrogasil,,,,,,,,,,,,,,,,,,,,,,,,,,,,,,,,,,,,,,,,,,,,,,,,,,,,,,,,,,,,,,,,,,,,,,,,,,,,,,,,,,,,,,,
POINT (-46.6507285 -23.5799123),pharmacy,Droga Raia,Q10357101,yes,,pharmacy,Droga Raia,,São Paulo,1045,,Rua Tutóia,,,,,,,,,pt:RaiaDrogasil,,,,,,,,,,,,,,,,,,,,,,,,,,,,,,,,,,,,,,,,,,,,,,,,,,,,,,,,,,,,,,,,,,,,,,,,,,,,,,,,,,,,,,,
POINT (-46.6880543 -23.547743),pharmacy,Drogasil,Q5308185,yes,,pharmacy,Drogasil,yes,São Paulo,977,05437-000,Rua Heitor Penteado,,,,,,2023-12-09,,,pt:Drogasil,,,,,,,,,,,,,,,,,,,,,,,,,,,,,,,,,,,,,,,,,,,,,,,,,,,,,,,,,,,,,,,,,,,,,,,,,,,,,,,,,,,,,,,
POINT (-46.6896307 -23.5724727),pharmacy,Droga Raia,Q10357101,yes,,pharmacy,Droga Raia,,São Paulo,1723,01452-001,Avenida Brigadeiro Faria Lima,,,,,,2025-11-28,,,pt:RaiaDrogasil,,,,,,,,,,,,,,,,,,,,,,,,,,,,,,,,,,,,,,,,,,,,,,,,,,,,,,,,,,,,,,,,,,,,,,,,,,,,,,,,,,,,,,,
POINT (-46.5777625 -23.5897938),pharmacy,,,yes,,pharmacy,Droga Leste,,São Paulo,684,03143-001,Avenida Zelina,,,,,Mo-Fr 07:00-23:00; Sa-Su 08:00-23:00,,,,,,,,,,Vila Zelina,,,,,,,,,,,,,,,,,,,,,,,,,,,,,,,,,,,,,,,,,,,,,,,,,,,,,,,,,,,,,,,,,,,,,,,,,,,,,,,,,
POINT (-46.4168754 -23.5426105),pharmacy,,,,,pharmacy,Drogalis,,São Paulo,570,08410-000,Rua Salvador Gianetti,,,,,,,,,,,,,,,,,,,,,,,,,,,,,,,,,,,,,,,,,,,,,,,,,,,,,,,,,,,,,,,,,,,,,,,,,,,,,,,,,,,,,,,,,,,,,,,,
POINT (-46.651087 -23.5463622),pharmacy,Droga Raia,Q10357101,yes,,pharmacy,Droga Raia,yes,São Paulo,283,01222-010,Rua Maria Antônia,,,,,,,,,pt:RaiaDrogasil,,,,,,,,,,,,,,,,,,,,,,,,,,,,,,,,,,,,,,,,,,,,,,,,,,,,,,,,,,,,,,,,,,,,,,,,,,,,,,,,,,,,,,,
POINT (-46.7054991 -23.6172624),pharmacy,Drogasil,Q5308185,yes,no,pharmacy,Drogasil,yes,São Paulo,6725,,Avenida Morumbi,,,,,,,,,pt:Drogasil,,,,,,,,,,,,,,,,,,,,,,,,,,,,,,,,,,,,,,,,,,,,,,,,,,,,,,,,,,,,,,,,,,,,,,,,,,,,,,,,,,,,,,,
POINT (-46.6460045 -23.5856224),pharmacy,Droga Raia,Q10357101,yes,,pharmacy,Droga Raia,,,,,,,,,,,,,,pt:RaiaDrogasil,,,,,,,,,,,,,,,,,,,,,,,,,,,,,,,,,,,,,,,,,,,,,,,,,,,,,,,,,,,,,,,,,,,,,,,,,,,,,,,,,,,,,,,
POINT (-46.6607043 -23.6498741),pharmacy,,,,,pharmacy,Poupa Farma,,,,,,,,,,,,,,,,,,,,,,,,,,,,,,,,,,,,,,,,,,,,,,,,,,,,,,,,,,,,,,,,,,,,,,,,,,,,,,,,,,,,,,,,,,,,,,,,,,,,,
POINT (-46.6612678 -23.6493811),pharmacy,,,,,pharmacy,Farmácia Ândira,,,,,,,,,,,,,,,,,,,,,,,,,,,,,,,,,,,,,,,,,,,,,,,,,,,,,,,,,,,,,,,,,,,,,,,,,,,,,,,,,,,,,,,,,,,,,,,,,,,,,
POINT (-46.4198677 -23.4942139),pharmacy,Drogaria São Paulo,Q5308184,yes,,pharmacy,Drogaria São Paulo,,,,,,,,,,,,,,en:Grupo DPSP,,,,,,,,,,,,,,,,,,,,,,,,,,,,,,,,,,,,,,,,,,,,,,,,,,,,,,,,,,,,,,,,,,,,,,,,,,,,,,,,,,,,,,,
POINT (-46.6403741 -23.5389072),pharmacy,,,yes,,pharmacy,DrogaRadium,,São Paulo,464A,01206-000,Avenida Rio Branco,,,,,,,,,,,,,,,,,,,,,,,,,,,,,,,,,,,,,,,,,,,,,,,,,,,,,,,,,,,,,,,,,,,,,,,,,,,,,,,,,,,,,,,,,,,,,,,,
POINT (-46.5655732 -23.5482158),pharmacy,,,yes,,pharmacy,Neo Farma Manipulação,,São Paulo,1091,03310-000,Rua Itapura,,,,,,,,,,,,,,,,,,,,,,,,,,,,,,,,,,,,,,,,,,,,,,,,,,,,,,,,,,,,,,,,,,,,,,,,,,,,,,,,,,,,,,,,,,,,,,,,
POINT (-46.5463676 -23.5930958),pharmacy,,,yes,,pharmacy,Drogaria Poupa Mais,,São Paulo,2420,03220-100,Avenida do Oratório,,,,,,,,,,,,,,,,,,,,,,,,,,,,,,,,,,,,,,,,,,,,,,,,,,,,,,,,,,,,,,,,,,,,,,,,,,,,,,,,,,,,,,,,,,,,,,,,
POINT (-46.5464496 -23.5928484),pharmacy,Drogaria São Paulo,Q5308184,yes,,pharmacy,Drogaria São Paulo,,São Paulo,2391,03221-100,Avenida do Oratório,,,,,,,,,en:Grupo DPSP,,,,,,,,,,,,,,,,,,,,,,,,,,,,,,,,,,,,,,,,,,,,,,,,,,,,,,,,,,,,,,,,,,,,,,,,,,,,,,,,,,,,,,,
POINT (-46.6257566 -23.4957908),pharmacy,,,yes,,pharmacy,PromoFarma,,São Paulo,2772,02402-100,Rua Voluntários da Pátria,,,,,,,,,,,,,,,,,,,,,,,,,,,,,,,,,,,,,,,,,,,,,,,,,,,,,,,,,,,,,,,,,,,,,,,,,,,,,,,,,,,,,,,,,,,,,,,,
POINT (-46.6167685 -23.4936915),pharmacy,,,yes,,pharmacy,Pharma,,São Paulo,850,02042-000,Avenida Leôncio de Magalhães,,,,,,,+55 11 2977-7711,,,,,,,,,,,,,,,,,,,,,,,,,,,,,,,,,,,,,,,,,,,,,,,,,,,,,,,,,,,,,,,,,,,,,,,,,,,,,,,,,,,,,,,,,
POINT (-46.6176872 -23.4925027),pharmacy,Droga Raia,Q10357101,yes,,pharmacy,Droga Raia,,São Paulo,,02042-001,Avenida Leôncio de Magalhães,,,,,,,,,pt:RaiaDrogasil,,,,,,,,,,,,,,,,,,,,,,,,,,,,,,,,,,,,,,,,,,,,,,,,,,,,,,,,,,,,,,,,,,,,,,,,,,,,,,,,,,,,,,,
POINT (-46.7072744 -23.7445626),pharmacy,Drogaria São Paulo,Q5308184,yes,,pharmacy,Drogaria São Paulo,,,,,,,,,,,,,,en:Grupo DPSP,,,,,,,,,,,,,,,,,,,,,,,,,,,,,,,,,,,,,,,,,,,,,,,,,,,,,,,,,,,,,,,,,,,,,,,,,,,,,,,,,,,,,,,
POINT (-46.6936812 -23.4553047),pharmacy,,,yes,,pharmacy,Droga Lema,,São Paulo,3430,02856-024,Avenida Deputado Cantídio Sampaio,,,,,,,,,,,,,,,Jardim Princesa,,,,,,,,,,,,,,,,,,,,,,,,,,,,,,,,,,,,,,,,,,,,,,,,,,,,,,,,,,,,,,,,,,,,,,,,,,,,,,,,,
POINT (-46.7068999 -23.5258207),pharmacy,,,yes,,pharmacy,Pharmasol,,São Paulo,125,05060-000,Rua Pio XI,,,,,,,,,,,,,,,,,,,,,,,,,,,,,,,,,,,,,,,,,,,,,,,,,,,,,,,,,,,,,,,,,,,,,,,,,,,,,,,,,,,,,,,,,,,,,,,,
POINT (-46.6547441 -23.4821949),pharmacy,,,,,,Maqui Popular,,,,,Avenida Imirim,,,,,,,,,,,,,,,,,,,,,,,,,,,,,,,,,,,,,,,,,,,,,,,,,,,,,,,,,,,,,,,,,,,,,,,,,,,,,,,,,,,,,,,,,,,,,,,,
POINT (-46.730129 -23.6201675),pharmacy,,,yes,,pharmacy,,,,,,,,,,,,,,,,,,,,,,,,,,,,,,,,,,,,,,,,,,,,,,,,,,,,,,,,,,,,,,,,,,,,,,,,,,,,,,,,,,,,,,,,,,,,,,,,,,,,,,
POINT (-46.6769058 -23.4691077),pharmacy,Drogasil,Q5308185,,,pharmacy,Drogasil,yes,,,,Avenida Deputado Cantídio Sampaio,,,,,,,,,,,,,,,,,,,,,,,,,,,,,,,,,,,,,,,,,,,,,,,,,,,,,,,,,,,,,,,,,,,,,,,,,,,,,,,,,,,,,,,,,,,,,,,,
POINT (-46.5630848 -23.5483668),pharmacy,,,,,pharmacy,,,,,,,,,,,,,,,,,,,,,,,,,,,,,,,,,,,,,,,,,,,,,,,,,,,,,,,,,,,,,,,,,,,,,,,,,,,,,,,,,,,,,,,,,,,,,,,,,,,,,,
POINT (-46.612255 -23.6025159),pharmacy,,,yes,no,pharmacy,,,,,,Avenida Doutor Gentil de Moura,,,,,,,,,,,,,,,,,,,,,,,,,,,,,,,,,,,,,,,,,,,,,,,,,,,,,,,,,,,,,,,,,,,,,,,,,,,,,,,,,,,,,,,,,,,,,,,,
POINT (-46.6361145 -23.5379943),pharmacy,,,yes,,pharmacy,Drogaria Campeã,,São Paulo,403,01033-001,Avenida Cásper Líbero,,,,,,,,,,,,,,,,,,,,,,,,,,,,,,,,,,,,,,,,,,,,,,,,,,,,,,,,,,,,,,,,,,,,,,,,,,,,,,,,,,,,,,,,,,,,,,,,
POINT (-46.635961 -23.5372011),pharmacy,,,yes,,pharmacy,Ecomofarma,,São Paulo,489,01033-001,Avenida Cásper Líbero,,,,,,,,,,,,,,,,,,,,,,,,,,,,,,,,,,,,,,,,,,,,,,,,,,,,,,,,,,,,,,,,,,,,,,,,,,,,,,,,,,,,,,,,,,,,,,,,
POINT (-46.6835277 -23.5942428),pharmacy,Drogaria São Paulo,Q5308184,no,no,pharmacy,Drogaria São Paulo,,São Paulo,421,04552-020,Rua Ramos Batista,,,,,Mo-Su 09:00-21:00,,,,en:Grupo DPSP,,,,,,Vila Olímpia,,,,,,,,,,,,,,,,,,,,,,,,,,,,,,,,,,,,,,,,,,,,,,,,,,,,,,,,,,,,,,,,,,,,,,,,,,,,,,,,,
POINT (-46.6981761 -23.563959),pharmacy,,,yes,,pharmacy,Drogaria e Perfumaria Akyali,,São Paulo,704,05428-002,Rua Ferreira de Araújo,,,,,,,+55 11 3812-6372,,,,,,,,,,,,,,,,,,,,,,,,,,,,,,,,,,,,,,,,,,,,,,,,,,,,,,,,,,,,,,,,,,,,,,,,,,,,,,,,,,,,,,,,,
POINT (-46.6930816 -23.5616833),pharmacy,,,yes,,pharmacy,Formularium,,São Paulo,1021,05419-001,Avenida Pedroso de Morais,,,,,,2024-03-31,,,,,,,,,,,,,,,,,,,,,,,,,,,,,,,,,,,,,,,,,,,,,,,,,,,,,,,,,,,,,,,,,,,,,,,,,,,,,,,,,,,,,,,,,,
POINT (-46.6634559 -23.6477366),pharmacy,Drogaria São Paulo,Q5308184,yes,,pharmacy,Drogaria São Paulo,,,,,,,,,,,,,,en:Grupo DPSP,,,,,,,,,,,,,,,,,,,,,,,,,,,,,,,,,,,,,,,,,,,,,,,,,,,,,,,,,,,,,,,,,,,,,,,,,,,,,,,,,,,,,,,
POINT (-46.6942844 -23.6200203),pharmacy,Drogasil,Q5308185,yes,,pharmacy,Drogasil,yes,,,,,,,,,,2024-11-11,,,,,,,,,,,,,,,,,,,,,,,,,,,,,,,,,,,,,,,,,,,,,,,,,,,,,,,,,,,,,,,,,,,,,,,,,,,,,,,,,,,,,,,,,,
POINT (-46.5775086 -23.5061011),pharmacy,,,yes,,pharmacy,Promofarma,,São Paulo,67,02124-030,Praça Nippon,,,,,,,,,,,,,,,,,,,,,,,,,,,,,,,,,,,,,,,,,,,,,,,,,,,,,,,,,,,,,,,,,,,,,,,,,,,,,,,,,,,,,,,,,,,,,,,,
POINT (-46.5968736 -23.648774),pharmacy,,,yes,,pharmacy,,,,,,,,,,,,,,,,,,,,,,,,,,,,,,,,,,,,,,,,,,,,,,,,,,,,,,,,,,,,,,,,,,,,,,,,,,,,,,,,,,,,,,,,,,,,,,,,,,,,,,
POINT (-46.6110707 -23.4927066),pharmacy,Drogaria São Paulo,Q5308184,yes,,pharmacy,Drogaria São Paulo,,São Paulo,1080,02085-100,Avenida Luiz Dumont Villares,,,,,,,,,en:Grupo DPSP,,,,,,,,,,,,,,,,,,,,,,,,,,,,,,,,,,,,,,,,,,,,,,,,,,,,,,,,,,,,,,,,,,,,,,,,,,,,,,,,,,,,,,,
POINT (-46.6324452 -23.5636822),pharmacy,,,,,pharmacy,Aclima Farma,,,1213,,Conselheiro Furtado,,,,,,,1132750393,,,,,,,,,,,,,,,,,,,,,,,,,,,,,,,,,,,,,,,,,,,,,,,,,,,,,,,,,,,,,,,,,,,,,,,,,,,,,,,,,,,,,,,,,
POINT (-46.6413343 -23.6467724),pharmacy,Drogasil,Q5308185,yes,,pharmacy,Drogasil,yes,São Paulo,79,04321-090,Rua dos Jequitibás,,,,,,,,,pt:Drogasil,,,,,,Jabaquara,,,,,,,,,,,,,,,,,,,,,,,,,,,,,,,,,,,,,,,,,,,,,,,,,,,,,,,,,,,,,,,,,,,,,,,,,,,,,,,,,
POINT (-46.6656029 -23.4893759),pharmacy,,,yes,,pharmacy,,,São Paulo,276A,02543-000,Rua Joaquim Afonso de Souza,,,,,,,,,,,,,,,,,,,,,,,,,,,,,,,,,,,,,,,,,,,,,,,,,,,,,,,,,,,,,,,,,,,,,,,,,,,,,,,,,,,,,,,,,,,,,,,,
POINT (-46.6463457 -23.4945074),pharmacy,Drogasil,Q5308185,yes,,pharmacy,Drogasil,yes,,,,,,,,,,,,,pt:Drogasil,,,,,,,,,,,,,,,,,,,,,,,,,,,,,,,,,,,,,,,,,,,,,,,,,,,,,,,,,,,,,,,,,,,,,,,,,,,,,,,,,,,,,,,
POINT (-46.7325941 -23.6280588),pharmacy,Drogaria São Paulo,Q5308184,yes,,pharmacy,Drogaria São Paulo,,,,,,,,,,,,,,en:Grupo DPSP,,,,,,,,,,,,,,,,,,,,,,,,,,,,,,,,,,,,,,,,,,,,,,,,,,,,,,,,,,,,,,,,,,,,,,,,,,,,,,,,,,,,,,,
POINT (-46.6740866 -23.5575861),pharmacy,Drogasil,Q5308185,yes,,pharmacy,Drogasil,yes,São Paulo,1689,05409-011,Rua Oscar Freire,,,,,Mo 07:00-00:00; Tu-Sa 00:00-00:00; Su 00:00-23:00,,,,pt:Drogasil,,,,,,Pinheiros,,,,,,,,,,,,,,,,,,,,,,,,,,,,,,,,,,,,,,,,,,,,,,,,,,,,,,,,,,,,,,,,,,,,,,,,,,,,,,,,,
POINT (-46.6347953 -23.5456346),pharmacy,Drogasil,Q5308185,yes,,pharmacy,Drogasil,yes,São Paulo,416,01010-010,Rua São Bento,,,,,,,,,pt:Drogasil,,,,,,Centro,,,,,,,,,,,,,,,,,,,,,,,,,,,,,,,,,,,,,,,,,,,,,,,,,,,,,,,,,,,,,,,,,,,,,,,,,,,,,,,,,
POINT (-46.6398071 -23.5450199),pharmacy,Drogasil,Q5308185,yes,,pharmacy,Drogasil,yes,São Paulo,40,01042-000,Rua Barão de Itapetininga,,,,,,,,,pt:Drogasil,,,,,,Centro,,,,,,,,,,,,,,,,,,,,,,,,,,,,,,,,,,,,,,,,,,,,,,,,,,,,,,,,,,,,,,,,,,,,,,,,,,,,,,,,,
POINT (-46.6341986 -23.5487794),pharmacy,Drogasil,Q5308185,yes,,pharmacy,Drogasil,yes,São Paulo,64-66,01002-000,Rua Direita,,,,,,,,,pt:Drogasil,,,,,,Centro,,,,,,,,,,,,,,,,,,,,,,,,,,,,,,,,,,,,,,,,,,,,,,,,,,,,,,,,,,,,,,,,,,,,,,,,,,,,,,,,,
POINT (-46.5513848 -23.5908243),pharmacy,Drogasil,Q5308185,yes,,pharmacy,Drogasil,yes,São Paulo,1838,03220-000,Avenida do Oratório,,,,,,,,,pt:Drogasil,,,,,,Vila Independencia,,,,,,,,,,,,,,,,,,,,,,,,,,,,,,,,,,,,,,,,,,,,,,,,,,,,,,,,,,,,,,,,,,,,,,,,,,,,,,,,,
POINT (-46.6338721 -23.4767824),pharmacy,,,yes,,pharmacy,Poupa Aqui,,São Paulo,247,02420-000,Avenida Zumkeller,,,,,,,,,,,,,,,,,,,,,,,,,,,,,,,,,,,,,,,,,,,,,,,,,,,,,,,,,,,,,,,,,,,,,,,,,,,,,,,,,,,,,,,,,,,,,,,,
POINT (-46.694741 -23.5022533),pharmacy,Drogaria São Paulo,Q5308184,yes,,pharmacy,Drogaria São Paulo,,,,,Avenida Santa Marina,,,,,,,,,en:Grupo DPSP,,,,,,,,,,,,,,,,,,,,,,,,,,,,,,,,,,,,,,,,,,,,,,,,,,,,,,,,,,,,,,,,,,,,,,,,,,,,,,,,,,,,,,,
POINT (-46.689992 -23.4973651),pharmacy,,,yes,,pharmacy,,,,,,,,,,,,,,,,,,,,,,,,,,,,,,,,,,,,,,,,,,,,,,,,,,,,,,,,,,,,,,,,,,,,,,,,,,,,,,,,,,,,,,,,,,,,,,,,,,,,,,
POINT (-46.7715827 -23.5895327),pharmacy,Drogasil,Q5308185,yes,,pharmacy,Drogasil,yes,,,,,,,,,,,,,pt:Drogasil,,,,,,,,,,,,,,,,,,,,,,,,,,,,,,,,,,,,,,,,,,,,,,,,,,,,,,,,,,,,,,,,,,,,,,,,,,,,,,,,,,,,,,,
POINT (-46.6255603 -23.4999407),pharmacy,,,yes,,pharmacy,Bifarma,,São Paulo,14,02037-005,Rua Doutor Olavo Egídio,,,,,,,+55 11 4324-2734,,,,,,,,,,,,,,,,,,,,,,,,,,,,,,,,,,,,,,,,,,,,,,,,,,,,,,,,,,,,,,,,,,,,,,,,,,,,,,,,,,,,,,,,,
POINT (-46.4094827 -23.5834266),pharmacy,Extrafarma,Q20055480,yes,,pharmacy,Extrafarma Cidade Tiradentes,,,,,,,,,,,,,,pt:Extrafarma,,,,,,,,,,,,,,,,,,,,,,,,,,,,,,,,,,,,,,,,,,,,,,,,,,,,,,,,,,,,,,,,,,,,,,,,,,,,,,,,,,,,,,,
POINT (-46.6610914 -23.5393178),pharmacy,,,yes,,pharmacy,Drogaria São Paulo,,,,,,,,,,,,,,,,,,,,,,,,,,,,,,,,,,,,,,,,,,,,,,,,,,,,,,,,,,,,,,,,,,,,,,,,,,,,,,,,,,,,,,,,,,,,,,,,,,,,,
POINT (-46.6208289 -23.6072456),pharmacy,,,yes,,pharmacy,,,,,,,,,,,,,,,,,,,Drogasil,,,,,,,,,,,,,,,,,,,,,,,,,,,,,,,,,,,,,,,,,,,,,,,,,,,,,,,,,,,,,,,,,,,,,,,,,,,,,,,,,,,
POINT (-46.590655 -23.4831034),pharmacy,,,yes,,pharmacy,Drogaria Vera Cruz,,São Paulo,,02201-001,Avenida Júlio Buono,,,,,07:00-22:30,,+55 11 2951-1001,,,,,,,,,,,,,,,,,,,,,,,,,,,,,,,,,,,,,,,,,,,,,,,,,,,,,,,,,,,,,,,,,,,,,,,,,,,,,,,,,,,,,,,,,
POINT (-46.7453713 -23.5570045),pharmacy,Drogasil,Q5308185,yes,,pharmacy,Drogasil,yes,São Paulo,287B,05346-000,Avenida Jaguaré,,,,,,,,,pt:Drogasil,,,,,,,,,,,,,,,,,,,,,,,,,,,,,,,,,,,,,,,,,,,,,,,,,,,,,,,,,,,,,,,,,,,,,,,,,,,,,,,,,,,,,,,
POINT (-46.6808197 -23.6166092),pharmacy,Drogasil,Q5308185,yes,,pharmacy,Drogasil,yes,São Paulo,3744,,Avenida Santo Amaro,BR,SP,,,,,,,pt:Drogasil,,,,,,,,,,,,,,,,,,,,,,,,,,,,,,,,,,,,,,,,,,,,,,,,,,,,,,,,,,,,,,,,,,,,,,,,,,,,,,,,,,,,,,,
POINT (-46.7288208 -23.4377876),pharmacy,,,yes,,pharmacy,Leda Farma,,,,,,,,,,,,,,,,,,,,,,,,,,,,,,,,,,,,,,,,,,,,,,,,,,,,,,,,,,,,,,,,,,,,,,,,,,,,,,,,,,,,,,,,,,,,,,,,,,,,,
POINT (-46.6381376 -23.5419499),pharmacy,,,yes,,pharmacy,Drogaria Total,,São Paulo,54,01206-000,Avenida Rio Branco,,,,,,,,,,,,,,,Santa Ifigênia,,,,,,,,,,,,,,,,,,,,,,,,,,,,,,,,,,,,,,,,,,,,,,,,,,,,,,,,,,,,,,,,,,,,,,,,,,,,,,,,,
POINT (-46.5887982 -23.5169089),pharmacy,Pague Menos,Q7124466,yes,,pharmacy,Pague Menos,,São Paulo,1427A,02113-012,Avenida Guilherme Cotching,,,,,,,,,pt:Pague Menos,,,,,,,,,,,,,,,,,,,,,,,,,,,,,,,,,,,,,,,,,,,,,,,,,,,,,,,,,,,,,,,,,,,,,,,,,,,,,,,,,,,,,,,
POINT (-46.5863511 -23.5143853),pharmacy,Drogasil,Q5308185,yes,,pharmacy,Drogasil,yes,São Paulo,1798,02113-014,Avenida Guilherme Cotching,,,,,,,,,pt:Drogasil,,,,,,Vila Maria,,,,,,,,,,,,,,,,,,,,,,,,,,,,,,,,,,,,,,,,,,,,,,,,,,,,,,,,,,,,,,,,,,,,,,,,,,,,,,,,,
POINT (-46.586456 -23.5144955),pharmacy,,,yes,,pharmacy,Manifarma,,São Paulo,1784,02113-014,Avenida Guilherme Cotching,,,,,,,,,,,,,,,Vila Maria,,,,,,,,,,,,,,,,,,,,,,,,,,,,,,,,,,,,,,,,,,,,,,,,,,,,,,,,,,,,,,,,,,,,,,,,,,,,,,,,,
POINT (-46.7699232 -23.5895684),pharmacy,,,yes,no,pharmacy,Farma Unidos Popular,,,,,,,,,,,,,,,,,,,,,,,,,,,,,,,,,,,,,,,,,,,,,,,,,,,,,,,,,,,,,,,,,,,,,,,,,,,,,,,,,,,,,,,,,,,,,,,,,,,,,
POINT (-46.6218379 -23.5461749),pharmacy,,,yes,,pharmacy,Drogaria Walter,,São Paulo,1286,03002-000,Avenida Rangel Pestana,,,,,,,,,,,,,,,Brás,,,,,,,,,,,,,,,,,,,,,,,,,,,,,,,,,,,,,,,,,,,,,,,,,,,,,,,,,,,,,,,,,,,,,,,,,,,,,,,,,
POINT (-46.5698746 -23.570938),pharmacy,,,yes,,pharmacy,Bifarma,,São Paulo,1790 L4,03345-000,Avenida Sapopemba,,,,,,,,,,,,,,,Vila Regente Feijo,,,,,,,,,,,,,,,,,,,,,,,,,,,,,,,,,,,,,,,,,,,,,,,,,,,,,,,,,,,,,,,,,,,,,,,,,,,,,,,,,
POINT (-46.5943911 -23.475975),pharmacy,,,yes,,pharmacy,Drogaria Florestal,,São Paulo,1086,02265-002,Avenida Guapira,,,,,,,+55 11 2528-4414,,,,,,,,Parque Vitória,,,,,,,,,,,,,,,,,,,,,,,,,,,,,,,,,,,,,,,,,,,,,,,,,,,,,,,,,,,,,,,,,,,,,,,,,,,,,,,,,
POINT (-46.7380706 -23.667587),pharmacy,,,yes,,pharmacy,Drogaria Salvador,,,,,,,,,,,,,,,,,,,,,,,,,,,,,,,,,,,,,,,,,,,,,,,,,,,,,,,,,,,,,,,,,,,,,,,,,,,,,,,,,,,,,,,,,,,,,,,,,,,,,
POINT (-46.7478172 -23.6744481),pharmacy,,,yes,,pharmacy,Drogaria Nova Mais,,,,,,,,,,,,,,,,,,,,,,,,,,,,,,,,,,,,,,,,,,,,,,,,,,,,,,,,,,,,,,,,,,,,,,,,,,,,,,,,,,,,,,,,,,,,,,,,,,,,,
POINT (-46.7440142 -23.6730144),pharmacy,,,yes,,pharmacy,DrogaMais,,,,,,,,,,,,,,,,,,,,,,,,,,,,,,,,,,,,,,,,,,,,,,,,,,,,,,,,,,,,,,,,,,,,,,,,,,,,,,,,,,,,,,,,,,,,,,,,,,,,,
POINT (-46.7429545 -23.6740843),pharmacy,,,yes,,pharmacy,Farma Express,,,,,,,,,,,,,,,,,,,,,,,,,,,,,,,,,,,,,,,,,,,,,,,,,,,,,,,,,,,,,,,,,,,,,,,,,,,,,,,,,,,,,,,,,,,,,,,,,,,,,
POINT (-46.6865005 -23.6605709),pharmacy,Drogaria São Paulo,Q5308184,yes,,pharmacy,Drogaria São Paulo,,São Paulo,40,04671-245,Rua Dom Aguirre,,,,,,,,,,,,,,,Vila Sofia,,,,,,,,,,,,,,,,,,,,,,,,,,,,,,,,,,,,,,,,,,,,,,,,,,,,,,,,,,,,,,,,,,,,,,,,,,,,,,,,,
POINT (-46.6971369 -23.6103074),pharmacy,Drogaria São Paulo,Q5308184,yes,,pharmacy,Drogaria São Paulo,,,,,,,,,,,,,,,,,,,,,,,,,,,,,,,,,,,,,,,,,,,,,,,,,,,,,,,,,,,,,,,,,,,,,,,,,,,,,,,,,,,,,,,,,,,,,,,,,,,,,
POINT (-46.6527476 -23.5537121),pharmacy,Drogasil,Q5308185,yes,,pharmacy,Drogasil,yes,,,,,,,,,,,,,,,,,,,,,,,,,,,,,,,,,,,,,,,,,,,,,,,,,,,,,,,,,,,,,,,,,,,,,,,,,,,,,,,,,,,,,,,,,,,,,,,,,,,,
POINT (-46.652078 -23.5540971),pharmacy,Drogaria São Paulo,Q5308184,yes,,pharmacy,Drogaria São Paulo,,,,,,,,,,,,,,,,,,,,,,,,,,,,,,,,,,,,,,,,,,,,,,,,,,,,,,,,,,,,,,,,,,,,,,,,,,,,,,,,,,,,,,,,,,,,,,,,,,,,,
POINT (-46.5774813 -23.5415977),pharmacy,Drogaria São Paulo,Q5308184,yes,,pharmacy,Drogaria São Paulo,,,,,,,,,,,,,,,,,,,,,,,,,,,,,,,,,,,,,,,,,,,,,,,,,,,,,,,,,,,,,,,,,,,,,,,,,,,,,,,,,,,,,,,,,,,,,,,,,,,,,
POINT (-46.5767839 -23.5389828),pharmacy,Extrafarma,Q20055480,yes,,pharmacy,Extrafarma,,,,,,,,,,,,,,,,,,,,,,,,,,,,,,,,,,,,,,,,,,,,,,,,,,,,,,,,,,,,,,,,,,,,,,,,,,,,,,,,,,,,,,,,,,,,,,,,,,,,,
POINT (-46.6826368 -23.5306542),pharmacy,,,yes,,pharmacy,Farmacia&cia,,,,,,,,,,,,,,,,,,,,,,,,,,,,,,,,,,,,,,,,,,,,,,,,,,,,,,,,,,,,,,,,,,,,,,,,,,,,,,,,,,,,,,,,,,,,,,,,,,,,,
POINT (-46.5703631 -23.5652186),pharmacy,Drogaria São Paulo,Q5308184,yes,,pharmacy,Drogaria São Paulo,,São Paulo,1118,03345-000,Avenida Sapopemba,,,,,Mo-Su 07:00-23:00,,,,,,,,,,Vila Regente Feijó,,,,,,,,,,,,,,,,,,,,,,,,,,,,,,,,,,,,,,,,,,,,,,,,,,,,,,,,,,,,,,,,,,,,,,,,,,,,,,,,,
POINT (-46.6676191 -23.5622043),pharmacy,,,yes,no,pharmacy,Drogaria Lorena,,,,,Alameda Lorena,,,,,,,+55 11 3062 0275,,,,,,,,,,,,,,,,,,,,,,,,,,,,,,,,,,,,,,,,,,,,,,,,,,,,,,,,,,,,,,,,,,,,,,,,,,,,,,,,,,,,,,,,,
POINT (-46.4156015 -23.5652047),pharmacy,,,yes,,pharmacy,Farmacia Popular,,,,,,,,,,,,,,,,,,,,,,,,,,,,,,,,,,,,,,,,,,,,,,,,,,,,,,,,,,,,,,,,,,,,,,,,,,,,,,,,,,,,,,,,,,,,,,,,,,,,,
POINT (-46.7083519 -23.7557778),pharmacy,,,yes,,pharmacy,Ultrafarma Popular,,,,,,,,,,,,,,,,,,,,,,,,,,,,,,,,,,,,,,,,,,,,,,,,,,,,,,,,,,,,,,,,,,,,,,,,,,,,,,,,,,,,,,,,,,,,,,,,,,,,,
POINT (-46.700801 -23.6342524),pharmacy,Extra Farma,Q20055480,,,pharmacy,Extra Farma,,,,,,,,,,,,,,,,,,,,,,,,,,,,,,,,,,,,,,,,,,,,,,,,,,,,,,,,,,,,,,,,,,,,,,,,,,,,,,,,,,,,,,,,,,,,,,,,,,,,,
POINT (-46.7000444 -23.6346824),pharmacy,,,,,pharmacy,Drogaria Bahia,yes,,,,,,,,,,,,,,,,,,,,,,,,,,,,,,,,,,,,,,,,,,,,,,,,,,,,,,,,,,,,,,,,,,,,,,,,,,,,,,,,,,,,,,,,,,,,,,,,,,,,
POINT (-46.6800802 -23.6327447),pharmacy,Drogaria São Paulo,Q5308184,,,pharmacy,Drogaria São Paulo,,,,,,,,,,,,,,,,,,,,,,,,,,,,,,,,,,,,,,,,,,,,,,,,,,,,,,,,,,,,,,,,,,,,,,,,,,,,,,,,,,,,,,,,,,,,,,,,,,,,,
POINT (-46.6701468 -23.6167097),pharmacy,,,,,pharmacy,,,,,,,,,,,,,,,,,,,,,,,,,,,,,,,,,,,,,,,,,,,,,,,,,,,,,,,,,,,,,,,,,,,,,,,,,,,,,,,,,,,,,,,,,,,,,,,,,,,,,,
POINT (-46.7081927 -23.5712263),pharmacy,,,,,pharmacy,Drogaria Central do Butantã,,,,,,,,,,,,,,,,,,,,,,,,,,,,,,,,,,,,,,,,,,,,,,,,,,,,,,,,,,,,,,,,,,,,,,,,,,,,,,,,,,,,,,,,,,,,,,,,,,,,,
POINT (-46.5820791 -23.5852725),pharmacy,,,yes,,pharmacy,Drogaleste,yes,,,,,,,,,,2023-05-23,,,,,,,,,,,,,,,,,,,,,,,,,,,,yes,yes,,,,,,,,,,,,,,,,,,,,,,,,,,,,,,,,,,,,,,,,,,,,,,,,,,,,,,,,,,,,,
POINT (-46.5691466 -23.5855924),pharmacy,,,yes,,pharmacy,,yes,,,,,,,,,,2023-06-04,,,,,,,,,,,,,,,,,,,,,,,,,,,,yes,yes,,,,,,,,,yes,,,,,,,,,,,,,,,,,,,,,,,,,,,,,,,,,,,,,,,,,,,,,,,,,,,,
POINT (-46.6900592 -23.5467363),pharmacy,Drogasil,Q5308185,,,pharmacy,Drogasil,yes,,,,,,,,,,2023-06-17,,,,,,,,,,,,,,,,,,,,,,,,,,,,,,,,,,,,,,,,,,,,,,,,,,,,,,,,,,,,,,,,,,,,,,,,,,,,,,,,,,,,,,,,,,
POINT (-46.6356114 -23.5785753),pharmacy,Droga Raia,Q10357101,,,pharmacy,Droga Raia,,,1000,,Rua Topázio,,,,,Mo-Sa 07:00-23:00; Su 07:00-22:00,2025-10-26,+55 11 97145-6010,https://www.drogaraia.com.br/,,,,,,,,,,,,,,,,,,,,,,,,,,,,,,,,,,,,,,,,,,,,,,,,,,,,,,,,,,,,,,,,,,,,,,,,,,,,,,,,,,,,,,,,
POINT (-46.6393947 -23.5765483),pharmacy,,,,,pharmacy,Ultrafarma,,,,,,,,,,,2023-06-20,,,,,,,,,,,,,,,,,,,,,,,,,,,,,,,,,,,,,,,,,,,,,,,,,,,,,,,,,,,,,,,,,,,,,,,,,,,,,,,,,,,,,,,,,,
POINT (-46.6563848 -23.5970848),pharmacy,Drogaria São Paulo,Q5308184,,,pharmacy,Drogaria São Paulo,,,,,,,,,,,2023-06-20,,,,,,,,,,,,,,,,,,,,,,,,,,,,,,,,,,,,,,,,,,,,,,,,,,,,,,,,,,,,,,,,,,,,,,,,,,,,,,,,,,,,,,,,,,
POINT (-46.6723265 -23.6173176),pharmacy,,,,,,Droga Raia,,São Paulo,755,04614-013,Rua Demóstenes,,,,,Mo-Su 07:00-23:00,,,,,,,,,,Campo Belo,,,,,,,,,,,,,,,,,,,,,,,,,,,,,,,,,,,,,,,,,,,,,,,,,,,,,,,,,,,,,,,,,,,,,,,,,,,,,,,,,
POINT (-46.6257508 -23.4961396),pharmacy,,,,,,Promofarma,,,,,,,,,,,,,,,,,,,,,,,,,,,,,,,,,,,,,,,,,,,,,,,,,,,,,,,,,,,,,,,,,,,,,,,,,,,,,,,,,,,,,,,,,,,,,,,,,,,,,
POINT (-46.6733112 -23.506953),pharmacy,Drogasil,Q5308185,,,pharmacy,Drogasil,yes,,,,,,,,,,,,,,,,,,,,,,,,,,,,,,,,,,,,,,,,,,,,,,,,,,,,,,,,,,,,,,,,,,,,,,,,,,,,,,,,,,,,,,,,,,,,,,,,,,,,
POINT (-46.6692879 -23.5466344),pharmacy,Drogaria São Paulo,Q5308184,,,pharmacy,Drogaria São Paulo,,,,,,,,,,,,,,,,,,,,,,,,,,,,,,,,,,,,,,,,,,,,,,,,,,,,,,,,,,,,,,,,,,,,,,,,,,,,,,,,,,,,,,,,,,,,,,,,,,,,,
POINT (-46.5307142 -23.6109079),pharmacy,,,,,pharmacy,Farma G,,,,,Rua Ana Clara,,,,,07:00 às 21:00 todo dia mas nos domingos das 08:00 às 18:00,,,,,,,,,,,,,,,,,,,,,,,,,,,,,,,,,,,,,,,,,,,,,,,,,,,,,,,,,,,,,,,,,,,,,,,,,,,,,,,,,,,,,,,,,,,
POINT (-46.6620922 -23.5568624),pharmacy,Drogaria São Paulo,Q5308184,,,pharmacy,Drogaria São Paulo,,São Paulo,2381,01311-300,Avenida Paulista,,,,,,,,,,,,,,,,,,,,,,yes,,,,,,,,,,,,,,,,,,,,,,,,,,,,,,,,,,,,,,,,,,,,,,,,,,,,,,,,,,,,,,,,,,,,,,,,,,
POINT (-46.5327011 -23.6097414),pharmacy,,,,,pharmacy,Drogaria Fégus,,,,,Rua Ana Clara,,,,,De segunda à sábado das 10:00 as 20:00,,,,,,,,,,,,,,,,,,,,,,,,,,,,,,,,,,,,,,,,,,,,,,,,,,,,,,,,,,,,,,,,,,,,,,,,,,,,,,,,,,,,,,,,,,,
POINT (-46.5307062 -23.6017943),pharmacy,,,yes,no,pharmacy,Farmácia Super Popular,,São Paulo,,,Avenida do Oratório,,,,,,,,,,,,,,,Vila Industrial,,,,,,,,,,,,,,,,,,,,,,,,,,,,,,,,,,,,,,,,,,,,,,,,,,,,,,,,,,,,,,,,,,,,,,,,,,,,,,,,,
POINT (-46.5287805 -23.6089696),pharmacy,,,,no,pharmacy,MV Farma,,São Paulo,38,03256-020,rua irma maria umbelina,,,,,,,,,,,,,,,Vila Elze,,,,,,,,,,,,,,,,,,,,,,,emergency,,,,,,,yes,,,,,,,,,,,,,,,,,,,,,,,,,,,,,,,,,,,,,,,,,,,,,,,,,,,
POINT (-46.5293232 -23.6031606),pharmacy,,,yes,yes,pharmacy,Droganita,,São Paulo,4712,03220-200,Avenida do Oratório,,,,,,,,,,,+55 11 99561 5506,,,,Vila Industrial,,,,,,,,,,,,,,,,,,,,,,,,,,,,,,,,,,,,,,,,,,,,,,,,,,,,,,,,,,,,,,,,,,,,,,,,,,,,,,,,,
POINT (-46.6869591 -23.5631596),pharmacy,Pague Menos,Q7124466,,no,pharmacy,Pague Menos,,,,,,,,,,,,,,,,,,,,,,,,,,,,,,,,,,,,,,,,,,,,,,,,,,,,,,,,,,,,,,,,,,,,,,,,,,,,,,,,,,,,,,,,,,,,,,,,,,,,,
POINT (-46.6976735 -23.5586416),pharmacy,,,,,pharmacy,Raia,yes,,,,,,,,,,2024-12-15,,,,,,,,,,,,yes,yes,yes,,,,,,,,,,,,,wlan,,,,,,,,,,,,,customers,,,,,,,,,,,,,,,,,,,,,,,,,,,,,,,,,,,,,,,,,,,,,,,,,,
POINT (-46.7160668 -23.5898411),pharmacy,Droga Raia,Q10357101,,,pharmacy,Droga Raia,,,,,,,,,,,,,,,,,,,,,,,,,,,,,,,,,,,,,,,,,,,,,,,,,,,,,,,,,,,,,,,,,,,,,,,,,,,,,,,,,,,,,,,,,,,,,,,,,,,,,
POINT (-46.7211493 -23.594102),pharmacy,Drogaria São Paulo,Q5308184,,,pharmacy,Drogaria São Paulo,,,,,,,,,,,,,,,,,,,,,,,,,,,,,,,,,,,,,,,,,,,,,,,,,,,,,,,,,,,,,,,,,,,,,,,,,,,,,,,,,,,,,,,,,,,,,,,,,,,,,
POINT (-46.7262624 -23.6136026),pharmacy,,,,,pharmacy,Drogaria e Perfumaria Sulavi,,,,,,,,,,,,,,,,,,,,,,,,,,,,,,,,,perfumery,,,,,,,,,,,,,,,,,,,,,,,,,,,,,,,,,,,,,,,,,,,,,,,,,,,,,,,,,,,,,,,,,,,,
POINT (-46.6572439 -23.5671502),pharmacy,Drogaria São Paulo,Q5308184,,,pharmacy,Drogaria São Paulo,,São Paulo,1130,01405-001,Rua Pamplona,,,,,,,,,,,,,,,,,,,,,,,,,,,,,,,,,,,,,,,,,,,,,,,,,,,,,,,,,,,,,,,,,,,,,,,,,,,,,,,,,,,,,,,,,,,,,,,,
POINT (-46.6427423 -23.526207),pharmacy,,,,,pharmacy,Unidade Dispensadora Tenente Pena,,,506,,Rua dos Italianos,,,,,,,,,,,,,Governo do Estado de São Paulo,,,,,,,,,,,,,,,,,,,,,,,,,,,,,,,,,,,,,,,,,,,,,,,,,,,,,,,,,,,,,,,,,,,,,,,,,,,,,,,,,,,
POINT (-46.6598425 -23.5426584),pharmacy,,,,,pharmacy,Droga Raia,,,,,,,,,,,,,,,,,,,,,,,,,,,,,,,,,,,,,,,,,,,,,,,,,,,,,,,,,,,,,,,,,,,,,,,,,,,,,,,,,,,,,,,,,,,,,,,,,,,,,
POINT (-46.6690606 -23.5331348),pharmacy,,,,,pharmacy,Turiassú,,,,,,,,,,,,,,,,,,,,,,,,,,,,,,,,,,,,,,,,,,,,,,,,,,,,,,,,,,,,,,,,,,,,,,,,,,,,,,,,,,,,,,,,,,,,,,,,,,,,,
POINT (-46.5011369 -23.6133461),pharmacy,,,,,pharmacy,,,,132,,Avenida Arquiteto Vilanova Artigas,,,,,,,,,,,,,,,Conjunto Habitacional Teotônio Vilela,,,,,,,,,,,,,,,,,,,,,,,,,,,,,,,,,,,,,,,,,,,,,,,,,,,,,,,,,,,,,,,,,,,,,,,,,,,,,,,,,
POINT (-46.6634769 -23.5365439),pharmacy,,,,,pharmacy,Drogaria nova esperança,,,,,,,,,,,,,,,,,,,,,,,,,,,,,,,,,,,,,,,,,,,,,,,,,,,,,,,,,,,,,,,,,,,,,,,,,,,,,,,,,,,,,,,,,,,,,,,,,,,,,
POINT (-46.5798828 -23.5920454),pharmacy,Droga Leste,,yes,,pharmacy,Droga Leste,,São Paulo,1500,03134-001,Rua Ibitirama,,,,,Mo-Su 07:00-00:00; PH 07:00-00:00,,,https://www.drogaleste.com.br,,,,,,,Vila Prudente,,,,,,,,,,,,,,,,,,,,,,,,,,,,,,,,,,,,,,,,,,,,,,,,,,,,,,,,,,,,,,,,,,,,,,,,,,,,,,,,,
POINT (-46.6504552 -23.554424),pharmacy,,,,,pharmacy,Drogaria Nova Bela Vista Preço Popular,,,,,,,,,,,,,,,,,,,,,,,,,,,,,,,,,,,,,,,,,,,,,,,,,,,,,,,,,,,,,,,,,,,,,,,,,,,,,,,,,,,,,,,,,,,,,,,,,,,,,
POINT (-46.5212143 -23.5225483),pharmacy,,,,,pharmacy,Rua Ivoturucaia Farmácia,,,,,,,,,,,,,,,,,,,,,,,,,,,,,,,,,,,,,,,,,,,,,,,,,,,,only,,,,,,,,,,,,,,,,,,,,,,,,,,,,,,,,,,,,,,,,,,,,,,,,,
POINT (-46.6685101 -23.6142954),pharmacy,,,,,pharmacy,Farmahit,,,,,,,,,,,,,,,,,,,,,,,,,,,,,,,,,,,,,,,,,,,,,,,,,,,,,,,,,,,,,,,,,,,,,,,,,,,,,,,,,,,,,,,,,,,,,,,,,,,,,
POINT (-46.5941169 -23.580461),pharmacy,Droga Raia,Q10357101,,,pharmacy,Droga Raia,,,,,,,,,,,,,,,,,,,,,,,,,,,,,,,,,,,,,,,,,,,,,,,,,,,,,,,,,,,,,,,,,,,,,,,,,,,,,,,,,,,,,,,,,,,,,,,,,,,,,
POINT (-46.594589 -23.5793106),pharmacy,Drogaria São Paulo,Q5308184,,,pharmacy,Drogaria São Paulo,,,,,,,,,,,,,,,,,,,,,,,,,,,,,,,,,,,,,,,,,,,,,,,,,,,,,,,,,,,,,,,,,,,,,,,,,,,,,,,,,,,,,,,,,,,,,,,,,,,,,
POINT (-46.6352096 -23.5535088),pharmacy,,,,,pharmacy,Drogarias FarMelhor - Faz Bem Pra Sua Saúde. Faz Bem Pro Seu Bolso.,,,,,,,,,,,,,,,,,,,,,,,,,,,,,,,,,,,,,,,,,,,,,,,,,,,,,,,,,,,,,,,,,,,,,,,,,,,,,,,,,,,,,,,,,,,,,,,,,,,,,
POINT (-46.6772182 -23.5742216),pharmacy,Panvel,Q10344254,,,pharmacy,Panvel,,,,,,,,,,,,,,,,,,,,,,,,,,,,,,,,,,,,,,,,,,,,,,,,,,,,,,,,,,,,,,,,,,,,,,,,,,,,,,,,,,,,,,,,,,,,,,,,,,,,,
POINT (-46.6963389 -23.5861151),pharmacy,Drogaria São Paulo,Q5308184,,,pharmacy,Drogaria São Paulo,,,,,,,,,,,,,,,,,,,,,,,,,,,,,,,,,,,,,,,,,,,,,,,,,,,,,,,,,,,,,,,,,,,,,,,,,,,,,,,,,,,,,,,,,,,,,,,,,,,,,
POINT (-46.6861215 -23.5831825),pharmacy,Drogaria São Paulo,Q5308184,,,pharmacy,Drogaria São Paulo,,,,,,,,,,,,,,,,,,,,,,,,,,,,,,,,,,,,,,,,,,,,,,,,,,,,,,,,,,,,,,,,,,,,,,,,,,,,,,,,,,,,,,,,,,,,,,,,,,,,,
POINT (-46.6060712 -23.6282855),pharmacy,Drogasil,Q5308185,,,pharmacy,Drogasil,yes,,,,Rua Nossa Senhora das Mercês,,,,,,,,,,,,,,,,,,,,,,,,,,,,,,,,,,,,,,,,,,,,,,,,,,,,,,,,,,,,,,,,,,,,,,,,,,,,,,,,,,,,,,,,,,,,,,,,
POINT (-46.6613614 -23.5566845),pharmacy,Drogaria São Paulo,Q5308184,,,pharmacy,Drogaria São Paulo,,,,,,,,,,,,,,,,,,,,,,,,,,,,,,,,,,,,,,,,,,,,,,,,,,,,,,,,,,,,,,,,,,,,,,,,,,,,,,,,,,,,,,,,,,,,,,,,,,,,,
POINT (-46.6846532 -23.5856223),pharmacy,Drogaria São Paulo,Q5308184,,,pharmacy,Drogaria São Paulo,,,,,,,,,,,,,,,,,,,,,,,,,,,,,,,,,,,,,,,,,,,,,,,,,,,,,,,,,,,,,,,,,,,,,,,,,,,,,,,,,,,,,,,,,,,,,,,,,,,,,
POINT (-46.6604295 -23.5584715),pharmacy,,,,,pharmacy,Ultrafarma,,,,,,,,,,,,,,,,,,,,,,,,,,,,,,,,,,,,,,,,,,,,,,,,,,,,,,,,,,,,,,,,,,,,,,,,,,,,,,,,,,,,,,,,,,,,,,,,,,,,,
POINT (-46.6908402 -23.5714716),pharmacy,,,,,pharmacy,Ultrafarma,,,,,,,,,,,,,,,,,,,,,,,,,,,,,,,,,,,,,,,,,,,,,,,,,,,,,,,,,,,,,,,,,,,,,,,,,,,,,,,,,,,,,,,,,,,,,,,,,,,,,
POINT (-46.7564034 -23.5685955),pharmacy,Farma Conde,Q100492677,yes,no,pharmacy,Farma Conde,,,1234,,Avenida do Rio Pequeno,,,,,Mo-Sa 07:00-22:00; Su 08:00-22:00; PH off,,+55 11 3719 4222,https://www.farmaconde.com.br/,,,,,,,Rio Pequeno,,,,,,,,,,,,,,,,,,,,,,,,,,,,,,,,,,,,,,,,,,,,,,,,,,,,,,,,,,,,,,,,,,,,,,,,,,,,,,,,,
POINT (-46.6569959 -23.6539502),pharmacy,,,,,pharmacy,Classe Farma Drogarias,,,,,,,,,,,,,,,,,,,,,,,,,,,,,,,,,,,,,,,,,,,,,,,,,,,,,,,,,,,,,,,,,,,,,,,,,,,,,,,,,,,,,,,,,,,,,,,,,,,,,
POINT (-46.6601017 -23.5585047),pharmacy,Drogaria São Paulo,Q5308184,,,pharmacy,Drogaria São Paulo,,,,,,,,,,,,,,,,,,,,,,,,,,,,,,,,,,,,,,,,,,,,,,,,,,,,,,,,,,,,,,,,,,,,,,,,,,,,,,,,,,,,,,,,,,,,,,,,,,,,,
POINT (-46.6596051 -23.5589486),pharmacy,Droga Raia,Q10357101,,,pharmacy,Droga Raia,yes,,,,,,,,,,,,,,,,,,,,,,,,,,,,,,,,,,,,,,,,,,,,,,,,,,,,,,,,,,,,,,,,,,,,,,,,,,,,,,,,,,,,,,,,,,,,,,,,,,,,
POINT (-46.6502551 -23.6194706),pharmacy,,,,,pharmacy,Drogaria Farma Ceci,,,,,,,,,,,,,,,,,,,,,,,,,,,,,,,,,,,,,,,,,,,,,,,,,,,,,,,,,,,,,,,,,,,,,,,,,,,,,,,,,,,,,,,,,,,,,,,,,,,,,
POINT (-46.7517623 -23.4099682),pharmacy,,,yes,no,pharmacy,Drogaria Rocha Perus,,,513,,Rua Júlio Maciel,,,,,,,+55 11 3915 3449,,,,,,,,,,,,,,,,,,,,,,,,,,,,,,,,,,,,,,,,,,,,,,,,,,,,,,,,,,,,,,,,,,,,,,,,,,,,,,,,,,,,,,,,,
POINT (-46.6141134 -23.6556517),pharmacy,,,yes,no,pharmacy,Doutor farma,,,6327,,Avenida do Cursino,,,,,,,,,,,,,,,,,,,,,,,,,,,,,,,,,,,,,,,,,,,,,,,,,,,,,,,,,,,,,,,,,,,,,,,,,,,,,,,,,,,,,,,,,,,,,,,,
POINT (-46.6139148 -23.6553894),pharmacy,,,yes,no,pharmacy,Inovação Farmácia e Manipulação,,,,,Avenida do Cursino,,,,,,,+55 11 2331 4634,,,,,,,,,,,,,,,,,,,,,,,,,,,,,,,,,,,,,,,,,,,,,,,,,,,,,,,,,,,,,,,,,,,,,,,,,,,,,,,,,,,,,,,,,
POINT (-46.6427768 -23.5732566),pharmacy,Drogaria São Paulo,Q5308184,,,pharmacy,Drogaria São Paulo,,,,,,,,,,,,,,,,,,,,,,,,,,,,,,,,,,,,,,,,,,,,,,,,,,,,,,,,,,,,,,,,,,,,,,,,,,,,,,,,,,,,,,,,,,,,,,,,,,,,,
POINT (-46.6341081 -23.5498381),pharmacy,,,,,pharmacy,Onofre,,São Paulo,100,01001-001,Praça da Sé,,,,,,,,,,,,,,,,,,,,,,,,,,,,,,,,,,,,,,,,,,,,,,,,,,,,,,,,,,,,,,,,,,,,,,,,,,,,,,,,,,,,,,,,,,,,,,,,
POINT (-46.6403407 -23.5421334),pharmacy,Drogaria São Paulo,Q5308184,,,pharmacy,Drogaria São Paulo,,,,,,,,,,,,,,,,,,,,,,,,,,,,,,,,,,,,,,,,,,,,,,,,,,,,,,,,,,,,,,,,,,,,,,,,,,,,,,,,,,,,,,,,,,,,,,,,,,,,,
POINT (-46.5436631 -23.5893478),pharmacy,,,yes,no,pharmacy,,,,5441,,Avenida Professor Luiz Ignácio Anhaia Mello,,,,,"Mo-Sa 08:00-21:30; Su,PH 08:00-20:00",,,,,,,,,,Vila Ema,,,,,,,,,,,,,,,,,,,,,,,,,,,,,,,,,,,,,,,,,,,,,,,,,,,,,,,,,,,,,,,,,,,,,,,,,,,,,,,,,
POINT (-46.54381 -23.588124),pharmacy,Drogaria São Paulo,Q5308184,yes,no,pharmacy,Drogaria São Paulo,,,3680,,Avenida Vila Ema,,,,,"Mo-Su,PH 07:00-23:00",,,,,,,,,,Vila Ema,,,,,,,,,,,,,,,,,,,,,,,,,,,,,,,,,,,,,,,,,,,,,,,,,,,,,,,,,,,,,,,,,,,,,,,,,,,,,,,,,
POINT (-46.6546566 -23.5483365),pharmacy,,,,,pharmacy,Drogaria Higienópolis,,,,,,,,,,,,,,,,,,,,,,,,,,,,,,,,,,,,,,,,,,,,,,,,,,,,,,,,,,,,,,,,,,,,,,,,,,,,,,,,,,,,,,,,,,,,,,,,,,,,,
POINT (-46.6677737 -23.5309635),pharmacy,,,,,pharmacy,,,,,,,,,,,,,,,,,,,,,,,,,,,,,,,,,,,,,,,,,,,,,,,,,,,,,,,,,,,,,,,,,,,,,,,,,,,,,,,,,,,,,,,,,,,,,,,,,,,,,,
POINT (-46.6408926 -23.5433365),pharmacy,,,,,pharmacy,Droga Knox,,São Paulo,263,01041-001,Rua Vinte e Quatro de Maio,,,,,,,,,,,,,,,,,,,,,,,,,,,,,,,,,,,,,,,,,,,,,,,,,,,,,,,,,,,,,,,,,,,,,,,,,,,,,,,,,,,,,,,,,,,,,,,,
POINT (-46.6503852 -23.4760989),pharmacy,Farma Conde,Q100492677,,,pharmacy,Farma Conde,,São Paulo,3834,02430-002,Rua Conselheiro Moreira de Barros,,,,,,,,,,,,,,,Lauzane Paulista,,,,,,,,,,,,,,healthcare,,,,,,,,,,,,,,,,,,,,,,,,,,,,,,,,,,,,,,,,,,,,,,,,,,,,,,,,,,,,,,,,,,,
POINT (-46.6915106 -23.5658499),pharmacy,,,,,pharmacy,Drogaria ultra,,,,,,,,,,,,,,,,,,,,,,,,,,,,,,,,,,,,,,,,,,,,,,,,,,,,,,,,,,,,,,,,,,,,,,,,,,,,,,,,,,,,,,,,,,,,,,,,,,,,,
POINT (-46.6453314 -23.4759617),pharmacy,,,,,pharmacy,,,,,,,,,,,,,,,,,,,,,,,,,,,,,,,,,,,,,,,,,,,,,,,,,,,,,,,,,,,,,,,,,,,,,,,,,,,,,,,,,,,,,,,,,,,,,,,,,,,,,,
POINT (-46.7568738 -23.4865471),pharmacy,,,,,pharmacy,Drogarias Menor Preço,,,,,Estrada Turística do Jaraguá,,,,,,,,,,,,,,,,,,,,,,,,,,,,,,,,,,,,,,,,,,,,,,,,,,,,,,,,,,,,,,,,,,,,,,,,,,,,,,,,,,,,,,,,,,,,,,,,
POINT (-46.7274674 -23.5739608),pharmacy,,,,,pharmacy,Ultrafarma,,,,,,,,,,,2024-12-09,,,,,,,,,,,,,,,,,,,,,,,,,,,,,,,,,,,,,,,,,,,,,,,,,,,,,,,,,,,,,,,,,,,,,,,,,,,,,,,,,,,,,,,,,,
POINT (-46.6980525 -23.5569384),pharmacy,Drogaria São Paulo,Q5308184,,,pharmacy,Drogaria São Paulo,,,,,,,,,,,2024-12-15,,,,,,,,,,,,,,,,,,,,,,,,,,,,,,,,,,,,,,,,,,,,,,,,,,,,,,,,,,,,,,,,,,,,,,,,,,,,,,,,,,,,,,,,,,
POINT (-46.7167707 -23.5836989),pharmacy,Drogaria São Paulo,Q5308184,,,pharmacy,Drogaria São Paulo,,,,,,,,,http://www.drogariasaopaulo.com.br,24/7,,,,en:Grupo DPSP,,,,,,,,,,,,,,,,,,,,,,,,,,,,,,,,,,,,,,,,,,,,,,,,,,,,,,,,,,,,,,,,,,,,,,,,,,,,,,,,,,,,,,,
POINT (-46.6681637 -23.5375572),pharmacy,,,,,pharmacy,Farma e cia,,,,,,,,,,,,,,,,,,,,,,,,,,,,,,,,,,,,,,,,,,,,,,,,,,,,,,,,,,,,,,,,,,,,,,,,,,,,,,,,,,,,,,,,,,,,,,,,,,,,,
POINT (-46.6429326 -23.5064259),pharmacy,Drogasil,Q5308185,,,pharmacy,Drogasil,yes,,,,,,,,,24/7,,,,,,,,,,,,,,,,,,,,,,,,,,,,,,,,,,,,,,,,,,,,,,,,,,,,,,,,,,,,,,,,,,,,,,,,,,,,,,,,,,,,,,,,,,,
POINT (-46.6359875 -23.4952204),pharmacy,,,,,pharmacy,Drogaria São Paulo,,,,,,,,,,,,,,,,,,,,,,,,,,,,,,,,,,,,,,,,,,,,,,,,,,,,,,,,,,,,,,,,,,,,,,,,,,,,,,,,,,,,,,,,,,,,,,,,,,,,,
POINT (-46.6759305 -23.5834659),pharmacy,,,,,pharmacy,Farmácia São Paulo,,,,,,,,,,,,,,,,,,,,,,,,,,,,,,,,,,,,,,,,,,,,,,,,,,,,,,,,,,,,,,,,,,,,,,,,,,,,,,,,,,,,,,,,,,,,,,,,,,,,,
POINT (-46.7076 -23.5946344),pharmacy,Drogaria São Paulo,Q5308184,,,pharmacy,Drogaria São Paulo,,,,,,,,,,,,,,,,,,,,,,,,,,,,,,,,,,,,,,,,,,,,,,,,,,,,,,,,,,,,,,,,,,,,,,,,,,,,,,,,,,,,,,,,,,,,,,,,,,,,,
POINT (-46.6519062 -23.5386103),pharmacy,,,,,pharmacy,Ultra popular,,,,,,,,,,Mo-Sa 08:00-22:00,,,,,,,,,,,,,,,,,,,,,,,,,,,,,,,,,,,,,,,,,,,,,,,,,,,,,,,,,,,,,,,,,,,,,,,,,,,,,,,,,,,,,,,,,,,
POINT (-46.5482217 -23.6019021),pharmacy,Drogaria São Paulo,Q5308184,,,pharmacy,Drogaria São Paulo,,,,,,,,,,,,,,,,,,,,,,,,,,,,,,,,,,,,,,,,,,,,,,,,,,,,,,,,,,,,,,,,,,,,,,,,,,,,,,,,,,,,,,,,,,,,,,,,,,,,,
POINT (-46.3998889 -23.5592546),pharmacy,,,,,pharmacy,Droga Leste,,São Paulo,902,,Rua Jerônimo Dias Ribeiro,,,,,24/7,,,,,,,,,,Guaianases,,,,,,,,,,,,,,,,,,,,,,,,,,,,,,,,,,,,,,,,,,,,,,,,,,,,,,,,,,,,,,,,,,,,,,,,,,,,,,,,,
POINT (-46.7126404 -23.5819256),pharmacy,,,,,,ManiFarma Farmácia de Manipulação,,,,,,,,,,,,,,,,,,,,,,,,,,,,,,,,,,,,,,,,,,,,,,,,,,,,,,,,,,,,,,,,,,,,,,,,,,,,,,,,,,,,,,,,,,,,,,,,,,,,,
POINT (-46.7421402 -23.5467382),pharmacy,,,,,pharmacy,Drogaria Laras,,São Paulo,21,,Rua Três Arapongas,,,,,,,,,,,,,,,Jaguaré,,,,,,,,,,,,,,,,,,,,,,,,,,,,,,,,,,,,,,,,,,,,,,,,,,,,,,,,,,,,,,,,,,,,,,,,,,,,,,,,,
POINT (-46.6208152 -23.621945),pharmacy,Droga Raia,Q10357101,,,pharmacy,Droga Raia,,,,,,,,,,,,,,pt:RaiaDrogasil,,,,,,,,,,,,,,,,,,,,,,,,,,,,,,,,,,,,,,,,,,,,,,,,,,,,,,,,,,,,,,,,,,,,,,,,,,,,,,,,,,,,,,,
POINT (-46.4921473 -23.6127702),pharmacy,,,,,pharmacy,Eveline,,São Paulo,10015,,Avenida Sapopemba,,,,,,,,,,,,,,,Jd. Sapopemba,,,,,,,,,,,,,,,,,,,,,,,,,,,,,,,,,,,,,,,,,,,,,,,,,,,,,,,,,,,,,,,,,,,,,,,,,,,,,,,,,
POINT (-46.6359999 -23.529379),pharmacy,,,,,pharmacy,Ultrafarma Bom Retiro 24 horas,yes,São Paulo,531,01121-000,Rua Prates-Coréia,,,,,24/7,2025-08-27,+55 11 3329 9781,,,,+55 11 94337 1709,,,,Loja 3,,,yes,yes,yes,,,,,,,,,,"Ultrafarma Bom Retiro 24 horas
Farmácia/Drugstore, Drogaria, Perfumaria e Manipulação localizada no bairro Bom Retiro, região central de São Paulo,próximo às estações de metrô Armênia, Tiradentes e Luz. Funcionamos 24 horas de domingo à domingo 365 dias.",farmaeciabomretiro@gmail.com,,,yes,yes,,,,yes,,yes,yes,yes,,,,,2025-08-27,yes,yes,yes,yes,yes,yes,yes,yes,yes,yes,yes,yes,yes,yes,yes,,,,,,,,,,,,,,,,,,,,,,,,,,,,,,,,,
POINT (-46.6603205 -23.5587138),pharmacy,Drogaria São Paulo,Q5308184,,,pharmacy,Drogaria São Paulo,,,,,,,,,,,2025-05-27,,,,,,,,,,,,,,,,,,,,,,,,,,,,,,,,,,,,,,,,,,,,,,,,,,,,,,,,,,,,,,,,,,,,,,,,,,,,,,,,,,,,,,,,,,
POINT (-46.4883396 -23.5063498),pharmacy,,,yes,no,pharmacy,UltraFarma Popular,,,112,,Avenida Boturussu,,,,,,,,,,,,,,,Parque Boturussu,,,,,,,,,,,,,,,,,,,,,,,,,,,,,,,,,,,,,,,,,,,,,,,,,pmsp,,,,,,,,,,,,,,,,,,,,,,,,,,,,,,,,
POINT (-46.6682879 -23.5997925),pharmacy,,,,,,Drogaria Sao Paulo,yes,São Paulo,116,04515-010,Av. Lavandisca,,,,,00:00 - 23:59,,,drogariasaopaulo.com.br,,,,,,,,,,,,,,,,,,,,,,,,,no,,,,,,,,,,,,,,,,,,,,,,,,,,,,,,,,,,,,,,,,,,,,,,,,,,,,,,,,,,,,,,,
POINT (-46.6319515 -23.5732253),pharmacy,Droga Raia,Q10357101,,,pharmacy,Droga Raia,,,815,,Avenida da Aclimação,,,,,24/7,2025-10-03,+55 11 94300-9562,https://www.drogaraia.com.br/,,,,,,,,,,,,,,,,,,,,,,,,,,,,,,,,,,,,,,,,,,,,,,,,,,,,,,,,,,,,,,,,,,,,,,,,,,,,,,,,,,,,,,,,
POINT (-46.6711441 -23.4610947),pharmacy,,,yes,no,pharmacy,PromoFarma,,,1407,,Avenida General Penha Brasil,,,,,,,,,,,+55 11 97166 7689,,,,,,,,,,,,,,,,,,,,,,,,,,,,,,,,,,,,,,,,,,,,,,,,,,,,,,yes,,,,,,,,,,,,,,,,,,,,,,,,,,,,,,,
POINT (-46.5074537 -23.5967901),pharmacy,,,yes,no,pharmacy,Farmácia Nova Brasilia,,,,,Rua Nova Brasília,,,,,,,+55 11 2725 0150,,,,+55 11 94217 6737,,,,,,,,,,,,,,,,,,,,,,,,,,,,,,,,,,,,,,,,,,,,,,,,,,,,,,,,,,,,,,,,,,,,,,,,,,,,,,,,,,,,,
POINT (-46.518 -23.5986355),pharmacy,,,yes,no,pharmacy,Promofarma,,,8941,,Avenida Sapopemba,,,,,,,,,,,+55 11 97414 3186,,,,,,,,,,,,,,,,,,,,,,,,,,,,,,,,,,,,,,,,,,,,,,,,,,,,,,,,,,,,,,,,,,,,,,,,,,,,,,,,,,,,,
POINT (-46.6235226 -23.5027836),pharmacy,,,,,,,,,,,,,,,,,,,,,,,,,,,,,,,,,,,,,,,,,,,,,,,,,,,,,,,,,,,,,,,,,,,,,,,,,,,,,,,,,,,,,,,,,,,,,,,,,,,,,,,,,,,
POINT (-46.6657075 -23.6732169),pharmacy,,,,,pharmacy,Ani Farma,,,,,,,,,,,,,,,,,,,,,,,,,,,,,,,,,,,,,,,,,,,,,,,,,,,,,,,,,,,,,,,,,,,,,,,,,,,,,,,,,,,,,,,,,,,,,,,,,,,,,
POINT (-46.6639164 -23.6739636),pharmacy,,,,,pharmacy,Drogaria Marques,,,,,,,,,,,,,,,,,,,,,,,,,,,,,,,,,,,,,,,,,,,,,,,,,,,,,,,,,,,,,,,,,,,,,,,,,,,,,,,,,,,,,,,,,,,,,,,,,,,,,
POINT (-46.6618819 -23.6748595),pharmacy,Farma Conde,Q100492677,,,pharmacy,Farma Conde,,,,,,,,,,,,,,,,,,,,,,,,,,,,,,,,,,,,,,,,,,,,,,,,,,,,,,,,,,,,,,,,,,,,,,,,,,,,,,,,,,,,,,,,,,,,,,,,,,,,,
POINT (-46.6640921 -23.6739053),pharmacy,,,,,pharmacy,Farmácia Popular,,,,,,,,,,,,,,,,,,,,,,,,,,,,,,,,,,,,,,,,,,,,,,,,,,,,,,,,,,,,,,,,,,,,,,,,,,,,,,,,,,,,,,,,,,,,,,,,,,,,,
POINT (-46.6644783 -23.6737941),pharmacy,,,,,pharmacy,Campeão Farma,,,,,,,,,,,,,,,,,,,,,,,,,,,,,,,,,perfumery,,,,,,,,,,,,,,,,,,,,,,,,,,,,,,,,,,,,,,,,,,,,,,,,,,,,,,,,,,,,,,,,,,,,
POINT (-46.6621689 -23.6746924),pharmacy,,,,,pharmacy,Drogaria & Perfumaria Arn Farma,,,,,,,,,,,,,,,,,,,,,,,,,,,,,,,,,perfumery,,,,,,,,,,,,,,,,,,,,,,,,,,,,,,,,,,,,,,,,,,,,,,,,,,,,,,,,,,,,,,,,,,,,
POINT (-46.6619547 -23.6745966),pharmacy,,,,,pharmacy,Classe Farma Drogarias,,,,,,,,,,,,,,,,,,,,,,,,,,,,,,,,,,,,,,,,,,,,,,,,,,,,,,,,,,,,,,,,,,,,,,,,,,,,,,,,,,,,,,,,,,,,,,,,,,,,,
POINT (-46.6319086 -23.500112),pharmacy,,,,,,Raia,,,,,,,,,,,,,,,,,,,,,,,,,,,,,,,,,,,,,,,,,,,,,,,,,,,,,,,,,,,,,,,,,,,,,,,,,,,,,,,,,,,,,,,,,,,,,,,,,,,,,
POINT (-46.6240355 -23.5213539),pharmacy,,,,,pharmacy,Felizfarma,,,,,,,,,,,,,,,,,,,,,,,,,,,,,,,,,,,,,,,,,,,,,,,,,,,,,,,,,,,,,,,,,,,,,,,,,,,,,,,,,,,,,,,,,,,,,,,,,,,,,
POINT (-46.6472773 -23.5629688),pharmacy,,,,,,Raia,,,,,,,,,,,,,,,,,,,,,,,,,,,,,,,,,,,,,,,,,,,,,,,,,,,,,,,,,,,,,,,,,,,,,,,,,,,,,,,,,,,,,,,,,,,,,,,,,,,,,
POINT (-46.6876333 -23.5755604),pharmacy,Drogasil,Q5308185,,,pharmacy,Drogasil,yes,,,,,,,,,,,,,,,,,,,,,,,,,,,,,,,,,,,,,,,,,,,,,,,,,,,,,,,,,,,,,,,,,,,,,,,,,,,,,,,,,,,,,,,,,,,,,,,,,,,,
POINT (-46.6615711 -23.5039316),pharmacy,,,,,,Drogasil,,,,,,,,,,,,,,,,,,,,,,,,,,,,,,,,,,,,,,,,,,,,,,,,,,,,,,,,,,,,,,,,,,,,,,,,,,,,,,,,,,,,,,,,,,,,,,,,,,,,,
POINT (-46.6493213 -23.5481953),pharmacy,,,,,pharmacy,farmalise,,,,,,,,,,,,,,,,,,,,,,,,,,,,,,,,,,,,,,,,,,,,,,,,,,,,,,,,,,,,,,,,,,,,,,,,,,,,,,,,,,,,,,,,,,,,,,,,,,,,,
POINT (-46.6071158 -23.526598),pharmacy,,,,no,pharmacy,Farma Ética Pari,,São Paulo,1421,03026-001,Rua Silva Teles,,,,,Mo-Sa 7:30-21:00,,,,,,,,,,Pari,,,,,,,,,,,,,,,,,,,,,,,,,,,,,,,,,,,,,,,,,,,,,,,,,,,,,,,,,,,,,,,,,,,,,,,,,,,,,,,,,
POINT (-46.4740572 -23.535878),pharmacy,Drogasil,Q5308185,,,pharmacy,Drogasil,yes,São Paulo,5,,Avenida Campanella,,,,,,,,,,,,,,,,,,,,,,,,,,,,,,,,,,,,,,,,,,,,,,,,,,,,,,,,,,,,,,,,,,,,,,,,,,,,,,,,,,,,,,,,,,,,,,,,
POINT (-46.6924125 -23.5618497),pharmacy,Drogaria São Paulo,Q5308184,,,pharmacy,Drogaria São Paulo,yes,,,,,,,,,,2025-12-06,,,,,,,,,,,,,,,,,,,,,,,,,,,,,,,,,,,,,,,,,,,,,,,,,,,,,,,,,,,,,,,,,,,,,,,,,,,,,,,,,,,,,,,,,,
POINT (-46.4234663 -23.5337508),pharmacy,,,,,pharmacy,Drogarias Mega Farma,,,,,Rua João Bodin,,,,,,,,,,,,,,,,,,,,,,,,,,,,,,,,,,,,,,,,,,,,,,,,,,,,,,,,,,,,,,,,,,,,,,,,,,,,,,,,,,,,,,,,,,,,,,,,
POINT (-46.7570229 -23.6170942),pharmacy,Drogaria São Paulo,Q5308184,,,pharmacy,Drogaria São Paulo,,,,,,,,,,,,,,,,,,,,,,,,,,,,,,,,,,,,,,,,,,,,,,,,,,,,,,,,,,,,,,,,,,,,,,,,,,,,,,,,,,,,,,,,,,,,,,,,,,,,,
POINT (-46.7573436 -23.617142),pharmacy,Drogasil,Q5308185,,,pharmacy,Drogasil,yes,,,,,,,,,,,,,,,,,,,,,,,,,,,,,,,,,,,,,,,,,,,,,,,,,,,,,,,,,,,,,,,,,,,,,,,,,,,,,,,,,,,,,,,,,,,,,,,,,,,,
POINT (-46.6934428 -23.7369235),pharmacy,,,,,pharmacy,Droga Mix,no,São Paulo,705,,Avenida Dona Belmira Marin,,,,,,,,,,,,,,,,,,,,,,,,,,,,,,,,,,,,,,,,,,,,,,,,,,,,,,,,,,,,,,,,,,,,,,,,,,,,,,,,,,,,,,,,,,,,,,,,
POINT (-46.6029802 -23.4814273),pharmacy,,,,,,,,,,,,,,,,,,,,,,,,,,,,,,,,,,,,,,,,,,,,,,,,,,,,,,,,,,,,,,,,,,,,,,,,,,,,,,,,,,,,,,,,,,,,,,,,,,,,,,,,,,,
POINT (-46.6963054 -23.630635),pharmacy,,,yes,,,,,,,,,,,,,,,,,,,,,,,,,,,,,,,,,,,,,,,,,,,,,,,,,,,,,,,,,,,,,,,,,,,,,,,,,,,,,,,,,,,,,,,,,,,,,,,,,,,,,,,,
POINT (-46.609104 -23.478344),pharmacy,,,,,,,,,,,,,,,,,,,,,,,,,,,,,,,,,,,,,,,,,,,,,,,,,,,,,,,,,,,,,,,,,,,,,,,,,,,,,,,,,,,,,,,,,,,,,,,,,,,,,,,,,,,
POINT (-46.6029681 -23.4802177),pharmacy,,,,,,,,,566,,Avenida Doutor Antônio Maria Laet,,,,,,,,,,,,,,,,,,,,,,,,,,,,,,,,,,,,,,,,,,,,,,,,,,,,,,,,,,,,,,,,,,,,,,,,,,,,,,,,,,,,,,,,,,,,,,,,
POINT (-46.6170122 -23.5154676),pharmacy,,,,,,,,,,,,,,,,,,,,,,,,,,,,,,,,,,,,,,,,,,,,,,,,,,,,,,,,,,,,,,,,,,,,,,,,,,,,,,,,,,,,,,,,,,,,,,,,,,,,,,,,,,,
POINT (-46.4830778 -23.5482547),pharmacy,,,,,pharmacy,,,São Paulo,151C,03590-060,Avenida Padre Estanislau de Campos,,,,,,,,,,,,,,,,,,,,,,,,,,,,,,,,,,,,,,,,,,,,,,,,,,,,,,,,,,,,,,,,,,,,,,,,,,,,,,,,,,,,,,,,,,,,,,,,
POINT (-46.6271216 -23.5691586),pharmacy,,,,,,,,,,,,,,,,,,,,,,,,,,,,,,,,,,,,,,,,,,,,,,,,,,,,,,,,,,,,,,,,,,,,,,,,,,,,,,,,,,,,,,,,,,,,,,,,,,,,,,,,,,,
POINT (-46.6948488 -23.5863089),pharmacy,,,,,pharmacy,Ultrfarma,,,,,,,,,,,,,,,,,,,,,,,,,,,,,,,,,,,,,,,,,,,,,,,,,,,,,,,,,,,,,,,,,,,,,,,,,,,,,,,,,,,,,,,,,,,,,,,,,,,,,
POINT (-46.4769034 -23.514393),pharmacy,Drogasil,Q5308185,,,,Drogasil,,,,,,,,,,,,,,,,,,,,,,,,,,,,,,,,,,,,,,,,,,,,,,,,,,,,,,,,,,,,,,,,,,,,,,,,,,,,,,,,,,,,,,,,,,,,,,,,,,,,,
POINT (-46.5987684 -23.5223977),pharmacy,,,,,pharmacy,,,,,,,,,,,,,,,,,,,,,,,,,,,,,,,,,,,,,,,,,,,,,,,,,,,,,,,,,,,,,,,,,,,,,,,,,,,,,,,,,,,,,,,,,,,,,,,,,,,,,,
POINT (-46.6456417 -23.5470693),pharmacy,,,,,pharmacy,+gentil,,,,,,,,,,,,,,,,,,,,,,,,,,,,,,,,,,,,,,,,,,,,,,,,,,,,,,,,,,,,,,,,,,,,,,,,,,,,,,,,,,,,,,,,,,,,,,,,,,,,,
"POLYGON ((-46.5321189 -23.5225225, -46.5321298 -23.5225236, -46.5321206 -23.5226023, -46.5321097 -23.5226012, -46.5320983 -23.5226992, -46.5321154 -23.5227009, -46.5321127 -23.5227247, -46.5321419 -23.5227276, -46.5321618 -23.5227296, -46.5321788 -23.5227312, -46.5321975 -23.5227331, -46.5322005 -23.5227069, -46.5322115 -23.522708, -46.5322419 -23.5224495, -46.532157 -23.5224346, -46.5321297 -23.5224298, -46.532128 -23.5224446, -46.5321189 -23.5225225), (-46.5321372 -23.5224777, -46.5321506 -23.5224777, -46.5321506 -23.5224879, -46.5321372 -23.5224872, -46.5321372 -23.5224777))",pharmacy,,,,,pharmacy,Droga Leste,,São Paulo,1319,03635-001,Avenida Amador Bueno da Veiga,,,,,,,,,,,,,,,,,,,,,,,,,,,8.666,,yes,,,,,,,,,,,,,,,,,,,,,,,,,,,,,,,,,,,pmsp,,,,,,,,,,,,,,,,,,,,,,,,,,,,,,,,multipolygon
"POLYGON ((-46.6964564 -23.6388578, -46.6965064 -23.6389262, -46.6965765 -23.6388858, -46.6965263 -23.6388195, -46.6964564 -23.6388578))",pharmacy,,,,,,Drogavista,,São Paulo,1759,04733-300,Avenida Adolfo Pinheiro,BR,,+55 11 5525 8990,,,,,,,,,,Drogavista,,,,,,,,,,,,,,,,,,,,,,,,,,,,,,,,,,,,,,,,,,,,,,,,,,,,,commercial,,,,,,,,,,,,,,,,,,,,,,,,,,,,,,
"POLYGON ((-46.696923 -23.6394958, -46.6968888 -23.639449, -46.6971838 -23.6392829, -46.6972151 -23.6393357, -46.696923 -23.6394958))",pharmacy,,,,,pharmacy,Folha Pharma Manipulação,,São Paulo,1681,04733-300,Avenida Adolfo Pinheiro,BR,,+55 11 5548 8654; +55 11 3569 7911,,,,,,,,,,,,,,,,,,,,,,,,,,,,,,,,,,,,,,,,,,,,,,,,,,,,,,,,,,,,,,,commercial,,,,,,,,,,,,,,,,,,,,,,,,,,,,,,
"POLYGON ((-46.6936983 -23.6367643, -46.693688 -23.6367529, -46.6937286 -23.6367257, -46.6936809 -23.6366544, -46.6936253 -23.6366841, -46.6935188 -23.6365671, -46.6935579 -23.636542, -46.6935141 -23.6364899, -46.693472 -23.6365156, -46.6934627 -23.6365054, -46.6936012 -23.6364256, -46.6937926 -23.6367145, -46.6936983 -23.6367643))",pharmacy,Droga Raia,Q10357101,,,pharmacy,Droga Raia,,São Paulo,569,04715-003,Rua Américo Brasiliense,BR,,,,,,,,pt:RaiaDrogasil,,,,Droga Raia,,,,,,,,,,,,,,5,,yes,,,,,,,,,,,,,,,,,,,,,,,,,,,,,,,,,,,,,retail,Alto da Boa Vista,,,,,,,,,,,,,,,,,,,,,,,,,,,,,
"POLYGON ((-46.695079 -23.6357583, -46.6949903 -23.6356637, -46.6949738 -23.6356527, -46.6949557 -23.6356536, -46.6948495 -23.6357129, -46.6948655 -23.6357334, -46.6949614 -23.6358581, -46.6949841 -23.6358388, -46.6950517 -23.6357815, -46.6950543 -23.6357793, -46.695079 -23.6357583))",pharmacy,,,yes,,pharmacy,Unipharmas,,São Paulo,6203,04701-100,Avenida Santo Amaro,BR,,,,,2024-09-03,,,,,,,,,,,,,,,,,,,,,,,,,,,,,,,,,,,,,,,,,,,,,,,,,,,,,,,,,,,,retail,,,,,,,,,,,,,,,,,,,,,,,,,,,,,,
"POLYGON ((-46.6899445 -23.5599844, -46.6898785 -23.5600777, -46.6897004 -23.5599717, -46.6897664 -23.5598785, -46.6899445 -23.5599844))",pharmacy,Droga Raia,Q10357101,yes,,pharmacy,Droga Raia,,São Paulo,296,05432-010,Rua Inácio Pereira da Rocha,,,,,24/7,2024-08-11,,,pt:RaiaDrogasil,,,,,,,,,,,,,,,,,,,,retail,,,,,,,,,,,,,,,,,,,,,,,,,,,,,,,,,,,,,,,1,0,,,,,,,,,,,,,,,,,,,,,,,,,,,
"POLYGON ((-46.7013159 -23.4946669, -46.7011644 -23.4946847, -46.7011215 -23.4945969, -46.7012454 -23.494539, -46.7013159 -23.4946669))",pharmacy,,,,,pharmacy,,,,,,,,,,,,,,,,,,,,,,,,,,,,,,,,,,,,,,,,,,,,,,,,,,,,,,,,,,,,,,,,,,,,,,,,,,,,,,,,,,,,,,,,,,,,,,,,,,,,,,
"POLYGON ((-46.7119644 -23.570027, -46.711938 -23.5699523, -46.711876 -23.5699718, -46.7118655 -23.5699648, -46.7118687 -23.5699058, -46.7117841 -23.5699034, -46.7117781 -23.5700637, -46.7117791 -23.5700675, -46.7117827 -23.5700733, -46.7117885 -23.5700774, -46.7117956 -23.5700792, -46.7118028 -23.5700783, -46.7118154 -23.5700743, -46.7118296 -23.5700698, -46.7119644 -23.570027))",pharmacy,Droga Raia,Q10357101,yes,,pharmacy,Droga Raia,,São Paulo,752,05503-000,Avenida Vital Brasil,,,,,24/7,2023-05-09,+55 11 3032-4741,https://www.drogaraia.com.br/storelocator/search/result/?query_text=vital,pt:RaiaDrogasil,,,,,,,,,,,,,,,,,,9.89,,yes,,,,,,,,,,,,,,,,,,,,,,,,,,,,,,,,,,,,,,,,,,,,,,,,,,,,,,,,,,,,,,,,,,,
"POLYGON ((-46.6407168 -23.4853455, -46.6407023 -23.4853976, -46.6406418 -23.4853826, -46.6406305 -23.4854239, -46.6407467 -23.4854986, -46.6407908 -23.4854697, -46.6408375 -23.4854391, -46.6408593 -23.4854324, -46.640865 -23.4854306, -46.6408767 -23.4853816, -46.6407168 -23.4853455))",pharmacy,,,yes,,pharmacy,Bifarma,,São Paulo,2168,02430-001,Rua Conselheiro Moreira de Barros,,,,,,,,,,,,,,,Lausanne Paulista,,,,,,,,,,,,7.207,,yes,,,,,,,,,,,,,,,,,,,,,,,,,,,,,,,,,,,pmsp,,,,,,,,,,,,,,,,,,,,,,,,,,,,,,,,
"POLYGON ((-46.6458979 -23.4827657, -46.6458348 -23.4828064, -46.6459273 -23.4829283, -46.6459315 -23.4829339, -46.6459939 -23.4828936, -46.6458979 -23.4827657))",pharmacy,,,yes,,pharmacy,Leda Farma,,São Paulo,2828,02430-001,Rua Conselheiro Moreira de Barros,,,,,,,,,,,,,,,,,,,,,,,,,,,6.43,,yes,,,,,,,,,,,,,,,,,,,,,,,,,,,,,,,,,,,pmsp,,,,,,,,,,,,,,,,,,,,,,,,,,,,,,,,
"POLYGON ((-46.7644484 -23.5812393, -46.7643104 -23.5813247, -46.7642732 -23.5812755, -46.7644123 -23.5811911, -46.7644484 -23.5812393))",pharmacy,,,,,,,,,,,Rua Artur Barreiros,,,,,,,,,,,,,,,Jardim Ester,,,,,,,,,,,,,,yes,,,,,,,,,,,,,,,,,,,,,,,,,,,,,,,,,,,,,,,,,,,,,,,,,,,,,,,,,,,,,,,,,,,
"POLYGON ((-46.6611278 -23.4956054, -46.6609937 -23.4955759, -46.6609722 -23.4956571, -46.661109 -23.495689, -46.6611278 -23.4956054))",pharmacy,,,,,pharmacy,Promofarma,,São Paulo,456,25450-000,Rua Zilda,,,,,24/7,,+55 11 3857-4511,,,,,,,,Casa Verde,,,,,,,,,,,,8,,yes,,,,,,,,,,,,,,,,,,,,,,,,,,,,,,,,,,,,,,,,,,,,,,,,,,,,,,,,,,,,,,,,,,,
"POLYGON ((-46.6613161 -23.4951874, -46.661056 -23.4950349, -46.6610318 -23.4949636, -46.6610586 -23.4949439, -46.6614134 -23.4950154, -46.6613805 -23.4951505, -46.6613564 -23.4951825, -46.6613161 -23.4951874))",pharmacy,,,,,pharmacy,Promofarma,,São Paulo,522,,Rua Zilda,,,,http://www.promofarma.com.br,,,,,,,,,,,Casa Verde,,,,,,,,,,,,,,yes,,,,,,,,,,,,,,,,,,,,,,,,,,,,,,,,,,,,,,,,,,,,,,,,,,,,,,,,,,,,,,,,,,,
"POLYGON ((-46.5676928 -23.539, -46.5674728 -23.5389519, -46.5674585 -23.539007, -46.5676784 -23.5390551, -46.5676928 -23.539))",pharmacy,,,,,pharmacy,Fra,,São Paulo,,,Rua Melo Freire,,,,,,,,,,,,,,,,,,,,,,,,,,,,,yes,,,,,,,,,,,,,,,,,,,,,,,,,,,,,,,,,,,,,,,,,,,,,,,,,,,,,,,,,,,,,,,,,,,
"POLYGON ((-46.5776415 -23.5070746, -46.5774603 -23.5071677, -46.5775347 -23.5072896, -46.5777162 -23.5071959, -46.5776415 -23.5070746))",pharmacy,Drogaria São Paulo,Q5308184,yes,,pharmacy,Drogaria São Paulo,,São Paulo,1156A,02124-000,Avenida das Cerejeiras,,,,,,,,,en:Grupo DPSP,,,,,,,,,,,,,,,,,,9,,yes,,,,,,,,,,,,,,,,,,,,,,,,,,,,,,,,,,,,,,,,,,,,,,,,,,,,,,,,,,,,,,,,,,,
"POLYGON ((-46.6597387 -23.5120099, -46.6597518 -23.5121174, -46.6594781 -23.5121456, -46.6594694 -23.5120744, -46.6594793 -23.5120484, -46.6595095 -23.5120335, -46.6597387 -23.5120099))",pharmacy,,,yes,,pharmacy,Promofarma,,São Paulo,139,02515-000,Rua Doutor César Castiglioni Junior,,,,,Mo-Su 07:00-23:00,,,,,,,,,,Casa Verde,,,,,,,,,,,,5,,yes,,,,,,,,,,,,,,,,,,,,,,,,,,,,,,,,,,,,,,,,,silver,metal,,,,,,,,,,,,,,,,,,,,,,,,,
"POLYGON ((-46.7032478 -23.5240251, -46.7032442 -23.5238062, -46.7032075 -23.5238072, -46.703173 -23.5238081, -46.7031353 -23.5238091, -46.7031393 -23.5240282, -46.7031916 -23.5240267, -46.7032478 -23.5240251))",pharmacy,,,,,pharmacy,FarMais,,São Paulo,276,05050-000,Rua Monteiro de Melo,,,,,,,,,,,,,,,,,,,,,,,,,,,6.014,,yes,,,,,,,,,,,,,,,,,,,,,,,,,,,,,,,,,,,pmsp,,,,,,,,,,,,,,,,,,,,,,,,,,,,,,,,
"POLYGON ((-46.7046104 -23.5279987, -46.7045433 -23.528015, -46.7046182 -23.528277, -46.7046853 -23.5282606, -46.7046104 -23.5279987))",pharmacy,,,,,pharmacy,Farma&Cia,,São Paulo,1323A,05051-001,Rua Tito,,,,,,,,,,,,,,,,,,,,,,,,,,,6.113,,yes,,,,,,,,,,,,,,,,,,,,,,,,,,,,,,,,,,,pmsp,,,,,,,,,,,,,,,,,,,,,,,,,,,,,,,,
"POLYGON ((-46.6561844 -23.5421771, -46.6562228 -23.5421627, -46.6562259 -23.5421615, -46.6562205 -23.5421491, -46.656376 -23.5420921, -46.6563691 -23.5420759, -46.656431 -23.5420533, -46.6564426 -23.5420801, -46.6564607 -23.5420733, -46.6565043 -23.5420569, -46.6564653 -23.5419677, -46.6564024 -23.5419907, -46.6564207 -23.5420333, -46.6563591 -23.5420559, -46.6563529 -23.5420415, -46.6563284 -23.5420505, -46.6563219 -23.5420356, -46.6561863 -23.5420852, -46.6561806 -23.5420719, -46.6561426 -23.5420858, -46.6561823 -23.5421779, -46.6561844 -23.5421771))",pharmacy,Droga Raia,Q10357101,,,pharmacy,Droga Raia,,São Paulo,1062,01228-100,Avenida Angélica,,,,,24/7,,,,pt:RaiaDrogasil,,,,,,,,,,,,,,,,,,5.2,,yes,,,,,,,,,,,,,,,,,,,,,,,,,,,,,,,,,,,,,,,,,,,,,,,,,,,,,,,,,,,,,,,,,,,
"POLYGON ((-46.5832076 -23.4882574, -46.5831794 -23.4882835, -46.583055 -23.4883991, -46.5830234 -23.4883699, -46.5829929 -23.488343, -46.5831475 -23.4882019, -46.5832076 -23.4882574))",pharmacy,Drogasil,Q5308185,yes,yes,pharmacy,Drogasil,yes,São Paulo,860,02219-000,Avenida Nossa Senhora do Loreto,,,,,Mo-Sa 08:00-20:00; Sa 08:00-18:00,,,,pt:Drogasil,,,,,,,,,,,,,,,,,,6,,yes,,,,,,,,,,,,,,,,,,,,,,,,,,,,,,,,,,,,,,,,,,,1150380086527493,,,,,,,,,,,,,,,,,,,,,,,,
"POLYGON ((-46.7275173 -23.5739375, -46.727432 -23.5739159, -46.7274245 -23.5739487, -46.7274161 -23.5739859, -46.7274409 -23.573992, -46.7274641 -23.5739986, -46.7276562 -23.5740489, -46.727686 -23.5740567, -46.7276999 -23.5740193, -46.7277119 -23.5739868, -46.7276665 -23.5739753, -46.7276552 -23.5740132, -46.7276071 -23.574001, -46.7276136 -23.5739791, -46.7275354 -23.5739593, -46.7275402 -23.5739433, -46.7275173 -23.5739375))",pharmacy,,,,,pharmacy,,,,,,,,,,,,,,,,,,,,,,,,,,,,,,,,,6.75,,yes,,,,,,,,,,,,,,,,,,,,,,,,,,,,,,,,,,,,,,,,,,,,,,,,,,,,,,,,,,,,,,,,,,,
"POLYGON ((-46.7326555 -23.5733521, -46.7326143 -23.5733459, -46.7325844 -23.5735117, -46.7325837 -23.5735155, -46.7326237 -23.5735214, -46.7326245 -23.5735168, -46.7326414 -23.5735193, -46.7326621 -23.5734015, -46.7326472 -23.5733993, -46.7326555 -23.5733521))",pharmacy,,,,,pharmacy,,,,,,,,,,,,,,,,,,,,,,,,,,,,,,,,,8.555,,yes,,,,,,,,,,,,,,,,,,,,,,,,,,,,,,,,,,,,,,,2,,,,,,,,,,,,,,,,,,,,,,,,,,,,
"POLYGON ((-46.7076152 -23.5712774, -46.7076899 -23.5713208, -46.7077279 -23.571304, -46.7077488 -23.5711657, -46.707708 -23.5711571, -46.7076969 -23.5711547, -46.7076152 -23.5712774))",pharmacy,Drogasil,Q5308185,yes,,pharmacy,Drogasil,yes,São Paulo,480,05501-020,Rua Pirajussara,,,,,Mo-Sa 07:00-23:00; Su 00:00-24:00,2023-10-17,+55 11 3034-0574;+55 11 3034-0138,,pt:Drogasil,,,,,,,,,,,,,,,,,,7.82,,yes,,,,,,,,,,,,,,,,,,,,,,,,,,,,,,,,,,,,,,,,,,,,,,,,,,,,,,,,,,,,,,,,,,,
"POLYGON ((-46.7443073 -23.5707476, -46.7443168 -23.5707349, -46.7441993 -23.5706603, -46.744195 -23.5706661, -46.7441763 -23.5706543, -46.744169 -23.5706641, -46.7439614 -23.5705323, -46.7438673 -23.5706582, -46.7441133 -23.5708145, -46.7442099 -23.5708758, -46.7443073 -23.5707476))",pharmacy,Drogasil,Q5308185,yes,,pharmacy,Drogasil,yes,São Paulo,638,05359-000,Avenida Nossa Senhora de Assunção,,,,,,,,,pt:Drogasil,,,,,,Vila Butantã,,,,,,,,,,,,9.811,,yes,,,,,,,,,,,,,,,,,,,,,,,,,,,,,,,,,,,,,,,,,,,,,,,,,,,,,,,,,,,,,,,,,,,
"POLYGON ((-46.6657546 -23.567731, -46.6656217 -23.5678493, -46.665704 -23.5679277, -46.665837 -23.567813, -46.6657546 -23.567731))",pharmacy,Droga Raia,Q10357101,,,pharmacy,Droga Raia,,São Paulo,1327,01410-003,Alameda Ministro Rocha Azevedo,BR,SP,+55 11 3085-2313,http://www.drogaraia.com.br/,Mo-Su 07:00-23:00,,,,pt:RaiaDrogasil,,,,,,,,,,,,,,,,,,5.88,,yes,,,,,,,,,,,,,,,,,,,,,,,,,,,,,,,,,,,,,,,,,,,,,,,,,,,,,,,,,,,,,,,,,,,
"POLYGON ((-46.6651752 -23.5627633, -46.6652178 -23.562804, -46.6652579 -23.5628422, -46.6653917 -23.5627247, -46.6653099 -23.5626459, -46.6652047 -23.5627376, -46.6651752 -23.5627633))",pharmacy,Droga Raia,Q10357101,,,pharmacy,Droga Raia,,São Paulo,2450,01412-100,Rua Augusta,,,,,24/7,,,,,,,,,,,,,,,,,,,,,,7.798,,yes,,,,,,,,,,,,,,,,,,,,,,,,,,,,,,,,,,,,,,,,,,,,,,,,,,,,,,,,,,,,,,,,,,,
"POLYGON ((-46.6571376 -23.5718779, -46.6572043 -23.5719445, -46.6572553 -23.5719011, -46.6573054 -23.5718585, -46.6572412 -23.5717944, -46.6572187 -23.5718135, -46.6572095 -23.5718043, -46.657182 -23.5718278, -46.6571466 -23.5718578, -46.6571533 -23.5718646, -46.6571376 -23.5718779))",pharmacy,Droga Raia,Q10357101,,,pharmacy,Droga Raia,,São Paulo,270,01424-000,Alameda Lorena,,,,,Mo-Su 09:00-22:00,,,,,,,,,,,,,,,,,,,,,,7.461,,yes,,,,,,,,,,,,,,,,,,,,,,,,,,,,,,,,,,,,,,,,,,,,,,,,,,,,,,,,,,,,,,,,,,,
"POLYGON ((-46.6583827 -23.5681913, -46.6582679 -23.5680742, -46.6582156 -23.568021, -46.658212 -23.5680173, -46.6581927 -23.5679966, -46.6581384 -23.5680443, -46.6581302 -23.5680558, -46.6581262 -23.5680684, -46.6581292 -23.5680822, -46.6581347 -23.5680937, -46.6582727 -23.5682418, -46.6582937 -23.5682637, -46.6583137 -23.5682475, -46.6583216 -23.568241, -46.6583827 -23.5681913))",pharmacy,Droga Raia,Q10357101,,yes,pharmacy,Droga Raia,,São Paulo,645,01423-001,Rua José Maria Lisboa,BR,SP,+55 11 3884-8235,http://www.drogaraia.com.br/,24/7,,,,,,,,,,,,,,,,,,,,,,,,,,,,,,,,,,,,,,,,,,,,,,,,,,,,,,,,,,,,,,,,,,,,,,,,,,,,,,,,,,,,,,,,,,,
"POLYGON ((-46.6610915 -23.5714529, -46.661001 -23.5715416, -46.6609305 -23.5716107, -46.6608985 -23.5716421, -46.6609956 -23.5717272, -46.6611878 -23.5715406, -46.6610915 -23.5714529))",pharmacy,,,,,pharmacy,Ultrafarma Popular,,São Paulo,1755,01405-003,Rua Pamplona,,,,,Mo-Sa 07:00-23:00,,,,,,,,,,,,,,,,,,,,,,7.52,,yes,,,,,,,,,,,,,,,,,,,,,,,,,,,,,,,,,,,,,,,,,,,,,,,,,,,,,,,,,,,,,,,,,,,
"POLYGON ((-46.6551013 -23.5472764, -46.6551841 -23.5472418, -46.6551622 -23.5471968, -46.655517 -23.5470499, -46.6554986 -23.5470112, -46.6554918 -23.5470141, -46.6554251 -23.5470416, -46.655061 -23.5471918, -46.6550702 -23.5472112, -46.6550801 -23.5472318, -46.655092 -23.5472569, -46.6551013 -23.5472764))",pharmacy,Drogasil,Q5308185,,,pharmacy,Drogasil,yes,São Paulo,442,01239-010,Rua Sabará,,,,,24/7,,,,,,,,,,,,,,,,,,,,,,3.079,,yes,,,,,,,,,,,,,,,,,,,,,,,,,,,,,,,,,,,,,,,,,,,,,,,,,,,,,,,,,,,,,,,,,,,
"POLYGON ((-46.6595503 -23.5487187, -46.6595326 -23.5487249, -46.6595293 -23.5487189, -46.6595249 -23.5487134, -46.6595197 -23.5487087, -46.6595138 -23.5487047, -46.6595073 -23.5487016, -46.6595003 -23.5486995, -46.6594931 -23.5486983, -46.6594858 -23.5486983, -46.6594834 -23.5486985, -46.6594751 -23.5486816, -46.6593638 -23.5487281, -46.6593776 -23.5487561, -46.6593453 -23.5487695, -46.6593714 -23.5488225, -46.6595622 -23.5487429, -46.6595503 -23.5487187))",pharmacy,Drogasil,Q5308185,,,pharmacy,Drogasil,yes,São Paulo,1868,01228-200,Avenida Angelica,,,,,,,,,pt:Drogasil,,,,,,Consolação,,,,,,,,,,,,7.605,,yes,,,,,,,,,,,,,,,,,,,,,,,,,,,,,,,,,,,,,,,,,,,,,,,,,,,,,,,,,,,,,,,,,,,
"POLYGON ((-46.6593434 -23.5478909, -46.6593871 -23.5478726, -46.6593771 -23.5478521, -46.6593544 -23.5478058, -46.6590135 -23.5479479, -46.6590463 -23.5480148, -46.6590556 -23.5480109, -46.6593434 -23.5478909))",pharmacy,Pague Menos,Q7124466,yes,,pharmacy,Pague Menos,,São Paulo,1774,01228-200,Avenida Angélica,,,,,,,,,pt:Pague Menos,,,,,,,,,,,,,,,,,,5.754,,yes,,,,,,,,,,,,,,,,,,,,,,,,,,,,,,,,,,,,,,,,,,,,,,,,,,,,,,,,,,,,,,,,,,,
"POLYGON ((-46.6555164 -23.5540556, -46.6556342 -23.5541177, -46.6556885 -23.5540138, -46.6556825 -23.5539732, -46.6556808 -23.5539665, -46.6556621 -23.5539509, -46.6556443 -23.5539361, -46.6556262 -23.553921, -46.655612 -23.5539092, -46.6555164 -23.5540556))",pharmacy,Drogasil,Q5308185,yes,,pharmacy,Drogasil,yes,,,,,,,,,,2025-07-06,,,,,,,,,,,,,,,,,,,,,8.145,,yes,,,,,,,,,,,,,,,,,,,,,,,,,,,,,,,,,,,,,,,,,,,,,,,,,,,,,,,,,,,,,,,,,,,
"POLYGON ((-46.6578532 -23.5394789, -46.6578791 -23.5394732, -46.6578813 -23.539485, -46.6578944 -23.5394822, -46.6578974 -23.5394932, -46.6579117 -23.5394906, -46.6579176 -23.539514, -46.657963 -23.5395023, -46.6579709 -23.5395002, -46.6579179 -23.539333, -46.6578157 -23.5393598, -46.6578532 -23.5394789))",pharmacy,Drogasil,Q5308185,yes,,pharmacy,Drogasil,yes,São Paulo,495,01231-001,Rua Baronesa de Itu,,,,,24/7,2024-04-06,,,pt:Drogasil,,,,,,Santa Cecília,,,,,,,,,,,,8.68,,retail,,,,,,,,,,,,,,,,,,,,,,,,,,,,,,,,,,,,,,,,,,,,,,,,,,,,,,,,,,,,,,,,,,,
"POLYGON ((-46.6613668 -23.534354, -46.6612879 -23.5343868, -46.6612893 -23.5343902, -46.6612445 -23.5344096, -46.661239 -23.5344148, -46.6612352 -23.5344216, -46.6612341 -23.534428, -46.6612335 -23.5344348, -46.6612343 -23.5344375, -46.661249 -23.5344662, -46.6613924 -23.5344056, -46.6613668 -23.534354))",pharmacy,,,,,pharmacy,,,São Paulo,314,04477-420,Rua Tupi,,,,,,,,,,,,,,,,,,,,,,,,,,,9.932,,yes,,,,,,,,,,,,,,,,,,,,,,,,,,,,,,,,,,,,,,,,,,,,,,,,,,,,,,,,,,,,,,,,,,,
"POLYGON ((-46.6506262 -23.5414708, -46.6505701 -23.5414871, -46.6506025 -23.5415874, -46.6506907 -23.5415633, -46.6507503 -23.541547, -46.6507173 -23.5414444, -46.6506554 -23.5414623, -46.6506262 -23.5414708))",pharmacy,Drogasil,Q5308185,,no,pharmacy,Drogasil,yes,São Paulo,213,01238-010,Rua Dona Veridiana,BR,,+55 11 3331-9066;+55 11 3331-933,,07:00-23:00,,,,pt:Drogasil,,,,,,,,,,,,,,,,,,12.4,,yes,,,,,,,,,,,,,,,,,,,,,,,,,,,,,,,,,,,,,,,,,,,,,,,,,,,,,,,,,,,,,,,,,,,
"POLYGON ((-46.6455001 -23.5628036, -46.6455296 -23.5628384, -46.645561 -23.5628755, -46.6456231 -23.5628315, -46.6456444 -23.562702, -46.6455001 -23.5628036))",pharmacy,,,yes,,pharmacy,Farmácia Tabajara,,São Paulo,1628,01318-002,Avenida Brigadeiro Luís Antônio,,,,,,,,,,,,,,,,,,,,,,,,,,,4.84,,yes,,,,,,,,,,,,,,,,,,,,,,,,,,,,,,,,,,,,,,,,,,,,,,,,,,,,,,,,,,,,,,,,,,,
"POLYGON ((-46.626153 -23.5682437, -46.6263005 -23.5681735, -46.6262831 -23.5681422, -46.6262232 -23.5681198, -46.6261438 -23.5681575, -46.6261006 -23.568178, -46.6261139 -23.5682014, -46.6261274 -23.5682253, -46.6261411 -23.5682494, -46.626153 -23.5682437))",pharmacy,Droga Raia,Q10357101,yes,,pharmacy,Droga Raia,,São Paulo,565,01534-000,Rua Muniz de Souza,,,,,,,,,pt:RaiaDrogasil,,,,,,Aclimação,,,,,,,,,,,,4.79,,yes,,,,,,,,,,,,,,,,,,,,,,,,,,,,,,,,,,,pmsp,,,,,,silver,,,gabled,,,,,,,,,,,,,,,,,,,,,,,
"POLYGON ((-46.6331056 -23.572936, -46.6331146 -23.572926, -46.6329487 -23.5728242, -46.6328933 -23.5728992, -46.6329836 -23.5729559, -46.632977 -23.572965, -46.6329981 -23.5729781, -46.6330343 -23.5730008, -46.6330411 -23.5729908, -46.6330603 -23.573002, -46.6331056 -23.572936))",pharmacy,Drogaria São Paulo,Q5308184,,,pharmacy,Drogaria São Paulo,,São Paulo,,,Avenida da Aclimação,,,,,24/7,,,,,,,,Drogaria São Paulo,,,,,,,,,,,,,,7.17,,yes,,,,,,,,,,,,,,,,,,,,,,,,,,,,,,,,,,,pmsp,,,Aclimação,,,,,,,,,,,,,,,,,,,,,,,,,,,,,
"POLYGON ((-46.6345574 -23.5710819, -46.6345021 -23.5711453, -46.6345092 -23.5711501, -46.63449 -23.5711748, -46.6345616 -23.571222, -46.634579 -23.5711996, -46.6345848 -23.5712033, -46.6346422 -23.5711378, -46.6345574 -23.5710819))",pharmacy,Extrafarma,Q20055480,yes,,pharmacy,Extrafarma,,,,,,,,,,,,,,pt:Extrafarma,,,,,,,,,,,,,,,,,,6.85,,yes,,,,,,,,,,,,,,,,,,,,,,,,,,,,,,,,,,,pmsp,,,,,,,,,,,,,,,,,,,,,,,,,,,,,,,,
"POLYGON ((-46.7261062 -23.5869484, -46.7259711 -23.5868705, -46.7258845 -23.5870137, -46.7259974 -23.5870858, -46.7261062 -23.5869484))",pharmacy,Droga Raia,Q10357101,yes,no,pharmacy,Droga Raia,,São Paulo,2858,,Avenida Professor Francisco Morato,,,,,24/7,,,,,,,,,,Vila Sônia,,,,,,,,,,,,,,yes,,,,,,,,,,,,,,,,,,,,,,,,,,,,,,,,,,,,,,,,,,,,,,,,,,,,,,,,,,,,,,,,,,,
"POLYGON ((-46.6205829 -23.6022962, -46.6204963 -23.6023142, -46.6205098 -23.6023461, -46.6205242 -23.6023535, -46.6205969 -23.6023351, -46.6205829 -23.6022962))",pharmacy,Droga Raia,Q10357101,yes,no,pharmacy,Droga Raia,,São Paulo,1884,04122-002,Rua Santa Cruz,,,,,07:00 - 23:00,,+55 11 5061-4025,https://www.drogaraia.com.br/,pt:RaiaDrogasil,,,,,,Vila Gumercindo,,,,,,,,,,,,,,yes,,,,,,,,,,,,,,,,,,,,,,,,,,,,,,,,,,,,,,,,,,,,,,,,,,,,,,,,,,,,,,,,,,,
"POLYGON ((-46.7154632 -23.5899042, -46.7153494 -23.5898551, -46.7153158 -23.5899189, -46.7153994 -23.5900279, -46.7154632 -23.5899042))",pharmacy,Drogaria São Paulo,Q5308184,,,pharmacy,Drogaria São Paulo,,São Paulo,651,05615-190,Rua dos Três Imãos,BR,SP,+55 11 3722-5029;+55 11 3721-5493;0800 779 8767,http://www.drogariasaopaulo.com.br,24/7,,,,en:Grupo DPSP,,,,,,,,,,,,,,,,,,,,yes,,,,,,,,,,,,,,,,,,,,,,,,,,,,,,,,,,,,,,,,,,,,,,,,,,,,,,,,,,,,,,,,,,,
"POLYGON ((-46.6352752 -23.606899, -46.6354299 -23.606908, -46.6354324 -23.6068709, -46.6354245 -23.6068704, -46.6354258 -23.6068499, -46.6354322 -23.6068503, -46.6354342 -23.60682, -46.6353604 -23.6068157, -46.6353587 -23.6068402, -46.6352795 -23.6068356, -46.6352752 -23.606899))",pharmacy,Drogaria São Paulo,Q5308184,,,pharmacy,Drogaria São Paulo,,,,,,,,,,,,,,en:Grupo DPSP,,,,,,,,,,,,,,,,,,5.97,,yes,,,,,,,,,,,,,,,,,,,,,,,,,,,,,,,,,,,pmsp,,,,,,,,,,,,,,,,,,,,,,,,,,,,,,,,
"POLYGON ((-46.636234 -23.6230192, -46.6361308 -23.6230265, -46.636142 -23.6231592, -46.6362768 -23.6231497, -46.6362683 -23.6230495, -46.636234 -23.6230192))",pharmacy,Droga Raia,Q10357101,yes,,pharmacy,Droga Raia,,São Paulo,400,,Rua Ibituruna,,,,,Mo-Su 07:02-22:02,,+55 11 2577-0197,https://www.drogaraia.com.br/nossas-lojas,pt:RaiaDrogasil,,,,Droga Raia,,,,,,,,,,,,,,3.98,,yes,,,,,,,,,,,,,,,,,,,,,,,,,,,,,,,,,,,pmsp;website,,,,,,,,,,,,,,,,,,,,,,,,,,,,,,,,
"POLYGON ((-46.6336318 -23.6120176, -46.6335934 -23.6119447, -46.6335114 -23.6119333, -46.6334861 -23.6120599, -46.6335955 -23.612106, -46.6336318 -23.6120176))",pharmacy,Droga Raia,Q10357101,,,pharmacy,Droga Raia,,São Paulo,472,04142-081,Avenida Bosque da Saúde,BR,SP,+55 11 5594 -1443,http://www.drogaraia.com.br/,Mo-Su 08:00-24:00,,,,pt:RaiaDrogasil,,,,,,,,,,,,,,,,,,6.13,,yes,,,,,,,,,,,,,,,,,,,,,,,,,,,,,,,,,,,pmsp,,,,,,,,,,,,,,,,,,,,,,,,,,,,,,,,
"POLYGON ((-46.6411479 -23.6015986, -46.6411507 -23.6016973, -46.6411513 -23.6017184, -46.6411514 -23.6017234, -46.6411721 -23.6017226, -46.6411729 -23.6017486, -46.6412521 -23.6017469, -46.6412525 -23.6017273, -46.6412602 -23.6017276, -46.6412567 -23.6016055, -46.6412483 -23.6016058, -46.6412481 -23.6015983, -46.6411479 -23.6015986))",pharmacy,Drogaria São Paulo,Q5308184,yes,,pharmacy,Drogaria São Paulo,,,473,,Avenida 11 de Junho,,,,,,,,,en:Grupo DPSP,,,,,,,,,,,,,,,,,,3.77,,yes,,,,,,,,,,,,,,,,,,,,,,,,,,,,,,,,,,,pmsp;local knowledge,,,,,,,,,,,,,,,,,,,,,,,,,,,,,,,,
"POLYGON ((-46.6396817 -23.6030345, -46.6396817 -23.6030367, -46.6396821 -23.6030515, -46.6397988 -23.6030479, -46.6397974 -23.6030099, -46.6398081 -23.6030096, -46.6398078 -23.6030034, -46.6398481 -23.6030021, -46.639848 -23.6029995, -46.6398474 -23.6029487, -46.6398051 -23.6029486, -46.6398055 -23.6029047, -46.6398104 -23.6029008, -46.6398105 -23.6028846, -46.6397994 -23.6028719, -46.6397808 -23.6028715, -46.6397754 -23.6028772, -46.6397101 -23.6028792, -46.6397112 -23.6029079, -46.6396907 -23.6029085, -46.6396917 -23.6029361, -46.6396798 -23.6029365, -46.6396806 -23.6029756, -46.6396912 -23.6029753, -46.6396933 -23.6030342, -46.6396817 -23.6030345))",pharmacy,Drogaria São Paulo,Q5308184,yes,,pharmacy,Drogaria São Paulo,,,,,,,,,,,,,,en:Grupo DPSP,,,,,,,,,,,,,,,,,,6.06,,yes,,,,,,,,,,,,,,,,,,,,,,,,,,,,,,,,,,,pmsp;local knowledge,,,,,,,,,,,,,,,,,,,,,,,,,,,,,,,,
"POLYGON ((-46.6401632 -23.6220828, -46.6405084 -23.6220179, -46.640502 -23.621986, -46.6401561 -23.62205, -46.6401632 -23.6220828))",pharmacy,Farma Conde,Q100492677,yes,no,pharmacy,Farma Conde,,São Paulo,2004,04646-400,Avenida Jabaquara,,,,,Mo-Sa 07:00-21:00,,,,,,,,,,vila da saúde,,,,,,,,,,,,4.44,,commercial,,,,,,,,,,,,,,,,,,,,,,,,,,,,,,,,,,,pmsp;local knowledge,,,,,,,,,,,,,,,,,,,,,,,,,,,,,,,,
"POLYGON ((-46.6392315 -23.6166898, -46.6390333 -23.6167265, -46.6390511 -23.6168081, -46.6392493 -23.6167715, -46.6392315 -23.6166898))",pharmacy,,,yes,yes,pharmacy,Ultrafarma Manipulação,,São Paulo,1426,04046-200,Avenida Jabaquara,,,,,,,,,,,,,,,,,,,,,,,,,,,5.66,,yes,,,,,,,,,,,,,,,,,,,,,,,,,,,,,,,,,,,pmsp,,,,,,,,,,,,,,,,,,,,,,,,,,,,,,,,
"POLYGON ((-46.6387762 -23.6157433, -46.6387985 -23.6158366, -46.6388071 -23.6158744, -46.6388542 -23.6158654, -46.6388246 -23.615734, -46.6387762 -23.6157433))",pharmacy,Droga Raia,Q10357101,yes,no,pharmacy,Droga Raia,,São Paulo,1320,04046-200,Avenida Jabaquara,,,,,Mo-Su 07:00-23:00,,,,pt:RaiaDrogasil,,,,,,Saúde,,,,,,,,,,,,5.26,,yes,,,,,,,,,,,,,,,,,,,,,,,,,,,,,,,,,,,pmsp,,,,,,,,,,,,,,,,,,,,,,,,,,,,,,,,
"POLYGON ((-46.6387314 -23.6187206, -46.6387117 -23.6186326, -46.6386754 -23.6184704, -46.6386458 -23.6184778, -46.6386268 -23.6184825, -46.6386051 -23.6184879, -46.638582 -23.6184937, -46.6386371 -23.6187441, -46.6386638 -23.6187392, -46.6386646 -23.6187428, -46.6387334 -23.6187299, -46.6387314 -23.6187206))",pharmacy,Farma Conde,Q100492677,yes,,pharmacy,Farma Conde,,São Paulo,56,04144-060,Rua São Sebastião,,,,,Mo-Fr 06:00-22:00; Sa 07:00-22:00; Su 08:00-18:00,,+55 11 2276-5061,https://www.farmaconde.com.br/,,,,,,,,,,,,,,,,,,,4.71,,yes,,,,,,,,,,,,,,,,,,,,,,,,,,,,,,,,,,,pmsp,,,,,,,,,,,,,,,,,,,,,,,,,,,,,,,,
"POLYGON ((-46.6846417 -23.5661093, -46.684551 -23.5662397, -46.6845983 -23.56626, -46.6846406 -23.5662781, -46.6846614 -23.5662517, -46.6846704 -23.5662376, -46.6847449 -23.5661213, -46.6847485 -23.5661235, -46.6847591 -23.5661076, -46.6847694 -23.5660916, -46.6847857 -23.5660664, -46.6846982 -23.566028, -46.68467 -23.5660684, -46.6846417 -23.5661093))",pharmacy,Drogaria São Paulo,Q5308184,,,pharmacy,Drogaria São Paulo,yes,,,,,,,,,,,,,,,,,,,,,,,,,,,,,,,7.154,,yes,,,,,,,,,,,,,,,,,,,,,,,,,,,,,,,,,,,pmsp,,,,,,,,,,,,,,,,,,,,,,,,,,,,,,,,
"POLYGON ((-46.6813091 -23.5624725, -46.6812816 -23.5625111, -46.6814467 -23.5626053, -46.6814552 -23.5625931, -46.6814618 -23.5625837, -46.6814501 -23.5625552, -46.6813091 -23.5624725))",pharmacy,Droga Raia,Q10357101,,,pharmacy,Droga Raia,yes,,720,05414-000,Rua Cônego Eugênio Leite,,,,,Mo-Su 07:00-23:00,,+55 11 3060-8359,https://www.drogaraia.com.br,,,,,,,,,,,,,,,,,,,7.4,,yes,,,,,,,,,,,,,,,,,,,,,,,,,,,,,,,,,,,pmsp,,,,,,,,,,,,,,,,,,,,,,,,,,,,,,,,
"POLYGON ((-46.6895499 -23.6532764, -46.6892803 -23.6530749, -46.6891962 -23.6531658, -46.6891462 -23.6532199, -46.6894372 -23.6534079, -46.6895499 -23.6532764))",pharmacy,Droga Raia,Q10357101,,,pharmacy,Droga Raia,,São Paulo,1749,,Avenida Washington Luis,,,,,,,,,pt:RaiaDrogasil,,,,Droga Raia,,,,,,,,,,,,,,,,,,,,,,,,,,,,,,,,,,,,,,,,,,,,,,,,,,,"Bing,Mapillary,survey",,retail,,,,,,,,,,,,,,,,,,,,,,,,,,,,,,
"POLYGON ((-46.6183199 -23.5321872, -46.6182732 -23.5322892, -46.6182754 -23.5322903, -46.6184893 -23.5323962, -46.6185333 -23.5323206, -46.6185465 -23.5322979, -46.618531 -23.5322637, -46.6183199 -23.5321872))",pharmacy,,,,,pharmacy,Poupa Mais,,São Paulo,192,03031-050,Praça Padre Bento,,,,,,,,,,,,,,,,,,,,,,,,,,,3.046,,yes,,,,,,,,,,,,,,,,,,,,,,,,,,,,,,,,,,,pmsp,,,,,,,,,,,,,,,,,,,,,,,,,,,,,,,,
"POLYGON ((-46.5917943 -23.5407869, -46.5918357 -23.540802, -46.5918782 -23.5407032, -46.5918646 -23.5406985, -46.5918163 -23.5406817, -46.591811 -23.5406799, -46.5917807 -23.5406909, -46.5917508 -23.540771, -46.5917943 -23.5407869))",pharmacy,Drogasil,Q5308185,yes,,pharmacy,Drogasil,yes,São Paulo,936,03059-005,Rua Júlio de Castilhos,,,,,,,,,pt:Drogasil,,,,,,,,,,,,,,,,,,5.91,,yes,,,,,,,,,,,,,,,,,,,,,,,,,,,,,,,,,,,pmsp,,,,,,,,,,,,,,,,,,,,,,,,,,,,,,,,
"POLYGON ((-46.5937899 -23.5407894, -46.5937665 -23.540854, -46.5939683 -23.5409159, -46.5939758 -23.5408981, -46.5939837 -23.5408793, -46.593992 -23.5408596, -46.5939131 -23.5408354, -46.5939157 -23.5408282, -46.5937899 -23.5407894))",pharmacy,,,yes,,pharmacy,Drogaria Sinete,,São Paulo,173,03057-040,Largo São José do Belém,,,,,,,+55 11 2695-0164,,,,,,,,Belém,,,,,,,,,,,,7.74,,yes,,,,,,,,,,,,,,,,,,,,,,,,,,,,,,,,,,,pmsp,,,,,,,,,,,,,,,,,,,,,,,,,,,,,,,,
"POLYGON ((-46.5976013 -23.5634583, -46.5976286 -23.563477, -46.5976778 -23.5634144, -46.5976192 -23.5633774, -46.5976238 -23.5633683, -46.5975674 -23.5633326, -46.5975567 -23.5633451, -46.5975365 -23.56333, -46.597495 -23.5633856, -46.5975965 -23.563455, -46.5976013 -23.5634583))",pharmacy,Extrafarma,Q20055480,yes,,pharmacy,Extrafarma,,São Paulo,946,03114-000,Avenida Paes de Barros,,,,,,,,,pt:Extrafarma,,,,,,,,,,,,,,,,,,7.37,,yes,,,,,,,,,,,,,,,,,,,,,,,,,,,,,,,,,,,pmsp,,,,,,,,,,,,,,,,,,,,,,,,,,,,,,,,
"POLYGON ((-46.5896948 -23.5585358, -46.5897283 -23.5585988, -46.5897452 -23.5586304, -46.5897639 -23.5586379, -46.5897728 -23.5586414, -46.5898041 -23.5586275, -46.5898162 -23.5586222, -46.5899088 -23.5585812, -46.5898821 -23.5585306, -46.5898094 -23.5583926, -46.5898021 -23.5583787, -46.5896491 -23.55845, -46.5896567 -23.5584642, -46.5896948 -23.5585358))",pharmacy,Drogaria São Paulo,Q5308184,,,pharmacy,Drogaria São Paulo,,São Paulo,3691,,Rua da Mooca,,,,,Mo-Sa 08:00-23:00,,,,,,,,,,,,,,,,,,,,,,4.71,,,,,,,,,,,,,,,,,,,,,,,,,,,,,,,,,,,,,pmsp,,,,,,,,,,,,,,,,,,,,,,,,,,,,,,,,
"POLYGON ((-46.5941484 -23.5610555, -46.5941228 -23.5610818, -46.5941273 -23.5610829, -46.5942956 -23.5611181, -46.5943613 -23.561115, -46.5944684 -23.5610051, -46.5944403 -23.5609818, -46.5944199 -23.5610012, -46.5943432 -23.5610798, -46.5943104 -23.5610818, -46.5942876 -23.5610629, -46.5942565 -23.5610662, -46.5942336 -23.5610472, -46.5941998 -23.561049, -46.5941749 -23.5610284, -46.5941484 -23.5610555))",pharmacy,Drogaria São Paulo,Q5308184,yes,,pharmacy,Drogaria São Paulo,,São Paulo,1055,03120-001,Rua Visconde de Inhomerim,,,,,Mo-Su 09:00-23:00,,,,,,,,,,Alto da Mooca,,,,,,,,,,,,5.225,,yes,,,,,,,,,,,,,,,,,,,,,,,,,,,,,,,,,,,pmsp,,,,,,,,,,,,,,,,,,,,,,,,,,,,,,,,
"POLYGON ((-46.6006353 -23.5565973, -46.6006245 -23.5565127, -46.6005578 -23.5565199, -46.6005561 -23.5565076, -46.6005258 -23.5565109, -46.6005276 -23.5565245, -46.6004998 -23.5565276, -46.6004975 -23.5565102, -46.6004614 -23.5565142, -46.6004625 -23.556523, -46.600431 -23.5565264, -46.6003994 -23.5565667, -46.6004066 -23.5566222, -46.6006288 -23.556598, -46.6006353 -23.5565973))",pharmacy,,,,,pharmacy,UltraFarma Popular,,São Paulo,124,03115-020,Avenida Paes de Barros,,,,,,,,,,,,,,,,,,,,,,,,,,,5.05,,yes,,,,,,,,,,,,,,,,,,,,,,,,,,,,,,,,,,,pmsp,,,,,,,,,,,,,,,,,,,,,,,,,,,,,,,,
"POLYGON ((-46.6086156 -23.5773703, -46.6086225 -23.5772974, -46.6086213 -23.5772959, -46.6086022 -23.5772714, -46.6084537 -23.5772613, -46.6084498 -23.5773042, -46.6084376 -23.5774372, -46.6084362 -23.5774519, -46.6085159 -23.5774593, -46.6085607 -23.5774635, -46.6085666 -23.577464, -46.6086075 -23.5774684, -46.6086156 -23.5773703))",pharmacy,,,,,pharmacy,Ifarma Ipiranga,,,,,,,,,,,,,,,,,,,,,,,,,,,,,,,,6.2,,,,,,,,,,,,,,,,,,,,,,,,,,,,,,,,,,,,,pmsp,,,,,,,,,,,,,,,,,,,,,,,,,,,,,,,,
"POLYGON ((-46.5615969 -23.5731349, -46.5615619 -23.5731296, -46.5615269 -23.5731243, -46.5615085 -23.5732408, -46.5615142 -23.5732413, -46.5615042 -23.5733152, -46.5615187 -23.5733169, -46.5615166 -23.5733347, -46.5614974 -23.5733341, -46.5614927 -23.5733635, -46.5614806 -23.5733614, -46.5614733 -23.5734058, -46.5614893 -23.5734082, -46.5615512 -23.5734177, -46.5615969 -23.5731349))",pharmacy,Drogasil,Q5308185,,,pharmacy,Drogasil,yes,São Paulo,2848,03345-000,Avenida Sapopemba,,,+55 11 2021-0910;+55 11 2021-1599,https://www.drogasil.com.br,Mo-Su 07:00-23:00,,,,pt:Drogasil,,,,Drogasil,,Santa Clara,,,,,,,,,,,,4.75,,yes,,,,,,,,,,,,,,,,,,,,,,,,,,,,,,,,,,,pmsp,,,,,,,,,,BR61585865130284,,,,,,,,,,,,,,,,,,,,,,
"POLYGON ((-46.7141139 -23.5356491, -46.7142103 -23.5355462, -46.7140922 -23.5354498, -46.7140592 -23.5354853, -46.7140612 -23.535607, -46.7141139 -23.5356491))",pharmacy,,,,no,pharmacy,Drograia São Paulo,,São Paulo,1377,05060-001,Rua Pio XI,,,,,24/7,,+55 11 3021-6397;+55 11 3021-5523,,,,,,,,Alto da Lapa,,,,,,,,,,,,5.04,,yes,,,,,,,,,,,,,,,,,,,,,,,,,,,,,,,,,,,pmsp,,,,,,,,,,,,,,,,,,,,,,,,,,,,,,,,
"POLYGON ((-46.7429352 -23.6722567, -46.7430076 -23.6721189, -46.7429975 -23.6721138, -46.7430006 -23.6721074, -46.7429036 -23.6720612, -46.7428247 -23.6722092, -46.7429352 -23.6722567))",pharmacy,Drogasil,Q5308185,,,pharmacy,Drogasil,yes,,,,,,,,,,,,,pt:Drogasil,,,,,,,,,,,,,,,,,,4.02,,yes,,,,,,,,,,,,,,,,,,,,,,,,,,,,,,,,,,,pmsp,,,,,,,,,,,,,,,,,,,,,,,,,,,,,,,,
"POLYGON ((-46.6435655 -23.4797889, -46.6436071 -23.4797053, -46.6435236 -23.4796486, -46.6434367 -23.4797436, -46.6435655 -23.4797889))",pharmacy,Drogasil,Q5308185,yes,,pharmacy,Drogasil,yes,São Paulo,500,02435-061,Avenida Doutor Francisco Ranieri,,,,https://www.drogasil.com.br,Mo-Su 07:00-23:00; PH off,,+55 11 2231-1198;+55 11 2208-1728,atendimento@drogasil.com.br,pt:Drogasil,,,,,,,,,,,,,,,,,,,,yes,,,,,,,,,,,,,,,,,,,,,,,,,,,,,,,,,,,,,,,,,,,,,,,,,,,,,,,,,,,,,,,,,,,
"POLYGON ((-46.6882345 -23.5350583, -46.6882448 -23.5350521, -46.6881669 -23.5349421, -46.6880316 -23.5350255, -46.6881106 -23.5351329, -46.6882345 -23.5350583))",pharmacy,Droga Raia,Q10357101,,,pharmacy,Droga Raia,,São Paulo,1446,05023-000,Avenida Pompeia,,,,,24/7,2025-04-12,,https://www.drogaraia.com.br,,,,,,,Vila Pompéia,,,,,,,,,,,,11.1,,yes,,,,,,,,,,,,,,,,,,,,,,,,,,,,,,,,,,,pmsp,,,,,,,,,,,,,,,,,,,,,,,,,,,,,,,,
"POLYGON ((-46.7100489 -23.5531214, -46.7099988 -23.5531664, -46.7100084 -23.5531746, -46.7099909 -23.5531899, -46.7099838 -23.5531906, -46.7099771 -23.5531923, -46.7099701 -23.5531952, -46.709964 -23.5532003, -46.7099598 -23.5532041, -46.7099555 -23.5532083, -46.7099529 -23.5532132, -46.7099501 -23.5532193, -46.7099485 -23.5532234, -46.7099468 -23.5532307, -46.709931 -23.5532452, -46.7099221 -23.5532357, -46.7098807 -23.5532744, -46.7099295 -23.5533212, -46.709912 -23.5533371, -46.7099451 -23.5533708, -46.7099643 -23.553354, -46.7100144 -23.5534022, -46.7100558 -23.5533632, -46.710049 -23.5533546, -46.7100644 -23.5533402, -46.710068 -23.5533404, -46.7100722 -23.5533399, -46.7100775 -23.5533383, -46.7100833 -23.5533353, -46.7100886 -23.5533322, -46.7100935 -23.5533288, -46.710097 -23.5533254, -46.7101003 -23.5533219, -46.7101052 -23.5533134, -46.7101065 -23.5533107, -46.7101076 -23.553307, -46.7101083 -23.5533025, -46.7101092 -23.5532991, -46.7101256 -23.553286, -46.7101342 -23.5532938, -46.7101827 -23.5532482, -46.7101664 -23.553234, -46.7101744 -23.5532258, -46.7100717 -23.5531298, -46.7100634 -23.5531362, -46.7100489 -23.5531214))",pharmacy,Drogaria São Paulo,Q5308184,,,pharmacy,Drogaria São Paulo,,,,,,,,,,,,,,,,,,,,,,,,,,,,,,,,11.48,,yes,,,,,,,,,,,,,,,,,,,,,,,,,,,,,,,,,,,pmsp,,,,,,,,,,,,,,,,,,,,,,,,,,,,,,,,
"POLYGON ((-46.7097921 -23.5546594, -46.7097664 -23.5546723, -46.7097278 -23.5546916, -46.7097313 -23.5546996, -46.709715 -23.5547101, -46.7097947 -23.5548216, -46.709826 -23.5548011, -46.7098756 -23.5548725, -46.7099512 -23.5548274, -46.7099534 -23.5548008, -46.7098671 -23.554681, -46.7098705 -23.5546791, -46.7098386 -23.5546362, -46.7097921 -23.5546594))",pharmacy,Drogasil,Q5308185,,,pharmacy,Drogasil,yes,,,,,,,,,,,,,,,,,,,,,,,,,,,,,,,3.141,,yes,,,,,,,,,,,,,,,,,,,,,,,,,,,,,,,,,,,pmsp,,,,,,,,,,,,,,,,,,,,,,,,,,,,,,,,
"POLYGON ((-46.6963699 -23.553874, -46.6964656 -23.5537624, -46.6964478 -23.5537476, -46.6964339 -23.553736, -46.6963977 -23.553706, -46.6963485 -23.5537319, -46.6962675 -23.5537746, -46.6963203 -23.5538471, -46.6963411 -23.5538757, -46.6963554 -23.5538776, -46.6963699 -23.553874))",pharmacy,Drogasil,Q5308185,yes,,pharmacy,Drogasil,yes,São Paulo,818,05443-001,Rua Natingui,,,,,Mo-Su 07:00-23:00,,+55 11 3032-3364;+55 11 3032-2824,https://www.drogasil.com.br/,pt:Drogasil,,,,,,,,,,,,,,,,,,3.024,,yes,,atendimento@drogasil.com.br,,,,,,,,,,,,,,,,,,,,,,,,,,,,,,,,,pmsp,,,,,,,,,,,,,,,,,,,,,,,,,,,,,,,,
"POLYGON ((-46.698267 -23.5253091, -46.6982647 -23.5252434, -46.6982628 -23.5251885, -46.698035 -23.5251941, -46.6980373 -23.5253143, -46.698267 -23.5253091))",pharmacy,Drogasil,Q5308185,,,pharmacy,Drogasil,yes,São Paulo,380,05046-000,Rua Aurélia,,,,,,,,,pt:Drogasil,,,,,,Vila Romana,,,,,,,,,,,,4.406,,yes,,,,,,,,,,,,,,,,,,,,,,,,,,,,,,,,,,,pmsp,,,,,,,,,,,,,,,,,,,,,,,,,,,,,,,,
"POLYGON ((-46.6910629 -23.5248919, -46.6910618 -23.5248413, -46.6910604 -23.5247812, -46.6910298 -23.524765, -46.6910296 -23.5247526, -46.6910597 -23.5247523, -46.6910594 -23.5247385, -46.6909236 -23.5247391, -46.6909271 -23.5248912, -46.6910005 -23.5248916, -46.6910629 -23.5248919))",pharmacy,Pague Menos,Q7124466,yes,,pharmacy,Pague Menos,,São Paulo,870,05042-000,Rua Clélia,,,,,,,,,pt:Pague Menos,,,,,,Vila Romana,,,,,,,,,,,,5.292,,yes,,,,,,,,,,,,,,,,,,,,,,,,,,,,,,,,,,,pmsp,,,,,,,,,,,,,,,,,,,,,,,,,,,,,,,,
"POLYGON ((-46.6755711 -23.5189144, -46.6754855 -23.5188105, -46.6754594 -23.5187789, -46.6753756 -23.5186773, -46.6751749 -23.5189181, -46.6752472 -23.5190056, -46.6755711 -23.5189144))",pharmacy,Drogaria São Paulo,Q5308184,yes,,pharmacy,Drogaria São Paulo,yes,,138,,Praça Pascoal Martins,,,,,"Mo-Su,PH 00:00-00:00",2026-02-20,,,,,,,,,,,,yes,yes,yes,,,,,,,9.465,,yes,,,,,,,,,,,,,,,,,,,,,,,,,,,,,,,,,,,pmsp,,,,,,silver,,,saltbox,,,,,,,,,,,,,,,,,,,,,,,
"POLYGON ((-46.6665836 -23.533055, -46.6666833 -23.5330006, -46.6666878 -23.5329982, -46.6666509 -23.5329407, -46.6666367 -23.5329485, -46.6664811 -23.533034, -46.6665178 -23.5330909, -46.6665578 -23.533069, -46.6665836 -23.533055))",pharmacy,,,,,pharmacy,Farma Hervas,,São Paulo,251,05014-000,Rua Monte Alegre,,,,,,,,,,,,,,,Perdizes,,,,,,,,,,,,6.176,,yes,,,,,,,,,,,,,,,,,,,,,,,,,,,,,,,,,,,pmsp,,,,,,,,,,,,,,,,,,,,,,,,,,,,,,,,
"POLYGON ((-46.7286882 -23.5269075, -46.7285791 -23.5267663, -46.7284716 -23.5268353, -46.7285818 -23.5269808, -46.7286882 -23.5269075))",pharmacy,Drogaria São Paulo,Q5308184,yes,,pharmacy,Drogaria São Paulo,,São Paulo,1101,05085-000,Rua Passo da Pátria,,,,,Mo-Su 08:00-23:00,,,,en:Grupo DPSP,,,,,,Bela Aliança,,,,,,,,,,,,3.286,,yes,,,,,,,,,,,,,,,,,,,,,,,,,,,,,,,,,,,pmsp,,,,,,,,,,,,,,,,,,,,,,,,,,,,,,,,
"POLYGON ((-46.7284231 -23.5302378, -46.7285185 -23.5303103, -46.7286373 -23.5301627, -46.7286666 -23.5301263, -46.7285849 -23.530061, -46.7285533 -23.5300955, -46.7284231 -23.5302378))",pharmacy,Droga Raia,Q10357101,,no,pharmacy,Droga Raia,yes,São Paulo,390,05302-001,Rua Schilling,,,,,,,,,,,,,,,Vila Leopodina,,,,,,,,,,,,4.67,,yes,,,,,,,,,,,,,,,,,,,,,,,,,,,,,,,,,,,pmsp,,,,,,,,,,,,,,,,,,,,,,,,,,,,,,,,
"POLYGON ((-46.7300966 -23.5311744, -46.7300593 -23.531219, -46.7300817 -23.5312364, -46.7300064 -23.531327, -46.7302204 -23.5314755, -46.7303637 -23.5312999, -46.730281 -23.5312403, -46.7302471 -23.5312816, -46.7300966 -23.5311744))",pharmacy,Farmácias Nissei,,,no,pharmacy,Farmácias Nissei,yes,São Paulo,606,05302-001,Rua Schilling,,,,,24/7,,,,,,,,,,Vila Leopoldina,,,,,,,,,,,,6.73,,yes,,,,,,,,,,,,,,,,,,,,,,,,,,,,,,,,,,,pmsp,,,,,,,,,,,yes,,,,,,,,,,,,,,,,,,,,,
"POLYGON ((-46.6605226 -23.608655, -46.6605546 -23.6086888, -46.6606163 -23.608754, -46.6607122 -23.60868, -46.660704 -23.6086714, -46.660709 -23.6086675, -46.6606833 -23.6086402, -46.6606875 -23.6086369, -46.660669 -23.6086172, -46.660665 -23.6086205, -46.6606552 -23.6086101, -46.6606221 -23.6086366, -46.6605893 -23.6086017, -46.6605855 -23.6086047, -46.6605226 -23.608655))",pharmacy,Drogaria São Paulo,Q5308184,yes,,pharmacy,Drogaria São Paulo,,São Paulo,480,04080-002,Avenida Jandira,,,,,,,,,,,,,,,Moema,,,,,,,,,,,,5.77,,retail,,,,,,,,,,,,,,,,,,,,,,,,,,,,,,,,,,,pmsp,,,,,,,,,,,,,,,,,,,,,,,,,,,,,,,,
"POLYGON ((-46.6701825 -23.6033529, -46.6702093 -23.6033815, -46.6702453 -23.6034198, -46.6703022 -23.6033745, -46.670287 -23.6033584, -46.6702914 -23.6033548, -46.6702203 -23.603279, -46.6702144 -23.6032838, -46.670197 -23.6032654, -46.6701997 -23.6032631, -46.6701295 -23.6031885, -46.670099 -23.6032131, -46.6700718 -23.603235, -46.6701425 -23.6033103, -46.6701825 -23.6033529))",pharmacy,,,yes,,pharmacy,Farmacia Panvel Rouxinol,,São Paulo,481,,Avenida Rouxinol,,,,,"Mo-Su,PH 07:00-23:00",,,,,,,,,,Moema,,,,,,,,,,,,5.68,,yes,,,,,,,,,,,,,,,,,,,,,,,,,,,,,,,,,,,pmsp,,,,,,,,,,,,,,,,,,,,,,,,,,,,,,,,
"POLYGON ((-46.6735737 -23.606638, -46.673583 -23.6066306, -46.6736378 -23.6066891, -46.6736426 -23.6066853, -46.6736754 -23.6067203, -46.6736911 -23.6067079, -46.6737421 -23.6067622, -46.6737723 -23.6067382, -46.6737879 -23.6067258, -46.6737631 -23.6066996, -46.6737296 -23.6066644, -46.6736262 -23.6065555, -46.673563 -23.6066057, -46.673568 -23.606611, -46.6735568 -23.6066199, -46.6735737 -23.606638))",pharmacy,,,yes,,pharmacy,Bifórmula Pharma,,São Paulo,242,,Avenida dos Eucaliptos,,,,,,,,https://www.biformula.net,,,,,,,Moema,,,,,,,,,,,,7.171,,yes,,,,,,,,,,,,,,,,,,,,,,,,,,,,,,,,,,,pmsp,,,,,,,,,,,,,,,,,,,,,,,,,,,,,,,,
"POLYGON ((-46.6675972 -23.6073895, -46.6674811 -23.6072652, -46.6673849 -23.6073416, -46.6674078 -23.6073662, -46.6675009 -23.6074658, -46.6675904 -23.6073949, -46.6675972 -23.6073895))",pharmacy,Drogasil,Q5308185,yes,,pharmacy,Drogasil,yes,São Paulo,1179,,Alameda dos Arapanés,,,,,Mo-Sa 07:00-22:00,,,,pt:Drogasil,,,,,,Moema,,,,,,,,,,,,4.54,,yes,,,,,,,,,,,,,,,,,,,,,,,,,,,,,,,,,,,pmsp,,,,,,,,,,,,,,,,,,,,,,,,,,,,,,,,
"POLYGON ((-46.6666641 -23.5954988, -46.6666695 -23.5955774, -46.6665515 -23.5955922, -46.6665407 -23.5955332, -46.6666641 -23.5954988))",pharmacy,Drogasil,Q5308185,,,pharmacy,Drogasil,yes,São Paulo,292,04511-001,Rua Afonso Braz,,,,,,,,,,,,,,,villa nova conceicao,,,,,,,,,,,,,,yes,,,,,,,,,,,,,,,,,,,,,,,,,,,,,,,,,,,,,,,,,,,,,,,1,,,,,,,,,,,,,,,,,,,,
"POLYGON ((-46.6666583 -23.5954997, -46.6666637 -23.595579, -46.6665447 -23.595584, -46.6665555 -23.5955295, -46.6666583 -23.5954997))",pharmacy,Drogasil,Q5308185,,,pharmacy,Drogasil,yes,São Paulo,292,04511-001,Rua Afonso Braz,,,,,,,,,,,,,,,villa nova conceicao,,,,,,,,,,,,,,yes,,,,,,,,,,,,,,,,,,,,,,,,,,,,,,,,,,,,,,,,,,,,,,,,,,,,,,,,,,,,,,,,,,,
"POLYGON ((-46.6977538 -23.6422923, -46.6978427 -23.6422432, -46.6977167 -23.6420517, -46.6976278 -23.6421008, -46.6977538 -23.6422923))",pharmacy,,,,,pharmacy,Farmácia Weleda Santo Amaro,,São Paulo,148,04738-020,Rua da Fraternidade,,,,,"Mo-Fr 09:00-19:00, sa 09:00-14:00",2023-08-31,(11) 5696-5950,,,,,,,,Santo Amaro,,,,,,,,,,,,,,yes,,fwsantoamaro@weleda.com.br,,,,,,,,,,,,,,,,,,,,,,,,,,,,,,,,,,,,,,,,,,,,,,,,,,,,,,,,,,,,,,,,,
"POLYGON ((-46.7011795 -23.6441447, -46.7010617 -23.6442068, -46.700988 -23.6440887, -46.7010725 -23.6440445, -46.7011029 -23.6440435, -46.7011288 -23.6440641, -46.7011795 -23.6441447))",pharmacy,Droga Raia,Q10357101,,,pharmacy,Droga Raia,,São Paulo,34,04739-010,Rua Nove de Julho,,,,,Mo-Su 08:00-00:00,,(11) 5523-4820,,,,,,,,Santo Amaro,,,,,,,,,,,,,,yes,,,,,,,,,,,,,,,,,,,,,,,,,,,,,,,,,,,,,,,,,,,,,,,,,,,,,,,,,,,,,,,,,,,
"POLYGON ((-46.741394 -23.6254518, -46.7412116 -23.6253848, -46.7411397 -23.6255554, -46.7411884 -23.625583, -46.741394 -23.6254518))",pharmacy,Drogasil,Q5308185,,,pharmacy,Drogasil,,,,,,,,,,,,,,,,,,,,,,,,,,,,,,,,,,yes,,,,,,,,,,,,,,,,,,,,,,,,,,,,,,,,,,,,,,,,,,,,,,,,,,,,,,,,,,,,,,,,,,,
"POLYGON ((-46.7403377 -23.6156691, -46.7402203 -23.6156678, -46.7402174 -23.6156956, -46.7401522 -23.6156956, -46.7401435 -23.6157806, -46.7403305 -23.6157846, -46.7403377 -23.6156691))",pharmacy,Droga Raia,Q10357101,,no,pharmacy,Droga Raia,,São Paulo,79,,Rua Desembargador Dalmo do Valle Nogueira,,,,,,,,,pt:RaiaDrogasil,,,,,,Vila Suzana,,,,,,,,,,,,,,,,,,,,,,,,,,,,,,,,,,,,,,,,,,,,,,,,,,,,,,,,,,,,,,,,,,,,,,,,,,,,,,,,,
"POLYGON ((-46.6427401 -23.6741638, -46.6426811 -23.6742719, -46.6426208 -23.6742449, -46.6425604 -23.6742179, -46.6426033 -23.6741171, -46.6427401 -23.6741638))",pharmacy,Drogaria São Paulo,Q5308184,yes,no,pharmacy,Drogaria São Paulo,,São Paulo,4617,,Avenida Cupecê,,,,,,,,,en:Grupo DPSP,,,,,,,,,,,,,,,,,,,,yes,,,,,,,,,,,,,,,,,,,,,,,,,,,,,,,,,,,,,,,,,,,,,,,,,,,,,,,,,,,,,,,,,,,
"POLYGON ((-46.5766265 -23.5896437, -46.5765867 -23.5896861, -46.5765821 -23.5896958, -46.5765853 -23.5897059, -46.5766069 -23.5897355, -46.5766108 -23.5897404, -46.5766147 -23.5897443, -46.576726 -23.5897265, -46.5767408 -23.5897241, -46.576727 -23.5896552, -46.5766955 -23.5896608, -46.5766503 -23.589629, -46.5766323 -23.5896489, -46.5766265 -23.5896437))",pharmacy,,,yes,,pharmacy,,,São Paulo,755,03143-003,Avenida Zelina,,,,,Mo-Su 08:00-22:00,,,,,,,,,,Vila Zelina,,,,,,,,,,,,8.534,,yes,,,,,,,,,,,,,,,,,,,,,,,,,,,,,,,,,,,pmsp,,,,,,,,,,,,,,,,,,,,,,,,,,,,,,,,
"POLYGON ((-46.5807937 -23.5911131, -46.5807528 -23.5911338, -46.5807159 -23.5911525, -46.5806997 -23.5911608, -46.5806641 -23.5911788, -46.5804911 -23.5909108, -46.5806145 -23.5908402, -46.5807937 -23.5911131))",pharmacy,Drogasil,Q5308185,yes,,pharmacy,Drogasil,yes,São Paulo,1235,03133-200,Rua Ibitirama,,,,,Mo-Su 07:00-23:00,,,,pt:Drogasil,,,,,,Vila Prudente,,,,,,,,,,,,,,yes,,,,,,,,,,,,,,,,,,,,,,,,,,,,,,,,,,,,,,,,,silver,,,,,,,,,,,,,,,,,,,,,,,,,,
"POLYGON ((-46.5814859 -23.5909033, -46.5815466 -23.5908477, -46.5817051 -23.5908429, -46.5817052 -23.5908913, -46.5817062 -23.5909104, -46.5814859 -23.5909033))",pharmacy,Drogaria São Paulo,Q5308184,yes,,pharmacy,Drogaria São Paulo,,São Paulo,1212,03134-001,Rua Ibitirama,,,,,Mo-Su 07:00-23:00,,,,,,,,,,Vila Prudente,,,,,,,,,,,,,,yes,,,,,,,,,,,,,,,,,,,,,,,,,,,,,,,,,,,,,,,,,,,,,,,,,,,,,,,,,,,,,,,,,,,
"POLYGON ((-46.7428792 -23.6720851, -46.7428437 -23.6720641, -46.74277 -23.6721738, -46.7428136 -23.6722013, -46.7428792 -23.6720851))",pharmacy,,,yes,,pharmacy,Muyu Farma,,,,,,,,,,,,,,,,,,,,,,,,,,,,,,,,,,yes,,,,,,,,,,,,,,,,,,,,,,,,,,,,,,,,,,,,,,,,,,,,,,,,,,,,,,,,,,,,,,,,,,,
"POLYGON ((-46.7023056 -23.649406, -46.7024149 -23.6495541, -46.7023364 -23.6496028, -46.7022271 -23.6494547, -46.7023056 -23.649406))",pharmacy,,,yes,,pharmacy,Farmácia Preço Popular,,São Paulo,695,04733-100,Rua Padre José de Anchieta,,,,,,,,,,,,,,,Santo Amaro,,,,,,,,,,,,,,yes,,,,,,,,,,,,,,,,,,,,,,,,,,,,,,,,,,,,,,,,,,,,,,,,,,,,,,,,,,,,,,,,,,,
"POLYGON ((-46.6407437 -23.5047268, -46.6406478 -23.5046754, -46.6405861 -23.5046423, -46.6405469 -23.5046983, -46.6405304 -23.5046881, -46.6405243 -23.5046973, -46.640512 -23.5047157, -46.6405316 -23.5047252, -46.6405248 -23.5047373, -46.6406821 -23.504824, -46.640697 -23.5048005, -46.6407183 -23.5047668, -46.6407334 -23.504743, -46.6407437 -23.5047268))",pharmacy,Drogaria São Paulo,Q5308184,,,pharmacy,Drogaria São Paulo,,São Paulo,2034,02022-020,Avenida Brás Leme,BR,SP,+55 11 2973-6508;+55 11 2976-0083;0800 779 8767,http://www.drogariasaopaulo.com.br,24/7,2025-01-06,,,en:Grupo DPSP,,,,,,Santana,,,,,,,,,,,,7.198,,yes,,,,,,,,,,,,,,,,,,,,,,,,,,,,,,,,,,,pmsp,,,,,,,,,,,,,,,,,,,,,,,,,,,,,,,,
"POLYGON ((-46.6402634 -23.503654, -46.6402224 -23.5036322, -46.6401787 -23.503609, -46.6401704 -23.5036217, -46.6400664 -23.5037804, -46.6401419 -23.5038218, -46.6402244 -23.5036939, -46.6402333 -23.5036988, -46.6402542 -23.5036677, -46.6402634 -23.503654))",pharmacy,Droga Raia,Q10357101,yes,,pharmacy,Droga Raia,,São Paulo,2095,02022-010,Avenida Bráz Leme,,,,,24/7,,,,pt:RaiaDrogasil,,,,,,Santana,,,,,,,,,,,,6.495,,yes,,,,,,,,,,,,,,,,,,,,,,,,,,,,,,,,,,,pmsp,,,,,,,,,,,,,,,,,,,,,,,,,,,,,,,,
"POLYGON ((-46.626288 -23.5038012, -46.6259475 -23.5037874, -46.6259442 -23.5038451, -46.6260144 -23.5038477, -46.6262872 -23.5038577, -46.6262875 -23.5038337, -46.626288 -23.5038012))",pharmacy,,,yes,,pharmacy,Ultrafarma,,São Paulo,1876,02010-600,Rua Voluntários da Pátria,,,,,,,,,,,,,,,,,,,,,,,,,,,5.745,,yes,,,,,,,,,,,,,,,,,,,,,,,,,,,,,,,,,,,pmsp,,,,,,,,,,,,,,,,,,,,,,,,,,,,,,,,
"POLYGON ((-46.6268505 -23.5032498, -46.6268463 -23.5032118, -46.6268217 -23.5032133, -46.6268222 -23.5032217, -46.6267972 -23.5032229, -46.6267961 -23.5032055, -46.626657 -23.5032161, -46.6265802 -23.503222, -46.6264915 -23.5032288, -46.6264916 -23.5032428, -46.6264918 -23.5032597, -46.6264921 -23.5032915, -46.626799 -23.5032645, -46.6267982 -23.5032385, -46.6268241 -23.503237, -46.6268259 -23.5032508, -46.6268505 -23.5032498))",pharmacy,Drogaria São Paulo,Q5308184,yes,,pharmacy,Drogaria São Paulo,,São Paulo,1935,02011-400,Rua Voluntários da Pátria,,,,,Mo-Sa 08:00-23:00,,+55 11 2973-6235;+55 11 2976-1397;0800 779 8767,,en:Grupo DPSP,,,,,,,,,,,,,,,,,,5.568,,yes,,,,,,,,,,,,,,,,,,,,,,,,,,,,,,,,,,,pmsp,,,,,,,,,,,,,,,,,,,,,,,,,,,,,,,,
"POLYGON ((-46.6364359 -23.4961755, -46.6365385 -23.4962891, -46.6365975 -23.4962327, -46.636588 -23.4962233, -46.6365874 -23.4961794, -46.6365981 -23.496173, -46.6365444 -23.496114, -46.6365077 -23.4961421, -46.6364955 -23.4961281, -46.6364821 -23.4961385, -46.6364359 -23.4961755))",pharmacy,Drogasil,Q5308185,yes,,pharmacy,Drogasil,yes,São Paulo,494,02450-000,Alameda Afonso Schmidt,,,,,Mo-Su 07:00-23:00,,,https://www.drogasil.com.br/,pt:Drogasil,,,,,,,,,,,,,,,,,,5.121,,yes,,atendimento@drogasil.com.br,,,,,,,,,,,,,,,,,,,,,,,,,,,,,,,,,pmsp,,,,,,,,,,,,,,,,,,,,,,,,,,,,,,,,
"POLYGON ((-46.632635 -23.4930817, -46.6327218 -23.4931512, -46.6327568 -23.4930419, -46.6327649 -23.4930484, -46.6327835 -23.4929828, -46.6327436 -23.4929509, -46.6327329 -23.4929623, -46.6326918 -23.493006, -46.6327 -23.4930126, -46.632635 -23.4930817))",pharmacy,Drogaria São Paulo,Q5308184,yes,,pharmacy,Drogaria São Paulo,,São Paulo,901,02018-012,Rua Conselheiro Moreira de Barros,,,,,Mo-Su 07:00-24:00,,+55 11 2978-5900;+55 11 2978-4089,https://www.drogariasaopaulo.com.br/,en:Grupo DPSP,,,,,,Santana,,,,,,,,,,,,6.509,,yes,,,,,,,,,,,,,,,,,,,,,,,,,,,,,,,,,,,pmsp,,,,,,,,,,,,,,,,,,,,,,,,,,,,,,,,
"POLYGON ((-46.6335751 -23.48561, -46.6335785 -23.48557, -46.6334016 -23.4855572, -46.6333934 -23.4856546, -46.6334112 -23.4856559, -46.6334126 -23.4856404, -46.6334327 -23.4856419, -46.6334349 -23.4856166, -46.6334601 -23.4856184, -46.6334615 -23.4856018, -46.6335751 -23.48561))",pharmacy,,,yes,,pharmacy,Ultrafarma Popular,,São Paulo,901,02405-001,Rua Augusto Tolle,,,,,,,,,,,,,,,Santana,,,,,,,,,,,,6.371,,yes,,,,,,,,,,,,,,,,,,,,,,,,,,,,,,,,,,,pmsp,,,,,,,,,,,,,,,,,,,,,,,,,,,,,,,,
"POLYGON ((-46.6289793 -23.4856406, -46.6291473 -23.4858229, -46.6291907 -23.4857858, -46.6292365 -23.4857467, -46.6290775 -23.4855705, -46.6290692 -23.4855771, -46.6290285 -23.4855329, -46.6289423 -23.4856004, -46.6289657 -23.4856258, -46.6289793 -23.4856406))",pharmacy,Droga Raia,Q10357101,yes,,pharmacy,Droga Raia,,São Paulo,4037,02401-300,Rua Voluntários da Pátria,,,,,24/7,,,https://www.drogaraia.com.br/,pt:RaiaDrogasil,,,,,,,,,,,,,,,,,,5.991,,yes,,,,,,,,,,,,,,,,,,,,,,,,,,,,,,,,,,,pmsp,,,,,,,,943296723113596,,,,,,,,,,,,,,,,,,,,,,,,
"POLYGON ((-46.626023 -23.4881522, -46.6260763 -23.4881547, -46.6261755 -23.4881593, -46.6261821 -23.4880692, -46.6260306 -23.4880598, -46.626023 -23.4881522))",pharmacy,,,yes,,pharmacy,Farma&Cia,,São Paulo,3634,02402-400,Rua Voluntários da Pátria,,,,,,,,,,,,,,,,,,,,,,,,,,,6.992,,yes,,,,,,,,,,,,,,,,,,,,,,,,,,,,,,,,,,,pmsp,,,,,,,,,,,,,,,,,,,,,,,,,,,,,,,,
"POLYGON ((-46.6220954 -23.4822678, -46.6219783 -23.4822992, -46.6219648 -23.4822519, -46.6218582 -23.4822779, -46.6218659 -23.4823053, -46.6218778 -23.4823032, -46.6218798 -23.4823112, -46.6218973 -23.482307, -46.6219021 -23.4823199, -46.6218834 -23.4823247, -46.6219077 -23.4824031, -46.6219127 -23.4824014, -46.6219453 -23.4823903, -46.622093 -23.4823523, -46.6220988 -23.4823396, -46.622103 -23.4823257, -46.6221045 -23.4823143, -46.6221012 -23.4822975, -46.6220954 -23.4822678))",pharmacy,,,,,pharmacy,Promofarma,,São Paulo,730,02332-000,Avenida Água Fria,,,,,,,,,,,,,,,,,,,,,,,,,,,4.309,,yes,,,,,,,,,,,,,,,,,,,,,,,,,,,,,,,,,,,pmsp,,,,,,,,,,,,,,,,,,,,,,,,,,,,,,,,
"POLYGON ((-46.6175223 -23.481571, -46.6175221 -23.4815736, -46.6175114 -23.4817081, -46.617648 -23.4816708, -46.617665 -23.4816662, -46.6176214 -23.481543, -46.6175675 -23.4815582, -46.6175223 -23.481571))",pharmacy,,,,,pharmacy,Magna Seiva Manipulação,,São Paulo,467,02336-040,Rua Casa Forte,,,,,,,,,,,,,,,,,,,,,,,,,,,10.409,,yes,,,,,,,,,,,,,,,,,,,,,,,,,,,,,,,,,,,pmsp,,,,,,,,,,,,,,,,,,,,,,,,,,,,,,,,
"POLYGON ((-46.621511 -23.4873202, -46.621411 -23.4874248, -46.6214364 -23.4874455, -46.621439 -23.4874428, -46.6214754 -23.4874724, -46.6215476 -23.4873969, -46.6215188 -23.4873735, -46.6215292 -23.4873626, -46.6215218 -23.4873565, -46.6215366 -23.487341, -46.621511 -23.4873202))",pharmacy,,,yes,,pharmacy,Phyto Placton Pharma,,São Paulo,329,02331-000,Avenida Nova Cantareira,,,,,,,+55 11 2181-8373,,,,,,,,,,,,,,,,,,,,9.124,,yes,,,,,,,,,,,,,,,,,,,,,,,,,,,,,,,,,,,pmsp,,,,,,,,,,,,,,,,,,,,,,,,,,,,,,,,
"POLYGON ((-46.6229307 -23.4883443, -46.6230138 -23.4882297, -46.6230288 -23.4882091, -46.6228638 -23.4881733, -46.6228129 -23.4881623, -46.6228089 -23.4881614, -46.622794 -23.4881968, -46.6227756 -23.4881909, -46.6227728 -23.488195, -46.6227443 -23.488185, -46.6226451 -23.4881774, -46.6226169 -23.4882152, -46.6229307 -23.4883443))",pharmacy,Drogasil,Q5308185,yes,,pharmacy,Drogasil,yes,São Paulo,170,02333-000,Avenida Nova Cantareira,,,,,,,,,pt:Drogasil,,,,,,,,,,,,,,,,,,4.574,,yes,,,,,,,,,,,,,,,,,,,,,,,,,,,,,,,,,,,pmsp,,,,,,,,,,,,,,,,,,,,,,,,,,,,,,,,
"POLYGON ((-46.6259467 -23.491845, -46.6258485 -23.4918555, -46.6257197 -23.4918989, -46.625795 -23.4919597, -46.6258006 -23.4919639, -46.6258336 -23.49199, -46.6258403 -23.4919892, -46.625938 -23.4919634, -46.6259403 -23.4919324, -46.6259467 -23.491845))",pharmacy,Drogaria São Paulo,Q5308184,yes,,pharmacy,Drogaria São Paulo,,São Paulo,3206,02402-300,Rua Voluntários da Pátria,,,,,,,,,en:Grupo DPSP,,,,,,,,,,,,,,,,,,3.012,,yes,,,,,,,,,,,,,,,,,,,,,,,,,,,,,,,,,,,pmsp,,,,,,,,,,,,,,,,,,,,,,,,,,,,,,,,
"POLYGON ((-46.6172132 -23.4930427, -46.617203 -23.4930558, -46.6171645 -23.4930302, -46.6171476 -23.4930519, -46.6171241 -23.4930363, -46.6171037 -23.4930625, -46.6171278 -23.4930785, -46.6171092 -23.4931023, -46.6171297 -23.4931159, -46.6171256 -23.493121, -46.6171615 -23.4931449, -46.6171639 -23.4931419, -46.6171705 -23.4931463, -46.6171824 -23.4931312, -46.6171864 -23.4931339, -46.6172425 -23.4930621, -46.6172132 -23.4930427))",pharmacy,Drogaria São Paulo,Q5308184,yes,,pharmacy,Drogaria São Paulo,,São Paulo,928,02042-001,Avenida Leôncio de Magalhães,,,,,,,,,en:Grupo DPSP,,,,,,,,,,,,,,,,,,7.124,,yes,,,,,,,,,,,,,,,,,,,,,,,,,,,,,,,,,,,pmsp,,,,,,,,,,,,,,,,,,,,,,,,,,,,,,,,
"POLYGON ((-46.6525648 -23.487158, -46.6525766 -23.4871073, -46.6525696 -23.4870314, -46.6525577 -23.486953, -46.6525451 -23.486927, -46.6525099 -23.4869138, -46.6524287 -23.4870868, -46.652411 -23.4871246, -46.6524094 -23.4871286, -46.6525541 -23.4872043, -46.6525648 -23.487158))",pharmacy,Droga Raia,Q10357101,yes,,pharmacy,Droga Raia,,São Paulo,2280,,Avenida Imirim,,,,,,,,,pt:RaiaDrogasil,,,,,,,,,,,,,,,,,,4.874,,yes,,,,,,,,,,,,,,,,,,,,,,,,,,,,,,,,,,,pmsp,,,,,,,,,,,,,,,,,,,,,,,,,,,,,,,,
"POLYGON ((-46.6474563 -23.481852, -46.6474309 -23.4818316, -46.6473912 -23.4818481, -46.6473791 -23.4818233, -46.6473284 -23.4818444, -46.6473458 -23.4818842, -46.6473749 -23.4819505, -46.6473794 -23.4819486, -46.6473883 -23.4819669, -46.6474284 -23.4819503, -46.6474437 -23.4819872, -46.6475046 -23.481962, -46.6474864 -23.4819246, -46.647526 -23.4819082, -46.6474563 -23.481852))",pharmacy,Drogaria São Paulo,Q5308184,yes,,pharmacy,Drogaria São Paulo,,São Paulo,3002,02430-002,Rua Conselheiro Moreira de Barros,,,,,,,,,en:Grupo DPSP,,,,,,,,,,,,,,,,,,6.346,,yes,,,,,,,,,,,,,,,,,,,,,,,,,,,,,,,,,,,pmsp,,,,,,,,,,,,,,,,,,,,,,,,,,,,,,,,
"POLYGON ((-46.6490153 -23.4702858, -46.6489769 -23.470257, -46.6489337 -23.4703991, -46.6489324 -23.4704034, -46.6489631 -23.4704112, -46.6489595 -23.4704231, -46.6489716 -23.4704405, -46.6489755 -23.470446, -46.6490191 -23.4704534, -46.6490525 -23.4703137, -46.6490153 -23.4702858))",pharmacy,Drogaria São Paulo,Q5308184,,,pharmacy,Drogaria São Paulo,yes,São Paulo,2258,,Avenida Parada Pinto,,,,,,,,,,,,,,,Lauzane Paulista,,,,,,,,,,,,5.187,,retail,,,,,,,,,,,,,,,,,,,,,,,,,,,,,,,,,,,pmsp;survey,,,,,,,,,,,,,,,,,,,,,,,,,,,,,,,,
"POLYGON ((-46.6321942 -23.4818761, -46.6321848 -23.4819313, -46.632383 -23.4820309, -46.6323873 -23.4819889, -46.6323955 -23.481909, -46.6323959 -23.4819052, -46.6321942 -23.4818761))",pharmacy,,,,,pharmacy,Promofarma,,São Paulo,4575,02401-400,Rua Voluntários da Pátria,,,,,24/7,,,,,,,,,,,,,,,,,,,,,,4.11,,yes,,,,,,,,,,,,,,,,,,,,,,,,,,,,,,,,,,,pmsp,,,,,,,,,,,,,,,,,,,,,,,,,,,,,,,,
"POLYGON ((-46.6326719 -23.478236, -46.63259 -23.4781993, -46.632592 -23.4782217, -46.6326118 -23.4783105, -46.632621 -23.4783407, -46.6326265 -23.4783554, -46.6326644 -23.4783504, -46.632743 -23.4783833, -46.6327936 -23.4782905, -46.6326719 -23.478236))",pharmacy,Extrafarma,Q20055480,yes,,pharmacy,Extrafarma,,São Paulo,52,02420-000,Avenida Zumkeller,,,,,,,,,pt:Extrafarma,,,,,,,,,,,,,,,,,,5.409,,yes,,,,,,,,,,,,,,,,,,,,,,,,,,,,,,,,,,,pmsp,,,,,,,,,,,,,,,,,,,,,,,,,,,,,,,,
"POLYGON ((-46.629586 -23.4715593, -46.6297307 -23.4715358, -46.6297362 -23.4715349, -46.6297324 -23.4715151, -46.6297254 -23.471479, -46.6297209 -23.4714555, -46.6295707 -23.4714799, -46.629586 -23.4715593))",pharmacy,,Q10357101,,,pharmacy,,,São Paulo,936,,Avenida Santa Inês,,,,,,,,,,,,,,,,,,,,,,,,,,,8.045,,yes,,,,,,,,,,,,,,,,,,,,,,,,,,,,,,,,,,,pmsp,,,,,,,,,,,,,,,,,,,,,,,,,,,,,,,,
"POLYGON ((-46.6983967 -23.7516975, -46.6984115 -23.7516925, -46.6984366 -23.7516835, -46.6984043 -23.7516117, -46.6982397 -23.7516681, -46.6982638 -23.7517274, -46.6983841 -23.7516861, -46.6983897 -23.7516999, -46.6983967 -23.7516975))",pharmacy,,,yes,,pharmacy,Reimberg,,São Paulo,1335,04845-260,Avenida Antônio Carlos Benjamin dos Santos,,,,,,,,,,,,,,,Vila Parque São Paulo,,,,,,,,,,,,6.15,,yes,,,,,,,,,,,,,,,,,,,,,,,,,,,,,,,,,,,pmsp,,,,,,,,,,,,,,,,,,,,,,,,,,,,,,,,
"POLYGON ((-46.7144349 -23.6962148, -46.7144467 -23.6964546, -46.7145758 -23.6964493, -46.7145666 -23.6962613, -46.7146171 -23.6962592, -46.714614 -23.6961949, -46.7145634 -23.696197, -46.714564 -23.6962095, -46.7144349 -23.6962148))",pharmacy,Drogasil,Q5308185,,,pharmacy,Drogasil,yes,São Paulo,3755B,,Avenida Atlântica,,,,,24/7,,,,,,,,,,,,,,,,,,,,,,4.83,,yes,,,,,,,,,,,,,,,,,,,,,,,,,,,,,,,,,,,pmsp,,,,,,#8f8f8f,,,flat,,,,,,,,,,,,,,,,,,,,,,,
"POLYGON ((-46.762828 -23.698675, -46.7628637 -23.6987117, -46.7629418 -23.698651, -46.7629091 -23.6986148, -46.762828 -23.698675))",pharmacy,,,yes,,pharmacy,,,,,,,,,,,,,,,,,,,,,,,,,,,,,,,,,4.9,,yes,,,,,,,,,,,,,,,,,,,,,,,,,,,,,,,,,,,pmsp,,,,,,,,,,,,,,,,,,,,,,,,,,,,,,,,
"POLYGON ((-46.6581704 -23.6388032, -46.6582521 -23.6390193, -46.6581237 -23.6390599, -46.6580373 -23.6388375, -46.6581704 -23.6388032))",pharmacy,Drogasil,Q5308185,yes,,pharmacy,Drogasil,yes,,,,,,,,,,,,,pt:Drogasil,,,,,,,,,,,,,,,,,,,,yes,,,,,,,,,,,,,,,,,,,,,,,,,,,,,,,,,,,,,,,,,,,,,,,,,,,,,,,,,,,,,,,,,,,
"POLYGON ((-46.745808 -23.6740536, -46.7458451 -23.6740727, -46.7458657 -23.6740831, -46.745911 -23.6741061, -46.7459533 -23.674039, -46.7460573 -23.6738743, -46.7459528 -23.6738211, -46.7459452 -23.6738333, -46.7458482 -23.673989, -46.7458374 -23.6740065, -46.745808 -23.6740536))",pharmacy,Drogaria São Paulo,Q5308184,yes,,pharmacy,Drogaria São Paulo,,,,,,,,,,,,,,en:Grupo DPSP,,,,,,,,,,,,,,,,,,5.65,,yes,,,,,,,,,,,,,,,,,,,,,,,,,,,,,,,,,,,pmsp,,,,,,,,,,,,,,,,,,,,,,,,,,,,,,,,
"POLYGON ((-46.7436202 -23.672844, -46.7435875 -23.6729237, -46.743541 -23.6730373, -46.7436316 -23.673072, -46.7437111 -23.6728731, -46.7436225 -23.6728383, -46.7436202 -23.672844))",pharmacy,,,yes,,pharmacy,Farmácia Super Popular,,,,,,,,,,,,,,,,,,,,,,,,,,,,,,,,3.32,,yes,,,,,,,,,,,,,,,,,,,,,,,,,,,,,,,,,,,pmsp,,,,,,,,,,,,,,,,,,,,,,,,,,,,,,,,
"POLYGON ((-46.6999767 -23.6430726, -46.7000472 -23.6431387, -46.6998853 -23.6432194, -46.6998395 -23.6431564, -46.6999767 -23.6430726))",pharmacy,,,yes,,pharmacy,,,,,,,,,,,,,,,,,,,,,,,,,,,,,,,,,,,yes,,,,,,,,,,,,,,,,,,,,,,,,,,,,,,,,,,,,,,,,,,,,,,,,,,,,,,,,,,,,,,,,,,,
"POLYGON ((-46.5951216 -23.4986241, -46.5951159 -23.4985782, -46.5950807 -23.4985328, -46.5950249 -23.4984607, -46.5949934 -23.4984732, -46.5948883 -23.4985149, -46.5950335 -23.498707, -46.5950847 -23.4986588, -46.5951216 -23.4986241))",pharmacy,Drogaria São Paulo,Q5308184,yes,,pharmacy,Drogaria São Paulo,,São Paulo,2055,02072-002,Avenida Conceição,,,,,Mo-Su 07:00-23:00,,+55 11 2901-2064;+55 11 2901-1911;0800 779 8767,https://www.drogariasaopaulo.com.br/,en:Grupo DPSP,,,,,,,,,,,,,,,,,,5.837,,yes,,,,,,,,,,,,,,,,,,,,,,,,,,,,,,,,,,,pmsp,,,,,,,,,,,,,,,,,,,,,,,,,,,,,,,,
"POLYGON ((-46.5856844 -23.4906027, -46.5857 -23.4905888, -46.5857615 -23.4905344, -46.5857466 -23.4905204, -46.5857184 -23.4904937, -46.5857056 -23.4904816, -46.5856237 -23.4905544, -46.585616 -23.4905613, -46.5855757 -23.4905972, -46.585583 -23.4906042, -46.5855766 -23.4906099, -46.5856139 -23.4906458, -46.5856199 -23.4906393, -46.5856733 -23.490592, -46.5856844 -23.4906027))",pharmacy,,,yes,,pharmacy,Drogaria Universal,,São Paulo,502,02219-000,Avenida Nossa Senhora do Loreto,,,,,Mo-Sa 08:00-21:00,,,,,,,,,,,,,,,,,,,,,,9.579,,yes,,,,,,,,,,,,,,,,,,,,,,,,,,,,,,,,,,,pmsp,,,,,,,,24743964811949958,,,,,,,,,,,,,,,,,,,,,,,,
"POLYGON ((-46.5849176 -23.4895394, -46.5849876 -23.4894785, -46.5850009 -23.489467, -46.5849539 -23.489421, -46.5849467 -23.4894139, -46.5848625 -23.4894871, -46.5848826 -23.4895061, -46.584906 -23.4895284, -46.5849176 -23.4895394))",pharmacy,,,,,pharmacy,Droga Fênix,,São Paulo,635,02219-000,Avenida Nossa Senhora do Loreto,,,,,Mo-Fr 09:00-20:00; Sa 08:00-18:00,,+55 11 2201-1839;+55 11 2989-4789,,,,,,,,Vila Medeiros,,,,,,,,,,,,10.114,,yes,,,,,,,,,,,,,,,,,,,,,,,,,,,,,,,,,,,pmsp,,,,,,,,560953208227443,,,,,,,,,,,,,,,,,,,,,,,,
"POLYGON ((-46.582661 -23.4785382, -46.5826724 -23.4785491, -46.5827591 -23.4784833, -46.5827636 -23.47848, -46.5825105 -23.478196, -46.5824916 -23.4781748, -46.5824871 -23.4781782, -46.5823924 -23.4782499, -46.5824748 -23.4783416, -46.5825967 -23.4784774, -46.582661 -23.4785382))",pharmacy,Drogasil,Q5308185,yes,yes,pharmacy,Drogasil,yes,São Paulo,1420,02221-001,Avenida Jardim Japão,,,,,,,,,,,,,,,Jardim Brasil,,,,,,,,,,,,9.21,,yes,,,,,,,,,,,,,,,,,,,,,,,,,,,,,,,,,,,pmsp,,,,,,#f07800,,1256207202474955,hipped,,,,,,,,,,,,,,,,,,,,,,,
"POLYGON ((-46.4753841 -23.6125311, -46.4753073 -23.6127951, -46.4752973 -23.6128167, -46.4752465 -23.6129324, -46.4753202 -23.6129541, -46.4753241 -23.6129429, -46.4753106 -23.612939, -46.4753164 -23.6129218, -46.4753297 -23.6129253, -46.4753569 -23.6128527, -46.4754943 -23.6128899, -46.4754807 -23.6126098, -46.4754384 -23.6125742, -46.4754417 -23.6125623, -46.4753841 -23.6125311))",pharmacy,,,,,pharmacy,Bifarma,,São Paulo,1000,,Avenida Adélia Chohfi,,,,,,,,,,,,,,,,,,,,,,,,,,,3.123,,yes,,,,,,,,,,,,,,,,,,,,,,,,,,,,,,,,,,,pmsp,,,,,,,,,,,,,,,,,,,,,,,,,,,,,,,,
"POLYGON ((-46.4886313 -23.5934895, -46.4885978 -23.5935774, -46.4886048 -23.5935796, -46.4889399 -23.5936864, -46.4889713 -23.5936, -46.4886313 -23.5934895))",pharmacy,,,yes,,pharmacy,Farma & Cia,,São Paulo,1066,03949-100,Avenida Mateo Bei,,,,,,,,,,,,,,,,,,,,,,,,,,,8.608,,yes,,,,,,,,,,,,,,,,,,,,,,,,,,,,,,,,,,,pmsp,,,,,,,,,,,,,,,,,,,,,,,,,,,,,,,,
"POLYGON ((-46.4853114 -23.5995583, -46.4852992 -23.5995719, -46.4852624 -23.5995418, -46.4852445 -23.5995637, -46.4852293 -23.5995823, -46.4852609 -23.5996094, -46.4852493 -23.5996227, -46.4854214 -23.5997462, -46.4854307 -23.5997348, -46.4854759 -23.5996795, -46.4853114 -23.5995583))",pharmacy,,,yes,,pharmacy,Economy Farma,,São Paulo,1922,03949-100,Avenida Mateo Bei,,,,,,,,,,,,,,,,,,,,,,,,,,,8.334,,yes,,,,,,,,,,,,,,,,,,,,,,,,,,,,,,,,,,,pmsp,,,,,,,,,,,,,,,,,,,,,,,,,,,,,,,,
"POLYGON ((-46.4765036 -23.6110804, -46.4765315 -23.611024, -46.476388 -23.6109563, -46.4763715 -23.6109806, -46.4763453 -23.6110192, -46.4763303 -23.6110413, -46.4763481 -23.611067, -46.4764611 -23.6110767, -46.4765036 -23.6110804))",pharmacy,Farma Conde,Q100492677,yes,,pharmacy,Farma Conde,,São Paulo,3490,03949-300,Avenida Mateo Bei,,,,,,,,,,,,,,,São Mateus,,,,,,,,,,,,8.86,,yes,,,,,,,,,,,,,,,,,,,,,,,,,,,,,,,,,,,pmsp,,,,,,,,,,,,,,,,,,,,,,,,,,,,,,,,
"POLYGON ((-46.4786847 -23.6076222, -46.4786413 -23.6076852, -46.4788252 -23.6077926, -46.4788686 -23.6077296, -46.4786847 -23.6076222))",pharmacy,Drogaria São Paulo,Q5308184,yes,,pharmacy,Drogaria São Paulo,,São Paulo,3048,03949-300,Avenida Mateo Bei,,,,,,,,,en:Grupo DPSP,,,,,,São Matheus,,,,,,,,,,,,6.35,,yes,,,,,,,,,,,,,,,,,,,,,,,,,,,,,,,,,,,pmsp,,,,,,,,,,,,,,,,,,,,,,,,,,,,,,,,
"POLYGON ((-46.5030191 -23.6148824, -46.5030257 -23.6148888, -46.5029947 -23.6149158, -46.503027 -23.6149228, -46.5031213 -23.6149433, -46.5031789 -23.6149557, -46.5032248 -23.6149001, -46.5031617 -23.6148475, -46.5031472 -23.6148642, -46.503017 -23.6147594, -46.5029508 -23.6148289, -46.5029617 -23.6148395, -46.5030119 -23.6148886, -46.5030191 -23.6148824))",pharmacy,,,yes,,pharmacy,Droga Leste,,São Paulo,11030A,03345-001,Avenida Sapopemba,,,,,,,,,,,,,,,,,,,,,,,,,,,5.042,,yes,,,,,,,,,,,,,,,,,,,,,,,,,,,,,,,,,,,pmsp,,,,,,,,,,,,,,,,,,,,,,,,,,,,,,,,
"POLYGON ((-46.5012853 -23.6151683, -46.5013409 -23.6149286, -46.5012924 -23.6149202, -46.5012512 -23.614913, -46.5012181 -23.6150735, -46.5012017 -23.6151529, -46.5012598 -23.6151636, -46.5012853 -23.6151683))",pharmacy,Drogasil,Q5308185,yes,,pharmacy,Drogasil,yes,São Paulo,11176,,Avenida Sapopemba,,,,,,,,,pt:Drogasil,,,,,,,,,,,,,,,,,,6.64,,yes,,,,,,,,,,,,,,,,,,,,,,,,,,,,,,,,,,,pmsp,,,,,,,,,,,,,,,,,,,,,,,,,,,,,,,,
"POLYGON ((-46.6409031 -23.4823662, -46.6408395 -23.4823604, -46.6408208 -23.4825316, -46.6408843 -23.4825374, -46.6409031 -23.4823662))",pharmacy,Drogaria São Paulo,Q5308184,yes,,pharmacy,Drogaria São Paulo,,São Paulo,216,02435-000,Avenida do Guacá,,,,,,,,,en:Grupo DPSP,,,,,,,,,,,,,,,,,,,,yes,,,,,,,,,,,,,,,,,,,,,,,,,,,,,,,,,,,,,,,,,,,,,,,,Atualizar a geometria quando as imagens de satélite estiverem atualizadas.,,,,,,,,,,,,,,,,,,,
"POLYGON ((-46.4611519 -23.6251258, -46.4611332 -23.6251098, -46.461105 -23.625111, -46.4609628 -23.625154, -46.4609454 -23.6251786, -46.4609588 -23.6252192, -46.4610379 -23.62539, -46.4612431 -23.625256, -46.4611519 -23.6251258))",pharmacy,,,yes,,pharmacy,,,,,,,,,,,,,,,,,,,,,,,,,,,,,,,,,,,yes,,,,,,,,,,,,,,,,,,,,,,,,,,,,,,,,,,,,,,,,,,,,,,,,,,,,,,,,,,,,,,,,,,,
"POLYGON ((-46.7382116 -23.6210003, -46.7382309 -23.6210974, -46.7380734 -23.6211233, -46.738055 -23.621025, -46.7382116 -23.6210003))",pharmacy,Drogasil,Q5308185,yes,no,pharmacy,Drogasil,yes,São Paulo,600,05642-001,Avenida José Galante,,,,,Mo-Su 07:00-23:00,,+55 11 3739 0047,,pt:Drogasil,,,,,,Vila Suzana,,,yes,yes,yes,,,,,,,,,yes,,,,,yes,yes,,,,yes,yes,yes,yes,yes,,,,,,,,yes,,,,,,,,,,,,,,,,,,,,,,,,,,,yes,,,,,,,,,,,,,,,,,,
"POLYGON ((-46.5290842 -23.552188, -46.5291461 -23.5521587, -46.5291705 -23.5520922, -46.5290842 -23.5519303, -46.5289636 -23.5519658, -46.5290842 -23.552188))",pharmacy,Drogasil,Q5308185,,no,pharmacy,Drogasil,yes,São Paulo,3445,,Avenida Conselheiro Carrão,,,,,,,,,pt:Drogasil,,,,Drogasil,,Vila Carrão,,,,,,,,,,,,6.18,,yes,,,,,,,,,,,,,,,,,,,,,,,,,,,,,,,,,,,pmsp,,,,,,,,,,,,,,,,,,,,,,,,,,,,,,,,
"POLYGON ((-46.7169479 -23.4461809, -46.7168879 -23.4461791, -46.7168832 -23.4463117, -46.7169432 -23.4463135, -46.7169479 -23.4461809))",pharmacy,,,yes,,pharmacy,Drogaria,,,,,,,,,,,,,,,,,,,,,,,,,,,,,,,,,,yes,,,,,,,,,,,,,,,,,,,,,,,,,,,,,,,,,,,,,,,,,,,,,,,,,,,,,,,,,,,,,,,,,,,
"POLYGON ((-46.7262187 -23.4969793, -46.7261299 -23.4971146, -46.7260636 -23.4970791, -46.7260571 -23.4970343, -46.7261197 -23.4969344, -46.7261923 -23.4969712, -46.7262187 -23.4969793))",pharmacy,Drogasil,Q5308185,yes,no,pharmacy,Drogasil,yes,São Paulo,29,05143-060,Rua Rosalio José da Conceição,,,,,,,,,pt:Drogasil,,,,Drogasil,,Jardim Íris,,,,,,,,,,,,,,yes,,,,,,,,,,,,,,,,,,,,,,,,,,,,,,,,,,,,,,,,,,,,,,,,,,,,,,,,,,,,,,,,,,,
"POLYGON ((-46.6917969 -23.4851439, -46.6917612 -23.4850914, -46.6919322 -23.4849962, -46.6919735 -23.4850673, -46.6917969 -23.4851439))",pharmacy,,,yes,,pharmacy,,,,,,,,,,,,,,,,,,,,,,,,,,,,,,,,,,,yes,,,,,,,,,,,,,,,,,,,,,,,,,,,,,,,,,,,,,,,,,,,,,,,,,,,,,,,,,,,,,,,,,,,
"POLYGON ((-46.6926662 -23.4865611, -46.6926964 -23.4866258, -46.6930289 -23.4864487, -46.6930088 -23.4863671, -46.6926662 -23.4865611))",pharmacy,Droga Raia,Q10357101,yes,,pharmacy,Droga Raia,,,,,,,,,,,,,,pt:RaiaDrogasil,,,,,,,,,,,,,,,,,,,,yes,,,,,,,,,,,,,,,,,,,,,,,,,,,,,,,,,,,,,,,,,,,,,,,,,,,,,,,,,,,,,,,,,,,
"POLYGON ((-46.6920577 -23.4855601, -46.6920129 -23.4854971, -46.6921578 -23.485434, -46.6921921 -23.4854875, -46.6920577 -23.4855601))",pharmacy,Drogaria São Paulo,Q5308184,yes,,pharmacy,Drogaria São Paulo,,,,,,,,,,,,,,en:Grupo DPSP,,,,,,,,,,,,,,,,,,,,yes,,,,,,,,,,,,,,,,,,,,,,,,,,,,,,,,,,,,,,,,,,,,,,,,,,,,,,,,,,,,,,,,,,,
"POLYGON ((-46.6966169 -23.4855575, -46.6966798 -23.4856549, -46.6965374 -23.4857471, -46.6964713 -23.4856705, -46.6966169 -23.4855575))",pharmacy,,,yes,,pharmacy,,,,,,,,,,,,,,,,,,,,,,,,,,,,,,,,,,,yes,,,,,,,,,,,,,,,,,,,,,,,,,,,,,,,,,,,,,,,,,,,,,,,,,,,,,,,,,,,,,,,,,,,
"POLYGON ((-46.6047324 -23.5065354, -46.6047027 -23.5064793, -46.604622 -23.5063264, -46.6046197 -23.5063274, -46.6045152 -23.5063755, -46.6045169 -23.5063788, -46.60458 -23.5065001, -46.6046169 -23.5065708, -46.6046197 -23.5065762, -46.6046437 -23.5066222, -46.6047199 -23.5065854, -46.6047324 -23.5065354))",pharmacy,Drogaria São Paulo,Q5308184,,,pharmacy,Drogaria São Paulo,,São Paulo,1170,02065-000,Avenida Joaquina Ramalho,BR,SP,+55 11 2305-7520;+55 11 2305-6481;0800 779 8767,http://www.drogariasaopaulo.com.br,Mo-Su 07:00-23:00,,,,en:Grupo DPSP,,,,,,Vila Guilherme,,,,,,,,,,,,4.579,,yes,,,,,,,,,,,,,,,,,,,,,,,,,,,,,,,,,,,pmsp,,,,,,,,,,,,,,,,,,,,,,,,,,,,,,,,
"POLYGON ((-46.597559 -23.5079648, -46.5974211 -23.5078009, -46.597351 -23.5078474, -46.5973825 -23.5078854, -46.5973921 -23.507897, -46.597393 -23.5078981, -46.5974241 -23.5078771, -46.5974041 -23.5078536, -46.5974255 -23.5078386, -46.5974519 -23.5078704, -46.5974217 -23.507891, -46.5974732 -23.5079511, -46.5974504 -23.5079675, -46.5974549 -23.507973, -46.5974869 -23.5080121, -46.5974893 -23.508015, -46.597559 -23.5079648))",pharmacy,,,,,pharmacy,Euro Formulas,,São Paulo,1859,02071-013,Rua Maria Cândida,,,,,Mo-Fr 09:00-18:00; Sa 08:00-12:00,,+55 11 2901-6338,,,,,,,,,,,,,,,,,,,,5.637,,yes,,,,,,,,,,,,,,,,,,,,,,,,,,,,,,,,,,,pmsp,,,,,,,,,,,,,,,,,,,,,,,,,,,,,,,,
"POLYGON ((-46.5968175 -23.4983703, -46.5968017 -23.4982416, -46.5967385 -23.4982342, -46.5966636 -23.4982254, -46.5966667 -23.4982506, -46.5966803 -23.4983596, -46.5966832 -23.4983831, -46.5968175 -23.4983703))",pharmacy,Drogasil,Q5308185,yes,,pharmacy,Drogasil,yes,São Paulo,1874,02072-002,Avenida Conceição,,,,,Mo-Su 07:00-23:00,,+55 11 2901-3030;+55 11 2901-0637,https://www.drogasil.com.br/,pt:Drogasil,,,,,,,,,,,,,,,,,,6.686,,yes,,atendimento@drogasil.com.br,,,,,,,,,,,,,,,,,,,,,,,,,,,,,,,,,pmsp,,,,,,,,,,,,,,,,,,,,,,,,,,,,,,,,
"POLYGON ((-46.6122523 -23.4976198, -46.6119791 -23.4977473, -46.6120036 -23.4977977, -46.6120598 -23.4977704, -46.6120632 -23.4977767, -46.6120928 -23.4977642, -46.6121143 -23.4978007, -46.6121197 -23.4977978, -46.6121242 -23.4978051, -46.6123139 -23.4977151, -46.6122886 -23.4976708, -46.6122836 -23.4976725, -46.6122523 -23.4976198))",pharmacy,Droga Raia,Q10357101,yes,yes,pharmacy,Droga Raia,,São Paulo,552,02085-000,Avenida Luiz Dumont Villares,,,,,24/7,,,,pt:RaiaDrogasil,,,,,,Vila Guilherme,,,,,,,,,,,,4.261,,yes,,,,,,,,,,,,,,,,,,,,,,,,,,,,,,,,,,,pmsp,,,,,,,,,,,,,,,,,,,,,,,,,,,,,,,,
"POLYGON ((-46.6112512 -23.4934885, -46.6113178 -23.4934723, -46.6112883 -23.4933497, -46.6112345 -23.4933602, -46.6112213 -23.4933628, -46.6112508 -23.4934864, -46.6112512 -23.4934885))",pharmacy,Drogasil,Q5308185,yes,,pharmacy,Drogasil,yes,São Paulo,1012,02085-100,Avenida Luiz Dumont Villares,,,,,,,,,pt:Drogasil,,,,,,,,,,,,,,,,,,7.24,,yes,,,,,,,,,,,,,,,,,,,,,,,,,,,,,,,,,,,pmsp,,,,,,,,,,,,,,,,,,,,,,,,,,,,,,,,
"POLYGON ((-46.5767601 -23.5898954, -46.5766744 -23.5899067, -46.5766526 -23.5899096, -46.5766118 -23.589996, -46.5766907 -23.5900375, -46.576692 -23.5900382, -46.576738 -23.5900624, -46.5767921 -23.5900908, -46.5767727 -23.5899723, -46.5767601 -23.5898954))",pharmacy,Droga Raia,Q10357101,yes,,pharmacy,Droga Raia,,São Paulo,752,03143-000,Avenida Zelina,,,,,24/7,,,,pt:RaiaDrogasil,,,,,,Vila Zelina,,,,,,,,,,,,5.457,,yes,,,,,,,,,,,,,,,,,,,,,,,,,,,,,,,,,,,pmsp,,,,,,,,,,,,,,,,,,,,,,,,,,,,,,,,
"POLYGON ((-46.5858609 -23.5811156, -46.5858231 -23.5809854, -46.5857143 -23.5810123, -46.58575 -23.581135, -46.5858609 -23.5811156))",pharmacy,,,yes,,pharmacy,Darogaria São Paulo,yes,,,,,,,,,,2023-06-06,,,,,,,,,,,,,,,,,,,,,5.986,,yes,,,,no,yes,yes,,,,,,,,,,,,,,,,,,,,,,,,,,,,,pmsp,,,,,,grey,,,hipped,,,,,,,,,,,,,,,,,,,,,,,
"POLYGON ((-46.5850336 -23.5815134, -46.5850555 -23.5814716, -46.5850573 -23.5814651, -46.585057 -23.5814585, -46.5850546 -23.5814522, -46.5850503 -23.5814468, -46.5850443 -23.5814431, -46.5849736 -23.5814118, -46.5849412 -23.5814726, -46.5850336 -23.5815134))",pharmacy,Droga Raia,Q10357101,yes,,pharmacy,Droga Raia,,São Paulo,20,03131-010,Rua Orfanato,,,,,Mo-Su 07:30-23:30,2023-05-16,+55 11 2591-1300,https://www.drogaraia.com.br/,pt:RaiaDrogasil,,,,,,Vila Prudente,,,,,,,,,,,,8.528,,yes,,,,,,,,,,,,,,,,,,,,,,,,,,,,,,,,,,,pmsp,,,,,,,,,,,,,,,,,,,,,,,,,,,,,,,,
"POLYGON ((-46.5893911 -23.5005584, -46.5894077 -23.5005049, -46.5893354 -23.5004386, -46.589208 -23.5004047, -46.5892038 -23.5004187, -46.5891959 -23.500445, -46.5891837 -23.5004857, -46.5891785 -23.500503, -46.5892993 -23.5005342, -46.5893911 -23.5005584))",pharmacy,Extrafarma,Q20055480,yes,,pharmacy,Extrafarma,,São Paulo,1769,02127-001,Avenida Alberto Byington,,,,,,,,,pt:Extrafarma,,,,,,Vila Maria Alta,,,,,,,,,,,,5.323,,yes,,,,,,,,,,,,,,,,,,,,,,,,,,,,,,,,,,,pmsp,,,,,,,,,,,,,,,,,,,,,,,,,,,,,,,,
"POLYGON ((-46.5881524 -23.51612, -46.5881627 -23.5161331, -46.5881825 -23.5161583, -46.588197 -23.5161768, -46.5882027 -23.516181, -46.5882094 -23.5161835, -46.5882166 -23.5161842, -46.5882237 -23.5161829, -46.5882301 -23.5161799, -46.5882358 -23.5161757, -46.5883797 -23.5160796, -46.5883359 -23.516021, -46.5883233 -23.5160041, -46.5883078 -23.5160146, -46.5883052 -23.5160164, -46.5882878 -23.5160282, -46.5881524 -23.51612))",pharmacy,,,,,pharmacy,São Carlos Drogaria,,São Paulo,1531,02113-015,Avenida Guilherme Cotching,,,,,,,,,,,,,,,Vila Maria,,,,,,,,,,,,9.181,,yes,,,,,,,,,,,,,,,,,,,,,,,,,,,,,,,,,,,pmsp,,,,,,grey,,,hipped,,,,,,,,,,,,,,,,,,,,,,,
"POLYGON ((-46.588682 -23.5175066, -46.5886748 -23.5175113, -46.5887886 -23.5176593, -46.5888333 -23.5176297, -46.5888827 -23.517597, -46.5888883 -23.5175929, -46.5888925 -23.5175874, -46.5888955 -23.5175813, -46.588897 -23.5175748, -46.5888971 -23.5175681, -46.5888957 -23.5175616, -46.5888921 -23.5175559, -46.5888781 -23.5175381, -46.5887949 -23.5174325, -46.5887665 -23.5174511, -46.5887376 -23.5174701, -46.5887102 -23.5174881, -46.588682 -23.5175066))",pharmacy,Drogaria São Paulo,Q5308184,yes,no,pharmacy,Drogaria São Paulo,,São Paulo,1360,02113-012,Avenida Guilherme Cotching,,,+55 11 2967-7341;+55 11 2967-6702;0800 779 8767,http://www.drogariasaopaulo.com.br,24/7,,,,en:Grupo DPSP,,,,,,Vila Maria,,,,,,,,,,,,7.451,,yes,,,,,,,,,,,,,,,,,,,,,,,,,,,,,,,,,,,pmsp,,,,,,,,,,,,,,,,,,,,,,,,,,,,,,,,
"POLYGON ((-46.5770353 -23.5196189, -46.5771104 -23.5195582, -46.5770919 -23.519538, -46.5771001 -23.5195317, -46.5770723 -23.5195014, -46.5770619 -23.5195095, -46.5770609 -23.5195085, -46.5769869 -23.519566, -46.5770353 -23.5196189))",pharmacy,,,yes,,pharmacy,Drogaria Novo Mundo,,São Paulo,321,02168-130,Rua dos Condoreiros,,,,,,,+55 11 2955-0928,,,,,,,,Jardim Andarai,,,,,,,,,,,,5.102,,yes,,,,,,,,,,,,,,,,,,,,,,,,,,,,,,,,,,,pmsp,,,,,,,,,,,,,,,,,,,,,,,,,,,,,,,,
"POLYGON ((-46.5086915 -23.5694379, -46.5086336 -23.5694914, -46.5086631 -23.5695198, -46.5087222 -23.5695732, -46.5088192 -23.5696609, -46.5088753 -23.5696076, -46.5086915 -23.5694379))",pharmacy,Drogasil,Q5308185,yes,,pharmacy,Drogasil,yes,São Paulo,1768,03452-100,Avenida Rio das Pedras,,,,,,,,,pt:Drogasil,,,,,,Jardim Aricanduva,,,,,,,,,,,,6.315,,yes,,,,,,,,,,,,,,,,,,,,,,,,,,,,,,,,,,,pmsp,,,,,,,,,,,,,,,,,,,,,,,,,,,,,,,,
"POLYGON ((-46.5354797 -23.5828964, -46.5354492 -23.5829374, -46.5354408 -23.5829487, -46.5353976 -23.5830069, -46.535428 -23.5830256, -46.5355952 -23.5831283, -46.5356331 -23.5830753, -46.5356551 -23.5830446, -46.5356707 -23.5830227, -46.535676 -23.5830154, -46.5356356 -23.5829909, -46.5356019 -23.5829705, -46.5355923 -23.582984, -46.5355364 -23.5829501, -46.535546 -23.5829366, -46.5354797 -23.5828964))",pharmacy,,,yes,,pharmacy,Droga Leste,,São Paulo,5804,03374-001,Avenida Sapopemba,,,,,,,,,,,,,,,,,,,,,,,,,,,6.872,,yes,,,,,,,,,,,,,,,,,,,,,,,,,,,,,,,,,,,pmsp,,,,,,,,,,,,,,,,,,,,,,,,,,,,,,,,
"POLYGON ((-46.5604489 -23.5489542, -46.5604621 -23.5489016, -46.5604707 -23.5488675, -46.5603018 -23.5488348, -46.5602883 -23.5488359, -46.5602786 -23.5488403, -46.5602727 -23.5488453, -46.5602695 -23.5488524, -46.5602647 -23.548873, -46.5602542 -23.5489178, -46.5604435 -23.5489532, -46.5604489 -23.5489542))",pharmacy,Drogasil,Q5308185,yes,,pharmacy,Drogasil,yes,São Paulo,1274,03312-001,Rua Monte Serrat,,,,,24/7,,,,pt:Drogasil,,,,,,,,,,,,,,,,,,3.07,,yes,,,,,,,,,,,,,,,,,,,,,,,,,,,,,,,,,,,pmsp,,,,,,,,,,,,,,,,,,,,,,,,,,,,,,,,
"POLYGON ((-46.5552206 -23.5479923, -46.5553164 -23.5480115, -46.5553518 -23.5478701, -46.5552771 -23.5478557, -46.5552526 -23.5478744, -46.5552487 -23.5478887, -46.5552206 -23.5479923))",pharmacy,Extrafarma,Q20055480,yes,,pharmacy,Extrafarma,,São Paulo,2028,03401-001,Rua Antônio de Barros,,,,,,,,,pt:Extrafarma,,,,,,Vila Carrão,,,,,,,,,,,,7.64,,yes,,,,,,,,,,,,,,,,,,,,,,,,,,,,,,,,,,,pmsp,,,,,,,,,,,,,,,,,,,,,,,,,,,,,,,,
"POLYGON ((-46.5742675 -23.5450479, -46.5742443 -23.5450433, -46.5742259 -23.5451218, -46.5742569 -23.5451281, -46.5743158 -23.54514, -46.5743222 -23.5451393, -46.5743249 -23.5451383, -46.5743279 -23.5451371, -46.5743323 -23.5451333, -46.5743483 -23.5450637, -46.5742675 -23.5450479))",pharmacy,Drogasil,Q5308185,yes,,pharmacy,Drogasil,yes,São Paulo,21,03323-000,Praça Silvio Romero,,,,,,,,,pt:Drogasil,,,,,,Cidade Mãe do Céu,,,,,,,,,,,,9.732,,yes,,,,,,,,,,,,,,,,,,,,,,,,,,,,,,,,,,,pmsp,,,,,,,,,,,,,,,,,,,,,,,,,,,,,,,,
"POLYGON ((-46.572419 -23.5477402, -46.5723882 -23.5477341, -46.5722545 -23.5477075, -46.5722263 -23.5477019, -46.5722105 -23.5477802, -46.5722086 -23.5477895, -46.5722264 -23.5478111, -46.5723946 -23.5478446, -46.5723992 -23.5478247, -46.5723884 -23.5478226, -46.5723995 -23.5477749, -46.5724104 -23.5477771, -46.572419 -23.5477402))",pharmacy,Drogasil,Q5308185,yes,,pharmacy,Drogasil,yes,São Paulo,398,03323-040,Rua Coelho Lisboa,,,,,,,,,pt:Drogasil,,,,,,,,,,,,,,,,,,3.106,,yes,,,,,,,,,,,,,,,,,,,,,,,,,,,,,,,,,,,pmsp,,,,,,,,,,,,,,,,,,,,,,,,,,,,,,,,
"POLYGON ((-46.5724703 -23.5455716, -46.5723306 -23.5455455, -46.5723251 -23.5455699, -46.5722914 -23.5455635, -46.5722969 -23.5455392, -46.5721727 -23.5455159, -46.5721667 -23.5455148, -46.5721538 -23.5455723, -46.5724564 -23.54563, -46.5724595 -23.545617, -46.5724655 -23.5455916, -46.5724703 -23.5455716))",pharmacy,Drogaria São Paulo,Q5308184,yes,,pharmacy,Drogaria São Paulo,,São Paulo,269,03323-000,Praça Silvio Romero,,,,,Mo-Sa 08:00-23:00,,,,en:Grupo DPSP,,,,,,Cidade Mãe do Céu,,,,,,,,,,,,6.914,,yes,,,,,,,,,,,,,,,,,,,,,,,,,,,,,,,,,,,pmsp,,,,,,,,,,,,,,,,,,,,,,,,,,,,,,,,
"POLYGON ((-46.4902912 -23.5539804, -46.4901151 -23.5540173, -46.490158 -23.5541003, -46.4902231 -23.5542263, -46.4902593 -23.5542085, -46.4902507 -23.5541941, -46.4902353 -23.5541655, -46.490261 -23.5541507, -46.4902876 -23.5541923, -46.4903197 -23.5541782, -46.490387 -23.5541472, -46.4902912 -23.5539804))",pharmacy,,,,,pharmacy,Droga Leste,,São Paulo,3701,,Avenida Itaquera,,,,,,,,,,,,,,,,,,,,,,,,,,,7,,yes,,,,,,,,,,,,,,,,,,,,,,,,,,,,,,,,,,,pmsp,,,,,,silver,,,,,,,,,,,,,,,,,,,,,,,,,,
"POLYGON ((-46.5048584 -23.5531825, -46.5048083 -23.5531604, -46.5048046 -23.5531689, -46.5047972 -23.5531862, -46.5047797 -23.5531801, -46.5047717 -23.5532024, -46.5047602 -23.5532341, -46.5047579 -23.5532404, -46.5049243 -23.5532883, -46.5049531 -23.5532966, -46.5049682 -23.5532587, -46.5049605 -23.5532395, -46.5049418 -23.5532193, -46.5048584 -23.5531825))",pharmacy,,,,,pharmacy,Drogaria Jardim Eliane,,São Paulo,12,,Rua Cananga,,,,,,,,,,,,,,,,,,,,,,,,,,,6.0,,yes,,,,,,,,,,,,,,,,,,,,,,,,,,,,,,,,,,,pmsp,,,,,,silver,,,,,,,,,red,,,,,,,,,,,,,,,,,
"POLYGON ((-46.5730507 -23.5358499, -46.5730166 -23.5358577, -46.5729363 -23.5358759, -46.5729159 -23.5358805, -46.5728883 -23.5359078, -46.572888 -23.5360273, -46.5730525 -23.5360219, -46.5730507 -23.5358499))",pharmacy,Drogasil,Q5308185,yes,no,pharmacy,Drogasil,yes,São Paulo,4076,03064-000,Avenida Celso Garcia,,,,,24/7,,,,pt:Drogasil,,,,,,,,,,,,,,,,,,,,yes,,,,,,,,,,,,,,,,,,,,,,,,,,,,,,,,,,,,,,,5.5,,,,,,,,,,,,,,,,,,,,,,,,,,,,
"POLYGON ((-46.5078866 -23.5149441, -46.5079095 -23.5149154, -46.5077377 -23.5147982, -46.5075548 -23.515021, -46.5075568 -23.5150799, -46.5076251 -23.5150691, -46.5077089 -23.515126, -46.5078214 -23.5149853, -46.5078423 -23.5149995, -46.5078495 -23.5149905, -46.5078866 -23.5149441))",pharmacy,,,yes,,pharmacy,,,,,,,,,,,,,,,,,,,,,,,,,,,,,,,,,10.065,,yes,,,,,,,,,,,,,,,,,,,,,,,,,,,,,,,,,,,pmsp,,,,,,,,,,,,,,,,,,,,,,,,,,,,,,,,
"POLYGON ((-46.6024645 -23.4571823, -46.6022845 -23.4571592, -46.602285 -23.4571608, -46.602295 -23.457202, -46.6023366 -23.4572874, -46.6023964 -23.4573377, -46.6024397 -23.4573427, -46.6024645 -23.4571823))",pharmacy,,,,,pharmacy,Promofarma,,São Paulo,2420,,Avenida Coronel Sezefredo Fagundes,,,,,,,,,,,,,,,,,,,,,,,,,,,9.234,,yes,,,,,,,,,,,,,,,,,,,,,,,,,,,,,,,,,,,pmsp,,,,,,,,,,,,,,,,,,,,,,,,,,,,,,,,
"POLYGON ((-46.5856242 -23.4707757, -46.5855517 -23.4707275, -46.5855312 -23.4707473, -46.5853661 -23.470907, -46.5853795 -23.4709159, -46.5853928 -23.4709248, -46.5854165 -23.4709033, -46.5854598 -23.4709316, -46.5854925 -23.4709006, -46.5855088 -23.4708852, -46.5855357 -23.4708597, -46.5855746 -23.4708227, -46.5856242 -23.4707757))",pharmacy,,,yes,,pharmacy,Ultrafarma Popular,,São Paulo,2154,02265-002,Avenida Guapira,,,,,Mo-Su 09:00-22:00,,,,,,,,Ultrafarma,,Vila Constança,,,,,,,,,,,,12.402,,yes,,,,,,,,,,,,,,,,,,,,,,,,,,,,,,,,,,,pmsp,,,,,,,,,,,,,,,,,,,,,,,,,,,,,,,,
"POLYGON ((-46.7038989 -23.6174365, -46.7037385 -23.6174608, -46.7037011 -23.6173182, -46.7037496 -23.6173041, -46.7037702 -23.6173236, -46.7038158 -23.6173125, -46.7038299 -23.6173614, -46.7038805 -23.6173574, -46.7038989 -23.6174365))",pharmacy,Drogaria São Paulo,Q5308184,,no,pharmacy,Drogaria São Paulo,,,,,Avenida Morumbi,,,,,,,,,,,,,,,,,,,,,,,,,,,,,yes,,,,,,,,,,,,,,,,,,,,,,,,,,,,,,,,,,,,,,,,,,,,,,yes,,,,,,,,,,,,,,,,,,,,,
"POLYGON ((-46.734696 -23.5891884, -46.7346302 -23.5893219, -46.7345463 -23.5892876, -46.7345227 -23.5892408, -46.7345341 -23.5892163, -46.7345499 -23.5891826, -46.7345711 -23.5891371, -46.734696 -23.5891884))",pharmacy,Drogasil,Q5308185,yes,no,pharmacy,Drogasil,yes,,,,Avenida Eliseu de Almeida,,,,,24/7,,,,,,,,,,,,,,,,,,,,,,,,yes,,,,,,,,,,,,,,,,,,,,,,,,,,,,,,,,,,,,,,,,,,,,,,,,,,,,,,,,,,,,,,,,,,,
"POLYGON ((-46.4095136 -23.5816777, -46.4098338 -23.5818717, -46.4099051 -23.5819149, -46.4100295 -23.581737, -46.4096379 -23.5814998, -46.4095136 -23.5816777))",pharmacy,,,yes,,pharmacy,Caedu Moda,,São Paulo,450A,08490-490,Avenida Souza Ramos,,,,,Mo-Sa 09:00-20:00; Su 09:00-16:00,,,https://www.caedu.com.br/,,,,Caedu Moda - Cidade Tiradentes,,,,,,,,,,,,,,,,clothes,yes,,,,,,,,,,,,,,,,,,,,,,,,,,,,,,,,,,,,,,,,,,,,,,,,,,,,,,,,,,,,,,,,,,,
"POLYGON ((-46.5541473 -23.5512076, -46.5538977 -23.551162, -46.5538867 -23.5512427, -46.5541305 -23.5512886, -46.5541473 -23.5512076))",pharmacy,Drogaria São Paulo,Q5308184,yes,,pharmacy,Drogaria São Paulo,,São Paulo,2427,03401-001,Rua Antônio de Barros,,,,,,,,,en:Grupo DPSP,,,,,,,,,,,,,,,,,,10,,yes,,,,,,,,,,,,,,,,,,,,,,,,,,,,,,,,,,,,,,,,,,,,,,,,,,,,,,,,,,,,,,,,,,,
"POLYGON ((-46.6378975 -23.6137617, -46.6378185 -23.6137276, -46.6377908 -23.613782, -46.6377758 -23.6138067, -46.6378575 -23.6138415, -46.6378648 -23.6138269, -46.6378761 -23.6138044, -46.6378876 -23.6137815, -46.6378975 -23.6137617))",pharmacy,Drogaria São Paulo,Q5308184,yes,,pharmacy,Drogaria São Paulo,,São Paulo,447,04144-000,Rua Carneiro da Cunha,,,,,,,,,en:Grupo DPSP,,,,,,,,,,,,,,,,,,,,yes,,,,,,,,,,,,,,,,,,,,,,,,,,,,,,,,,,,,,,,,,,,,,,,,,,,,,,,,,,,,,,,,,,,
"POLYGON ((-46.6917031 -23.4809513, -46.6917642 -23.4811244, -46.6916473 -23.4811268, -46.6916047 -23.4809781, -46.6917031 -23.4809513))",pharmacy,Drogaria São Paulo,Q5308184,yes,,pharmacy,Drogaria São Paulo,,,,,,,,,,,,,,en:Grupo DPSP,,,,,,,,,,,,,,,,,,,,yes,,,,,,,,,,,,,,,,,,,,,,,,,,,,,,,,,,,,,,,,,,,,,,,,,,,,,,,,,,,,,,,,,,,
"POLYGON ((-46.7042225 -23.5282304, -46.7042848 -23.5282154, -46.7043071 -23.5282101, -46.7043593 -23.5281975, -46.7043457 -23.5281533, -46.7043322 -23.5281093, -46.7041934 -23.5281419, -46.7041947 -23.5281459, -46.7042096 -23.5281912, -46.7042225 -23.5282304))",pharmacy,Droga Raia,Q10357101,yes,,pharmacy,Droga Raia,,São Paulo,,05051-001,Rua Tito,,,,,,,,,pt:RaiaDrogasil,,,,,,,,,,,,,,,,,,7,,yes,,,,,,,,,,,,,,,,,,,,,,,,,,,,,,,,,,,,,,,,,,,,,,,,,,,,,,,,,,,,,,,,,,,
"POLYGON ((-46.6366457 -23.6161584, -46.6366179 -23.6162159, -46.6365792 -23.6162289, -46.6364273 -23.6161671, -46.6364654 -23.6160936, -46.6364717 -23.6160815, -46.6365218 -23.6161036, -46.636538 -23.6161108, -46.6366457 -23.6161584))",pharmacy,Drogasil,Q5308185,yes,,pharmacy,Drogasil,yes,São Paulo,337,04144-000,Rua Carneiro da Cunha,,,,,,,,,pt:Drogasil,,,,,,,,,,,,,,,,,,4.9,,yes,,,,,,,,,,,,,,,,,,,,,,,,,,,,,,,,,,,,,,,,,,,,,,,,,,,,,,,,,,,,,,,,,,,
"POLYGON ((-46.6520475 -23.471312, -46.651987 -23.4713447, -46.6519429 -23.4713686, -46.6520327 -23.4715076, -46.6521454 -23.4714683, -46.6520475 -23.471312))",pharmacy,,,,,pharmacy,Bifarma,,São Paulo,1940,02611-001,Avenida Parada Pinto,,,,,,,,,,,,,,,Vila Nova Cachoerinha,,,,,,,,,,,,15,,yes,,,,,,,,,,,,,,,,,,,,,,,,,,,,,,,,,,,,,,,,,,,,,,,,,,,,,,,,,,,,,,,,,,,
"POLYGON ((-46.7172783 -23.4814802, -46.7172769 -23.4817323, -46.7172167 -23.4817086, -46.7171643 -23.481688, -46.7171777 -23.4816671, -46.7171764 -23.4815097, -46.7172059 -23.481458, -46.7172783 -23.4814802))",pharmacy,,,,,pharmacy,Farmais,,São Paulo,23,02976-000,Rua Cecilia Calovini,,,,,,,,,,,,,,,,,,,,,,,,,,,,,yes,,,,,,,,,,,,,,,,,,,,,,,,,,,,,,,,,,,,,,,,,,,,,,,,,,,,,,,,,,,,,,,,,,,
"POLYGON ((-46.6052452 -23.6435046, -46.6050721 -23.6434152, -46.605058 -23.6435517, -46.6052287 -23.6435855, -46.6052452 -23.6435046))",pharmacy,Drogaria São Paulo,Q5308184,yes,no,pharmacy,Drogaria São Paulo,,,,,Avenida Padre Arlindo Vieira,,,,,24/7,,,,en:Grupo DPSP,,,,,,,,,,,,,,,,,,,,yes,,,,,,,,,,,,,,,,,,,,,,,,,,,,,,,,,,,,,,,,,,,,,,,,,,,,,,,,,,,,,,,,,,,
"POLYGON ((-46.704345 -23.64936, -46.7044053 -23.6494445, -46.7040686 -23.649646, -46.7040082 -23.6495614, -46.704345 -23.64936))",pharmacy,Drogaria São Paulo,Q5308184,yes,,pharmacy,Drogaria São Paulo,,,,,,,,,,,,,,en:Grupo DPSP,,,,,,,,,,,,,,,,,,,,yes,,,,,,,,,,,,,,,,,,,,,,,,,,,,,,,,,,,,,,,,,,,,,,,,,,,,,,,,,,,,,,,,,,,
"POLYGON ((-46.5969594 -23.6486781, -46.5968481 -23.6487678, -46.596895 -23.6488366, -46.5970197 -23.6487396, -46.5969594 -23.6486781))",pharmacy,,,yes,,pharmacy,,,,,,,,,,,,,,,,,,,,,,,,,,,,,,,,,,,yes,,,,,,,,,,,,,,,,,,,,,,,,,,,,,,,,,,,,,,,,,,,,,,,,,,,,,,,,,,,,,,,,,,,
"POLYGON ((-46.6762316 -23.491566, -46.6760894 -23.4916986, -46.6760698 -23.4917169, -46.6760059 -23.4916593, -46.6761677 -23.4915084, -46.6762316 -23.491566))",pharmacy,,,,,pharmacy,Droga Mina,,São Paulo,1780,02720-200,Avenida Deputado Emílio Carlos,,,,,,,,,,,,,,,,,,,,,,,,,,,11.5,,yes,,,,,,,,,,,,,,,,,,,,,,,,,,,,,,,,,,,,,,,,,,,,,,,,,,,,,,,,,,,,,,,,,,,
"POLYGON ((-46.6463388 -23.4875768, -46.6463563 -23.4875777, -46.6464805 -23.4875818, -46.6464914 -23.4875047, -46.6464853 -23.4874896, -46.6464709 -23.4874714, -46.6464491 -23.4874539, -46.6464032 -23.4874307, -46.6463773 -23.4874181, -46.6463581 -23.4874075, -46.6463388 -23.4875768))",pharmacy,Drogaria São Paulo,Q5308184,yes,,pharmacy,Drogaria São Paulo,,São Paulo,730,,Rua Artur,,,,,,,,,en:Grupo DPSP,,,,,,Vila Romero,,,,,,,,,,,,5,,yes,,,,,,,,,,,,,,,,,,,,,,,,,,,,,,,,,,,,,,,,,,,156963016390532,,,,,,,,,,,,,,,,,,,,,,,,
"POLYGON ((-46.6029544 -23.4571896, -46.6029169 -23.4573051, -46.602716 -23.4572405, -46.6027535 -23.4571275, -46.6029544 -23.4571896))",pharmacy,Drogaria São Paulo,Q5308184,yes,,pharmacy,Drogaria São Paulo,,São Paulo,2483A,,Avenida Coronel Sezefredo Fagundes,,,,,,,,,en:Grupo DPSP,,,,,,,,,,,,,,,,,,6.3,,yes,,,,,,,,,,,,,,,,,,,,,,,,,,,,,,,,,,,,,,,,,,,,,,,,,,,,,,,,,,,,,,,,,,,
"POLYGON ((-46.5976229 -23.4946721, -46.5976429 -23.4946602, -46.5976964 -23.4946282, -46.5977106 -23.4946198, -46.5977412 -23.4946016, -46.5977499 -23.4945964, -46.5977571 -23.4945921, -46.5978177 -23.4945561, -46.5978316 -23.4946572, -46.5976754 -23.4947448, -46.5976706 -23.4947382, -46.5976229 -23.4946721))",pharmacy,,,,,pharmacy,Vera Cruz,,São Paulo,432,02201-000,Avenida Júlio Buono,,,,,,,,,,,,,,,,,,,,,,,,,,,12,,yes,,,,,,,,,,,,,,,,,,,,,,,,,,,,,,,,,,,,,,,,,silver,,,gabled,,,,,,#dfdfdf,,,,,,,,,,,,,,,,,
"POLYGON ((-46.5778465 -23.5068658, -46.5778262 -23.5068342, -46.5778046 -23.5068006, -46.5777862 -23.506769, -46.5777555 -23.5067161, -46.5778983 -23.5066529, -46.5779003 -23.5066521, -46.577926 -23.5066555, -46.5780035 -23.5066997, -46.5780783 -23.5067402, -46.5780498 -23.5067556, -46.5778465 -23.5068658))",pharmacy,Drogasil,Q5308185,yes,,pharmacy,Drogasil,yes,São Paulo,1185,02124-000,Avenida das Cerejeiras,,,,,,,,,pt:Drogasil,,,,,,,,,,,,,,,,,,,,,,,,,,,,,,,,,,,,,,,,,,,,,,,,,,,,,,,,,,,,,,,,,,,,,,,,,,,,,,,,,,,,,,,
"POLYGON ((-46.6278039 -23.4916592, -46.6275213 -23.4916612, -46.6275358 -23.4917437, -46.6277355 -23.4917411, -46.6277457 -23.4917411, -46.6278048 -23.4917409, -46.6278037 -23.4917024, -46.6278039 -23.4916592))",pharmacy,Drogasil,Q5308185,yes,,pharmacy,Drogasil,yes,Sao Paulo,161,02404-000,Rua Pedro Doll,,,,,24/7,,+55 11 3530-1512;+55 11 3530-3733,https://www.drogasil.com.br/,pt:Drogasil,,,,,,,,,,,,,,,,,,8,,yes,,atendimento@drogasil.com.br,,,,,,,,,,,,,,,,,,,,,,,,,,,,,,,,,,,,,,,,,,,,,,,,,,,,,,,,,,,,,,,,,
"POLYGON ((-46.7235593 -23.5723238, -46.7234692 -23.572493, -46.7236676 -23.5725779, -46.723734 -23.5726063, -46.723922 -23.5726868, -46.7239638 -23.5726047, -46.7239734 -23.5725847, -46.7240124 -23.5725068, -46.7239863 -23.5724958, -46.7238254 -23.572427, -46.7238209 -23.5724357, -46.7235593 -23.5723238))",pharmacy,Droga Raia,Q10357101,yes,,pharmacy,Droga Raia,,São Paulo,996,05582-000,Avenida Corifeu de Azevedo Marques,,,,,Mo-Su 07:00-23:00,,+55 11 3721-2053,ttps://www.drogaraia.com.br/storelocator/search/result/?query_text=corifeu,pt:RaiaDrogasil,,,,,,,,,,,,,,,,,,,,yes,,,,,,,,,,,,,,,,,,,,,,,,,,,,,,,,,,,,,,,,,,,,,BR61585065137530,,,,,,,,,,,,,,,,,,,,,,
"POLYGON ((-46.6091718 -23.6019371, -46.609109 -23.6019286, -46.6090979 -23.6020539, -46.6091571 -23.6020606, -46.6091718 -23.6019371))",pharmacy,Drogasil,Q5308185,yes,,pharmacy,Drogasil,yes,,,,Avenida Doutor Gentil de Moura,,,,,,,,,pt:Drogasil,,,,,,,,,,,,,,,,,,,,yes,,,,,,,,,,,,,,,,,,,,,,,,,,,,,,,,,,,,,,,,,,,,,,,,,,,,,,,,,,,,,,,,,,,
"POLYGON ((-46.6734621 -23.480766, -46.673469 -23.480686, -46.6734382 -23.4806169, -46.6733915 -23.4806152, -46.6732585 -23.4806106, -46.6732576 -23.4806906, -46.6732567 -23.4807707, -46.6734621 -23.480766))",pharmacy,,,yes,,pharmacy,,,São Paulo,3057,,Avenida Deputado Emílio Carlos,,,,,24/7,,,,,,,,,,,,,,,,,,,,,,,,yes,,,,,,,,,,,,,,,,,,,,,,,,,,,,,,,,,,,,,,,,,,,,,,,,,,,,,,,,,,,,,,,,,,,
"POLYGON ((-46.694001 -23.503364, -46.6940734 -23.503203, -46.6938913 -23.5031909, -46.6938935 -23.5032533, -46.6939396 -23.5032634, -46.6939374 -23.503362, -46.694001 -23.503364))",pharmacy,,,yes,,pharmacy,Bifarma,,,,,,,,,,,,,,,,,,,,,,,,,,,,,,,,,,yes,,,,,,,,,,,,,,,,,,,,,,,,,,,,,,,,,,,,,,,,,,,,,,,,,,,,,,,,,,,,,,,,,,,
"POLYGON ((-46.6942144 -23.5027651, -46.6942207 -23.5026804, -46.6939595 -23.5026921, -46.6939914 -23.502768, -46.6942144 -23.5027651))",pharmacy,Droga Raia,Q10357101,yes,,pharmacy,Droga Raia,,,,,,,,,,,,,,pt:RaiaDrogasil,,,,,,,,,,,,,,,,,,,,yes,,,,,,,,,,,,,,,,,,,,,,,,,,,,,,,,,,,,,,,,,,,,,,,,,,,,,,,,,,,,,,,,,,,
"POLYGON ((-46.6941857 -23.5019149, -46.6941825 -23.5018302, -46.6940583 -23.5018331, -46.6940583 -23.5019266, -46.6941857 -23.5019149))",pharmacy,Drogaria São Paulo,Q5308184,yes,,pharmacy,Drogaria São Paulo,,,,,,,,,,,,,,en:Grupo DPSP,,,,,,,,,,,,,,,,,,,,yes,,,,,,,,,,,,,,,,,,,,,,,,,,,,,,,,,,,,,,,,,,,,,,,,,,,,,,,,,,,,,,,,,,,
"POLYGON ((-46.7060565 -23.5015479, -46.7061185 -23.5013933, -46.7059635 -23.5014341, -46.7059092 -23.5015194, -46.7060565 -23.5015479))",pharmacy,,,yes,,pharmacy,,,,,,,,,,,,,,,,,,,,,,,,,,,,,,,,,,,yes,,,,,,,,,,,,,,,,,,,,,,,,,,,,,,,,,,,,,,,,,,,,,,,,,,,,,,,,,,,,,,,,,,,
"POLYGON ((-46.6925649 -23.4965673, -46.6925279 -23.4964656, -46.692343 -23.4965165, -46.6923738 -23.496621, -46.6924878 -23.4966239, -46.6925649 -23.4965673))",pharmacy,Drogaria São Paulo,Q5308184,yes,,pharmacy,Drogaria São Paulo,,,,,,,,,,,,,,en:Grupo DPSP,,,,,,,,,,,,,,,,,,,,yes,,,,,,,,,,,,,,,,,,,,,,,,,,,,,,,,,,,,,,,,,,,,,,,,,,,,,,,,,,,,,,,,,,,
"POLYGON ((-46.6705445 -23.6458313, -46.6703895 -23.645778, -46.6703365 -23.6459072, -46.6704922 -23.6459603, -46.6705445 -23.6458313))",pharmacy,Drogaria São Paulo,Q5308184,yes,,pharmacy,Drogaria São Paulo,,,,,,,,,,,,,,,,,,,,,,,,,,,,,,,,,,yes,,,,,,,,,,,,,,,,,,,,,,,,,,,,,,,,,,,,,,,,,,,,,,,,,,,,,,,,,,,,,,,,,,,
"POLYGON ((-46.6682809 -23.6246942, -46.668311 -23.6247281, -46.6682966 -23.6247863, -46.6682232 -23.6248408, -46.6681678 -23.6247783, -46.6682809 -23.6246942))",pharmacy,Droga Raia,Q10357101,yes,,pharmacy,Droga Raia,,São Paulo,1533,04625-012,Rua Cristóvão Pereira,,,,,,,,https://www.drogaraia.com.br/,pt:RaiaDrogasil,,,,,,Campo Belo,,,,,,,,,,,,,,yes,,,,,,,,,,,,,,,,,,,,,,,,,,,,,,,,,,,,,,,,,,,,,,,,,,,,,,,,,,,,,,,,,,,
"POLYGON ((-46.6694265 -23.6237281, -46.6692869 -23.6238315, -46.6693782 -23.6239324, -46.6695152 -23.623829, -46.6694265 -23.6237281))",pharmacy,Drogaria São Paulo,Q5308184,,,,DROGARIA SÃO PAULO,,São Paulo,1377,04625-014,Rua Vieira de Moraes,,,,,,,,https://www.drogariasaopaulo.com.br/,pt:Drogaria São Paulo,,,,,,Campo Belo,,,,,,,,,,,,,chemist,yes,,,,,,,,,,,,,,,,,,,,,,,,,,,,,,,,,,,,,,,,,,,,,,,,,,,,,,,,,,,,,,,,,,,
"POLYGON ((-46.6294361 -23.4930669, -46.6294479 -23.4930827, -46.6294697 -23.4931119, -46.6295131 -23.4931729, -46.6296056 -23.4931148, -46.6295509 -23.4930424, -46.6294871 -23.4930349, -46.6294361 -23.4930669))",pharmacy,Droga Raia,Q10357101,yes,,pharmacy,Droga Raia,,São Paulo,66,,Praça Doutor José Augusto César,,,,,,,,,pt:RaiaDrogasil,,,,,,Santana,,,,,,,,,,,,5.3,,yes,,,,,,,,,,,,,,,,,,,,,,,,,,,,,,,,,,,,,,,,,,,,,,,,,,,,,,,,,,,,,,,,,,,
"POLYGON ((-46.5949705 -23.4899606, -46.5948257 -23.4898431, -46.5948211 -23.4898478, -46.594766 -23.4899035, -46.5948277 -23.4899536, -46.5948727 -23.4899902, -46.5949096 -23.4900202, -46.5949309 -23.4899994, -46.5949705 -23.4899606))",pharmacy,,,yes,,pharmacy,Drogaria Vera Cruz,,São Paulo,1078,02201-000,Avenida Júlio Buono,,,,,,,,,,,,,,,Vila Gustavo,,,,,,,,,,,,7.3,,yes,,,,,,,,,,,,,,,,,,,,,,,,,,,,,,,,,,,,,,,,,,,,,,,,,,,,,,,,,,,,,,,,,,,
"POLYGON ((-46.6469204 -23.6040796, -46.6468429 -23.6040837, -46.6468567 -23.6042999, -46.6469342 -23.6042958, -46.6469204 -23.6040796))",pharmacy,Drogasil,Q5308185,yes,no,pharmacy,Drogasil,yes,,,,,,,,,,,,,,,,,,,,,,,,,,,,,,,,,yes,,,,,,,,,,,,,,,,,,,,,,,,,,,,,,,,,,,,,,,,,,,,,,,,,,,,,,,,,,,,,,,,,,,
"POLYGON ((-46.6670886 -23.473283, -46.6668349 -23.4733478, -46.6668729 -23.4734607, -46.6671223 -23.4733922, -46.6671071 -23.4733429, -46.6670951 -23.4733039, -46.6670933 -23.473298, -46.6670886 -23.473283))",pharmacy,Drogaria São Paulo,Q5308184,yes,,pharmacy,Drogaria São Paulo,,São Paulo,50,02611-002,Avenida Parada Pinto,,,,,24/7,,,,en:Grupo DPSP,,,,,,Vila Nova Cachoerinha,,,,,,,,,,,,7,,yes,,,,,,,,,,,,,,,,,,,,,,,,,,,,,,,,,,,,,,,,,,,,,,,,,,,,,,,,,,,,,,,,,,,
"POLYGON ((-46.5738013 -23.4768215, -46.5736371 -23.4767478, -46.5736178 -23.4767844, -46.573779 -23.4768618, -46.5738013 -23.4768215))",pharmacy,Drogaria São Paulo,Q5308184,yes,,pharmacy,Drogaria São Paulo,,São Paulo,1511,02235-001,Avenida Roland Garros,,,,,,,,,en:Grupo DPSP,,,,,,Jardim Brasil,,,,,,,,,,,,,,,,,,,,,,,,,,,,,,,,,,,,,,,,,,,,,,,,,,,,,,,,,,,,,,,,,,,,,,,,,,,,,,,,,
"POLYGON ((-46.6652184 -23.4700906, -46.6654252 -23.4704131, -46.6653811 -23.4704738, -46.6650943 -23.4703549, -46.6651302 -23.4702841, -46.6652901 -23.47036, -46.6651729 -23.4701728, -46.6652184 -23.4700906))",pharmacy,,,,,pharmacy,Bi Farma,,São Paulo,416,02882-100,Avenida Parada Pinto,,,,,,,,,,,,,,,Jardim Centenário,,,,,,,,,,,,9,,yes,,,,,,,,,,,,,,,,,,,,,,,,,,,,,,,,,,,,,,,,,,,,,,,,,,,,,,,,,,,,,,,,,,,
"POLYGON ((-46.5905458 -23.55173, -46.5904533 -23.5516352, -46.5903344 -23.5517419, -46.5903387 -23.5517463, -46.5904274 -23.5518356, -46.5905458 -23.55173))",pharmacy,Drogasil,Q5308185,yes,,pharmacy,Drogasil,yes,São Paulo,735 L2,03176-000,Rua Tobias Barreto,,,,,,,,,pt:Drogasil,,,,,,Mooca,,,,,,,,,,,,10.149,,yes,,,,,,,,,,,,,,,,,,,,,,,,,,,,,,,,,,,pmsp,,,,,,,,,,,,,,,,,,,,,,,,,,,,,,,,
"POLYGON ((-46.6214811 -23.4880245, -46.6215969 -23.4878834, -46.6215937 -23.4878248, -46.6215115 -23.4877703, -46.6213991 -23.4879087, -46.6213679 -23.4879471, -46.6214811 -23.4880245))",pharmacy,,,yes,,pharmacy,Ultrafarma Popular,,São Paulo,296,02330-000,Avenida Nova Cantareira,,,,,Mo-Su 08:00-22:00,,,,,,,,,,Jardim São Paulo,,,,,,,,,,,,5,,yes,,,,,,,,,,,,,,,,,,,,,,,,,,,,,,,,,,,,,,,,,,,,,,,,,,,,,,,,,,,,,,,,,,,
"POLYGON ((-46.6205369 -23.4873135, -46.6204344 -23.4872491, -46.6203555 -23.4873494, -46.6203639 -23.4873549, -46.6204297 -23.4873979, -46.6204591 -23.4874167, -46.6205369 -23.4873135))",pharmacy,Drogaria São Paulo,Q5308184,,,pharmacy,Drogaria São Paulo,,São Paulo,428 L4,02330-000,Avenida Nova Cantareira,,,,,24/7,,+55 11 2973-5168,https://www.drogariasaopaulo.com.br/,en:Grupo DPSP,,,,,,Jardim São Paulo,,,,,,,,,,,,5.5,,yes,,,,,,,,,,,,,,,,,,,,,,,,,,,,,,,,,,,,,,,,,,,,,,,,,,,,,,,,,,,,,,,,,,,
"POLYGON ((-46.5338619 -23.584538, -46.5338359 -23.5845847, -46.5337267 -23.584531, -46.5337526 -23.5844861, -46.5338619 -23.584538))",pharmacy,Drogasil,Q5308185,yes,,pharmacy,Drogasil,yes,São Paulo,6047,03374-001,Avenida Sapopemba,,,,,,,,,pt:Drogasil,,,,,,,,,,,,,,,,,,4.2,,yes,,,,,,,,,,,,,,,,,,,,,,,,,,,,,,,,,,,,,,,,,,,,,,,,,,,,,,,,,,,,,,,,,,,
"POLYGON ((-46.4874436 -23.5958355, -46.4873951 -23.5958205, -46.487383 -23.5958549, -46.4873644 -23.595908, -46.4874118 -23.5959226, -46.4874311 -23.5958697, -46.4874436 -23.5958355))",pharmacy,,,yes,,pharmacy,Ultrafarma Popular,,São Paulo,1465,03949-011,Avenida Mateo Bei,,,,,,,,,,,,,,,,,,,,,,,,,,,,,,,,,,,,,,,,,,,,,,,,,,,,,,,,,,,,,,,,,,,,,,,,,,,,,,,,,,,,,,,,,,,,,,,,
"POLYGON ((-46.6984552 -23.6582, -46.6983292 -23.6581422, -46.6982992 -23.6581971, -46.6982477 -23.6581734, -46.6981981 -23.6582641, -46.6983459 -23.658332, -46.6983955 -23.6583093, -46.6984552 -23.6582))",pharmacy,Pague Menos,Q7124466,yes,no,pharmacy,Pague Menos,,São Paulo,699,04662-001,Avenida Washington Luís,,,,,Mo-Su 07:00-22:00,,,,,,,,,,Santo Amaro,,,,,,,,,,,,,,yes,,,,,,,,,,,,,,,,,,,,,,,,,,,,,,,,,,,,,,,,,,,,,,,,,,,,,,,,,,,,,,,,,,,
"POLYGON ((-46.6991209 -23.5251084, -46.6991154 -23.5249917, -46.6991368 -23.5249912, -46.6991482 -23.5249982, -46.6991658 -23.5250137, -46.6991709 -23.5251068, -46.6991209 -23.5251084))",pharmacy,,,,,pharmacy,Droga Lima,,São Paulo,1707,05042-000,Rua Clélia,,,,,,,,,,,,,,,Lapa,,,,,,,,,,,,,,,,,,,,,,,,,,,,,,,,,,,,,,,,,,,,,,,,,,,,,,,,,,,,,,,,,,,,,,,,,,,,,,,,,
"POLYGON ((-46.6976235 -23.5253281, -46.6975044 -23.5253286, -46.6975008 -23.5251193, -46.6975817 -23.525117, -46.6976214 -23.5251534, -46.6976235 -23.5253281))",pharmacy,Drogaria São Paulo,Q5308184,yes,,pharmacy,Drogaria São Paulo,,São Paulo,1547,05042-000,Rua Clélia,,,,,Mo-Su 07:00-23:00,,,,en:Grupo DPSP,,,,,,,,,,,,,,,,,,9,,yes,,,,,,,,,,,,,,,,,,,,,,,,,,,,,,,,,,,,,,,,,,,,,,,,,,,,,,,,,,,,,,,,,,,
"POLYGON ((-46.7129274 -23.5354546, -46.7129321 -23.5355949, -46.7130912 -23.5356282, -46.7130867 -23.5355529, -46.7131087 -23.5355518, -46.7131022 -23.5354421, -46.7129274 -23.5354546))",pharmacy,Droga Raia,Q10357101,yes,,pharmacy,Droga Raia,,São Paulo,1917,,Rua Cerro Corá,,,,,24/7,,,,pt:RaiaDrogasil,,,,,,,,,,,,,,,,,,,,,,,,,,,,,,,,,,,,,,,,,,,,,,,,,,,,,,,,,,,,,,,,,,,,,,,,,,,,,,,,,,,,,,,
"POLYGON ((-46.6864784 -23.5011213, -46.686363 -23.5013167, -46.6865806 -23.5014264, -46.6866139 -23.5013814, -46.6864784 -23.5011213))",pharmacy,,,yes,,pharmacy,Drogaria Ultrafarma,,São Paulo,464,02716-000,Avenida Inajar de Souza,,,,,,,+55 11 3931-3909,,,,,,,,Limão,,,,,,,,,,,,,,yes,,,,,,,,,,,,,,,,,,,,,,,,,,,,,,,,,,,,,,,,,,,,,,,,,,,,,,,,,,,,,,,,,,,
"POLYGON ((-46.6774359 -23.4946358, -46.6773296 -23.4946165, -46.6772448 -23.4946011, -46.6772541 -23.4945374, -46.6773179 -23.4945401, -46.6774526 -23.4945459, -46.6774359 -23.4946358))",pharmacy,Drogasil,Q5308185,yes,,pharmacy,Drogasil,yes,São Paulo,52,02559-010,Avenida Gaspar Vaz da Cunha,,,,,24/7,,,,pt:Drogasil,,,,,,Vila Prado,,,,,,,,,,,,6,,yes,,,,,,,,,,,,,,,,,,,,,,,,,,,,,,,,,,,,,,,,,silver,,,gabled,,,,,,,,,,,,,,,,,,,,,,,
"POLYGON ((-46.6552442 -23.4906473, -46.6551786 -23.4905091, -46.6551697 -23.4904995, -46.6551547 -23.4904959, -46.6550693 -23.490521, -46.6551373 -23.4906844, -46.6552442 -23.4906473))",pharmacy,,,yes,,pharmacy,Sol Drogarias,,São Paulo,3330,02535-008,Avenida Engenheiro Caetano Alvares,,,,,,,,,,,,,,,Imirim,,,,,,,,,,,,11,,yes,,,,,,,,,,,,,,,,,,,,,,,,,,,,,,,,,,,,,,,,,,,,,,,,,,,,,,,,,,,,,,,,,,,
"POLYGON ((-46.6479421 -23.4883936, -46.6479397 -23.4884085, -46.6478723 -23.4883988, -46.6478776 -23.4883843, -46.6479421 -23.4883936))",pharmacy,Drogasil,Q5308185,yes,,pharmacy,Drogasil,yes,São Paulo,4118,02413-000,Avenida Engenheiro Caetano Alvares,,,,,,,,,pt:Drogasil,,,,,,Imirim,,,,,,,,,,,,,,,,,,,,,,,,,,,,,,,,,,,,,,,,,,,,,,,,,,,,,,,,,,,,,,,,,,,,,,,,,,,,,,,,,
"POLYGON ((-46.6409615 -23.4869167, -46.6409441 -23.4869766, -46.6409273 -23.4870343, -46.6409155 -23.4870747, -46.6409193 -23.4870756, -46.6409632 -23.4870862, -46.6409989 -23.4870577, -46.6410265 -23.4870357, -46.6410704 -23.4870006, -46.6410817 -23.4869492, -46.6409762 -23.4869207, -46.6409615 -23.4869167))",pharmacy,Droga Raia,Q10357101,yes,,pharmacy,Droga Raia,,São Paulo,4906,02413-000,Avenida Engenheiro Caetano Alvares,,,,,,,,,pt:RaiaDrogasil,,,,,,Vila Romero,,,,,,,,,,,,6,,yes,,,,,,,,,,,,,,,,,,,,,,,,,,,,,,,,,,,,,,,,,,,,,,,,,,,,,,,,,,,,,,,,,,,
"POLYGON ((-46.6333273 -23.486967, -46.6332909 -23.4869639, -46.6332832 -23.4870758, -46.6333186 -23.4870778, -46.6333273 -23.486967))",pharmacy,Drogaria São Paulo,Q5308184,yes,,pharmacy,Drogaria São Paulo,,São Paulo,733,02405-001,Rua Augusto Tolle,,,,,,,,,en:Grupo DPSP,,,,,,Santana,,,,,,,,,,,,,,,,,,,,,,,,,,,,,,,,,,,,,,,,,,,,,,,,,,,,,,,,,,,,,,,,,,,,,,,,,,,,,,,,,
"POLYGON ((-46.6859355 -23.4690765, -46.685883 -23.4690263, -46.6857505 -23.4691428, -46.6857743 -23.4691697, -46.6857981 -23.4691966, -46.6858295 -23.4691691, -46.6859355 -23.4690765))",pharmacy,,,yes,,pharmacy,Drogaria Brasú,,São Paulo,493,02844-120,Rua Paulo Garcia Aquiline,,,,,,,,,,,,,,,,,,,,,,,,,,,5,,yes,,,,,,,,,,,,,,,,,,,,,,,,,,,,,,,,,,,,,,,,,,,,,,,,,,,,,,,,,,,,,,,,,,,
"POLYGON ((-46.5880308 -23.5500222, -46.5881045 -23.5501007, -46.5880952 -23.5501579, -46.5880327 -23.5502126, -46.5879265 -23.5501095, -46.5880308 -23.5500222))",pharmacy,Drogaria São Paulo,Q5308184,yes,,pharmacy,Drogaria São Paulo,,São Paulo,964,,Rua Tobias Barreto,,,,,,,,,en:Grupo DPSP,,,,,,Belenzinho,,,,,,,,,,,,,,yes,,,,,,,,,,,,,,,,,,,,,,,,,,,,,,,,,,,,,,,,,,,,,,,,,,,,,,,,,,,,,,,,,,,
"POLYGON ((-46.7173907 -23.7654367, -46.7173233 -23.7653891, -46.7172455 -23.7653341, -46.7172114 -23.765372, -46.717194 -23.7653913, -46.7172179 -23.7654923, -46.7172712 -23.7654956, -46.7173907 -23.7654367))",pharmacy,Drogaria São Paulo,Q5308184,yes,,pharmacy,Drogaria São Paulo,yes,São Paulo,7908,04864-002,Avenida Senador Teotônio Vilela,,,,,,,,,en:Grupo DPSP,,,,,,Balneário São José,no,,yes,yes,yes,,,,,0,,,,,,,,,,,,,,,,,,,,,,,,,,,,,,,,,,,yes,,,,,,,,,,,,,,,,,,,,yes,room,shop,,,,,,,,,,,,,,
"POLYGON ((-46.646685 -23.5352194, -46.6467685 -23.535274, -46.6467748 -23.5353148, -46.6467093 -23.535394, -46.6466772 -23.5353737, -46.6466266 -23.5353416, -46.6465983 -23.5353237, -46.6466408 -23.5352726, -46.646685 -23.5352194))",pharmacy,Drogaria São Paulo,Q5308184,yes,,pharmacy,Drogaria São Paulo,,São Paulo,668,,Alameda Barão de Limeira,,,,,,,,,en:Grupo DPSP,,,,,,Campos Elíseos,,,,,,,,,,,,,,yes,,,,,,,,,,,,,,,,,,,,,,,,,,,,,,,,,,,,,,,,,,,,,,,,,,,,,,,,,,,,,,,,,,,
"POLYGON ((-46.6911008 -23.5563417, -46.6909254 -23.5562358, -46.6908503 -23.5563394, -46.6908446 -23.5563473, -46.6909404 -23.5564052, -46.6910225 -23.5564545, -46.6911008 -23.5563417))",pharmacy,Drogaria São Paulo,Q5308184,yes,,pharmacy,Drogaria São Paulo,,São Paulo,1284,05416-001,Rua Fradique Coutinho,,,,,Mo-Su 08:00-23:00,2024-08-11,,,en:Grupo DPSP,,,,,,Vila Madalena,,,,,,,,,,,,8,,yes,,,,,,,,,,,,,,,,,,,,,,,,,,,,,,,,,,,,,,,,,,,,,,,,,,,,,,,,,,,,,,,,,,,
"POLYGON ((-46.6145077 -23.6023814, -46.6143717 -23.602364, -46.6143611 -23.6024361, -46.6144968 -23.6024536, -46.6145077 -23.6023814))",pharmacy,Pague Menos,Q7124466,yes,no,pharmacy,Pague Menos,,São Paulo,45,04278-080,Avenida Doutor Gentil de Moura,,,,,Mo-Su 08:00-21:00,,,,pt:Pague Menos,,,,,,Ipiranga,,,,,,,,,,,,,,,,,,,,,,,,,,,,,,,,,,,,,,,,,,,,,,,,,,,,,,,,,,,,,,,,,,,,,,,,,,,,,,,,,
"POLYGON ((-46.6104437 -23.5953609, -46.6101504 -23.5953399, -46.6101431 -23.5954251, -46.6104364 -23.5954461, -46.6104437 -23.5953609))",pharmacy,Drogaria São Paulo,Q5308184,yes,,pharmacy,Drogaria São Paulo,,São Paulo,1274,04262-200,Avenida Nazaré,,,,,Mo-Su 08:00-22:00,,,,en:Grupo DPSP,,,,,,Ipiranga,,,,,,,,,,,,,,,,,,,,,,,,,,,,,,,,,,,,,,,,,,,,,,,,,,,,,,,,,,,,,,,,,,,,,,,,,,,,,,,,,
"POLYGON ((-46.610123 -23.5968385, -46.6099981 -23.5968298, -46.6099908 -23.5969177, -46.6101156 -23.5969265, -46.610123 -23.5968385))",pharmacy,Pague Menos,Q7124466,yes,,pharmacy,Pague Menos,,São Paulo,1452,04262-200,Avenida Nazaré,,,,,,,,,pt:Pague Menos,,,,,,Ipiranga,,,,,,,,,,,,,,,,,,,,,,,,,,,,,,,,,,,,,,,,,,,,,,,,,,,,,,,,,,,,,,,,,,,,,,,,,,,,,,,,,
"POLYGON ((-46.5664043 -23.5446682, -46.5663415 -23.5446549, -46.5663167 -23.5447756, -46.5663912 -23.544792, -46.5664167 -23.5446859, -46.5664043 -23.5446682))",pharmacy,Drogasil,Q5308185,yes,,pharmacy,Drogasil,yes,São Paulo,922,03318-000,Rua Serra de Bragança,,,,,,,,,pt:Drogasil,,,,,,Vila Gomes Cardim,,,,,,,,,,,,,,,,,,,,,,,,,,,,,,,,,,,,,,,,,,,,,,,,,,,,,,,,,,,,,,,,,,,,,,,,,,,,,,,,,
"POLYGON ((-46.5587842 -23.5432045, -46.5587689 -23.5431788, -46.5585602 -23.5431381, -46.5585264 -23.5432776, -46.5586664 -23.5433008, -46.5586378 -23.543403, -46.5587329 -23.5434268, -46.5587842 -23.5432045))",pharmacy,Extrafarma,Q20055480,yes,,pharmacy,Extrafarma,,São Paulo,669,,Rua Francisco Marengo,,,,,,,,,pt:Extrafarma,,,,,,,,,,,,,,,,,,,,,,,,,,,,,,,,,,,,,,,,,,,,,,,,,,,,,,,,,,,,,,,,,,,,,,,,,,,,,,,,,,,,,,,
"POLYGON ((-46.601809 -23.5068888, -46.6017697 -23.5069021, -46.6016938 -23.5068845, -46.60163 -23.506726, -46.6017298 -23.5066922, -46.601809 -23.5068888))",pharmacy,,,,,pharmacy,F@ma.com Drogaria,,São Paulo,1412,02071-002,Rua Maria Cândida,,,,,Mo-Su 08:00-22:00,,,,,,,,,,Vila Guilherme,,,,,,,,,,,,,,,,,,,,,,,,,,,,,,,,,,,,,,,,,,,,,,,,,,,,,,,,,,,,,,,,,,,,,,,,,,,,,,,,,
"POLYGON ((-46.7410253 -23.4847397, -46.7409061 -23.4848507, -46.7408861 -23.4848326, -46.7408787 -23.4847919, -46.7409572 -23.4847213, -46.7410253 -23.4847397))",pharmacy,Drogaria São Paulo,Q5308184,yes,,pharmacy,Drogaria São Paulo,,São Paulo,25,05174-000,Avenida Agenor Couto de Magalhães,,,,,24/7,,,,en:Grupo DPSP,,,,,,Pirituba,,,,,,,,,,,,8,,yes,,,,,,,,,,,,,,,,,,,,,,,,,,,,,,,,,,,,,,,,,,,,,,,,,,,,,,,,,,,,,,,,,,,
"POLYGON ((-46.6495291 -23.6162945, -46.6494797 -23.616415, -46.6495207 -23.6164319, -46.6494992 -23.6164836, -46.6494236 -23.6164555, -46.6493347 -23.6164225, -46.6493925 -23.6162871, -46.6494434 -23.616262, -46.6495291 -23.6162945))",pharmacy,Drogaria São Paulo,Q5308184,yes,,pharmacy,Drogaria São Paulo,,São Paulo,2010A,,Avenida Indianópolis,,,,,,,,,en:Grupo DPSP,,,,,,,,,,,,,,,,,,7,,yes,,,,,,,,,,,,,,,,,,,,,,,,,,,,,,,,,,,,,,,,,,,,,,,,,,,,,,,,,,,,,,,,,,,
"POLYGON ((-46.6456732 -23.6256296, -46.645622 -23.6257574, -46.6455305 -23.6257266, -46.6455817 -23.6255989, -46.6456732 -23.6256296))",pharmacy,Drogasil,Q5308185,,,pharmacy,Drogasil,yes,São Paulo,3164,,Avenida Indianópolis,,,,,,,,,pt:Drogasil,,,,,,,,Drogasil,,,,,,,,,,6,,yes,,,,,,,,,,,,,,,,,,,,,,,,,,,,,,,,,,,,,,,,,red,,,gabled,,,,,,,,,,,,,,,,,,,,,,,
"POLYGON ((-46.6212193 -23.5629108, -46.6211926 -23.5629417, -46.6211696 -23.562924, -46.6211945 -23.5628935, -46.6212193 -23.5629108))",pharmacy,,,,,pharmacy,Drogarias Ultra Popular,,São Paulo,78,01523-010,Largo do Cambuci,,,,,,,,,,,,,,,,,,,,,,,,,,,,,,,,,,,,,,,,,,,,,,,,,,,,,,,,,,,,,,,,,,,,,,,,,,,,,,,,,,,,,,,,,,,,,,,,
"POLYGON ((-46.6203849 -23.5635149, -46.6203074 -23.5634486, -46.6203453 -23.5634042, -46.6204296 -23.5634741, -46.6203849 -23.5635149))",pharmacy,Drogasil,Q5308185,,,pharmacy,Drogasil,yes,São Paulo,212,01523-010,Largo do Cambuci,,,,,24/7,,,,pt:Drogasil,,,,,,Cambuci,,,,,,,,,,,,,,,,,,,,,,,,,,,,,,,,,,,,,,,,,,,,,,,,,,,,,,,,,,,,,,,,,,,,,,,,,,,,,,,,,
"POLYGON ((-46.5326335 -23.5876377, -46.5326371 -23.5878711, -46.5324239 -23.5878528, -46.5324427 -23.5877089, -46.5324711 -23.5876956, -46.5326335 -23.5876377))",pharmacy,Drogaria São Paulo,Q5308184,yes,,pharmacy,Drogaria São Paulo,,São Paulo,6424,03374-000,Avenida Sapopemba,,,,,,,,,en:Grupo DPSP,,,,,,,,,,,,,,,,,,,,,,,,,,,,,,,,,,,,,,,,,,,,,,,,,,,,,,,,,,,,,,,,,,,,,,,,,,,,,,,,,,,,,,,
"POLYGON ((-46.6739647 -23.5003917, -46.6739154 -23.5004085, -46.6738407 -23.5004517, -46.6738097 -23.5004864, -46.6738419 -23.5005917, -46.6739269 -23.5005896, -46.6740222 -23.5005644, -46.6739647 -23.5003917))",pharmacy,,,yes,,pharmacy,Farmacia Promofarma,,São Paulo,477,02721-000,Avenida Deputado Emílio Carlos,,,,,24/7,,,,,,,,,,,,,,,,,,,,,,5,,yes,,,,,,,,,,,,,,,,,,,,,,,,,,,,,,,,,,,,,,,,,,,,,,,,,,,,,,,,,,,,,,,,,,,
"POLYGON ((-46.568079 -23.5490504, -46.5680672 -23.5491094, -46.5680382 -23.5491252, -46.5678372 -23.5490837, -46.5678569 -23.5490035, -46.568079 -23.5490504))",pharmacy,Pague Menos,Q7124466,yes,,pharmacy,Pague Menos,,São Paulo,195,03322-080,Largo Nossa Senhora do Parto,,,,,,,,,pt:Pague Menos,,,,,,Vila Gomes Cardim,,,,,,,,,,,,,,,,,,,,,,,,,,,,,,,,,,,,,,,,,,,,,,,,,,,,,,,,,,,,,,,,,,,,,,,,,,,,,,,,,
"POLYGON ((-46.5556597 -23.5468717, -46.5556512 -23.5469153, -46.5556387 -23.5469132, -46.555628 -23.54696, -46.5555091 -23.5469371, -46.55553 -23.5468655, -46.5555476 -23.5468494, -46.5556597 -23.5468717))",pharmacy,,,yes,,pharmacy,Ultrafarma Popular,,São Paulo,1908,03401-001,Rua Antônio de Barros,,,,,,,,,,,,,,,Vila Carrão,,,,,,,,,,,,,,,,,,,,,,,,,,,,,,,,,,,,,,,,,,,,,,,,,,,,,,,,,,,,,,,,,,,,,,,,,,,,,,,,,
"POLYGON ((-46.5632082 -23.5469632, -46.5630006 -23.5469205, -46.5629676 -23.5470556, -46.5631388 -23.5470909, -46.5631836 -23.5470635, -46.5632082 -23.5469632))",pharmacy,Drogaria São Paulo,Q5308184,,,pharmacy,Drogaria São Paulo,,São Paulo,999,03311-000,Rua Apucarana,BR,SP,+55 11 2296-2023;+55 11 2225-2756;0800 779 8767,http://www.drogariasaopaulo.com.br,24/7,,,,en:Grupo DPSP,,,,,,,,,,,,,,,,,,,,,,,,,,,,,,,,,,,,,,,,,,,,,,,,,,,,,,,,,,,,,,,,,,,,,,,,,,,,,,,,,,,,,,,
"POLYGON ((-46.5599606 -23.531437, -46.5598897 -23.5316282, -46.559794 -23.5315984, -46.5598649 -23.5314072, -46.5599606 -23.531437))",pharmacy,,,yes,,pharmacy,Ultrafarma Popular,,São Paulo,5495,03063-000,Avenida Celso Garcia,,,,,,,,,,,,,,,Vila Maranhão,,,,,,,,,,,,,,,,,,,,,,,,,,,,,,,,,,,,,,,,,,,,,,,,,,,,,,,,,,,,,,,,,,,,,,,,,,,,,,,,,
"POLYGON ((-46.7330644 -23.5248016, -46.7329927 -23.5247807, -46.7330356 -23.5246569, -46.7331074 -23.5246778, -46.7330644 -23.5248016))",pharmacy,Drogaria São Paulo,Q5308184,yes,,pharmacy,Drogaria São Paulo,,São Paulo,375,05303-000,Rua Carlos Weber,,,,,,,,,en:Grupo DPSP,,,,,,Vila Leopoldina,,,,,,,,,,,,,,,,,,,,,,,,,,,,,,,,,,,,,,,,,,,,,,,,,,,,,,,,,,,,,,,,,,,,,,,,,,,,,,,,,
"POLYGON ((-46.73366 -23.523738, -46.7336285 -23.5237748, -46.7335893 -23.5237525, -46.7335998 -23.5237161, -46.7336251 -23.5237117, -46.73366 -23.523738))",pharmacy,,,yes,,pharmacy,Farmácia Sigma,no,São Paulo,248,05303-000,Rua Carlos Weber,,,,,,,+55 11 3641-2069,,,,,,,,Vila Leopoldina,,,,,,,,,,,,,,,,,,,,,,,,,,,,,,,,,,,,,,,,,,,,,,,,,,,,,,,,,,,,,,,,,,,,,,,,,,,,,,,,,
"POLYGON ((-46.6848531 -23.6799715, -46.6846199 -23.6798014, -46.684498 -23.6799409, -46.6847386 -23.6801175, -46.6848531 -23.6799715))",pharmacy,,,yes,,pharmacy,Drograria São Paulo,,São Paulo,4555,04447-021,Avenida Nossa Senhora do Sabará,,,,,,,,,,,,,,,Vila Arriete,,,,,,,,,,,,,,yes,,,,,,,,,,,,,,,,,,,,,,,,,,,,,,,,,,,,,,,,,,,,,,,,,,,,,,,,,,,,,,,,,,,
"POLYGON ((-46.6846247 -23.6796125, -46.6847792 -23.6794441, -46.6849103 -23.6795399, -46.6848951 -23.6795604, -46.6849672 -23.679619, -46.6848178 -23.6797717, -46.6846247 -23.6796125))",pharmacy,,,yes,,pharmacy,Ultrafarma Popular,,São Paulo,2844,04447-010,Avenida Nossa Senhora do Sabará,,,,,,,,,,,,,,,Vila Arriete,,,,,,,,,,,,,,yes,,,,,,,,,,,,,,,,,,,,,,,,,,,,,,,,,,,,,,,,,,,,,,,,,,,,,,,,,,,,,,,,,,,
"POLYGON ((-46.7224318 -23.5214118, -46.7224471 -23.5214854, -46.7223803 -23.5214995, -46.7223722 -23.5214962, -46.722365 -23.52149, -46.722356 -23.5214238, -46.7224318 -23.5214118))",pharmacy,Drogasil,Q5308185,,,pharmacy,Drogasil,yes,São Paulo,294,05088-050,Rua Belmonte,BR,SP,+55 11 3641-0133;+55 11 3641-0555,http://www.drogasil.com.br/,24/7,,,,pt:Drogasil,atendimento@drogasil.com.br,,,,,,,,,,,,,,,,,,,,,,,,,,,,,,,,,,,,,,,,,,,,,,,,,,,,,,,,,,,,,,,,,,,,,,,,,,,,,,,,,,,,,,
"POLYGON ((-46.6790349 -23.6007771, -46.6791057 -23.6009003, -46.6790013 -23.6009514, -46.6789323 -23.6008233, -46.6790349 -23.6007771))",pharmacy,Drogasil,Q5308185,yes,,pharmacy,Drogasil,yes,São Paulo,510,04548-002,Avenida Doutor Cardoso de Melo,,,,,,,,,pt:Drogasil,,,,,,Vila Olimpia,,,,,,,,,,,,,,yes,,,,,,,,,,,,,,,,,,,,,,,,,,,,,,,,,,,,,,,,,,,,,,,,,,,,,,,,,,,,,,,,,,,
"POLYGON ((-46.7063245 -23.538825, -46.706264 -23.5387761, -46.7062742 -23.5387668, -46.7063372 -23.5388149, -46.7063245 -23.538825))",pharmacy,,,yes,,pharmacy,Pharmarte,,São Paulo,1002,,Rua Cerro Corá,,,,,,,,,,,,,,,Vila Ipojuca,,,,,,,,,,,,,,,,,,,,,,,,,,,,,,,,,,,,,,,,,,,,,,,,,,,,,,,,,,,,,,,,,,,,,,,,,,,,,,,,,
"POLYGON ((-46.6839669 -23.5282122, -46.6838289 -23.528297, -46.6837701 -23.5282164, -46.683908 -23.5281317, -46.6839669 -23.5282122))",pharmacy,Drogaria São Paulo,Q5308184,,,pharmacy,Drogaria São Paulo,,São Paulo,390,05022-000,Avenida Pompéia,BR,SP,+55 11 672-1952;+55 11 3672-9315;0800 779 8767,http://www.drogariasaopaulo.com.br,24/7,,,,,,,,,,Vila Pompéia,,,,,,,,,,,,,,,,,,,,,,,,,,,,,,,,,,,,,,,,,,,,,,,,,,,,,,,,,,,,,,,,,,,,,,,,,,,,,,,,,
"POLYGON ((-46.6869161 -23.5322104, -46.6868129 -23.5322795, -46.6867702 -23.5322772, -46.6867396 -23.5322375, -46.686874 -23.5321533, -46.6868977 -23.5321854, -46.6869161 -23.5322104))",pharmacy,Droga Raia,Q10357101,yes,,pharmacy,Droga Raia,,São Paulo,918,05022-000,Avenida Pompéia,,,,,,2025-12-25,,,,,,,,,Pompéia,,,,,,,,,,,,6,,yes,,,,,,,,,,,,,,,,,,,,,,,,,,,,,,,,,,,,,,,,,,,,,,,,,,,,,,,,,,,,,,,,,,,
"POLYGON ((-46.686022 -23.5366137, -46.6859598 -23.5366512, -46.6860593 -23.5367898, -46.6861214 -23.5367523, -46.686022 -23.5366137))",pharmacy,Drogasil,Q5308185,yes,,pharmacy,Drogasil,yes,São Paulo,1185,05019-010,Avenida Professor Afonso Bovero,BR,SP,+55 11 3865-6803;+55 11 3673-1200,http://www.drogasil.com.br/,24/7,,+55 11 97278-7362,,,atendimento@drogasil.com.br,,,,,Perdizes,,,,,,,,,,,,,,,,,,,,,,,,,,,,,,,,,,,,,,,,,,,,,,,,,,,,,,,,,,,,,,,,,,,,,,,,,,,,,,,,,
"POLYGON ((-46.6868343 -23.5361724, -46.6867528 -23.5362214, -46.6868592 -23.5363703, -46.6869407 -23.5363214, -46.6868343 -23.5361724))",pharmacy,Drogaria São Paulo,Q5308184,yes,,pharmacy,Drogaria São Paulo,,São Paulo,1289,,Avenida Professor Alfonso Bovero,,,,,,,,,,,,,,,,,,,,,,,,,,,,,,,,,,,,,,,,,,,,,,,,,,,,,,,,,,,,,,,,,,,,,,,,,,,,,,,,,,,,,,,,,,,,,,,,
"POLYGON ((-46.68254 -23.5410875, -46.6825594 -23.5410736, -46.6825274 -23.5410225, -46.6825015 -23.5410843, -46.6825257 -23.5410685, -46.68254 -23.5410875))",pharmacy,Droga Raia,Q10357101,yes,,pharmacy,Droga Raia,,São Paulo,531,01254-000,Avenida Professor Alfonso Bovero,,,,,,,,,,,,,,,Perdizes,,,,,,,,,,,,,,,,,,,,,,,,,,,,,,,,,,,,,,,,,,,,,,,,,,,,,,,,,,,,,,,,,,,,,,,,,,,,,,,,,
"POLYGON ((-46.6823299 -23.5406066, -46.6822982 -23.5406127, -46.6823147 -23.5406448, -46.6822969 -23.5406885, -46.6823544 -23.5407054, -46.6823663 -23.5406751, -46.682363 -23.5406582, -46.6823299 -23.5406066))",pharmacy,Drogaria São Paulo,Q5308184,yes,,pharmacy,Drogaria São Paulo,,São Paulo,568,01254-000,Avenida Professor Alfonso Bovero,,,,,,2025-04-12,,,pt:Drogasil,,,,,,Perdizes,,,,,,,,,,,,,,,,,,,,,,,,,,,,,,,,,,,,,,,,,,,,,,,,,,,,,,,,,,,,,,,,,,,,,,,,,,,,,,,,,
"POLYGON ((-46.6819342 -23.5354255, -46.6818776 -23.5353505, -46.6816591 -23.5354974, -46.6817138 -23.5355692, -46.681821 -23.5354994, -46.6817907 -23.5354611, -46.681875 -23.5354044, -46.6818817 -23.5354128, -46.681906 -23.5354439, -46.6819342 -23.5354255))",pharmacy,Drogaria São Paulo,Q5308184,yes,,pharmacy,Drogaria São Paulo,,São Paulo,802,05018-001,Rua Cayowaá,,,,,,,,,,,,,,,Perdizes,,,,,,,,,,,,5,,yes,,,,,,,,,,,,,,,,,,,,,,,,,,,,,,,,,,,,,,,,,,,,,,,,,,,,,,,,,,,,,,,,,,,
"POLYGON ((-46.6903474 -23.5465208, -46.6902725 -23.54658, -46.6901583 -23.5464607, -46.6901901 -23.5464204, -46.6903474 -23.5465208))",pharmacy,,,yes,,pharmacy,Ultrafarma Popular,,São Paulo,1244,,Rua Heitor Penteado,,,,,Mo-Su 09:00-21:00,2025-04-12,,,,,,,,,Sumaré,,,,,,,,,,,,,,,,,,,,,,,,,,,,,,,,,,,,,,,,,,,,,,,,,,,,,,,,,,,,,,,,,,,,,,,,,,,,,,,,,
"POLYGON ((-46.6796647 -23.5334647, -46.679719 -23.5335407, -46.6797431 -23.5335746, -46.6797775 -23.5335517, -46.6798428 -23.5335081, -46.6798738 -23.5334874, -46.6797968 -23.5333799, -46.6796647 -23.5334647))",pharmacy,Drogasil,Q5308185,yes,,pharmacy,Drogasil,yes,São Paulo,489,05018-000,Rua Cayowaá,,,,,,,,,,,,,,,Perdizes,,,,,,,,,,,,6,,yes,,,,,,,,,,,,,,,,,,,,,,,,,,,,,,,,,,,,,,,,,,,,,,,,,,,,,,,,,,,,,,,,,,,
"POLYGON ((-46.6790372 -23.5354728, -46.6790485 -23.5354875, -46.6789908 -23.5355247, -46.6789796 -23.5355101, -46.6790372 -23.5354728))",pharmacy,,,yes,,pharmacy,,,São Paulo,1284,05010-000,Rua Caiubi,,,,,,,,,,,,,,,Perdizes,,,,,,,,,,,,,,,,,,,,,,,,,,,,,,,,,,,,,,,,,,,,,,,,,,,,,,,,,,,,,,,,,,,,,,,,,,,,,,,,,
"POLYGON ((-46.5687794 -23.487693, -46.5687455 -23.4877101, -46.5687177 -23.4876638, -46.5687516 -23.4876467, -46.5687794 -23.487693))",pharmacy,,,yes,,pharmacy,Vila Farma,,São Paulo,543,02161-020,Rua Alonso Peres,,,,,,,,,,,,,,,Vila Sabrina,,,,,,,,,,,,,,,,,,,,,,,,,,,,,,,,,,,,,,,,,,,,,,,,,,,,,,,,,,,,,,,,,,,,,,,,,,,,,,,,,
"POLYGON ((-46.4230341 -23.5435945, -46.4230546 -23.5436373, -46.4229545 -23.5436775, -46.422934 -23.5436348, -46.4230341 -23.5435945))",pharmacy,,,yes,,pharmacy,Droga Leste,,São Paulo,2798,08420-000,Estrada Itaquera-Guaianases,,,,,,,,,,,,,,,Jardim Helena (guaianazes),,,,,,,,,,,,,,,,,,,,,,,,,,,,,,,,,,,,,,,,,,,,,,,,,,,,,,,,,,,,,,,,,,,,,,,,,,,,,,,,,
"POLYGON ((-46.5880114 -23.5698739, -46.5879907 -23.5699707, -46.5878851 -23.5699454, -46.5879287 -23.5698318, -46.5880114 -23.5698739))",pharmacy,Drogaria São Paulo,Q5308184,,,pharmacy,Drogaria São Paulo,,São Paulo,2210,03114-001,Avenida Paes de Barros,,,,,,2023-06-26,,,,,,,,,,,,,,,,,,,,,,,,,,,,,,,,,,,,,,,,,,,,,,,,,,,,,,,,,,,,,,,,,,,,,,,,,,,,,,,,,,,,,,,,,,
"POLYGON ((-46.587962 -23.570076, -46.5878352 -23.5700414, -46.5878121 -23.5701125, -46.5879389 -23.5701471, -46.587962 -23.570076))",pharmacy,Droga Raia,Q10357101,yes,,pharmacy,Droga Raia,,São Paulo,2222,03114-001,Avenida Paes de Barros,,,,,,,,,,,,,,,Parque da Moóca,,,,,,,,,,,,,,,,,,,,,,,,,,,,,,,,,,,,,,,,,,,,,,,,,,,,,,,,,,,,,,,,,,,,,,,,,,,,,,,,,
"POLYGON ((-46.596799 -23.5646838, -46.5967792 -23.5647019, -46.5967429 -23.5646702, -46.5967622 -23.5646517, -46.596799 -23.5646838))",pharmacy,,,yes,,pharmacy,,,São Paulo,342,03121-030,Rua Jumana,,,,,,,,,,,,,,,,,,,,,,,,,,,,,,,,,,,,,,,,,,,,,,,,,,,,,,,,,,,,,,,,,,,,,,,,,,,,,,,,,,,,,,,,,,,,,,,,
"POLYGON ((-46.5916863 -23.5697525, -46.5916434 -23.569719, -46.5915816 -23.5697804, -46.5916233 -23.5698147, -46.5916863 -23.5697525))",pharmacy,Drogaria São Paulo,Q5308184,yes,,pharmacy,Drogaria São Paulo,,São Paulo,337 L5,03124-021,Rua Juventus,,,,,,,,,,,,,,,Parque da Moóca,,,,,,,,,,,,,,,,,,,,,,,,,,,,,,,,,,,,,,,,,,,,,,,,,,,,,,,,,,,,,,,,,,,,,,,,,,,,,,,,,
"POLYGON ((-46.5877278 -23.5665708, -46.5876633 -23.5666282, -46.5875632 -23.5665385, -46.5875906 -23.5664903, -46.5877342 -23.5665305, -46.5877278 -23.5665708))",pharmacy,Droga Raia,Q10357101,yes,,pharmacy,Droga Raia,,São Paulo,1775,03195-100,Rua do Oratório,,,,,,,,,,,,,,,,,,,,,,,,,,,,,,,,,,,,,,,,,,,,,,,,,,,,,,,,,,,,,,,,,,,,,,,,,,,,,,,,,,,,,,,,,,,,,,,,
"POLYGON ((-46.5892759 -23.5682015, -46.5891462 -23.56827, -46.5890694 -23.5681477, -46.5891991 -23.5680792, -46.5892759 -23.5682015))",pharmacy,,,,,pharmacy,Promofarma,,São Paulo,1955,03115-001,Avenida Paes de Barros,,,,,Mo-Su 09:00-22:00,2023-10-06,,,,,,,,,Alto da Mooca,,,,,,,,,,,,,,,,,,,,,,,,,,,,,,,,,,,,,,,,,,,,,,,,,,,,,,,,,,,,,,,,,,,,,,,,,,,,,,,,,
"POLYGON ((-46.6785487 -23.5355431, -46.6785722 -23.5355279, -46.6785836 -23.5355205, -46.6786213 -23.5354961, -46.6787109 -23.5356224, -46.6787091 -23.5356534, -46.678652 -23.535691, -46.6785487 -23.5355431))",pharmacy,Droga Raia,Q10357101,,,pharmacy,Droga Raia,,São Paulo,124,05010-000,Rua Caiubi,,,+55 11 3862-9185,http://www.drogaraia.com.br,24/7,,,,pt:RaiaDrogasil,,,,,,Perdizes,,,,,,,,,,,,5,,yes,,,,,,,,,,,,,,,,,,,,,,,,,,,,,,,,,,,,,,,,,,,,,,,,,,,,,,,,,,,,,,,,,,,
"POLYGON ((-46.6235134 -23.5024543, -46.6233803 -23.5024565, -46.6233813 -23.5025069, -46.6235144 -23.5025047, -46.6235134 -23.5024543))",pharmacy,Drogaria São Paulo,Q5308184,,,pharmacy,Drogaria São Paulo,,São Paulo,424,02034-001,Rua Ezequiel Freire,,,,,,,,,,,,,,,,,,,,,,,,,,,,,,,,,,,,,,,,,,,,,,,,,,,,,,,,,,,,,,,,,,,,,,,,1382147010025252,,,,,,,,,,,,,,,,,,,,,,,,
"POLYGON ((-46.6766441 -23.595013, -46.6766087 -23.5950033, -46.6765518 -23.5949878, -46.6764938 -23.5951664, -46.6765861 -23.5951916, -46.6766139 -23.5951059, -46.6766441 -23.595013))",pharmacy,Drogaria São Paulo,Q5308184,yes,,pharmacy,Drogaria São Paulo,,,,,,,,,,,,,,,,,,,,,,,,,,,,,,,,,,yes,,,,,,,,,,,,,,,,,,,,,,,,,,,,,,,,,,,,,,,,,,,,,,,,,,,,,,,,,,,,,,,,,,,
"POLYGON ((-46.6716635 -23.5346604, -46.6717402 -23.5347628, -46.6716683 -23.5348081, -46.6715916 -23.5347057, -46.6716635 -23.5346604))",pharmacy,Drogasil,Q5308185,yes,,pharmacy,Drogasil,yes,São Paulo,786,05007-002,Rua Doutor Homem de Melo,,,,,,,,,,,,,,,Perdizes,,,,,,,,,,,,,,,,,,,,,,,,,,,,,,,,,,,,,,,,,,,,,,,,,,,,,,,,,,,,,,,,,,,,,,,,,,,,,,,,,
"POLYGON ((-46.6746358 -23.5368237, -46.6745498 -23.5368835, -46.6746667 -23.5370247, -46.6747527 -23.5369648, -46.6746358 -23.5368237))",pharmacy,Drogaria São Paulo,Q5308184,yes,,pharmacy,Drogaria São Paulo,,São Paulo,658,,Avenida Sumaré,,,,,,2025-11-26,,,,,,,,,Perdizes,,,,,,,,,,,,,,,,,,,,,,,,,,,,,,,,,,,,,,,,,,,,,,,,,,,,,,,,,,,,,,,,,,,,,,,,,,,,,,,,,
"POLYGON ((-46.584038 -23.467844, -46.5839941 -23.467852, -46.5839868 -23.4678184, -46.5840307 -23.4678103, -46.584038 -23.467844))",pharmacy,,,,,pharmacy,Promofarma,,São Paulo,2528,02265-002,Avenida Guapira,,,,,,,,,,,,,,,,,,,,,,,,,,,,,,,,,,,,,,,,,,,,,,,,,,,,,,,,,,,,,,,,,,,,,,,,,,,,,,,,,,,,,,,,,,,,,,,,
"POLYGON ((-46.6435643 -23.540719, -46.6435546 -23.540735, -46.6435332 -23.5407303, -46.6435082 -23.5407317, -46.6434887 -23.5407382, -46.6434754 -23.5407232, -46.6434841 -23.5407189, -46.643497 -23.5407125, -46.6435224 -23.5407071, -46.6435421 -23.5407102, -46.6435643 -23.540719))",pharmacy,Drogaria São Paulo,Q5308184,,,pharmacy,Drogaria São Paulo,,São Paulo,131,01209-010,Praça Julio Mesquita,,,,,24/7,,,,en:Grupo DPSP,,,,,,,,,,,,,,,,,,,,,,,,,,,,,,,,,,,,,,,,,,,,,,,,,,,,,,,,,,,,,,,,,,,,,,,,,,,,,,,,,,,,,,,
"POLYGON ((-46.5935526 -23.5372912, -46.5935324 -23.5374028, -46.5934267 -23.5373902, -46.5934428 -23.5372764, -46.5935526 -23.5372912))",pharmacy,Drogaria São Paulo,Q5308184,,,pharmacy,Drogaria São Paulo,,São Paulo,1948,03014-000,Avenida Celso Garcia,,,,,Mo-Su 07:00-23:00,,+55 11 2291-1258;+55 11 2291-1172,https://www.drogariasaopaulo.com.br/,en:Grupo DPSP,,,,,,Belenzinho,,,,,,,,,,,,,,,,,,,,,,,,,,,,,,,,,,,,,,,,,,,,,,,,,,,,,,,,,,,,,,,,,,,,,,,,,,,,,,,,,
"POLYGON ((-46.6668718 -23.5333248, -46.6667694 -23.5333792, -46.666772 -23.533384, -46.6667933 -23.5334172, -46.6668954 -23.5333615, -46.6668718 -23.5333248))",pharmacy,,,yes,,pharmacy,Drogarias Ultra Popular,,São Paulo,390 L7,05005-000,Rua Turiassu,,,,,,,,,,,,,,,Perdizes,,,,,,,,,,,,,,,,,,,,,,,,,,,,,,,,,,,,,,,,,,,,,,,,,,,,,,,,,,,,,,,,,,,,,,,,,,,,,,,,,
"POLYGON ((-46.6669962 -23.5357089, -46.6669008 -23.5357727, -46.6668546 -23.5357145, -46.6669499 -23.5356508, -46.6669962 -23.5357089))",pharmacy,Drogaria São Paulo,Q5308184,yes,,pharmacy,Drogaria São Paulo,,São Paulo,520,05006-000,Rua Itapicuru,,,,,,,,,,,,,,,Perdizes,,,,,,,,,,,,,,,,,,,,,,,,,,,,,,,,,,,,,,,,,,,,,,,,,,,,,,,,,,,,,,,,,,,,,,,,,,,,,,,,,
"POLYGON ((-46.6735171 -23.5070548, -46.6733621 -23.5070897, -46.6729497 -23.5071875, -46.6729523 -23.5072462, -46.6729812 -23.5073432, -46.6735758 -23.507248, -46.6735655 -23.5072184, -46.6735171 -23.5070548))",pharmacy,Drogaria São Paulo,Q5308184,yes,,pharmacy,Drogaria São Paulo,yes,São Paulo,714,02710-000,Avenida Professor Celestino Bourroul,,,,,,,,,,,,,,,Casa Verde,,,,,,,,,,,,,,,,,,,,,,,,,,,,,,,,,,,,,,,,,,,,,,,,,,,,,,,,,,,,,,,,,,,,,,,,,,,,,,,,,
"POLYGON ((-46.6195261 -23.5469947, -46.6194845 -23.5470523, -46.6195272 -23.5470794, -46.6195681 -23.547021, -46.6195261 -23.5469947))",pharmacy,,,yes,,pharmacy,Drogaria Capital Farma,,São Paulo,201 L4,03042-001,Rua Piratininga,,,,,,,,,,,,,,,Brás,,,,,,,,,,,,,,,,,,,,,,,,,,,,,,,,,,,,,,,,,,,,,,,,,,,,,,,,,,,,,,,,,,,,,,,,,,,,,,,,,
"POLYGON ((-46.5939899 -23.5480821, -46.5939569 -23.5480506, -46.5939705 -23.5480382, -46.594064 -23.5479541, -46.5940955 -23.5479864, -46.5939899 -23.5480821))",pharmacy,,,yes,,pharmacy,Ultrafarma Popular,,São Paulo,1058A,03166-001,Rua Taquari,,,,,Mo-Sa 07:00-20:00; Su 07:00-14:00,,,,,,,,,,Belenzinho,,,,,,,,,,,,6.335,,yes,,,,,,,,,,,,,,,,,,,,,,,,,,,,,,,,,,,,,,,,,,,,,,,,,,,,,,,,,,,,,,,,,,,
"POLYGON ((-46.5957767 -23.5504562, -46.5957544 -23.5504787, -46.5956833 -23.5504525, -46.595606 -23.5504043, -46.5955473 -23.5503526, -46.595607 -23.5502945, -46.5957767 -23.5504562))",pharmacy,Droga Raia,Q10357101,,,pharmacy,Droga Raia,,São Paulo,86,03169-010,Avenida Cassandoca,,,,,24/7,,,,pt:RaiaDrogasil,,,,,,,,,,,,,,,,,,5,,yes,,,,,,,,,,,,,,,,,,,,,,,,,,,,,,,,,,,,,,,,,,,,,,,,,,,,,,,,,,,,,,,,,,,
"POLYGON ((-46.6218692 -23.4817351, -46.6218987 -23.4818426, -46.6219418 -23.4818326, -46.6219124 -23.4817252, -46.6218692 -23.4817351))",pharmacy,Pague Menos,Q7124466,yes,,pharmacy,Pague Menos,,São Paulo,774,02332-000,Avenida Água Fria,,,,,,,,,pt:Pague Menos,,,,,,,,,,,,,,,,,,,,,,,,,,,,,,,,,,,,,,,,,,,,,,,,,,,,,,,,,,,,,,,,,,,,,,,,,,,,,,,,,,,,,,,
"POLYGON ((-46.6633162 -23.5222312, -46.6633441 -23.5223875, -46.663283 -23.5223967, -46.663255 -23.5222404, -46.6633162 -23.5222312))",pharmacy,Drogasil,Q5308185,yes,,pharmacy,Drogasil,yes,São Paulo,349,,Avenida Marquês de São Vicente,,,,,07:00-23:00,2026-02-20,,,,,,,,,,,,yes,yes,yes,,,,,,,,,,,,,,,,,,,,,,,,,,,,,,,,,,,,,,,,,,,,,,,,,,,,,,,,,,,,,,,,,,,,,,,,,,,,
"POLYGON ((-46.6261842 -23.5024692, -46.6261911 -23.5024972, -46.626163 -23.502503, -46.6261561 -23.5024751, -46.6261842 -23.5024692))",pharmacy,Farma Conde,Q100492677,,,pharmacy,Farma Conde,,São Paulo,2024,02010-700,Rua Voluntários da Pátria,,,,,,,,,,,,,,,,,,,,,,,,,,,,,,,,,,,,,,,,,,,,,,,,,,,,,,,,,,,,,,,,,,,,,,,,,,,,,,,,,,,,,,,,,,,,,,,,
"POLYGON ((-46.6577776 -23.6050624, -46.6576528 -23.6049309, -46.6575731 -23.6049945, -46.6576979 -23.6051259, -46.6577776 -23.6050624))",pharmacy,Drogaria São Paulo,Q5308184,,,pharmacy,Drogaria São Paulo,,São Paulo,321,04077-020,Avenida Moema,BR,SP,+55 11 5051-2775;+55 11 5051-4273;0800 779 8767,http://www.drogariasaopaulo.com.br,24/7,,,,en:Grupo DPSP,,,,,,Moema,,,,,,,,,,,,,,,,,,,,,,,,,,,,,,,,,,,,,,,,,,,,,,,,,,,,,,,,,,,,,,,,,,,,,,,,,,,,,,,,,
"POLYGON ((-46.6578308 -23.6056305, -46.6576693 -23.6054614, -46.6575817 -23.6055317, -46.6577431 -23.6057007, -46.6578308 -23.6056305))",pharmacy,Droga Raia,Q10357101,,,pharmacy,Droga Raia,,São Paulo,370,04077-021,Avenida Moema,,,,,24/7,,+55 11 5051-8093,https://www.drogaraia.com.br/,pt:RaiaDrogasil,,,,,,Moema,,,,,,,,,,,,,,,,,,,,,,,,,,,,,,,,,,,,,,,,,,,,,,,,,,,,,,,,,,,,,,,,,,,,,,,,,,,,,,,,,
"POLYGON ((-46.6607436 -23.6039639, -46.6606006 -23.6040823, -46.6605205 -23.6040008, -46.6606684 -23.6038842, -46.6607436 -23.6039639))",pharmacy,Droga Raia,Q10357101,yes,no,pharmacy,Droga Raia,,São Paulo,547,,Alameda Iraé,,,,,"Mo-Su,PH 07:00-23:00",,+55 11 2615 1649,https://www.drogaraia.com.br/,,,,,,,Moema,,,,,,,,,,,,,,,,,,,,,,,,,,,,,,,,,,,,,,,,,,,,,,,,,,,,,,,,,,,,,,,,,,,,,,,,,,,,,,,,,
"POLYGON ((-46.6588328 -23.6147892, -46.6587846 -23.6147361, -46.6586175 -23.614863, -46.658668 -23.6149189, -46.6588328 -23.6147892))",pharmacy,Drogaria São Paulo,Q5308184,yes,,pharmacy,Drogaria São Paulo,,São Paulo,979 A,,Avenida Moreira Guimarães,,,,,24/7,2026-02-05,,,,,,,,,,,,,,,,,,,,,,,,,,,,,,,,,,,,,,,,,,,,,,,,,,,,,,,,,,,,,,,,,,,,,,,,,,,,,,,,,,,,,,,,,,
"POLYGON ((-46.662134 -23.6085576, -46.6619628 -23.6083758, -46.6618598 -23.6084574, -46.662031 -23.6086391, -46.662134 -23.6085576))",pharmacy,Extrafarma,Q20055480,yes,,pharmacy,Extrafarma,,São Paulo,923,,Alameda dos Maracatins,BR,,,,,,,,,,,,,,Moema,,,,,,,,,,,,,,,,,,,,,,,,,,,,,,,,,,,,,,,,,,,,,,,,,,,,,,,,,,,,,,,,,,,,,,,,,,,,,,,,,
"POLYGON ((-46.6600059 -23.6078824, -46.6598268 -23.6080309, -46.6597486 -23.6079518, -46.6597716 -23.6079326, -46.6597589 -23.6079197, -46.659915 -23.6077903, -46.6600059 -23.6078824))",pharmacy,Drogasil,Q5308185,yes,,pharmacy,Drogasil,yes,São Paulo,262,04079-001,Avenida Jurema,,,,,,,,,,,,,,,Moema,,,,,,,,,,,,,,,,,,,,,,,,,,,,,,,,,,,,,,,,,,,,,,,,,,,,,,,,,,,,,,,,,,,,,,,,,,,,,,,,,
"POLYGON ((-46.6659812 -23.6110118, -46.6658867 -23.6110836, -46.6658701 -23.611084, -46.6658096 -23.6110172, -46.6659142 -23.6109377, -46.6659812 -23.6110118))",pharmacy,Drogaria São Paulo,Q5308184,yes,,pharmacy,Drogaria São Paulo,,São Paulo,1535,,Alameda dos Jurupis,,,,,Mo-Su 08:00-22:00,,,,,,,,,,,,,,,,,,,,,,,,,,,,,,,,,,,,,,,,,,,,,,,,,,,,,,,,,,,,,,,,,,,,,,,,,,,,,,,,,,,,,,,,,,,
"POLYGON ((-46.6618608 -23.6100713, -46.6617864 -23.6099928, -46.6618402 -23.6099482, -46.6618923 -23.6099051, -46.6619428 -23.6099573, -46.6619388 -23.6100073, -46.6618608 -23.6100713))",pharmacy,Droga Raia,Q10357101,,,pharmacy,Droga Raia,,São Paulo,483,04081-002,Avenida Aratãs,BR,SP,+55 11 5093-4738,http://www.drogaraia.com.br/,Mo-Su 07:30-23:30,,,,,,,,,,Moema,,,,,,,,,,,,5,,yes,,,,,,,,,,,,,,,,,,,,,,,,,,,,,,,,,,,,,,,,,,,,,,,,,,,,,,,,,,,,,,,,,,,
"POLYGON ((-46.6626174 -23.6085235, -46.6624862 -23.608633, -46.662418 -23.6085645, -46.6625492 -23.608455, -46.6626174 -23.6085235))",pharmacy,Drogasil,Q5308185,yes,,pharmacy,Drogasil,yes,São Paulo,342,04080-010,Avenida Jurucê,,,,,24/7,,,,,,,,,,Moema,,,,,,,,,,,,,,,,,,,,,,,,,,,,,,,,,,,,,,,,,,,,,,,,,,,,,,,,,,,,,,,,,,,,,,,,,,,,,,,,,
"POLYGON ((-46.6636726 -23.6119017, -46.6635958 -23.6118189, -46.6635769 -23.6118336, -46.6636537 -23.6119164, -46.6636726 -23.6119017))",pharmacy,,,yes,,pharmacy,Weleda Farmácia,,São Paulo,492,04083-000,Avenida Moaci,,,,,,,,,,,,,,,Moema,,,,,,,,,,,,,,,,,,,,,,,,,,,,,,,,,,,,,,,,,,,,,,,,,,,,,,,,,,,,,,,,,,,,,,,,,,,,,,,,,
"POLYGON ((-46.6616809 -23.6148579, -46.6616089 -23.6147847, -46.6615719 -23.6148153, -46.6616439 -23.6148885, -46.6616809 -23.6148579))",pharmacy,,,yes,,pharmacy,Natrium Farmacia de Manipulação,,São Paulo,628,04084-002,Avenida Miruna,BR,,,,,,,,,,,,,,Moema,,,,,,,,,,,,,,,,,,,,,,,,,,,,,,,,,,,,,,,,,,,,,,,,,,,,,,,,,,,,,,,,,,,,,,,,,,,,,,,,,
"POLYGON ((-46.6571853 -23.603278, -46.6570503 -23.6031401, -46.6569979 -23.6031831, -46.6571329 -23.6033211, -46.6571853 -23.603278))",pharmacy,Drogasil,Q5308185,yes,,pharmacy,Drogasil,yes,São Paulo,368,04075-021,Avenida Açocê,,,,,Mo-Sa 08:00-23:00,,,,,,,,,,Moema,,,,,,,,,,,,,,,,,,,,,,,,,,,,,,,,,,,,,,,,,,,,,,,,,,,,,,,,,,,,,,,,,,,,,,,,,,,,,,,,,
"POLYGON ((-46.6597186 -23.6059384, -46.6595477 -23.6060762, -46.6594646 -23.6059887, -46.6596335 -23.6058507, -46.6597186 -23.6059384))",pharmacy,Drogaria São Paulo,Q5308184,yes,,pharmacy,Drogaria São Paulo,,São Paulo,539,04089-011,Alameda dos Maracatins,,,,,,,,,,,,,,,Moema,,,,,,,,,,,,,,,,,,,,,,,,,,,,,,,,,,,,,,,,,,,,,,,,,,,,,,,,,,,,,,,,,,,,,,,,,,,,,,,,,
"POLYGON ((-46.6649017 -23.6125463, -46.6647906 -23.6126385, -46.6647409 -23.6125882, -46.6648521 -23.612496, -46.6649017 -23.6125463))",pharmacy,,,yes,,pharmacy,Via Formula,,São Paulo,1734,04090-004,Alameda dos Nhambiquaras,BR,,,,,,,,,,,,,,,,,,,,,,,,,,,,,,,,,,,,,,,,,,,,,,,,,,,,,,,,,,,,,,,,,,,,,,,,,,,,,,,,,,,,,,,,,,,,,,,
"POLYGON ((-46.6642053 -23.6023795, -46.6641742 -23.6024046, -46.6641269 -23.6024432, -46.6643015 -23.6026261, -46.6643786 -23.6025622, -46.6642053 -23.6023795))",pharmacy,Pague Menos,Q7124466,yes,,pharmacy,Pague Menos,,São Paulo,607,04515-011,Avenida Lavandisca,,,,,,,,,,,,,,,Moema,,,,,,,,,,,,,,,,,,,,,,,,,,,,,,,,,,,,,,,,,,,,,,,,,,,,,,,,,,,,,,,,,,,,,,,,,,,,,,,,,
"POLYGON ((-46.6637134 -23.6028936, -46.6638102 -23.6029969, -46.6637444 -23.6030486, -46.6636476 -23.6029453, -46.6637134 -23.6028936))",pharmacy,Drogasil,Q5308185,yes,,pharmacy,Drogasil,yes,São Paulo,689,04515-011,Avenida Lavandisca,,,,,24/7,,,,,,,,,,Moema,,,,,,,,,,,,,,,,,,,,,,,,,,,,,,,,,,,,,,,,,,,,,,,,,,,,,,,,,,,,,,,,,,,,,,,,,,,,,,,,,
"POLYGON ((-46.6614024 -23.601978, -46.6611618 -23.6021697, -46.6611104 -23.6022107, -46.6612212 -23.6023319, -46.6612348 -23.6023468, -46.6612533 -23.6023323, -46.661271 -23.6023185, -46.6615279 -23.6021092, -46.6614024 -23.601978))",pharmacy,Drogaria São Paulo,Q5308184,yes,,pharmacy,Drogaria São Paulo,,São Paulo,2036,,Avenida Ibirapuera,,,,,Mo-Su 09:00-23:00,,,,,,,,,,Moema,,,,,,,,,,,,,,,,,,,,,,,,,,,,,,,,,,,,,,,,,,,,,,,,,,,,,,,,,,,,,,,,,,,,,,,,,,,,,,,,,
"POLYGON ((-46.6686571 -23.6016182, -46.6685571 -23.601694, -46.6687065 -23.6018594, -46.6688064 -23.6017836, -46.6686571 -23.6016182))",pharmacy,Drogaria São Paulo,Q5308184,,no,pharmacy,Drogaria São Paulo,yes,São Paulo,115,04523-000,Avenida Macuco,,,+55 11 5055-5225;+55 11 5055-7198;0800 779 8767,http://www.drogariasaopaulo.com.br,24/7,2024-06-16,,,en:Grupo DPSP,,,,Grupo DPSP,,Indianópolis,,,,,,,,,,,,,,,,,,,,,,,,,,,,,,,,,,,,,,,,,,,,,,,,,,,,,,,,,,,,,,,,,,,,,,,,,,,,,,,,,
"POLYGON ((-46.6719077 -23.6034959, -46.6717736 -23.6036031, -46.6716975 -23.603523, -46.6718317 -23.603416, -46.6719077 -23.6034959))",pharmacy,Drogasil,Q5308185,yes,yes,pharmacy,Drogasil,yes,São Paulo,839,04514-103,Rua Tuim,,,,,24/7,2024-06-16,,,,,,,,,,,,,,,,,,,,,,,,,,,,,,,,,,,,,,,,,,,,,,,,,,,,,,,,,,,,,,,,,,,,,,,,,,,,,,,,,,,,,,,,,,
"POLYGON ((-46.6737961 -23.6201292, -46.6737421 -23.620173, -46.673882 -23.6203177, -46.673936 -23.6202739, -46.6737961 -23.6201292))",pharmacy,Pague Menos,Q7124466,,,pharmacy,Pague Menos,,São Paulo,777,04617-012,Rua Vieira de Morais,,,,,Mo-Su 08:00-22:00,,,,,,,,,,Campo Belo,,,,,,,,,,,,,,,,,,,,,,,,,,,,,,,,,,,,,,,,,,,,,,,,,,,,,,,,,,,,,,,,,,,,,,,,,,,,,,,,,
"POLYGON ((-46.6669523 -23.6009494, -46.6668512 -23.6010267, -46.6667426 -23.6009076, -46.6668437 -23.6008303, -46.6669523 -23.6009494))",pharmacy,Droga Raia,Q10357101,,,pharmacy,Droga Raia,,São Paulo,296,04515-010,Avenida Lavandisca,,,,,24/7,,,,,,,,,,Moema,,,,,,,,,,,,,,,,,,,,,,,,,,,,,,,,,,,,,,,,,,,,,,,,,,,,,,,,,,,,,,,,,,,,,,,,,,,,,,,,,
"POLYGON ((-46.6338337 -23.5993776, -46.6336944 -23.5993778, -46.6336946 -23.5995455, -46.6338339 -23.5995453, -46.6338337 -23.5993776))",pharmacy,Drogaria São Paulo,Q5308184,yes,no,pharmacy,Drogaria São Paulo,,São Paulo,848,,Rua Loefgren,,,,,,,,,,,,,,,Vila Mariana,,,,,,,,,,,,,,yes,,,,,,,,,,,,,,,,,,,,,,,,,,,,,,,,,,,,,,,,,,,,,,,,,,,,,,,,,,,,,,,,,,,
"POLYGON ((-46.6879696 -23.5760548, -46.6879457 -23.5760935, -46.6879156 -23.5760781, -46.6879392 -23.5760391, -46.6879696 -23.5760548))",pharmacy,Drogaria São Paulo,Q5308184,yes,,pharmacy,Drogaria São Paulo,,São Paulo,2156,01451-000,Avenida Brigadeiro Faria Lima,,,,,,2025-11-28,,,en:Grupo DPSP,,,,,,,,,,,,,,,,,,,,,,,,,,,,,,,,,,,,,,,,,,,,,,,,,,,,,,,,,,,,,,,,,,,,,,,,,,,,,,,,,,,,,,,
"POLYGON ((-46.6159929 -23.6059367, -46.6160797 -23.6059156, -46.6160591 -23.6058448, -46.6159711 -23.6058656, -46.6159929 -23.6059367))",pharmacy,,,yes,no,pharmacy,PróSana Farmácia de Manipulação,,São Paulo,369,04133-000,Avenida do Cursino,,,,,,,,,,,,,,,,,,,,,,,,,,,7.58000,,yes,,,,,,,,,,,,,,,,,,,,,,,,,,,,,,,,,,,,,,,,,,,,,,,,,,,,,,,,,,,,,,,,,,,
"POLYGON ((-46.569304 -23.5438172, -46.5691373 -23.5437849, -46.5691104 -23.5437797, -46.5691537 -23.5435895, -46.5692846 -23.5436148, -46.5693359 -23.5436247, -46.5693464 -23.5436398, -46.5693342 -23.5436908, -46.569304 -23.5438172))",pharmacy,Drogaria São Paulo,Q5308184,,,pharmacy,Drogaria São Paulo,,São Paulo,678,03316-000,Rua Tijuco Preto,,,,,Mo-Su 09:00-23:00,,,,,,,,,,Vila Gomes Cardim,,,,,,,,,,,,,,,,,,,,,,,,,,,,,,,,,,,,,,,,,,,,,,,,,,,,,,,,,,,,,,,,,,,,,,,,,,,,,,,,,
"POLYGON ((-46.6913211 -23.5644191, -46.6912001 -23.5643474, -46.6911641 -23.5643984, -46.691285 -23.564468, -46.6913211 -23.5644191))",pharmacy,,,,,pharmacy,Farmacia Rhamus,,São Paulo,669,05419-000,Avenida Pedroso de Morais,,,,,,,,,,,,,,,,,,,,,,,,,,,,,,,,,,,,,,,,,,,,,,,,,,,,,,,,,,,,,,,,,,,,,,,,,,,,,,,,,,,,,,,,,,,,,,,,
"POLYGON ((-46.6569128 -23.5449922, -46.6571234 -23.5449037, -46.6571704 -23.544997, -46.6569601 -23.5450897, -46.6569128 -23.5449922))",pharmacy,Drogasil,Q5308185,,,pharmacy,Drogasil,yes,São Paulo,1397,01227-100,Avenida Angélica,,,,,24/7,,,,pt:Drogasil,,,,,,Consolacao,,,,,,,,,,,,,,,,,,,,,,,,,,,,,,,,,,,,,,,,,,,,,,,,,,,,,,,,,,,,,,,,,,,,,,,,,,,,,,,,,
"POLYGON ((-46.6574691 -23.5455617, -46.6574138 -23.5455867, -46.6573957 -23.5455527, -46.6573998 -23.5455509, -46.6574527 -23.5455286, -46.6574691 -23.5455617))",pharmacy,Drogaria São Paulo,Q5308184,,,pharmacy,Drogaria São Paulo,,São Paulo,665,,Rua Piauí,,,,,24/7,,,,,,,,,,Higienópolis,,,,,,,,,,,,,,,,,,,,,,,,,,,,,,,,,,,,,,,,,,,,,,,,,,,,,,,,,,,,,,,,,,,,,,,,,,,,,,,,,
"POLYGON ((-46.5249593 -23.5531344, -46.5249166 -23.5531022, -46.5249503 -23.5530631, -46.524976 -23.5530817, -46.5249954 -23.5530965, -46.5249593 -23.5531344))",pharmacy,,,,,pharmacy,Drogaria Mix Farma,,São Paulo,260,,Rua Doutor Jaci Barbosa,,,,,,,,,,,,,,,Vila Carrão,,,,,,,,,,,,,,,,,,,,,,,,,,,,,,,,,,,,,,,,,,,,,,,,,,,,,,,,,,,,,,,,,,,,,,,,,,,,,,,,,
"POLYGON ((-46.6160174 -23.5314418, -46.6161306 -23.5315252, -46.6161866 -23.5314052, -46.6161005 -23.5313736, -46.6160724 -23.5313842, -46.6160405 -23.5314176, -46.6160174 -23.5314418))",pharmacy,,,,,pharmacy,Farmabraz,,São Paulo,51,03028-010,Praça Eduardo Rudge,,,,,,,+55 11 2291-1849,,,,,,Mauricio,,Pari,,,,,,,,,,,,9.239,,,,,,,,,,,,,,,,,,,,,,,,,,,,,,,,,,,,,pmsp,,,,,,,,,,,,,,,,,,,yes,,,,,,,,,,,,,
"POLYGON ((-46.5207993 -23.5587768, -46.520707 -23.5588307, -46.5208022 -23.5589356, -46.5208814 -23.5588868, -46.5207993 -23.5587768))",pharmacy,,,,,pharmacy,Ultrafarma Popular,,,,,,,,,,Mo-Su 08:00-22:00,,,,,,,,,,,,,,,,,,,,,,,,,,,,,,,,,,,,,,,,,,,,,,,,,,,,,,,,,,,,,,,,,,,,,,,,,,,,,,,,,,,,,,,,,,,
"POLYGON ((-46.7372198 -23.4939945, -46.7371925 -23.4941222, -46.7370932 -23.4941067, -46.7370664 -23.4941025, -46.7370928 -23.4940139, -46.7371219 -23.4939848, -46.7372198 -23.4939945))",pharmacy,Drogaria São Paulo,Q5308184,,,pharmacy,Drogaria São Paulo,,,,,,,,,,24/7,,,,,,,,,,,,,,,,,,,,,,,,,,,,,,,,,,,,,,,,,,,,,,,,,,,,,,,,,,,,,,,,,,,,,,,,,,,,,,,,,,,,,,,,,,,
"POLYGON ((-46.5746902 -23.4909492, -46.5746953 -23.4910257, -46.5745578 -23.4910308, -46.5745553 -23.4909529, -46.5746902 -23.4909492))",pharmacy,Drogaria São Paulo,Q5308184,yes,,pharmacy,Drogaria São Paulo,,São Paulo,65,02138-010,Avenida Milton da Rocha,,,,,24/7,,,,,,,,,,,,,,,,,,,,,,,,,,,,,,,,,,,,,,,,,,,,,,,,,,,,,,,,,,,,,,,,,,,,,,,,,,,,,,,,,,,,,,,,,,,
"POLYGON ((-46.6903238 -23.6215109, -46.6902529 -23.621316, -46.6902189 -23.6212282, -46.6900912 -23.6212676, -46.6899869 -23.6212998, -46.6900914 -23.6215817, -46.6901479 -23.6215645, -46.6903238 -23.6215109))",pharmacy,Droga Raia,Q10357101,,,pharmacy,Droga Raia,,São Paulo,8360,,Avenida Morumbi,,,,,,,,,,,,,,,,,,,,,,,,,,,,,,,,,,,,,,,,,,,,,,,,,,,,,,,,,,,,,,,,,,,,,,,,,,,,,,,,,,,,,,,,,,,,,,,,
"POLYGON ((-46.5300204 -23.5222023, -46.5300609 -23.5219321, -46.53021 -23.5219792, -46.5301746 -23.5222264, -46.5300204 -23.5222023))",pharmacy,Droga Raia,Q10357101,yes,yes,pharmacy,Droga Raia,,São Paulo,1596,,Avenida Amador Bueno da Veiga,,,,,24/7,,,,,,,,,,,,,,,,,,,,,,,,,,,,,,,,,,,,,,,,,,,,,,,,,,,,,,,,,,,,,,,,,,,,,,,,,,,,,,,,,,,,,,,,,,,
"POLYGON ((-46.5082933 -23.5691756, -46.5083531 -23.569234, -46.5084128 -23.5692923, -46.5084178 -23.5692969, -46.5083525 -23.5693592, -46.5082255 -23.5692335, -46.5082933 -23.5691756))",pharmacy,,,,,pharmacy,Promofarma,,São Paulo,1771,,Avenida Rio das Pedras,,,,,24/7,,,,,,,,,,Jardim Aricanduva,,,,,,,,,,,,,,,,,,,,,,,,,,,,,,,,,,,,,,,,,,,,,,,,,,,,,,,,,,,,,,,,,,,,,,,,,,,,,,,,,
"POLYGON ((-46.5148309 -23.5753498, -46.5147607 -23.5752861, -46.514716 -23.575329, -46.5147717 -23.5753797, -46.5148 -23.5753801, -46.5148309 -23.5753498))",pharmacy,,,,,pharmacy,Drogaria Nova Mille,,São Paulo,1231,,Avenida Inconfidência Mineira,,,,,,,,,,,,,,,Vila Antonieta,,,,,,,,,,,,,,,,,,,,,,,,,,,,,,,,,,,,,,,,,,,,,,,,,,,,,,,,,,,,,,,,,,,,,,,,,,,,,,,,,
"POLYGON ((-46.5197622 -23.5851793, -46.5197385 -23.5851132, -46.5197822 -23.5850967, -46.5198064 -23.5851662, -46.5197622 -23.5851793))",pharmacy,,,yes,,pharmacy,Drogaria Total,,,,,,,,,,,,,,,,,,,,,,,,,,,,,,,,,,yes,,,,,,,,,,,,,,,,,,,,,,,,,,,,,,,,,,,,,,,,,,,,,,,,,,,,,,,,,,,,,,,,,,,
"POLYGON ((-46.6404571 -23.5547863, -46.6404451 -23.5548361, -46.6404041 -23.5548258, -46.6404102 -23.5548016, -46.6404167 -23.5547761, -46.6404571 -23.5547863))",pharmacy,,,,no,pharmacy,Drogaria Estrela Popular,,São Paulo,572,01315-000,Rua Santo Amaro,,,,,,,+55 11 3242 2787;+55 11 3104 2887,,,,,,,,Bela Vista,,,,,,,,,,,,,,,,,,,,,,,,,,,,,,,,,,,,,,,,,,,,,,,,,,,,,,,,,,,,,,,,,,,,,,,,,,,,,,,,,
"POLYGON ((-46.7385299 -23.6325386, -46.7385106 -23.6326379, -46.7384602 -23.6326308, -46.7384719 -23.6325788, -46.7384829 -23.6325301, -46.7385299 -23.6325386))",pharmacy,,,yes,yes,pharmacy,Farmaclinica,,São Paulo,13A,,Rua Alexandre Benois,,,,,,,,,,,,,,,,,,,,,,,,,,,,,,Farmácia de manipulação Humana e Veterinária,,,,,,,,,,,,,,,,,,,,,,,,,,,,,,,,,,,,,,,,,,,,,,,,,,,,,,,,,,,,,,,,,,
"POLYGON ((-46.4905131 -23.570547, -46.4906263 -23.5705843, -46.4905993 -23.5706586, -46.4906451 -23.5706739, -46.4906851 -23.5705743, -46.4906669 -23.5705338, -46.4906515 -23.5705293, -46.4905664 -23.5705049, -46.4905296 -23.5705092, -46.4905131 -23.570547))",pharmacy,,,,,pharmacy,Droga Leste,,São Paulo,1995,03570-000,Avenida Alziro Zarur,,,,,,,,,,,,,,,Parque Savoy City,,,,,,,,,,,,,,,,,,,,,,,,,,,,,,,,,,,,,,,,,,,,,,,,,,,,,,,,,,,,,,,,,,,,,,,,,,,,,,,,,
"POLYGON ((-46.4165835 -23.5361793, -46.4165248 -23.5362082, -46.4165659 -23.5362727, -46.4165941 -23.5362521, -46.4166237 -23.5362305, -46.4165835 -23.5361793))",pharmacy,,,,,pharmacy,Drogaria Farmapopular,,São Paulo,6887,,Avenida Nordestina,,,,,,,,,,,,,,,,,,,,,,,,,,,,,,,,,,,,,,,,,,,,,,,,,,,,,,,,,,,,,,,,,,,,,,,,,,,,,,,,,,,,,,,,,,,,,,,,
"POLYGON ((-46.649708 -23.5324235, -46.649718 -23.5324296, -46.6496487 -23.5325232, -46.6496184 -23.5325641, -46.6494274 -23.5324433, -46.6494141 -23.5324208, -46.6494206 -23.5323927, -46.6494816 -23.5323127, -46.6494994 -23.5322894, -46.649708 -23.5324235))",pharmacy,Drogasil,Q5308185,yes,yes,pharmacy,Drogasil,yes,São Paulo,1087,01202-003,Alameda Barão de Limeira,,,,,,,,,,,,,,,Campos Elíseos,,,,,,,,,,,,,,,,,,,,,,,,,,,,,,,,,,,,,,,,,,,,,,,,,,,,,,,,,,,,,,,,,,,,,,,,,,,,,,,,,
"POLYGON ((-46.6526235 -23.5619875, -46.6525667 -23.561928, -46.6525516 -23.5619285, -46.6524179 -23.5620306, -46.6524472 -23.5620632, -46.6524787 -23.5620983, -46.6525059 -23.5620774, -46.6526235 -23.5619875))",pharmacy,Drogasil,Q5308185,yes,,pharmacy,Drogasil,yes,São Paulo,386,01405-000,Rua Pamplona,,,,,07:00-23:00,,,,,,,,Drogasil,,Jardim Paulista,,,,,,,,,,0,,5,,yes,,,,,,,,,,,,,,,,,,,,,,,,,,,,,,,,,,,,,,,,,silver,,,flat,,,,,,,,,,,,,,,,,,,,,,,
"POLYGON ((-46.6428605 -23.5840872, -46.6427111 -23.5840334, -46.6426958 -23.5840278, -46.642674 -23.58402, -46.6426629 -23.5841097, -46.642667 -23.5841308, -46.6426757 -23.5841412, -46.6428114 -23.5841951, -46.6428327 -23.5841518, -46.6428378 -23.58414, -46.6428605 -23.5840872))",pharmacy,Drogaria São Paulo,Q5308184,yes,no,pharmacy,Drogaria São Paulo,yes,,484,,Avenida Conselheiro Rodrigues Alves,,,,,"Mo-Su,PH 07:00-23:00",2023-12-31,+55 11 5082-2234; +55 11 5083-2549,,en:Grupo DPSP,,,,,,,,,yes,yes,yes,,,,,,,,,,,,,no,,,,,,,,,,,,,,,,,,,,,,,,,,,,,,,,,,,,,,,,,,,,,,,,,,,,,,,,,,,,,,,
"POLYGON ((-46.6429204 -23.5509888, -46.642905 -23.5510214, -46.6428588 -23.5510029, -46.6428743 -23.5509704, -46.6429204 -23.5509888))",pharmacy,Drogasil,Q5308185,,,pharmacy,Drogasil,yes,São Paulo,459,,Rua Santo Antônio,,,,,Mo-Su 08:00-22:00,,,,,,,,,,,,,,,,,,,,,,,,,,,,,,,,,,,,,,,,,,,,,,,,,,,,,,,,,,,,,,,,,,,,,,,,,,,,,,,,,,,,,,,,,,,
"POLYGON ((-46.6327764 -23.5635078, -46.6327098 -23.5635259, -46.6326741 -23.5635591, -46.6326736 -23.5636651, -46.6327511 -23.5636651, -46.6328263 -23.5636651, -46.632803 -23.5635917, -46.6327878 -23.5635437, -46.6327764 -23.5635078))",pharmacy,Drogasil,Q5308185,,,pharmacy,Drogasil,yes,São Paulo,1186,,Rua Conselheiro Furtado,,,,,,,,,pt:Drogasil,,,,,,,,,,,,,,,,,,5,,yes,,,,,,,,,,,,,,,,,,,,,,,,,,,,,,,,,,,,,,,,,,,,,,,,,,,,,,,,,,,,,,,,,,,
"POLYGON ((-46.42908 -23.5103654, -46.4290103 -23.5104619, -46.4290596 -23.5104875, -46.4291245 -23.5103953, -46.42908 -23.5103654))",pharmacy,,,,,pharmacy,Nice Farma,,São Paulo,3276B,08032-000,Avenida Nordestina,,,,,Mo-Su 08:00-21:00,,,,,,,,,,,,,,,,,,,,,,,,,,,,,,,,,,,,,,,,,,,,,,,,,,,,,,,,,,,,,,,,,,,,,,,,,,,,,,,,,,,,,,,,,,,
"POLYGON ((-46.4295844 -23.5107082, -46.4292989 -23.5106262, -46.4293425 -23.5105601, -46.4295172 -23.5106126, -46.4296107 -23.5106407, -46.4295844 -23.5107082))",pharmacy,Drogaria São Paulo,Q5308184,,,pharmacy,Drogaria São Paulo,,São Paulo,3184,08032-000,Avenida Nordestina,,,,,,,,,,,,,,,Vila Nova Curuça,,,,,,,,,,,,5.5,,yes,,,,,,,,,,,,,,,,,,,,,,,,,,,,,,,,,,,,,,,,,,,,,,,,,,,,,,,,,,,,,,,,,,,
"POLYGON ((-46.4815471 -23.5507884, -46.4815077 -23.5507568, -46.4814861 -23.5507596, -46.481488 -23.5508169, -46.4813742 -23.5508178, -46.4813722 -23.5509648, -46.4813962 -23.5509796, -46.4815471 -23.5507884))",pharmacy,,,,,pharmacy,Droga Leste,,,,,,,,,,,,,,,,,,,,,,,,,,,,,,,,,,,,,,,,,,,,,,,,,,,,,,,,,,,,,,,,,,,,,,,,,,,,,477918286639060,,,,,,,,,,,,,,,,,,,,,,,,
"POLYGON ((-46.6163916 -23.4857666, -46.6162793 -23.4858632, -46.6162356 -23.4858205, -46.6162565 -23.4858004, -46.6162365 -23.4857827, -46.6162506 -23.4857692, -46.6162333 -23.4857539, -46.6162742 -23.4857146, -46.6163208 -23.4857009, -46.6163391 -23.4857179, -46.6163916 -23.4857666))",pharmacy,Droga Raia,Q10357101,,,pharmacy,Droga Raia,,São Paulo,978,02330-001,Avenida Nova Cantareira,,,,,Mo-Su 09:00-24:00,,,,,,,,,,,,,,,,,,,,,,,,,,,,,,,,,,,,,,,,,,,,,,,,,,,,,,,,,,,,,,,,,,,,,,,,,,,,,,,,,,,,,,,,,,,
"POLYGON ((-46.4440413 -23.5129844, -46.4439339 -23.5128222, -46.4438562 -23.5128264, -46.4438668 -23.5129877, -46.4440413 -23.5129844))",pharmacy,Drogaria São Paulo,Q5308184,yes,no,pharmacy,Drogaria São Paulo,,São Paulo,1840,,Avenida Pires do Rio,,,,,,,,,,,,,,,,,,,,,,,,,,,5.5,,yes,,,,,,,,,,,,,,,,,,,,,,,,,,,,,,,,,,,,,,,,,,,,,,,,,,,,,,,,,,,,,,,,,,,
"POLYGON ((-46.4785255 -23.5380913, -46.4785129 -23.5381397, -46.4785694 -23.5381534, -46.4785833 -23.5381054, -46.4785255 -23.5380913))",pharmacy,,,,,pharmacy,Nitra Farmacia de Manipulação,,São Paulo,635,,Avenida Águia de Haia,,,,,,,,,,,,,,,,,,,,,,,,,,,,,,,,,,,,,,,,,,,,,,,,,,,,,,,,,,,,,,,,,,,,,,,,,,,,,,,,,,,,,,,,,,,,,,,,
"POLYGON ((-46.5270605 -23.5220145, -46.5270403 -23.5221643, -46.5269429 -23.5221548, -46.5269561 -23.5220501, -46.5270605 -23.5220145))",pharmacy,Drogasil,Q5308185,,,pharmacy,Drogasil,yes,São Paulo,1950,,Avenida Amador Bueno da Veiga,,,,,,,,,,,,,,,,,,,,,,,,,,,,,,,,,,,,,,,,,,,,,,,,,,,,,,,,,,,,,,,,,,,,,,,,,,,,,,,,,,,,,,,,,,,,,,,,
"POLYGON ((-46.6931396 -23.5680047, -46.6930478 -23.568058, -46.6930319 -23.5679732, -46.6930764 -23.5679234, -46.693122 -23.5678722, -46.6931396 -23.5680047))",pharmacy,Pague Menos,Q7124466,yes,,pharmacy,Pague Menos,,São Paulo,1116,01451-001,Avenida Brigadeiro Faria Lima,,,,,,,,,pt:Pague Menos,,,,,,,,,,,,,,,,,,,,,,,,,,,,,,,,,,,,,,,,,,,,,,,,,,,,,,,,,,,,,,,,,,,,,,,,,,,,,,,,,,,,,,,
"POLYGON ((-46.6066851 -23.4871076, -46.6066033 -23.4870639, -46.6065952 -23.4870612, -46.6065901 -23.4870615, -46.6065093 -23.4871352, -46.6065614 -23.487185, -46.6065814 -23.4872035, -46.6066851 -23.4871076))",pharmacy,Drogasil,Q5308185,,,pharmacy,Drogasil,yes,São Paulo,3360,02242-001,Avenida General Ataliba Leonel,BR,SP,+55 11 2209-0089;+55 11 2209-0485,http://www.drogasil.com.br/,Mo-Su 07:00-23:00,,,,,atendimento@drogasil.com.br,,,Drogasil,,Parada Inglesa,,,,,,,,,,,,4,,yes,,,,,,,,,,,,,,,,,,,,,,,,,,,,,,,,,,,,,,,,,silver,,,flat,,,,,,,,,,,,,,,,,,,,,,,
"POLYGON ((-46.6263112 -23.5030742, -46.6263099 -23.5031338, -46.6262161 -23.5031387, -46.6262156 -23.5030772, -46.6263112 -23.5030742))",pharmacy,Farma Conde,Q100492677,yes,no,pharmacy,Farma Conde,,São Paulo,1948,02010-600,Rua Voluntários da Pátria,,,,,,,,,,,,,,,,,,,,,,,,,,,,,yes,,,,,,,,,,,,,,,,,,,,,,,,,,,,,,,,,,,,,,,,,,,,,,,,,,,,,,,,,,,,,,,,,,,
"POLYGON ((-46.521993 -23.6057299, -46.5219817 -23.6057405, -46.5221157 -23.6058736, -46.5221565 -23.6058321, -46.5220201 -23.6057046, -46.521993 -23.6057299))",pharmacy,Drogasil,Q5308185,,,pharmacy,Drogasil,yes,São Paulo,5683,,Avenida do Oratório,,,,,,,,,,,,,,,,,,,,,,,,,,,,,,,,,,,,,,,,,,,,,,,,,,,,,,,,,,,,,,,,,,,,,,,,,,,,,,,,,,,,,,,,,,,,,,,,
"POLYGON ((-46.6527588 -23.5329543, -46.6527118 -23.5330117, -46.6526408 -23.5329651, -46.6526882 -23.5329092, -46.6527588 -23.5329543))",pharmacy,,,,,pharmacy,Poupa Mais,,São Paulo,873,01218-012,Alameda Eduardo Prado,,,,,,,,,,,,,,,Campos Elíseos,,,,,,,,,,,,,,,,,,,,,,,,,,,,,,,,,,,,,,,,,,,,,,,,,,,,,,,,,,,,,,,,,,,,,,,,,,,,,,,,,
"POLYGON ((-46.6643628 -23.522227, -46.6642748 -23.522241, -46.6642833 -23.5222918, -46.6643721 -23.5222778, -46.6643628 -23.522227))",pharmacy,,,,,pharmacy,Farma o Imperador,,São Paulo,268 L3,01141-020,Rua Quirino dos Santos,,,,,,,+55 11 3392-5650,,,,,,,,Barra Funda,,,,,,,,,,,,,,,,,,,,,,,,,,,,,,,,,,,,,,,,,,,,,,,,,,,,,,,,,,,,,,,,,,,,,,,,,,,,,,,,,
"POLYGON ((-46.6758314 -23.4601814, -46.6757923 -23.4602819, -46.6757283 -23.4602632, -46.6757733 -23.4601653, -46.6758314 -23.4601814))",pharmacy,,,,,pharmacy,Promofarma,,São Paulo,153,02870-000,Rua São Gonçalo do Abaeté,,,,,,,,,,,,,,,,,,,,,,,,,,,,,,,,,,,,,,,,,,,,,,,,,,,,,,,,,,,,,,,,,,,,,,,,,,,,,,,,,,,,,,,,,,,,,,,,
"POLYGON ((-46.638983 -23.6182005, -46.6389909 -23.6182389, -46.6389866 -23.6182515, -46.63895 -23.6182607, -46.6389404 -23.6182074, -46.638983 -23.6182005))",pharmacy,,,,,pharmacy,Ultrafarma,,São Paulo,1581,04045-002,Avenida Jabaquara,,,,,,,,,,,,,Sidney Oliveira,,,,,,,,,,,,,,,,,,,,,,,,,,,,,,,,,,,,,,,,,,,,,,,,,,,,,,,,,,,,,,,,,,,,,,,,,,,,,,,,,,,
"POLYGON ((-46.6390125 -23.6185506, -46.6390296 -23.6186436, -46.6390817 -23.6186302, -46.6390611 -23.6185374, -46.6390125 -23.6185506))",pharmacy,,,,no,pharmacy,Ultrafarma,,São Paulo,1625,04045-003,Avenida Jabaquara,,,,,,,,https://www.ultrafarma.com.br/,,,,,Sidney Oliveira,,,,,,,,,,,,,,,,,,,,,,,,,,,,,,,,,,,,,,,,,,,,,,,,,,,,,,,,,,,,,,,,,,,,,,,,,,,,,,,,,,,
"POLYGON ((-46.6394126 -23.6183373, -46.6394015 -23.6182809, -46.6393315 -23.6182918, -46.6393401 -23.6183321, -46.6393618 -23.6183476, -46.6394126 -23.6183373))",pharmacy,,,yes,no,pharmacy,Ultrafarma Popular,,São Paulo,1599,04046-300,Avenida Jabaquara,,,,,Mo-Su 09:00-21:00,,,https://www.ultrafarmapopular.com.br/,,,,,Ultrafarma,,Saúde,,,,,,,,,,,,,,,,,,,,,,,,,,,,,,,,,,,,,,,,,,,,,,,,,,,,,,,,,,,,,,,,,,,,,2020,,,,,,,,,,,,
"POLYGON ((-46.63925 -23.6178772, -46.6392609 -23.6179296, -46.639284 -23.6179471, -46.639316 -23.6179408, -46.6392984 -23.6178686, -46.63925 -23.6178772))",pharmacy,,,,,pharmacy,Ultrafitness,,São Paulo,1560,,Avenida Jabaquara,BR,,,https://www.ultrafitness.com.br/,,2023-08-23,,https://www.ultrafitness.com.br/,,,,,,,Saúde,,,,,,,,,,,,,,,,,,,,,,,,,,,,,,,,,2023-08-23,yes,,,,,,,,no,no,,,yes,,,,,,,,,,,,,,,,,,,,,,,,2024-10-04,,,,,,,,,,,
"POLYGON ((-46.6392533 -23.6176756, -46.6392681 -23.6177439, -46.6392239 -23.6177525, -46.6392096 -23.6176837, -46.6392533 -23.6176756))",pharmacy,,,,,pharmacy,Ultrafarma,,São Paulo,1532,,Avenida Jabaquara,,,,,,,,,,,,,,,,,,,,,,,,,,,,,,,,,,,,,,,,,,,,,,,,,,,,,,,,,,,,,,,,,,,,,,,,,,,,,,,,,,,,,,,,,,,,,,,,
"POLYGON ((-46.6591683 -23.4794958, -46.6591933 -23.4796512, -46.6590986 -23.4796659, -46.6590716 -23.4795095, -46.6591683 -23.4794958))",pharmacy,,,,,pharmacy,Rede Popular,,São Paulo,3432,,Avenida Imirim,,,,,,,,,,,,,,,,,,,,,,,,,,,6,,yes,,,,,,,,,,,,,,,,,,,,,,,,,,,,,,,,,,,,,,,,,,,,,,,,,,,,,,,,,,,,,,,,,,,
"POLYGON ((-46.6564465 -23.4806165, -46.6564606 -23.4806316, -46.6565992 -23.4807351, -46.6565775 -23.4807617, -46.6565233 -23.4808282, -46.6562976 -23.4806825, -46.6563481 -23.4805935, -46.656435 -23.4805745, -46.6564345 -23.4805972, -46.6564401 -23.4806062, -46.6564465 -23.4806165))",pharmacy,Drogaria São Paulo,Q5308184,,,pharmacy,Drogaria São Paulo,,São Paulo,3115,,Avenida Imirim,,,,,,,,,,,,,,,,,,,,,,,,,,,,,,,,,,,,,,,,,,,,,,,,,,,,,,,,,,,,,,,,,,,,,,,,,,,,,,,,,,,,,,,,,,,,,,,,
"POLYGON ((-46.6249976 -23.5030331, -46.6250376 -23.5030298, -46.6250447 -23.5030807, -46.6250045 -23.5030876, -46.625002 -23.5030508, -46.6250019 -23.5030495, -46.6249982 -23.5030496, -46.6249976 -23.5030331))",pharmacy,,,,,pharmacy,Ultrafarma Popular,,São Paulo,3141,02031-200,Avenida Cruzeiro do Sul,,,,,,,,,,,,,,,,,,,,,,,,,,,,,,,,,,,,,,,,,,,,,,,,,,,,,,,,,,,,,,,,,,,,,,,,,,,,,,,,,,,,,,,,,,,,,,,,
"POLYGON ((-46.6249934 -23.5029089, -46.6250224 -23.5029086, -46.6250226 -23.5029778, -46.6249958 -23.5029789, -46.6249934 -23.5029089))",pharmacy,,,,,pharmacy,Poupafarma,,São Paulo,3157,02031-200,Avenida Cruzeiro do Sul,,,,,,,,,,,,,,,,,,,,,,,,,,,,,,,,,,,,,,,,,,,,,,,,,,,,,,,,,,,,,,,,,,,,,,,,,,,,,,,,,,,,,,,,,,,,,,,,
"POLYGON ((-46.6499959 -23.5518587, -46.649917 -23.5518356, -46.6498779 -23.5519384, -46.6498725 -23.5519525, -46.6498516 -23.5520062, -46.6499315 -23.5520324, -46.6499959 -23.5518587))",pharmacy,,,yes,yes,pharmacy,Órion Farmácia de Manipulação,yes,São Paulo,226,01307-000,Rua Frei Caneca,,,,,Mo-Fr 08:00-18:00,2023-08-02,+55 11 3544-5500,https://orionlab.com.br/,,,+55 11 9 4736-0102,,,,Consolação,,,yes,yes,yes,,,,,,,,,,,atendimento@orionlab.com.br,,,yes,yes,,,,yes,,yes,yes,yes,,,,,,,,yes,yes,yes,yes,,,,,,,,,,,,,,,,,,,,,,,,,,,,,,2001-09-17,,https://www.facebook.com/OrionLab,yes,Q1303150,pt:Medicamento manipulado,,,,,,,
"POLYGON ((-46.6260389 -23.6033892, -46.6259752 -23.6034028, -46.6259524 -23.603312, -46.6260175 -23.6032993, -46.6260389 -23.6033892))",pharmacy,Drogaria São Paulo,Q5308184,,,pharmacy,Drogaria São Paulo,,São Paulo,3294,04123-020,Avenida Doutor Ricardo Jafet,BR,SP,+55 11 5071-5236;11 5594-0226;0800 779 8767,http://www.drogariasaopaulo.com.br,24/7,,,,en:Grupo DPSP,,,,,,,,,,,,,,,,,,,,,,,,,,,,,,,,,,,,,,,,,,,,,,,,,,,,,,,,,,,,,,,,,,,,,,,,,,,,,,,,,,,,,,,
"POLYGON ((-46.587143 -23.5749711, -46.5870915 -23.5749652, -46.5871004 -23.5748896, -46.5871512 -23.5748944, -46.587143 -23.5749711))",pharmacy,Drogasil,Q5308185,,,pharmacy,Drogasil,yes,São Paulo,2885A,03115-001,Avenida Paes de Barros,BR,SP,+55 11 2061-7336;+55 11 2061-7995,http://www.drogasil.com.br/,24/7,,,,pt:Drogasil,atendimento@drogasil.com.br,,,,,,,,,,,,,,yes,,,,,,,,,,,,,,,,,,,,,,,,,,,,,,,,,,,,,,,,,,,,,,,,,,,,,,,,,,,,,,,,,,,,,,,,
"POLYGON ((-46.6264387 -23.5064634, -46.6264372 -23.5065472, -46.6263479 -23.5065457, -46.6263514 -23.5064814, -46.6263776 -23.506463, -46.6264387 -23.5064634))",pharmacy,,,yes,,pharmacy,Drogaria Pharmais,,São Paulo,1475,02011-300,Rua Voluntários da Pátria,,,,,,,,,,,,,,,,,,,,,,,,,,,,,,,,,,,,,,,,,,,,,,,,,,,,,,,,,,,,,,,,,,,,,,,,,,,,,,,,,,,,,,,,,,,,,,,,
"POLYGON ((-46.648968 -23.5326519, -46.6488518 -23.5325807, -46.6487947 -23.532654, -46.6489115 -23.5327274, -46.648968 -23.5326519))",pharmacy,Pague Menos,Q7124466,,,pharmacy,Pague Menos,,São Paulo,1036,01202-002,Alameda Barão de Limeira,,,,,,,,,,,,,,,Campos Elíseos,,,,,,,,,,,,,,,,,,,,,,,,,,,,,,,,,,,,,,,,,,,,,,,,,,,,,,,,,,,,,,,,,,,,,,,,,,,,,,,,,
"POLYGON ((-46.6554292 -23.5335804, -46.6554878 -23.5336563, -46.6555319 -23.5336312, -46.6554675 -23.5335541, -46.6554292 -23.5335804))",pharmacy,,,yes,,pharmacy,Drogarias Ultra Popular,,São Paulo,328,01150-010,Praça Marechal Deodoro,,,,,,,,,,,,,,,,,,,,,,,,,,,,,,,,,,,,,,,,,,,,,,,,,,,,,,,,,,,,,,,,,,,,,,,,,,,,,,,,,,,,,,,,,,,,,,,,
"POLYGON ((-46.6571357 -23.53323, -46.6570594 -23.5331402, -46.6569704 -23.5332001, -46.6570354 -23.5332967, -46.6571357 -23.53323))",pharmacy,,,yes,,pharmacy,Promofarma,,São Paulo,25,01150-001,Avenida General Olímpio da Silveira,,,,,Mo-Su 08:00-22:00,,,,,,,,,,Santa Cecília,,,,,,,,,,,,,,,,,,,,,,,,,,,,,,,,,,,,,,,,,,,,,,,,,,,,,,,,,,,,,,,,,,,,,,,,,,,,,,,,,
"POLYGON ((-46.6604407 -23.5348583, -46.6603969 -23.5348774, -46.6603944 -23.5348785, -46.6603521 -23.534796, -46.6601995 -23.5348616, -46.6602301 -23.5349223, -46.6602416 -23.5349451, -46.6602839 -23.5350275, -46.660483 -23.5349407, -46.6604407 -23.5348583))",pharmacy,Drogaria São Paulo,Q5308184,,,pharmacy,Drogaria São Paulo,,São Paulo,980,,Rua Conselheiro Brotero,,,,,24/7,,,,,,,,,,Santa Cecilia,,,,,,,,,,,,,,,,,,,,,,,,,,,,,,,,,,,,,,,,,,,,,,,,,,,,,,,,,,,,,,,,,,,,,,,,,,,,,,,,,
"POLYGON ((-46.6581221 -23.5389138, -46.6581061 -23.5388609, -46.6579998 -23.5389104, -46.6580064 -23.5389326, -46.6580143 -23.5389593, -46.6581221 -23.5389138))",pharmacy,,,no,,pharmacy,Drogaria Lins,,São Paulo,1026,01230-000,Rua Doutor Albuquerque Lins,,,,,,,,,,,,,,,Santa Cecília,,,,,,,,,,,,,,,,,,,,,,,,,,,,,,,,,,,,,,,,,,,,,,,,,,,,,,,,,,,,,,,,,,,,,,,,,,,,,,,,,
"POLYGON ((-46.6565806 -23.5359524, -46.656599 -23.5359463, -46.656608 -23.5359433, -46.656689 -23.5359165, -46.6567108 -23.5359093, -46.6567663 -23.5358909, -46.6569008 -23.5360981, -46.6569058 -23.53612, -46.6568944 -23.5361418, -46.6568544 -23.5361736, -46.656678 -23.5362282, -46.6565806 -23.5359524))",pharmacy,,,,,pharmacy,Raia,,São Paulo,584,01232-000,Alameda Barros,,,,,,,,,,,,,,,,,,,,,,,,,,,,,,,,,,,,,,,,,,,,,,,,,,,,,,,,,,,,,,,,,,,,,,,,,,,,,,,,,,,,,,,,,,,,,,,,
"POLYGON ((-46.6622952 -23.5356171, -46.6625467 -23.5355174, -46.6625866 -23.5355357, -46.6626374 -23.5356572, -46.6626027 -23.5356717, -46.6625781 -23.5356814, -46.6624391 -23.5357379, -46.6623701 -23.5357678, -46.6623068 -23.5356399, -46.6622952 -23.5356171))",pharmacy,Droga Raia,Q10357101,,,pharmacy,Droga Raia,yes,São Paulo,1047,,Avenida Pacaembu,,,,,,,,,,,,,,,,,,,,,,,,,,,,,,,,,,,,,,,,,,,,,,,,,,,,,,,,,,,,,,,,,,,,,,,,,,,,,,,,,,,,,,,,,,,,,,,,
"POLYGON ((-46.6606463 -23.5608522, -46.6607173 -23.5609232, -46.6607466 -23.560951, -46.6609325 -23.560786, -46.6609487 -23.5607717, -46.6609552 -23.5607659, -46.6609518 -23.5607393, -46.6608841 -23.5606739, -46.6608654 -23.5606558, -46.6608617 -23.5606591, -46.6606463 -23.5608522))",pharmacy,Droga Raia,Q10357101,yes,no,pharmacy,Droga Raia,,São Paulo,241,01411-001,Rua Padre João Manuel,,,,,24/7,,+55 11 3082 0650,https://www.drogaraia.com.br,pt:RaiaDrogasil,,,,,,Cerqueira César,,,,,,,,,,,,,,,,,,,,,,,,,,,,,,,,,,,,,,,,,,,,,,,,,,,,,,,,,,,,,,,,,,,,,,,,,,,,,,,,,
"POLYGON ((-46.655535 -23.541719, -46.6556852 -23.5417115, -46.6556979 -23.5417107, -46.6557224 -23.5417091, -46.6556953 -23.541646, -46.6556818 -23.5416145, -46.6555301 -23.5416188, -46.655535 -23.541719))",pharmacy,Drogaria São Paulo,Q5308184,,no,pharmacy,Drogaria São Paulo,,São Paulo,1003,01227-100,Avenida Angélica,,,,,24/7,,,,en:Grupo DPSP,,,,,,Santa Cecília,,,,,,,,,,,,,,,,,,,,,,,,,,,,,,,,,,,,,,,,,,,,,,,,,,,,,,,,,,,,,,,,,,,,,,,,,,,,,,,,,
"POLYGON ((-46.6600318 -23.5506458, -46.6599759 -23.5506688, -46.6600177 -23.5507503, -46.660071 -23.5507267, -46.6600318 -23.5506458))",pharmacy,Droga Raia,Q10357101,,,pharmacy,Droga Raia,,São Paulo,2091,01227-200,Avenida Angélica,,,,,,,,,,,,,,,,,,,,,,,,,,,,,,,,,,,,,,,,,,,,,,,,,,,,,,,,,,,,,,,,,,,,,,,,,,,,,,,,,,,,,,,,,,,,,,,,
"POLYGON ((-46.6599425 -23.549907, -46.6599208 -23.5498631, -46.6599016 -23.5498699, -46.6599239 -23.5499148, -46.6599425 -23.549907))",pharmacy,,,yes,,pharmacy,Unipharmus,,São Paulo,2000,01228-200,Avenida Angélica,,,,,,,,,,,,,,,,,,,,,,,,,,,,,,,,,,,,,,,,,,,,,,,,,,,,,,,,,,,,,,,,,,,,,,,,,,,,,,,,,,,,,,,,,,,,,,,,
"POLYGON ((-46.6604628 -23.5440589, -46.660383 -23.5440904, -46.6603939 -23.5441132, -46.6604731 -23.5440804, -46.6604628 -23.5440589))",pharmacy,Drogaria São Paulo,Q5308184,,,pharmacy,Drogaria São Paulo,,São Paulo,58,01241-010,Praça Vilaboim,,,,,,,,,,,,,,,,,,,,,,,,,,,,,,,,,,,,,,,,,,,,,,,,,,,,,,,,,,,,,,,,,,,,,,,,,,,,,,,,,,,,,,,,,,,,,,,,
"POLYGON ((-46.6546508 -23.5478042, -46.6546674 -23.5478409, -46.6547219 -23.5478177, -46.6547043 -23.547782, -46.6546508 -23.5478042))",pharmacy,Drogaria São Paulo,Q5308184,,,pharmacy,Drogaria São Paulo,,,,,,,,,,,,,,,,,,,,,,,,,,,,,,,,4,,yes,,,,,,,,,,,,,,,,,,,,,,,,,,,,,,,,,,,,,,,,,,,,,,,,,,,,,,,,,,,,,,,,,,,
"POLYGON ((-46.6616237 -23.5587687, -46.6615743 -23.5588153, -46.6615474 -23.55879, -46.6615983 -23.5587444, -46.6616237 -23.5587687))",pharmacy,Mundo Verde,Q48856833,,,pharmacy,Mundo Verde,,São Paulo,2219,01419-101,Alameda Santos,,,,,,,,,,,,,,,,,Mundo Verde,,,,,,,,,,,health_food,,,,,,,,,,,,,,,,,,,,,,,,,,,,,,,,,,,,,,,,,,,,,,,,,,,,,,,,,,,,,,fitness_centre,,,,,,
"POLYGON ((-46.6486905 -23.5672842, -46.6487009 -23.5673029, -46.6487153 -23.567329, -46.6486686 -23.5673515, -46.6486443 -23.5673043, -46.6486905 -23.5672842))",pharmacy,Drogaria São Paulo,Q5308184,,,pharmacy,Drogaria São Paulo,,São Paulo,2215,01317-002,Avenida Brigadeiro Luís Antônio,BR,São Paulo,+55 11 3287-0568;+55 11 3285-0741,http://www.drogariasaopaulo.com.br/,24/7,,,,en:Grupo DPSP,,,,,,,,,,,,,,,,,,,,,,,,,,,,,,,,,,,,,,,,,,,,,,,,,,,,,,,,,,,,,,,,,,,,,,,,,,,,,,,,,,,,,,,
"POLYGON ((-46.5895612 -23.5071307, -46.5894874 -23.5071598, -46.5894395 -23.5070748, -46.5895127 -23.5070473, -46.5895612 -23.5071307))",pharmacy,,,,,pharmacy,Isafarma,,São Paulo,15,02127-010,Rua Mere Amedéa,,,,,08:00-22:00,,,,,,,,,,,,,,,,,,,,,,,,,,,,,,,,,,,,,,,,,,,,,,,,,,,,,,,,,,,,,,,,,,,,,,,,,,,,,,,,,,,,,,,,,,,
"POLYGON ((-46.6533927 -23.5655911, -46.6533769 -23.5655761, -46.6533437 -23.565604, -46.6533577 -23.5656207, -46.6533927 -23.5655911))",pharmacy,Drogaria São Paulo,Q5308184,yes,,pharmacy,Drogaria São Paulo,yes,São Paulo,1102,01418-100,Alameda Santos,,,,,Mo-Su 08:00-23:00,,,,en:Grupo DPSP,,,,,,,,,,,,,,,,,,,,,,,,,,,,,,,,,,,,,,,,,,,,,,,,,,,,,,,,,,,,,,,,,,,,,,,,,,,,,,,,,,,,,,,
"POLYGON ((-46.5839311 -23.5684061, -46.5839338 -23.5684814, -46.5838332 -23.5684883, -46.5838247 -23.568409, -46.5839311 -23.5684061))",pharmacy,,,,,pharmacy,Farmadigital,yes,São Paulo,2253,03195-100,Rua do Oratório,,,,,Mo-Sa 08:00-18:00,,+55 11 91686-3758,https://www.farmadigital.com.br/,,,,,,,,,,yes,yes,yes,,,,,,,,,,"Descrição: rabalhamos com Materiais Clínico-Hospitalares, Medicamentos Especiais, Nutrição, Produtos Ortopédicos, Meias de Compressão, Fraldas Infantis e Geriátricas, Dermocosméticos, entre outros produtos específicos",,,,,,,,,,,,,,,,,,,,,,,,,,,,,,,,,,,,,,,,,,,,,,,,,,,,,,,,,,,,,https://www.instagram.com/farmadigitaloficial/,,,,,
"POLYGON ((-46.4097632 -23.5820336, -46.4096987 -23.5821248, -46.4098147 -23.5821951, -46.4098801 -23.5821044, -46.4097632 -23.5820336))",pharmacy,,,,,pharmacy,Droga Leste,,São Paulo,461A,08490-490,Avenida Souza Ramos,,,,,Mo-Su 07:00-00:00,,,,,,,Drogaleste,,,,,Drogaleste,,,,,,,,,,,,,,,,,,,,,,,,,,,,,,,,,,,,,,,,,,,,,,,,,,,,,,,,,,,,,,,,,,,,,,,,,,,,,,,
"POLYGON ((-46.6649436 -23.5668845, -46.6648977 -23.5669251, -46.6648421 -23.5668725, -46.664889 -23.5668321, -46.6649436 -23.5668845))",pharmacy,Pague Menos,Q7124466,,,pharmacy,Pague Menos,,São Paulo,299,,Rua Oscar Freire,,,,,,,,,pt:Pague Menos,,,,,,,,,,,,,,,,,,,,,,,,,,,,,,,,,,,,,,,,,,,,,,,,,,,,,,,,,,,,,,,,,,,,,,,,,,,,,,,,,,,,,,,
"POLYGON ((-46.6647169 -23.5667795, -46.6646254 -23.5666972, -46.664695 -23.5666351, -46.6647421 -23.5666762, -46.6647649 -23.5666961, -46.6647882 -23.5667164, -46.6647169 -23.5667795))",pharmacy,Drogasil,Q5308185,,,pharmacy,Drogasil,yes,São Paulo,1157,01410-003,Alameda Ministro Rocha Azevedo,,,,,,,,,,,,,,,,,,,,,,,,,,,,,,,,,,,,,,,,,,,,,,,,,,,,,,,,,,,,,,,,,,,,,,,,,,,,,,,,,,,,,,,,,,,,,,,,
"POLYGON ((-46.6667229 -23.5645896, -46.6666777 -23.5645458, -46.6667502 -23.564481, -46.6667794 -23.5645093, -46.666796 -23.5645253, -46.6667229 -23.5645896))",pharmacy,Drogaria São Paulo,Q5308184,,,pharmacy,Drogaria São Paulo,,São Paulo,2699,01413-100,Rua Augusta,,,,,,,,,en:Grupo DPSP,,,,,,,,,,,,,,,,,,,,,,,,,,,,,,,,,,,,,,,,,,,,,,,,,,,,,,,,,,,,,,,,,,,,,,,,,,,,,,,,,,,,,,,
"POLYGON ((-46.6642822 -23.563529, -46.6642501 -23.5635585, -46.664214 -23.5635249, -46.6642462 -23.5634955, -46.6642822 -23.563529))",pharmacy,,,,,pharmacy,Plena Jardins,,São Paulo,19,01417-020,Alameda Tietê,,,,,Mo-Fr 09:00-19:00; Sa 09:00-14:00,,+55 11 3087-1561,https://plenajardins.com.br/,,,,,,,,,,,,,,,,,,,,,,,,,,,,,,,,,,,,,,,,,,,,,,,,,,,,,,,,,,,,,,,,,,,,,,,,,,,,,,,,,,,,,,,,
"POLYGON ((-46.7370664 -23.5874118, -46.7369489 -23.5873617, -46.7370323 -23.5871904, -46.7371547 -23.5872353, -46.7370664 -23.5874118))",pharmacy,Droga Raia,Q10357101,yes,no,pharmacy,Droga Raia,,,,,Avenida Ministro Laudo Ferreira de Camargo,,,,,Mo-Su 07:00-23:00,,,,,,,,,,,,,,,,,,,,,,,,yes,,,,,,,,,,,,,,,,,,,,,,,,,,,,,,,,,,,,,,,,,,,,,,,,,,,,,,,,,,,,,,,,,,,
"POLYGON ((-46.7369716 -23.5866569, -46.7369441 -23.5866285, -46.7368019 -23.5866699, -46.7367879 -23.5866978, -46.7368445 -23.5867228, -46.7368347 -23.5867415, -46.7369179 -23.5867764, -46.7369716 -23.5866569))",pharmacy,Drogaria São Paulo,Q5308184,yes,,pharmacy,Drogaria São Paulo,,,340;344;348,,Avenida Ministro Laudo Ferreira de Camargo,,,,,Mo-Fr 07:30-23:00; Sa 07:30-23:30; Su 07:30-23:30,,+55 11 3507-6286,,,,,,,,,,,,,,,,,,,,,,yes,,,,,,,,,,,,,,,,,,,,,,,,,,,,,,,,,,,,,,,,,,,,,,,,,,,,,,,,,,,,,,,,,,,
"POLYGON ((-46.6486311 -23.5666753, -46.6486612 -23.5667182, -46.6486292 -23.5667474, -46.6485988 -23.5666994, -46.6486311 -23.5666753))",pharmacy,Extrafarma,Q20055480,yes,,pharmacy,Extrafarma,,São Paulo,2162,01318-002,Avenida Brigadeiro Luís Antônio,,,,,,,,,,,,,,,,,,,,,,,,,,,,,,,,,,,,,,,,,,,,,,,,,,,,,,,,,,,,,,,,,,,,,,,,,,,,,,,,,,,,,,,,,,,,,,,,
"POLYGON ((-46.6504489 -23.5688257, -46.6503575 -23.5689106, -46.6502988 -23.5688592, -46.6503882 -23.5687725, -46.6504489 -23.5688257))",pharmacy,Drogaria São Paulo,Q5308184,yes,no,pharmacy,Drogaria São Paulo,,São Paulo,2460,01402-000,Avenida Brigadeiro Luís Antônio,,,,,,,,,en:Grupo DPSP,,,,,,Jardim Paulista,,,yes,yes,yes,,,,,,,5,,yes,,,,,,,,,,,yes,,,,,,,,,,,,,,,,,,,,,,,,,,,,,,,,,,,,,,yes,,,,,,,,,,,,,,,,,,
"POLYGON ((-46.7234145 -23.5885384, -46.7233565 -23.5886287, -46.723449 -23.5886786, -46.7234329 -23.5887036, -46.7234775 -23.5887277, -46.7235047 -23.5886854, -46.7234783 -23.5886712, -46.7235526 -23.5885556, -46.7234775 -23.5885151, -46.7234145 -23.5885384))",pharmacy,Drogasil,Q5308185,,,pharmacy,Drogasil,yes,,214,,Avenida Jorge João Saad,,,,,,,,,,,,,,,,,,,,,,,,,,,,,yes,,,,,,,,,,,,,,,,,,,,,,,,,,,,,,,,,,,,,,,,,,,,,,,,,,,,,,,,,,,,,,,,,,,
"POLYGON ((-46.7468158 -23.54575, -46.7467514 -23.5457186, -46.7467106 -23.5457392, -46.7466634 -23.5458759, -46.7467363 -23.5459028, -46.7468158 -23.54575))",pharmacy,,,,,pharmacy,,,,811,,,,,,,,,,,,,,,,,,,,,,,,,,,,,,,yes,,,,,,,,,,,,,,,,,,,,,,,,,,,,,,,,,,,,,,,,,,,,,,,,,,,,,,,,,,,,,,,,,,,
"POLYGON ((-46.6401673 -23.5568407, -46.6400356 -23.5568795, -46.6401084 -23.5569839, -46.6402204 -23.5569017, -46.6401673 -23.5568407))",pharmacy,Drogasil,Q5308185,yes,,pharmacy,Drogasil,yes,São Paulo,767,01317-001,Avenida Brigadeiro Luís Antônio,,,,,,,,,pt:Drogasil,,,,,,Bela Vista,,,,,,,,,,,,,,,,,,,,,,,,,,,,,,,,,,,,,,,,,,,,,,,,,,,,,,,,,,,,,,,,,,,,,,,,,,,,,,,,,
"POLYGON ((-46.6153397 -23.5423103, -46.615308 -23.5423536, -46.6152732 -23.5423345, -46.6153063 -23.5422891, -46.6153397 -23.5423103))",pharmacy,Drogaria São Paulo,Q5308184,,,pharmacy,Drogaria São Paulo,,São Paulo,2078,03002-000,Avenida Rangel Pestana,,,,,,,,,,,,,,,,,,,,,,,,,,,,,,,,,,,,,,,,,,,,,,,,,,,,,,,,,,,,,,,,,,,,,,,,,,,,,,,,,,,,,,,,,,,,,,,,
"POLYGON ((-46.6553043 -23.5738917, -46.655265 -23.5738528, -46.6553238 -23.5738014, -46.6553643 -23.5738387, -46.6553043 -23.5738917))",pharmacy,,,,,pharmacy,Drogaria Extra,,São Paulo,3215,01401-001,Avenida Brigadeiro Luís Antônio,,,,,,,,,,,,,,,,,,,,,,,,,,,,,,,,,,,,,,,,,,,,,,,,,,,,,,,,,,,,,,,,,,,,,,,,,,,,,,,,,,,,,,,,,,,,,,,,
"POLYGON ((-46.656153 -23.574702, -46.6562419 -23.5747863, -46.6562829 -23.5747487, -46.6561913 -23.5746664, -46.656153 -23.574702))",pharmacy,Drogaria São Paulo,Q5308184,,,pharmacy,Drogaria São Paulo,,São Paulo,3355,01401-001,Avenida Brigadeiro Luís Antônio,,,,,,,,,,,,,,,,,,,,,,,,,,,,,,,,,,,,,,,,,,,,,,,,,,,,,,,,,,,,,,,,,,,,,,,,,,,,,,,,,,,,,,,,,,,,,,,,
"POLYGON ((-46.6625065 -23.5611008, -46.6624786 -23.5610753, -46.6624505 -23.5610999, -46.6624776 -23.5611259, -46.6624911 -23.5611141, -46.6625065 -23.5611008))",pharmacy,,,yes,,pharmacy,Farmácia DrugsStore,,São Paulo,1048,01421-004,Alameda Itu,,,,,,,,,,,,,,,,,,,,,,,,,,,,,,,,,,,,,,,,,,,,,,,,,,,,,,,,,,,,,,,,,,,,,,,,,,,,,,,,,,,,,,,,,,,,,,,,
"POLYGON ((-46.6638601 -23.5812835, -46.6639563 -23.5813315, -46.6639287 -23.5813779, -46.6639532 -23.5813926, -46.6638929 -23.5814931, -46.6637372 -23.5814091, -46.6638107 -23.5812841, -46.6638485 -23.5813006, -46.6638601 -23.5812835))",pharmacy,Drogaria São Paulo,Q5308184,,,pharmacy,Drogaria São Paulo,,,,,,,,,,24/7,,,,,,,,,,,,,,,,,,,,,,5,,yes,,,,,,,,,,,,,,,,,,,,,,,,,,,,,,,,,,,,,,,,,,,,,,,,,,,,,,,,,,,,,,,,,,,
"POLYGON ((-46.662748 -23.5665033, -46.6627864 -23.5665381, -46.6627918 -23.5665486, -46.6627879 -23.5665579, -46.6627761 -23.5665689, -46.6627259 -23.5665235, -46.662748 -23.5665033))",pharmacy,,,,,pharmacy,Farma Total,,São Paulo,1681,,Rua Peixoto Gomide,,,,,,,,,,,,,,,,,,,,,,,,,,,,,,,,,,,,,,,,,,,,,,,,,,,,,,,,,,,,,,,,,,,,,,,,,,,,,,,,,,,,,,,,,,,,,,,,
"POLYGON ((-46.6656485 -23.5639537, -46.6655317 -23.5640553, -46.6655658 -23.5640873, -46.6656035 -23.5640526, -46.6655987 -23.5640491, -46.6656765 -23.5639803, -46.6656485 -23.5639537))",pharmacy,Drogasil,Q5308185,yes,,pharmacy,Drogasil,yes,São Paulo,1488,01424-004,Alameda Lorena,,,,,24/7,,,,pt:Drogasil,,,,,,,,,,,,,,,,,,,,,,,,,,,,,,,,,,,,,,,,,,,,,,,,,,,,,,,,,,,,,,,,,,,,,,,,,,,,,,,,,,,,,,,
"POLYGON ((-46.6612965 -23.5686302, -46.6612242 -23.5685587, -46.66103 -23.5683689, -46.6609857 -23.568409, -46.6609342 -23.5684556, -46.6609898 -23.5685106, -46.6610511 -23.5685713, -46.6610651 -23.5685852, -46.6611977 -23.5687166, -46.6612965 -23.5686302))",pharmacy,Drogaria São Paulo,Q5308184,,,pharmacy,Drogaria São Paulo,,São Paulo,807,01424-005,Alameda Lorena,,,,,Mo-Su 08:00-23:00,,,,,,,,,,,,,,,,,,,,,,,,,,,,,,,,,,,,,,,,,,,,,,,,,,,,,,,,,,,,,,,,,,,,,,,,,,,,,,,,,,,,,,,,,,,
"POLYGON ((-46.6576071 -23.569946, -46.6575197 -23.5700247, -46.6574633 -23.5700755, -46.6574377 -23.5700999, -46.65742 -23.5701011, -46.6573092 -23.569988, -46.6574836 -23.5698281, -46.6576071 -23.569946))",pharmacy,Drogasil,Q5308185,,,pharmacy,Drogasil,yes,São Paulo,444,01423-010,Rua Batataes,,,,,Mo-Su 08:00-23:00,,,,pt:Drogasil,,,,,,,,,,,,,,,,,,,,,,,,,,,,,,,,,,,,,,,,,,,,,,,,,,,,,,,,,,,,,,,,,,,,,,,,,,,,,,,,,,,,,,,
"POLYGON ((-46.6599421 -23.5707351, -46.6601729 -23.5705171, -46.6602115 -23.5704797, -46.660163 -23.5704293, -46.6601191 -23.5703837, -46.6600403 -23.5704607, -46.6598528 -23.5706429, -46.6599421 -23.5707351))",pharmacy,Drogaria São Paulo,Q5308184,,yes,pharmacy,Drogaria São Paulo,,São Paulo,1613,01405-003,Rua Pamplona,,,,,Mo-Su 08:00-23:00,,,,,,,,,,,,,,,,,,,,,,,,,,,,,,,,,,,,,,,,,,,,,,,,,,,,,,,,,,,,,,,,,,,,,,,,,,,,,,,,,,,,,,,,,,,
"POLYGON ((-46.6614272 -23.5714483, -46.661523 -23.5715478, -46.6615977 -23.5714861, -46.6615012 -23.5713876, -46.6614272 -23.5714483))",pharmacy,Drogasil,Q5308185,,,pharmacy,Drogasil,yes,São Paulo,1778,01405-002,Rua Pamplona,,,,,24/7,,,,,,,,,,,,,,,,,,,,,,,,,,,,,,,,,,,,,,,,,,,,,,,,,,,,,,,,,,,,,,,,,,,,,,,,,,,,,,,,,,,,,,,,,,,
"POLYGON ((-46.6651007 -23.5417553, -46.665209 -23.5417167, -46.6652118 -23.5417136, -46.6652067 -23.5416985, -46.665246 -23.5416846, -46.6652492 -23.5416835, -46.6652669 -23.5416792, -46.6652578 -23.5414765, -46.6650543 -23.5414891, -46.6650197 -23.5414975, -46.6649923 -23.5415112, -46.6649728 -23.5415333, -46.6649663 -23.5415746, -46.6649772 -23.5416025, -46.6650208 -23.5417134, -46.6650445 -23.5417737, -46.6651007 -23.5417553))",pharmacy,Drogasil,Q5308185,yes,yes,pharmacy,Drogasil,yes,São Paulo,1782,01234-000,Avenida Pacaembu,,,,,24/7,2025-12-22,,,,,,,,,,,,,,,,,,,,,,,,,,,,,,,,,,,,,,,,,,,,,,,,,,,,,,,,,,,,,,,,,,,,,,,,,,,,,,,,,,,,,,,,,,
"POLYGON ((-46.5937586 -23.5414124, -46.5935849 -23.5413498, -46.5936102 -23.5412959, -46.593699 -23.5413263, -46.5937827 -23.5413549, -46.5937586 -23.5414124))",pharmacy,Drogaria São Paulo,Q5308184,yes,,pharmacy,Drogaria São Paulo,,São Paulo,744,03059-005,Rua Júlio de Castilhos,,,,,,,,,en:Grupo DPSP,,,,,,,,,,,,,,,,,,,,,,,,,,,,,,,,,,,,,,,,,,,,,,,,,,,,,,,pmsp,,,,,,,,,,,,,,,,,,,,,,,,,,,,,,,,
"POLYGON ((-46.6048178 -23.5835503, -46.6045736 -23.583536, -46.6045818 -23.5834196, -46.6046045 -23.5833987, -46.6048278 -23.583415, -46.6048178 -23.5835503))",pharmacy,Drogaria São Paulo,Q5308184,yes,,pharmacy,Drogaria São Paulo,,São Paulo,1488,,Rua Agostinho Gomes,,,,,Mo-Su 08:00-23:00,,,,en:Grupo DPSP,,,,,,,,,,,,,,,,,,,,,,,,,,,,,,,,,,,,,,,,,,,,,,,,,,,,,,,,,,,,,,,,,,,,,,,,,,,,,,,,,,,,,,,
"POLYGON ((-46.5236309 -23.5417548, -46.5236271 -23.5417577, -46.5233875 -23.5419426, -46.5233504 -23.5419821, -46.5233463 -23.5419912, -46.5233554 -23.5420018, -46.5234143 -23.5420128, -46.5237108 -23.5420681, -46.5236309 -23.5417548))",pharmacy,Drogaria São Paulo,Q5308184,,,pharmacy,Drogaria São Paulo,,São Paulo,154,03533-001,Avenida Waldemar Carlos Pereira,,,,,Mo-Su 08:00-23:00,,,,,,,,,,,,,,,,,,,,,,,,,,,,,,,,,,,,,,,,,,,,,,,,,,,,,,,,,,,,,,,,,,,,,,,,,,,,,,,,,,,,,,,,,,,
"POLYGON ((-46.6925894 -23.6314247, -46.6924443 -23.6312255, -46.6924269 -23.6312017, -46.6924582 -23.6311821, -46.6925383 -23.6311321, -46.6925876 -23.6311998, -46.6927019 -23.6313561, -46.6925894 -23.6314247))",pharmacy,Drogaria São Paulo,Q5308184,,,pharmacy,Drogaria São Paulo,,São Paulo,509,04708-001,Rua São Sebastião,,,,,Mo-Sa 07:00-23:00,,,,,,,,,,,,,,,,,,,,,,,,,,,,,,,,,,,,,,,,,,,,,,,,,,,,,,,,,,,,,,,,,,,,,,,,,,,,,,,,,,,,,,,,,,,
"POLYGON ((-46.6659191 -23.5084156, -46.6659304 -23.5084363, -46.6660843 -23.5085139, -46.6661247 -23.5084464, -46.6659734 -23.5083703, -46.6660694 -23.5082056, -46.6660428 -23.5081933, -46.6659221 -23.5083948, -46.6659191 -23.5084156))",pharmacy,Drogaria São Paulo,Q5308184,yes,,pharmacy,Drogaria São Paulo,,,,,,,,,,24/7,,,,,,,,,,,,,,,,,,,,,,,,,,,,,,,,,,,,,,,,,,,,,,,,,,,,,,,,,,,,,,,,,,,,,,,,,,,,,,,,,,,,,,,,,,,
"POLYGON ((-46.6487296 -23.5002965, -46.6484396 -23.5002533, -46.6483923 -23.5003471, -46.6486576 -23.500465, -46.6487296 -23.5002965))",pharmacy,,,,,pharmacy,Promofarma,,São Paulo,589,,Avenida Casa Verde,,,,,Mo-Su 08:00-22:00,,,,,,,,,,,,,,,,,,,,,,,,,,,,,,,,,,,,,,,,,,,,,,,,,,,,,,,,,,,,,,,,,,,,,,,,,,,,,,,,,,,,,,,,,,,
"POLYGON ((-46.6692027 -23.5396703, -46.6692743 -23.5396268, -46.6692333 -23.5395706, -46.6691618 -23.5396154, -46.6692027 -23.5396703))",pharmacy,Drogasil,Q5308185,no,,pharmacy,Drogasil,yes,São Paulo,1021 L1,05016-110;05013-001,Rua Cardoso de Almeida,BR,SP,+55 11 3875-6940;+55 11 3801-3582,http://www.drogasil.com.br/,24/7,,,,,atendimento@drogasil.com.br,,,,,,,,,,,,,,,,,,,,,,,,,,,,,,,,,,,,,,,,,,,,,,,,,,,,,,,,,,,,,,,,,,,,,,,,,,,,,,,,,,,,,,
"POLYGON ((-46.6597362 -23.5111247, -46.6593635 -23.5111721, -46.6593917 -23.5113796, -46.6596447 -23.5113474, -46.6597709 -23.5113326, -46.6597542 -23.5112329, -46.6597362 -23.5111247))",pharmacy,Drogaria São Paulo,Q5308184,,,pharmacy,Drogaria São Paulo,,São Paulo,225,02515-000,Rua Doutor César Castiglioni Junior,,,,,,,,,,,,,,,,,,,,,,,,,,,,,,,,,,,,,,,,,,,,,,,,,,,,,,,,,,,,,,,,,,,,,,,,,,,,,,,,,,,,,,,,,,,,,,,,
"POLYGON ((-46.5970007 -23.6136384, -46.5969898 -23.6137158, -46.5968338 -23.6136973, -46.5968447 -23.61362, -46.5970007 -23.6136384))",pharmacy,Drogasil,Q5308185,yes,no,pharmacy,Drogasil,yes,,715,04253-000,Rua Alencar Araripe,,,,,"PH,Mo-SU 07:00-23:00",,+55 11 2061 4891,,,,+55 11 97573 4045,,,,Sacomã,,,,,,,,,,,,,,yes,,,,,,,,,,,,,,,,,,,,,,,,,,,,,,,,,,,,,,,,,,,,,,,,,,,,,,,,,,,,,,,,,,,
"POLYGON ((-46.7009457 -23.6479084, -46.7010448 -23.6480414, -46.7008392 -23.6481643, -46.7007493 -23.6480242, -46.7009457 -23.6479084))",pharmacy,Drogaria São Paulo,Q5308184,,,pharmacy,Drogaria São Paulo,,,,,,,,,,,,,,,,,,,,,,,,,,,,,,,,,,yes,,,,,,,,,,,,,,,,,,,,,,,,,,,,,,,,,,,,,,,,,,,,,,,,,,,,,,,,,,,,,,,,,,,
"POLYGON ((-46.6475577 -23.6985202, -46.6474048 -23.6986577, -46.6474996 -23.6987412, -46.6475965 -23.6985522, -46.6475577 -23.6985202))",pharmacy,,,yes,no,pharmacy,Ultrafarma Popular,,,,,Estrada do Alvarenga,,,,,,,,,,,+55 11 94132 7320,,,,,,,,,,,,,,,,,,yes,,,,,,,,,,,,,,,,,,,,,,,,,,,,,,,,,,,,yes,,,,,,,,,,,,,,,,,,,,,,,,,,,,,,,
"POLYGON ((-46.7565295 -23.5686889, -46.7565563 -23.5687356, -46.7564919 -23.5687921, -46.7564088 -23.5686987, -46.7564571 -23.5686545, -46.7564973 -23.568711, -46.7565295 -23.5686889))",pharmacy,Drogasil,Q5308185,yes,no,pharmacy,Drogasil,yes,,28,,Rua Jorge Ward,,,,,"Mo-Su, PH 07:00-23:00",,+55 11 2924 8006,,,,,,,,,,,,,,,,,,,,,,yes,,,,,,,,,,,,,,,,,,,,,,,,,,,,,,,,,,,,,,SP Rio Pequeno 1,,,,,,,,,,,,,,,,,,,,,,,,,,,,,
"POLYGON ((-46.7558562 -23.5684603, -46.7559206 -23.5685561, -46.7557275 -23.5686938, -46.7556524 -23.5685906, -46.7558562 -23.5684603))",pharmacy,Pague Menos,Q7124466,yes,no,pharmacy,Pague Menos,,,1193,,Avenida do Rio Pequeno,,,,,,,+55 11 3714 2810,https://www.paguemenos.com.br/,,,,,,,Rio Pequeno,,,,,,,,,,,,,,yes,,sac@pmenos.com.br,,,,,,,,,,,,,,,,,,,,,,,,,,,,,,,,,,,,,,,,,,,,,,,,,,,,,,,,,,,,,,,,,
"POLYGON ((-46.4400605 -23.4992627, -46.4399773 -23.4992567, -46.4399645 -23.4993488, -46.4399729 -23.4993501, -46.4400449 -23.4993586, -46.4400605 -23.4992627))",pharmacy,,,,,pharmacy,farma&cia,,São Paulo,745,08021-000,Avenida Nordestina,,,,,,,,,,,,,,,,,,,,,,,,,,,,,,,,,,,,,,,,,,,,,,,,,,,,,,,,,,,,,,,,,,,,,,,,,,,,,,,,,,,,,,,,,,,,,,,,
"POLYGON ((-46.5828565 -23.4781894, -46.582812 -23.4782207, -46.5829028 -23.4783234, -46.5829491 -23.4782875, -46.5828565 -23.4781894))",pharmacy,,,,,pharmacy,Ultrafarma Popular,,São Paulo,1458B,02221-001,Avenida Jardim Japão,,,,,,,,,,,,,,,,,,,,,,,,,,,,,,,,,,,,,,,,,,,,,,,,,,,,,,,,,,,,,,,,,,,,,,,,,,,,,,,,,,,,,,,,,,,,,,,,
"POLYGON ((-46.6514158 -23.5372909, -46.651577 -23.5374765, -46.6516389 -23.5374307, -46.6514743 -23.5372459, -46.6514158 -23.5372909))",pharmacy,Drogaria São Paulo,Q5308184,,,pharmacy,Drogaria São Paulo,,São Paulo,241,,Rua das Palmeiras,,,,,Mo-Su 08:00-23:00,,,,,,,,,,,,,,,,,,,,,,,,,,,,,,,,,,,,,,,,,,,,,,,,,,,,,,,,,,,,,,,,,,,,,,,,,,,,,,,,,,,,,,,,,,,
"POLYGON ((-46.6466964 -23.5433973, -46.6466964 -23.5434581, -46.6466418 -23.5434607, -46.6466415 -23.5434472, -46.6466403 -23.5433983, -46.6466964 -23.5433973))",pharmacy,,,,,pharmacy,Central Farma,,São Paulo,186,01220-010,Rua Rego Freitas,,,,,,,,,,,,,,,,,,,,,,,,,,,,,,,,,,,,,,,,,,,,,,,,,,,,,,,,,,,,,,,,,,,,,,,,,,,,,,,,,,,,,,,,,,,,,,,,
"POLYGON ((-46.5891958 -23.5406849, -46.5891462 -23.5406846, -46.5891383 -23.5407713, -46.5891681 -23.5407774, -46.5891935 -23.5407577, -46.5891958 -23.5406849))",pharmacy,,,,,pharmacy,Drogaria Odan,,,,,,,,,,,,,,,,,,,,,,,,,,,,,,,,,,,,,,,,,,,,,,,,,,,,,,,,,,,,,,,,,,,,,,,,,,,,,,,,,,,,,,,,,,,,,,,,,,,,,
"POLYGON ((-46.6040591 -23.4691662, -46.6036574 -23.4692761, -46.6036325 -23.4692302, -46.6038478 -23.4690107, -46.6040591 -23.4691662))",pharmacy,Drogasil,Q5308185,,,pharmacy,Drogasil,yes,São Paulo,1100,02306-001,Avenida Coronel Sezefredo Fagundes,BR,SP,+55 11 2203-9443;+55 11 2203-6315,http://www.drogasil.com.br/,Mo-Su 07:00-23:00,,,,,atendimento@drogasil.com.br,,,,,,,,,,,,,,,,,,,,,,,,,,,,,,,,,,,,,,,,,,,,,,,,,,,,,,,,,,,,,,,,,,,,,,,,,,,,,,,,,,,,,,
"POLYGON ((-46.7278582 -23.5300434, -46.7276787 -23.5302486, -46.7275527 -23.5301633, -46.7277427 -23.5299573, -46.7278582 -23.5300434))",pharmacy,Drogaria São Paulo,Q5308184,,,pharmacy,Drogaria São Paulo,,São Paulo,321,05302-001,Rua Schilling,,,,,,,,,,,,,,,Vila Leopodina,,,,,,,,,,,,,,yes,,,,,,,,,,,,,,,,,,,,,,,,,,,,,,,,,,,,,,,,,,,,,,,1,,,,,,,,,,,,,,,,,,,,
"POLYGON ((-46.6020949 -23.4575737, -46.6021979 -23.4575366, -46.6022711 -23.4575102, -46.6023379 -23.4575429, -46.6024288 -23.4575945, -46.6024537 -23.457624, -46.6024462 -23.4576719, -46.602435 -23.4577436, -46.6022066 -23.4578353, -46.6020949 -23.4575737))",pharmacy,Drogasil,Q5308185,,,pharmacy,Drogasil,yes,São Paulo,2442,,Avenida Coronel Sezefredo Fagundes,,,,,,,,,,,,,,,,,,,,,,,,,,,,,,,,,,,,,,,,,,,,,,,,,,,,,,,,,,,,,,,,,,,,,,,,,,,,,,,,,,,,,,,,,,,,,,,,
"POLYGON ((-46.6235025 -23.5766224, -46.6234167 -23.5766352, -46.6232743 -23.5766564, -46.6232869 -23.5768022, -46.6234451 -23.5767768, -46.6235309 -23.5767596, -46.6235025 -23.5766224))",pharmacy,Drogaria São Paulo,Q5308184,yes,no,pharmacy,Drogaria São Paulo,,São Paulo,1505,,Avenida Lins de Vasconcelos,,,,,24/7,,,,en:Grupo DPSP,,,,,,,,,,,,,,,,,,,,,,,,,,,,,,,,,,,,,,,,,,,,,,,,,,,,,,,,,,,,,,,,,,,,,,,,,,,,,,,,,,,,,,,
"POLYGON ((-46.607529 -23.4801114, -46.6074313 -23.480175, -46.6074082 -23.4801163, -46.6074996 -23.4800388, -46.607529 -23.4801114))",pharmacy,Pague Menos,Q7124466,,,pharmacy,Pague Menos,,São Paulo,448,,Avenida Tucuruvi,,,,,,,,,,,,,,,,,,,,,,,,,,,,,,,,,,,,,,,,,,,,,,,,,,,,,,,,,,,,,,,,,,,,,,,,,,,,,,,,,,,,,,,,,,,,,,,,
"POLYGON ((-46.4905572 -23.5708877, -46.4905438 -23.5709242, -46.4904554 -23.5708969, -46.4904689 -23.5708624, -46.4905572 -23.5708877))",pharmacy,,,,,pharmacy,Top Farma Savoy,,São Paulo,509,03585-150,Rua Luís Norberto Freire,,,,,,,,,,,,,,,,,,,,,,,,,,,,,,,,,,,,,,,,,,,,,,,,,,,,,,,,,,,,,,,,,,,,,,,,,,,,,,,,,,,,,,,,,,,,,,,,
"POLYGON ((-46.5937203 -23.541138, -46.5938559 -23.5411827, -46.5938454 -23.5412076, -46.5938125 -23.5412179, -46.5937019 -23.5411794, -46.5937203 -23.541138))",pharmacy,,,,,pharmacy,Ultrafarma Popular,,São Paulo,207,03057-040,Largo São José do Belém,,,,,,,,,,,,,,,,,,,,,,,,,,,,,,,,,,,,,,,,,,,,,,,,,,,,,,,,,,,,,,,,,,,,,,,,,,,,,,,,,,,,,,,,,,,,,,,,
"POLYGON ((-46.6059948 -23.5954776, -46.6060146 -23.5953064, -46.6062677 -23.5953274, -46.6062956 -23.5953297, -46.6063138 -23.5953549, -46.6063052 -23.595387, -46.6063032 -23.5953944, -46.606286 -23.5954586, -46.6062715 -23.5955127, -46.6062252 -23.5955068, -46.6060395 -23.5954833, -46.6059948 -23.5954776))",pharmacy,Droga Raia,Q10357101,,,pharmacy,Droga Raia,,São Paulo,2145,04203-050,Rua Bom Pastor,,,,,,,,,,,,,,,,,,,,,,,,,,,,,,,,,,,,,,,,,,,,,,,,,,,,,,,,,,,,,,,,,,,,,,,,,,,,,,,,,,,,,,,,,,,,,,,,
"POLYGON ((-46.688512 -23.554941, -46.6884365 -23.5550489, -46.6883503 -23.5550008, -46.688427 -23.5548911, -46.688512 -23.554941))",pharmacy,Drogasil,Q5308185,,,pharmacy,Drogasil,yes,São Paulo,373,05435-000,Rua Harmonia,,,,,Mo-Su 07:00-23:00,,+55 11 3032-9919,https://www.drogasil.com.br/,pt:Drogasil,,,,Drogasil,,,,,,,,,,,,,,,,,,atendimento@drogasil.com.br,,,,,,,,,,,,,,,,,,,,,,,,,,,,,,,,,,,,,,,,,,,,,,,,,,,,,,,,,,,,,,,,,
"POLYGON ((-46.5776207 -23.559241, -46.5775633 -23.5595045, -46.5776562 -23.5595215, -46.5777135 -23.559258, -46.5776207 -23.559241))",pharmacy,,,,,pharmacy,Rede Farma Leste,,,,,,,,,,,,,,,,,,,,,,,,,,,,,,,,5,,yes,,,,,,,,,,,,,,,,,,,,,,,,,,,,,,,,,,,,,,,,,,,,,,,,,,,,,,,,,,,,,,,,,,,
"POLYGON ((-46.7530376 -23.5188238, -46.7530483 -23.5189148, -46.7526916 -23.5189443, -46.7526822 -23.5188423, -46.7530376 -23.5188238))",pharmacy,,,yes,no,pharmacy,Nissei,,,,,Avenida dos Remédios,,,,,"Mo-Su,PH 07:00-23:00",,,,,,,,,,,,,,,,,,,,,,,,yes,,,,,,,,,,,,,,,,,,,,,,,,,,,,,,,,,,,,,,,,,,,,,,,,,,,,,,,,,,,,,,,,,,,
"POLYGON ((-46.4973495 -23.5296342, -46.497317 -23.5295824, -46.4973546 -23.5295604, -46.4975537 -23.529444, -46.4975792 -23.5294357, -46.4975959 -23.5294385, -46.4976749 -23.5295548, -46.4976309 -23.5295821, -46.4975844 -23.5295119, -46.4975677 -23.5295082, -46.4973495 -23.5296342))",pharmacy,,,,,pharmacy,Ultrafarma Popular,,São Paulo,1940,,Rua Itinguçu,,,,,,,,,,,,,,,,,,,,,,,,,,,,,,,,,,,,,,,,,,,,,,,,,,,,,,,,,,,,,,,,,,,,,,,,,,,,,,,,,,,,,,,,,,,,,,,,
"POLYGON ((-46.5889896 -23.4822723, -46.5889617 -23.4823142, -46.5890569 -23.4823685, -46.5890813 -23.4823397, -46.5890705 -23.4823212, -46.5889896 -23.4822723))",pharmacy,,,yes,yes,pharmacy,Droga Leste,,São Paulo,2114,02201-002,Avenida Júlio Buono,,,,,24/7,,,,,,,,,,,,,,,,,,,,,,,,,,,,,,,,,,,,,,,,,,,,,,,,,,,,,,,,,,,,,,,,,,,1204156271608694,,,,,,,,,,,,,,,,,,,,24/7,,,,
"POLYGON ((-46.7201039 -23.5868635, -46.7200688 -23.586929, -46.7200058 -23.5870465, -46.7197846 -23.586947, -46.7198827 -23.5867639, -46.7201039 -23.5868635))",pharmacy,Drogasil,Q5308185,,,pharmacy,Drogasil,yes,,,,,,,,,,,,,,,,,,,,,,,,,,,,,,,,,,,,,,,,,,,,,,,,,,,,,,,,,,,,,,,,,,,,,,,,,,,,,,,,,,,,,,,,,,,,,,,,,2025-06-17,,,
"POLYGON ((-46.5675293 -23.5177436, -46.5672857 -23.5177517, -46.5672835 -23.5176634, -46.567528 -23.5176557, -46.5675293 -23.5177436))",pharmacy,Drogaria São Paulo,Q5308184,,,pharmacy,Drogaria São Paulo,,São Paulo,,,Praça Novo Mundo,,,,,24/7,,,,,,,,,,,,,,,,,,,,,,,,,,,,,,,,,,,,,,,,,,,,,,,,,,,,,,,,,,,,,,,,,,,,,,,,,,,,,,,,,,,,,,,,,,,
"POLYGON ((-46.7338719 -23.6110755, -46.7337817 -23.611052, -46.7337528 -23.6112272, -46.7337498 -23.6112449, -46.7338498 -23.6112587, -46.7338719 -23.6110755))",pharmacy,,,,,pharmacy,,,,,,,,,,,,,,,,,,,,,,,,,,,,,,,,,,,yes,,,,,,,,,,,,,,,,,,,,,,,,,,,,,,,,,,,,,,,,,,,,,,,,,,,,,,,,,,,,,,,,,,,
"POLYGON ((-46.725728 -23.6063795, -46.7255082 -23.6063987, -46.7255237 -23.6064877, -46.7257413 -23.6064665, -46.725728 -23.6063795))",pharmacy,Drogasil,Q5308185,,,pharmacy,Drogasil,yes,,,,,,,,,,,,,,,,,,,,,,,,,,,,,,,,,yes,,,,,,,,,,,,,,,,,,,,,,,,,,,,,,,,,,,,,,,,,,,,,,,,,,,,,,,,,,,,,,,,,,,
"POLYGON ((-46.7159313 -23.5890171, -46.7158585 -23.5889842, -46.7158149 -23.5890668, -46.7158973 -23.5891035, -46.7159242 -23.5890488, -46.7159176 -23.5890439, -46.7159313 -23.5890171))",pharmacy,,,,,pharmacy,Weleda,,,,,,,,,,,,,,,,,,,,,,,,,,,,,,,,,,yes,,,,,,,,,,,,,,,,,,,,,,,,,,,,,,,,,,,,,,,,,,,,,,,,,,,,,,,,,,,,,,,,,,,
"POLYGON ((-46.7081461 -23.6070651, -46.7082086 -23.6071437, -46.7081809 -23.6071561, -46.7082086 -23.6071946, -46.7081435 -23.6072342, -46.7080564 -23.6071213, -46.7081461 -23.6070651))",pharmacy,Drogaria São Paulo,Q5308184,,,pharmacy,Drogaria São Paulo,,,,,,,,,,,,,,,,,,,,,,,,,,,,,,,,,,yes,,,,,,,,,,,,,,,,,,,,,,,,,,,,,,,,,,,,,,,,,,,,,,,,,,,,,,,,,,,,,,,,,,,
"POLYGON ((-46.7071251 -23.6091052, -46.7069656 -23.6092026, -46.7068835 -23.6090978, -46.7070462 -23.6090048, -46.7071251 -23.6091052))",pharmacy,Droga Raia,Q10357101,yes,,pharmacy,Droga Raia,,,,,,,,,,,,,,,,,,,,,,,,,,,,,,,,,,yes,,,,,,,,,,,,,,,,,,,,,,,,,,,,,,,,,,,,,,,,,,,,,,,,,,,,,,,,,,,,,,,,,,,
"POLYGON ((-46.5675731 -23.5171366, -46.5675067 -23.5171387, -46.5675044 -23.5171061, -46.5675722 -23.5171041, -46.5675731 -23.5171366))",pharmacy,,,,,pharmacy,Farma.com,,São Paulo,,,Praça Novo Mundo,,,,,,,,,,,,,,,,,,,,,,,,,,,,,,,,,,,,,,,,,,,,,,,,,,,,,,,,,,,,,,,,,,,,,,,,,,,,,,,,,,,,,,,,,,,,,,,,
"POLYGON ((-46.5971317 -23.492817, -46.5971718 -23.4928732, -46.5972003 -23.4929131, -46.5972115 -23.4929289, -46.5973057 -23.4928734, -46.5973719 -23.4928344, -46.5975025 -23.4927575, -46.5975183 -23.4927454, -46.597529 -23.4927324, -46.5975329 -23.4927242, -46.597535 -23.492714, -46.5974626 -23.4926163, -46.5974245 -23.49264, -46.5972906 -23.4927209, -46.5971581 -23.4928011, -46.5971317 -23.492817))",pharmacy,Drogasil,Q5308185,,,pharmacy,Drogasil,yes,São Paulo,662,,Avenida Júlio Buono,,,,,,,,,,,,,,,,,,,,,,,,,,,,,,,,,,,,,,,,,,,,,,,,,,,,,,,,,,,,,,,,,,,,,,,,,,,,,,,,,,,,,,,,,,,,,,,,
"POLYGON ((-46.6162892 -23.5749478, -46.6162784 -23.5749315, -46.6162631 -23.5749334, -46.6162547 -23.5749221, -46.6162344 -23.5749167, -46.6159665 -23.5750578, -46.6160123 -23.5751137, -46.6161495 -23.5750315, -46.6162892 -23.5749478))",pharmacy,Droga Raia,Q10357101,yes,,pharmacy,Droga Raia,,São Paulo,452A,,Rua Gaspar Fernandes,,,,,,,,,pt:RaiaDrogasil,,,,,,,,,,,,,,,,,,6,,yes,,,,,,,,,,,,,,,,,,,,,,,,,,,,,,,,,,,,,,,,,,,,,,,,,,,,,,,,,,,,,,,,,,,
"POLYGON ((-46.5689602 -23.5871001, -46.5688762 -23.5871489, -46.568889 -23.5871695, -46.5689145 -23.5872032, -46.5688935 -23.5872161, -46.5689136 -23.5872506, -46.5689344 -23.5872819, -46.5690487 -23.5872276, -46.5689602 -23.5871001))",pharmacy,Drogasil,Q5308185,,,pharmacy,Drogasil,yes,São Paulo,562,03227-070,Rua Mário Augusto do Carmo,,,,,,,,,,,,,,,,,,,,,,,,,,,6,,yes,,,,,,,,,,,,,,,,,,,,,,,,,,,,,,,,,,,,,,,,,#e1e1e1,,,gabled,,,,,,,,,,,,,,,,,,,,,,,
"POLYGON ((-46.6040266 -23.5860702, -46.6039065 -23.5860622, -46.6039498 -23.5855748, -46.6040696 -23.5855838, -46.6041495 -23.5855898, -46.6041651 -23.5855952, -46.6041795 -23.5856066, -46.6041657 -23.5858021, -46.6041587 -23.5858803, -46.6040443 -23.5858697, -46.6040266 -23.5860702))",pharmacy,Drogaria São Paulo,Q5308184,,,pharmacy,Drogaria São Paulo,,São Paulo,450,04210-061,Rua Oliveira Alves,,,,,,,,,,,,,,,,,,,,,,,,,,,,,,,,,,,,,,,,,,,,,,,,,,,,,,,,,,,,,,,,,,,,,,,,,,,,,,,,,,,,,,,,,,,,,,,,
"POLYGON ((-46.6052153 -23.5856728, -46.6052084 -23.5857703, -46.6051412 -23.585765, -46.6051497 -23.5856678, -46.6052153 -23.5856728))",pharmacy,,,,,pharmacy,Atual Pyto,,São Paulo,338,04210-060,Rua Oliveira Alves,,,,,,,,,,,,,,,,,,,,,,,,,,,,,,,,,,,,,,,,,,,,,,,,,,,,,,,,,,,,,,,,,,,,,,,,,,,,,,,,,,,,,,,,,,,,,,,,
"POLYGON ((-46.6060587 -23.5832782, -46.6060759 -23.5830996, -46.6060837 -23.5830123, -46.6059554 -23.5830019, -46.6059024 -23.5829977, -46.6058584 -23.5829941, -46.6058107 -23.5829903, -46.6058056 -23.5830395, -46.6058015 -23.5830788, -46.6057847 -23.5832413, -46.6057792 -23.5832942, -46.6057873 -23.5833037, -46.6058291 -23.5833071, -46.6059465 -23.5833167, -46.6060543 -23.5833254, -46.6060587 -23.5832782))",pharmacy,Drogasil,Q5308185,yes,yes,pharmacy,Drogasil,yes,São Paulo,1534,04205-001,Rua Cipriano Barata,,,,,24/7,,,,,,,,,,,,,,,,,,,,,,,,,,,,,,,,,,,,,,,,,,,,,,,,,,,,,,,,,,,,,,,,,,,,,,,,,,,,,,,,,,,,,,,,,,,
"POLYGON ((-46.6048207 -23.5057137, -46.6048119 -23.5056977, -46.6047619 -23.5056066, -46.6046737 -23.5056455, -46.6046609 -23.5056784, -46.6047094 -23.5057649, -46.6048207 -23.5057137))",pharmacy,Droga Raia,Q10357101,,,pharmacy,Droga Raia,,São Paulo,1239,02065-010,Avenida Joaquina Ramalho,,,,,24/7,,,,,,,,,,,,,,,,,,,,,,5,,yes,,,,,,,,,,,,,,,,,,,,,,,,,,,,,,,,,,,,,,,,,,,,,,,,,,,,,,,,,,,,,,,,,,,
"POLYGON ((-46.7109656 -23.5797053, -46.7109262 -23.5796655, -46.7110115 -23.5795433, -46.7110853 -23.5796172, -46.7109656 -23.5797053))",pharmacy,Drogaria São Paulo,Q5308184,,,pharmacy,Drogaria São Paulo,,,,,,,,,,,,,,,,,,,,,,,,,,,,,,,,,,yes,,,,,,,,,,,,,,,,,,,,,,,,,,,,,,,,,,,,,,,,,,,,,,,,,,,,,,,,,,,,,,,,,,,
"POLYGON ((-46.7124698 -23.5815357, -46.7122842 -23.5814724, -46.7122103 -23.5814473, -46.7121968 -23.5814856, -46.7121833 -23.5815275, -46.7121774 -23.5815631, -46.7121781 -23.5815823, -46.7121796 -23.581594, -46.7121901 -23.5816145, -46.7122851 -23.5817064, -46.7123082 -23.5816851, -46.7123409 -23.5816548, -46.7124698 -23.5815357))",pharmacy,Drogasil,Q5308185,,,pharmacy,Drogasil,yes,,1310,,Avenida Professor Francisco Morato,,,,,,,,,,,,,,,,,,,,,,,,,,,,,,,,,,,,,,,,,,,,,,,,,,,,,,,,,,,,,,,,,,retail,,,,,,,,,,,,,,,,,,,,,,,,,,,,,,
"POLYGON ((-46.7502511 -23.5682972, -46.7501194 -23.5682357, -46.7500484 -23.5683635, -46.7501823 -23.5684299, -46.7502511 -23.5682972))",pharmacy,,,,,pharmacy,Farmácia Ananda,,São Paulo,1314,,Avenida Otacílio Tomanik,,,,,Mo-Fr 08:00-20:00; Sa 08:00-14:00,,+55 11 3769-1000;+55 11 3768-8097;+55 11 99136-2778,https://www.farmaciaananda.com.br,,,,Pharmácia Homeopática Ananda LTDA,,,,,,,,,,,,,,,,,,Unidade Matriz,contato@farmaciaananda.com.br,,,,,,,,,,,,,,,,,,,,,,,,,,,,,,,,,,,,,,,,,,,BR61240172000127,,,,,,,,,,1989,,https://www.facebook.com/farmaciaananda,,,,,https://www.instagram.com/anandafarma,,,Vila Polopoli,,
"POLYGON ((-46.7495086 -23.5779833, -46.7494603 -23.5779105, -46.749504 -23.5778884, -46.7495506 -23.5779597, -46.7495086 -23.5779833))",pharmacy,,,,,pharmacy,Famarcia Popular,,São Paulo,,05364-000,Avenida José Joaquim Seabra,,,,,,,,,,,,,,,,,,,,,,,,,,,,,,,,,,,,,,,,,,,,,,,,,,,,,,,,,,,,,,,,,,,,,,,,,,,,,,,,,,,,,,,,,,,,,,,,
"POLYGON ((-46.5855783 -23.4663779, -46.5855203 -23.4663379, -46.5855103 -23.4663515, -46.5854615 -23.4664167, -46.5854531 -23.4664279, -46.5854049 -23.4664921, -46.5854564 -23.4665362, -46.5855036 -23.4665765, -46.5855179 -23.466579, -46.5855612 -23.4665216, -46.5855996 -23.4664708, -46.5856405 -23.4664166, -46.5855783 -23.4663779))",pharmacy,,,yes,yes,pharmacy,Far Menos,,São Paulo,14,02273-110,Rua Capitão Nascimento,,,,,,,,,,,,,,,,,,,,,,,,,,,,,,,,,,,,,,,,,,,,,,,,,,,,,,,,,,,,,,,,,,,,,,,,,,,,,,,,,,,,,,,,,,,,Mo-Su 08:00-22:00,,,,
"POLYGON ((-46.6829514 -23.6136818, -46.6827464 -23.6134634, -46.6828663 -23.6133683, -46.6828912 -23.6133708, -46.6829112 -23.6133768, -46.6829907 -23.6134605, -46.6830934 -23.6135686, -46.6829514 -23.6136818))",pharmacy,Drogasil,Q5308185,,,pharmacy,Drogasil,yes,São Paulo,,,Avenida Padre Antônio José dos Santos,,,,,24/7,,,,,,,,,,,,,,,,,,,,,,,,,,,,,,,,,,,,,,,,,,,,,,,,,,,,,,,,,,,,,,,,,,,,,,,,,,,,,,,,,,,,,,,,,,,
"POLYGON ((-46.5841371 -23.4681561, -46.5840819 -23.4681672, -46.5840599 -23.4680826, -46.5841179 -23.4680734, -46.5841371 -23.4681561))",pharmacy,,,,,pharmacy,Poupa Farma,,São Paulo,2498,02265-002,Avenida Guapira,,,,,,,,,,,,,,,,,,,,,,,,,,,,,,,,,,,,,,,,,,,,,,,,,,,,,,,,,,,,,,,,,,,,,,,,,,,,,,,,,,,,,,,,,,,,,,,,
"POLYGON ((-46.6290712 -23.5998061, -46.6292623 -23.5998095, -46.6292941 -23.5998093, -46.6293091 -23.5998134, -46.6293165 -23.5998275, -46.6293297 -23.5999097, -46.6292682 -23.5999112, -46.6291473 -23.599914, -46.6290889 -23.5999183, -46.6290712 -23.5998061))",pharmacy,Drogasil,Q5308185,,no,pharmacy,Drogasil,yes,São Paulo,373,04040-030,Rua Loefgreen,BR,SP,+55 11 5083-6502;+55 11 5083-6549,http://www.drogasil.com.br/,Mo-Su 07:00-23:00,,+55 11 5083-6502,,pt:Drogasil,atendimento@drogasil.com.br,,,,,Vila Clementino,,,,,,,,,,,,,,,,,,,,,,,,,,,,,,,,,,,,,,,,,,,,,,,,,,,,,,,,,,,,,,,,,,,,,,,,,,,,,,,,,
"POLYGON ((-46.418455 -23.5219207, -46.4183716 -23.52215, -46.4183226 -23.5221371, -46.4183171 -23.5218907, -46.418455 -23.5219207))",pharmacy,,,,,pharmacy,Drogaleste,,São Paulo,4923 L1,,Avenida Nordestina,,,,,24/7,,,,,,,,,,,,,,,,,,,,,,8,,yes,,,,,,,,,,,,,,,,,,,,,,,,,,,,,,,,,,,,,,,,,,,,,,,,,,,,,,,,,,,,,,,,,,,
"POLYGON ((-46.6049289 -23.5549696, -46.6047325 -23.5549887, -46.6046824 -23.5545396, -46.6048847 -23.5545158, -46.6049052 -23.5546812, -46.6048971 -23.5546812, -46.6049289 -23.5549696))",pharmacy,Pague Menos,Q7124466,yes,yes,pharmacy,Pague Menos,,São Paulo,2095,,Rua da Mooca,,,,,Mo-Sa 08:00-22:00,,,,,,,,,,,,,,,,,,,,,,,,,,,,,,,,,,,,,,,,,,,,,,,,,,,,,,,,,,,,,,,,,,,,,,,,,,,,,,,,,,,,,,,,,,,
"POLYGON ((-46.7266264 -23.5872352, -46.7265238 -23.5873837, -46.7263766 -23.5872952, -46.7264866 -23.5871548, -46.7266264 -23.5872352))",pharmacy,Drogaria São Paulo,Q5308184,yes,no,pharmacy,Drogaria São Paulo,,,2878,5512-300,Avenida Professor Francisco Morato,,,,,Mo-Su 07:00-23:00; PH off,,+55 11 2924 8527,https://www.drogariasaopaulo.com.br/,,,+55 11 95692 6543,,,,,,,,,,,,,,,,,,yes,,,,,,,,,,,,,,,,,,,,,,,,,,,,,,,,,,,,,,Drogaria sao paulo vila sonia ii,,,,,,,,,,,,,,,,,,,,,,,,,,,,,
"POLYGON ((-46.7050217 -23.6317136, -46.7048925 -23.6317879, -46.7048797 -23.6318127, -46.7050781 -23.6321066, -46.7051275 -23.632078, -46.7052313 -23.6320178, -46.7052116 -23.631989, -46.7052097 -23.6319863, -46.7050432 -23.6317448, -46.7050217 -23.6317136))",pharmacy,Pague Menos,Q7124466,yes,yes,pharmacy,Pague Menos,,São Paulo,1447,,Rua Alexandre Dumas,,,,,24/7,2024-05-27,,,pt:Pague Menos,,,,,,,,,,,,,,,,,,,,,,,,,,,,,,,,,,,,,,,,,,,,,,,,,,,,,,,,,,,,,,,,,,,,,,,,,,,,,,,,,,,,,,,
"POLYGON ((-46.691749 -23.7394464, -46.6917236 -23.7395504, -46.6916572 -23.7395373, -46.6916818 -23.7394328, -46.691749 -23.7394464))",pharmacy,Droga Raia,Q10357101,,,pharmacy,Droga Raia,,São Paulo,1040,,Avenida Dona Belmira Marin,,,,,,,,,,,,,,,,,,,,,,,,,,,,,,,,,,,,,,,,,,,,,,,,,,,,,,,,,,,,,,,,,,,,,,,,,,,,,,,,,,,,,,,,,,,,,,,,
"POLYGON ((-46.7006317 -23.5243113, -46.7006877 -23.5243079, -46.7006872 -23.5242642, -46.700629 -23.5242653, -46.7006317 -23.5243113))",pharmacy,,,,,pharmacy,SUS,,São Paulo,380,,Rua Catão,,,,,,,,,,,,,,,,,,,,,,,,,,,,,,,,,,,,,,,,,,,,,,,,,,,,,,,,,,,,,,,,,,,,,,,,,,,,,,,,,,,,,,,,,,,,,,,,
"POLYGON ((-46.5720389 -23.4760368, -46.5720849 -23.476059, -46.5720553 -23.4761109, -46.5720103 -23.47609, -46.5720389 -23.4760368))",pharmacy,Drogasil,Q5308185,yes,,pharmacy,Drogasil,yes,São Paulo,1127,02228-001,Rua Francisco Alves Bezerra,,,,,,,,,pt:Drogasil,,,,,,,,,,,,,,,,,,,,,,,,,,,,,,,,,,,,,,,,,,,,,,,,,,,,,,,,,,,,,,,,,,,,,,,,,,,,,,,,,,,,,,,
"POLYGON ((-46.6861145 -23.5552059, -46.685882 -23.5552406, -46.6858849 -23.5551117, -46.6860986 -23.5551117, -46.6861145 -23.5552059))",pharmacy,Drogaria São Paulo,Q5308184,yes,,pharmacy,Drogaria São Paulo,,São Paulo,301,,Rua Medeiros de Albuquerque,,,,,,,,,,,,,,,,,,,,,,,,,,,,,,,,,,,,,,,,,,,,,,,,,,,,,,,,,,,,,,,,,,,,,,,,,,,,,,,,,,,,,,,,,,,,,,,,
"POLYGON ((-46.486663 -23.5324158, -46.486783 -23.5324904, -46.4869076 -23.5323134, -46.4868079 -23.5322404, -46.486663 -23.5324158))",pharmacy,,,yes,no,pharmacy,DrogaLeste,,,,,Avenida Calim Eid,,,,,,,,,,,,,,,,,,,,,,,,,,,,,,,,,,,,,,,,,,,,,,,,,,,,,,,,,,,,,,,,,,,,,,,,,,,,,,,,,,,,,,,,,,,,,,,,
"POLYGON ((-46.7018351 -23.5404191, -46.701671 -23.5404215, -46.7017061 -23.5406509, -46.7017644 -23.5406449, -46.7017714 -23.5406429, -46.7017783 -23.5406405, -46.7017851 -23.5406379, -46.7017917 -23.5406351, -46.7017982 -23.540632, -46.7018046 -23.5406286, -46.7018092 -23.5406259, -46.7018151 -23.5406215, -46.70182 -23.5406168, -46.7018244 -23.5406115, -46.701828 -23.5406057, -46.7018309 -23.5405996, -46.7018329 -23.5405932, -46.7018341 -23.5405867, -46.7018344 -23.5405803, -46.7018303 -23.5405738, -46.7018351 -23.5404191))",pharmacy,Drogaria São Paulo,Q5308184,não,,pharmacy,Drogaria São Paulo,,São Paulo,472,,Rua Cerro Corá,,,,,,,,,,,,,,,,,,,,,,,,,,,,,,,,,,,,,,,,,,,,,,,,,,,,,,,,,,,,,,,,,,,,,,,,,,,,,,,,,,,,,,,,,,,,,,,,
"POLYGON ((-46.5820159 -23.4797152, -46.5819438 -23.479858, -46.5818935 -23.4798365, -46.5819374 -23.4797558, -46.5819539 -23.4797255, -46.5819704 -23.4796953, -46.5820159 -23.4797152))",pharmacy,,,,,pharmacy,Promofarma,,São Paulo,1255,02221-001,Avenida Jardim Japão,,,,,,,,,,,,,,,,,,,,,,,,,,,,,,,,,,,,,,,,,,,,,,,,,,,,,,,,,,,,,,,,,,,,,,,,2349364648833171,,,,,,,,,,,,,,,,,,,,,,,,
"POLYGON ((-46.7264425 -23.6171606, -46.7264184 -23.6170875, -46.7265166 -23.6170236, -46.7265242 -23.6170839, -46.7265306 -23.6171359, -46.7264576 -23.6171555, -46.7264425 -23.6171606))",pharmacy,,,,,pharmacy,Ultrafarma,,,,,,,,,,,,,,,,,,,,,,,,,,,,,,,,,,yes,,,,,,,,,,,,,,,,,,,,,,,,,,,,,,,,,,,,,,,,,,,,,,,,,,,,,,,,,,,,,,,,,,,
"POLYGON ((-46.7246924 -23.6167757, -46.7246836 -23.6166896, -46.7246131 -23.6166985, -46.7246198 -23.6168005, -46.7246943 -23.6167933, -46.7246924 -23.6167757))",pharmacy,,,,,pharmacy,,,,,,,,,,,,,,,,,,,,,,,,,,,,,,,,,,,yes,,,,,,,,,,,,,,,,,,,,,,,,,,,,,,,,,,,,,,,,,,,,,,,,,,,,,,,,,,,,,,,,,,,
"POLYGON ((-46.5837123 -23.4886183, -46.583698 -23.4886315, -46.5836828 -23.4886187, -46.5836979 -23.4886047, -46.5837123 -23.4886183))",pharmacy,,,,,pharmacy,Loreto Drogaria,,São Paulo,798,02219-000,Avenida Nossa Senhora do Loreto,,,,,Mo-Sa 09:00-19:00,,,,,,,,,,,,,,,,,,,,,,,,,,,,,,,,,,,,,,,,,,,,,,,,,,,,,,,,,,,,,,,,,,,1166061512341141,,,,,,,,,,,,,,,,,,,,,,,,
"POLYGON ((-46.5627559 -23.5331117, -46.5629185 -23.5330316, -46.5628849 -23.5329743, -46.5628365 -23.5329632, -46.5627064 -23.5330273, -46.5627559 -23.5331117))",pharmacy,Droga Raia,Q10357101,,,pharmacy,Droga Raia,,São Paulo,5138,,Avenida Celso Garcia,,,,,,,,,,,,,,,,,,,,,,,,,,,,,yes,,,,,,,,,,,,,,,,,,,,,,,,,,,,,,,,,,,,,,,,,,,,,,,,,,,,,,,,,,,,,,,,,,,
"POLYGON ((-46.7148902 -23.56884, -46.7148846 -23.5688417, -46.7149121 -23.5689182, -46.7150116 -23.5688869, -46.714983 -23.5688113, -46.7148902 -23.56884))",pharmacy,Drogaria São Paulo,Q5308184,,,pharmacy,Drogaria São Paulo,,São Paulo,1250,05503-000,Avenida Vital Brasil,BR,SP,+55 11 3726-7059;+55 11 3726-2817,http://www.drogariasaopaulo.com.br,Mo-Su 07:00-23:00,,,,en:Grupo DPSP,,,,Drogaria São Paulo,,Butanta,,,,,,,,,,,,,,,,,,,,,,,,,,,,,,,,,,,,,,,,,,,,,,,,,,,,,,,,,,,,,,,,,,,,,,,,,,,,,,,,Butantã,
"POLYGON ((-46.5863007 -23.5137205, -46.5862393 -23.5136456, -46.5862181 -23.5136598, -46.5862778 -23.5137363, -46.5863007 -23.5137205))",pharmacy,,,,,pharmacy,drogaria são paulo,,São Paulo,1861,02113-017,Avenida Guilherme Cotching,,,,,,,,,,,,,,,,,,,,,,,,,,,,,,,,,,,,,,,,,,,,,,,,,,,,,,,,,,,,,,,,,,,,,,,,1028869016002973,,,,,,,,,,,,,,,,,,,,,,,,
"POLYGON ((-46.5644356 -23.5429764, -46.5644193 -23.5430497, -46.564476 -23.5430609, -46.564494 -23.542988, -46.5644356 -23.5429764))",pharmacy,Droga Raia,Q10357101,,,pharmacy,Droga Raia,,,,,,,,,,24/7,,,,,,,,,,,,,,,,,,,,,,,,,,,,,,,,,,,,,,,,,,,,,,,,,,,,,,,,,,,,,,,,,,,,,,,,,,,,,,,,,,,,,,,,,,,
"POLYGON ((-46.6527882 -23.4876161, -46.6526467 -23.4875613, -46.6526991 -23.4874852, -46.6528254 -23.4875273, -46.6527882 -23.4876161))",pharmacy,,,,,pharmacy,Drogaria Clarim Farma,,São Paulo,2253,,Avenida Imirim,,,,,,,,,,,,,,,,,,,,,,,,,,,,,,,,,,,,,,,,,,,,,,,,,,,,,,,,,,,,,,,,,,,,,,,,1464253668812383,,,,,,,,,,,,,,,,,,,,,,,,
