geometry,addr:housenumber,addr:postcode,addr:street,amenity,healthcare,name,phone,ref:CNES,ref:vatin,website,wheelchair,wikidata,wikipedia,name:pt,addr:city,addr:state,addr:suburb,contact:facebook,contact:flickr,contact:instagram,contact:twitter,contact:youtube,email,emergency,fax,military_service,opening_hours,operator,operator:wikidata,short_name,start_date,landuse,military,operator:short,police,contact:phone,contact:website,toilets:wheelchair,official_name,shelter,bench,healthcare:speciality,wikimedia_commons,departures_board,description,gtfs_id,route_ref,barrier,check_date,operator:type,mobile,addr:country,alt_name,name:en,name:etymology:wikidata,url,building,source,loc_name,contact:email,contact:fax,operator:ref:vatin,operator:wikipedia,internet_access,contact:linkedin,old_name,height,toilets,area,internet_access:fee,note,payment:cash,payment:credit_cards,payment:debit_cards,internet_access:ssid,building:levels,brand:wikidata,contact:google_plus,wall,ele,fixme,level,payment:account_cards,payment:american_express,payment:cheque,payment:contactless,payment:cryptocurrencies,payment:diners_club,payment:discover_card,payment:dkv,payment:electronic_purses,payment:girocard,payment:maestro,payment:mastercard,payment:pikepass,payment:uta,payment:visa,payment:visa_debit,payment:visa_electron,tourism,addr:district,disused:amenity,disused:studio,old_website,fence_type,type,addr:housename,roof:colour,roof:shape,contact:spotify,addr:subdistrict
POINT (-46.6435335 -23.5977766),715,04024-002,Rua Napoleão de Barros,hospital,hospital,Hospital São Paulo,+55 11 576-4000,2077485,BR61699567000192,http://www.hospitalsaopaulo.org.br,yes,Q10298486,pt:Hospital São Paulo,,,,,,,,,,,,,,,,,,,,,,,,,,,,,,,,,,,,,,,,,,,,,,,,,,,,,,,,,,,,,,,,,,,,,,,,,,,,,,,,,,,,,,,,,,,,,,,,,,
POINT (-46.643394 -23.6000575),1991,04040-032,Rua Loefgren,hospital,hospital,Hospital Amparo Maternal,+55 11 5089-8277,2077388,BR61699567012018,https://www.amparomaternal.org/,,,,Hospital Amparo Maternal,,,,,,,,,,,,,,,,,,,,,,,,,,,,,,,,,,,,,,,,,,,,,,,,,,,,,,,,,,,,,,,,,,,,,,,,,,,,,,,,,,,,,,,,,,,,,,,,,
POINT (-46.6493847 -23.5657296),139,01333-001,Rua São Carlos do Pinhal,hospital,hospital,Pró Matre Paulista,+55 11 3269-2233,3037274,BR60678604000202,https://www.promatre.com.br/,,,,,São Paulo,,,,,,,,,,,,,,,,,,,,,,,,,,,,,,,,,,,,,,,,,,,,,,,,,,,,,,,,,,,,,,,,,,,,,,,,,,,,,,,,,,,,,,,,,,,,,,,,
POINT (-46.6134492 -23.5696701),230,01551-010,Rua Ouvidor Portugal,hospital,hospital,Hospital Militar de Área de São Paulo,+55 11 2915-1198;+55 11 2915-1122,,,https://www.hmasp.eb.mil.br/,,,,,São Paulo,SP,Vila Monumento,https://www.facebook.com/exercito,https://www.flickr.com/photos/exercitobrasileiro/collections/,https://www.instagram.com/exercito_oficial/,https://twitter.com/exercitooficial,https://www.youtube.com/user/CCSE1982,ofcomsoc@hmasp.eb.mil.br,yes,+55 11 2915-1335,army,Mo-Fr 07:00-19:00,Exército Brasileiro,Q2292358,HMASP,1920-05-03,,,,,,,,,,,,,,,,,,,,,,,,,,,,,,,,,,,,,,,,,,,,,,,,,,,,,,,,,,,,,,,,,,,,,,,,,,,,,,,,
POINT (-46.6042885 -23.5541379),182,03112-100,Rua Javari,hospital,hospital,Hospital Alemão Oswald Cruz,+55 11 2081-6400,7213425,BR60726502000398,http://www.hospitalalemao.org.br/sustentabilidade_social/Paginas/UnidadeAmbulatorialSustentabilidadeSocial.aspx,,,,,São Paulo,,,,,,,,,,,,,,,,,,,,,,,,,,,,,,,,,,,,,,,,,,,,,,,,,,,,,,,,,,,,,,,,,,,,,,,,,,,,,,,,,,,,,,,,,,,,,,,,
POINT (-46.6855976 -23.6750741),,,,hospital,hospital,Hospital Vida's,,,,,,,,,,,,,,,,,,yes,,,,,,,,,,,,,,,,,,,,,,,,,,,,,,,,,,,,,,,,,,,,,,,,,,,,,,,,,,,,,,,,,,,,,,,,,,,,,,,,,,,,,,,
POINT (-46.4400842 -23.4971785),,,,hospital,,Hospital Tide Setubal,,,,,,,,,,,,,,,,,,yes,,,,,,,,,,,,,,,,,,,,,,,,,,,,,,,,,,,,,,,,,,,,,,,,,,,,,,,,,,,,,,,,,,,,,,,,,,,,,,,,,,,,,,,
POINT (-46.6169248 -23.4689551),3659,02341-001,Avenida Nova Cantareira,hospital,hospital,Hospital Policia Militar,,3464555,BR04198514002602,,,,,,São Paulo,,,,,,,,,,,,,Polícia Militar do Estado de São Paulo,Q10351025,,,military,police,PMESP,hospital,,,,,,,,,,,,,,,,,,,,,,,,,,,,,,,,,,,,,,,,,,,,,,,,,,,,,,,,,,,,,,,,,,,,,,,,,,,,
POINT (-46.4774386 -23.498781),,,Avenida Paranaguá,hospital,,,,,,,,,,,,,,,,,,,,,,,,,,,,,,,,,,,,,,,,,,,,,,,,,,,,,,,,,,,,,,,,,,,,,,,,,,,,,,,,,,,,,,,,,,,,,,,,,,,,,,,,,,,
POINT (-46.6322476 -23.5293459),709,,Avenida Tiradentes,hospital,hospital,Examen,,,,,,,,Examen,São Paulo,,,,,,,,,,,,,,,,,,,,,,,,,,,,,,,,,,,,,,,,,,,,,,,,,,,,,,,,,,,,,,,,,,,,,,,,,,,,,,,,,,,,,,,,,,,,,,,,
POINT (-46.6430721 -23.5452113),47,01046-001,Avenida São Luís,hospital,,Medicina Diagnóstica Lavoisier,,,,,,,,,São Paulo,,,,,,,,,,,,,,,,,,,,,+55 11 3047-4488,http://www.lavoisier.com.br/,,,,,,,,,,,,,,,,,,,,,,,,,,,,,,,,,,,,,,,,,,,,,,,,,,,,,,,,,,,,,,,,,,,,,,,,,,
POINT (-46.6509728 -23.5676418),764,01418-002,Alameda Santos,hospital,hospital,Hospital Total Cor,,,,,yes,,,,São Paulo,,,,,,,,,,,,,,,,,,,,,,,yes,,,,,,,,,,,,,,,,,,,,,,,,,,,,,,,,,,,,,,,,,,,,,,,,,,,,,,,,,,,,,,,,,,,,,,,,,
POINT (-46.6319648 -23.559316),,,,hospital,hospital,Santa Margiore,,,,,,,,,,,,,,,,,,,,,,,,,,,,,,,,,,,,,,,,,,,,,,,,,,,,,,,,,,,,,,,,,,,,,,,,,,,,,,,,,,,,,,,,,,,,,,,,,,,,,,,,,
POINT (-46.6613822 -23.5063007),719,02517-001,Rua Relíquia,hospital,hospital,Hospital Casa Verde,,,,,,,,,São Paulo,,,,,,,,,,,,,,,,,,,,,,,,,,,,,,,,,,,,,,,,,,,,,,,,,,,,,,,,,,,,,,,,,,,,,,,,,,,,,,,,,,,,,,,,,,,,,,,,
POINT (-46.6430501 -23.5757158),172,04006-000,Rua Tomás Carvalhal,hospital,hospital,Hcor,,7411863,BR60453024000551,,,,,,São Paulo,,,,,,,,,,,,,,,,,,,,,,,,,,,cardiology,,,,,,,,,,,,,,,,,,,,,,,,,,,,,,,,,,,,,,,,,,,,,,,,,,,,,,,,,,,,,,,,,,,,,
POINT (-46.6675398 -23.5578133),,,,hospital,hospital,Incor,,,,,,Q6041715,pt:Instituto do Coração do Hospital das Clínicas da FMUSP,,,,,,,,,,,,,,,,,,,,,,,,,,,,,,Category:Instituto do Coração do Hospital das Clínicas da FMUSP,,,,,,,,,,,,,,,,,,,,,,,,,,,,,,,,,,,,,,,,,,,,,,,,,,,,,,,,,,,,,,,,,,,,
POINT (-46.7814105 -23.6654743),,,,hospital,hospital,"Rua da Costa Nova do Prado, 447",,,,,no,,,,,,,,,,,,,,,,,,,,,,,,,,,,,no,no,,,no,Ref.: Rua Eurico Branco Ribeiro/ Rua Fermela,190013125,647A-10;6815-10;745M-10,,,,,,,,,,,,,,,,,,,,,,,,,,,,,,,,,,,,,,,,,,,,,,,,,,,,,,,,,,,,,,,,
POINT (-46.6189908 -23.509275),,,Rua Antônio dos Santos Neto,hospital,,Centro Hospitalar do Sistema Penitenciário CHSP/CASH,,,,,,,,,,,,,,,,,,,,,,,,,,,,,,,,,,,,,,,,,,,,,,,,,,,,,,,,,,,,,,,,,,,,,,,,,,,,,,,,,,,,,,,,,,,,,,,,,,,,,,,,,
POINT (-46.5991979 -23.5324133),,,,hospital,hospital,AME Maria Zélia,,,,,,,,,,,,,,,,,,,,,,,,,,,,,,,,,,,,,,,,,,,,,,,,,,,,,,,,,,,,,,,,,,,,,,,,,,,,,,,,,,,,,,,,,,,,,,,,,,,,,,,,,
POINT (-46.6351493 -23.5654424),,,,hospital,hospital,Hospital A C Camargo Câncer Center,,,,,,,,,,,,,,,,,,,,,,,,,,,,,,,,,,,,,,,,,,,,,,,,,,,,,,,,,,,,,,,,,,,,,,,,,,,,,,,,,,,,,,,,,,,,,,,,,,,,,,,,,
POINT (-46.5944778 -23.565437),,,,hospital,hospital,Hospital San Genaro,,,,,,,,,,,,,,,,,,,,,,,,,,,,,,,,,,,,general,,,,,,,2023-06-01,private,,,,,,,,,,,,,,,,,,,,,,,,,,,,,,,,,,,,,,,,,,,,,,,,,,,,,,,,,,,,,
POINT (-46.6866139 -23.5984034),,,,hospital,hospital,Blanc,,,,,,,,,,,,,,,,,,,,,,,,,,,,,,,,,,,,,,,,,,,,,,,,,,,,,,,,,,,,,,,,,,,,,,,,,,,,,,,,,,,,,,,,,,,,,,,,,,,,,,,,,
POINT (-46.671408 -23.5686311),,,,hospital,hospital,Beneficência Portuguesa,,,,,,,,,,,,,,,,,,,,,,,,,,,,,,,,,,,,,,,,,,,,,,,,,,,,,,,,,,,,,,,,,,,,,,,,,,,,,,,,,,,,,,,,,,,,,,,,,,,,,,,,,
POINT (-46.7523764 -23.5082792),616,05114-000,Avenida Cândido Portinari,hospital,hospital,Hospital Saint Patrick Jaguara,5069-0002,,,https://saintpatrick.com.br/unidade-hospitalar/jaguara/,,,,,São Paulo,,Vila Jaguara,,,,,,,,,,,Associação Hospitalar Saint Patrick,,,,,,,,,,,,,,,,,,,,,,,,,,,,,,,,,,,,,,,,,,,,,,,,,,,,,,,,,,,,,,,,,,,,,,,,,,,,,,,,,,,
POINT (-46.4613548 -23.5542809),177,08270-070,"R. Santa Marcelina,",hospital,hospital,HOSPITAL SANTA MARCELINA- ITAQUERA,,,,https://santamarcelina.org/,yes,,,,São Paulo - SP,,Vila Carmosina,,,,,,,yes,,,Atendimento 24 horas,,,,,,,,,,,,,,,general;gynaecology;paediatrics;dermatology;psychiatry;otolaryngology;radiology;urology;ophthalmology;cardiology;plastic_surgery;surgery;anaesthetics;angiology;haematology;hepatology;nephrology;gastroenterology;neurosurgery;neonatology;endocrinology,,,,,,,,,,,,,,,,,,,,,,,,,,,,,,,,,,,,,,,,,,,,,,,,,,,,,,,,,,,,,,,,,,,,,
POINT (-46.6264213 -23.5228681),281,,Rua Porto Seguro,hospital,hospital,CAPS AD III ARMÊNIA,,,,,,,,,São Paulo,,armênia,,,,,,,,,,,Sistema Único de Saúde,Q7531056,,,,,SUS,,,,,,,,saúde_mental_alcool_e_drogas,,,,,,,,public,,,,,,,,,,,,,,,,,,,,,,,,,,,,,,,,,,,,,,,,,,,,,,,,,,,,,,,,,,,,,
POINT (-46.6821988 -23.5793692),163,01454-000,Avenida Cidade Jardim,hospital,hospital,Ícone da Visão São Paulo,,,,,,,,,São Paulo,,Jardim Paulista,https://www.iconedavisao.com.br/,,,,,,no,,,,Hospital de Olhos Ícone da Visão.,,,,,,,,,,,,,,ophthalmology,,,,,,,,private,(11) 918755117,,,,,,,,,,,,,,,,,,,,,,,,,,,,,,,,,,,,,,,,,,,,,,,,,,,,,,,,,,,,
POINT (-46.6780331 -23.5649269),,,,hospital,hospital,Amato,,,,,,,,,,,,,,,,,,,,,,,,,,,,,,,,,,,,,,,,,,,,,,,,,,,,,,,,,,,,,,,,,,,,,,,,,,,,,,,,,,,,,,,,,,,,,,,,,,,,,,,,,
POINT (-46.668149 -23.5733788),,,,hospital,hospital,Sírio Libanês,,,,,,,,,,,,,,,,,,,,,,,,,,,,,,,,,,,,,,,,,,,,,,,,,,,,,,,,,,,,,,,,,,,,,,,,,,,,,,,,,,,,,,,,,,,,,,,,,,,,,,,,,
POINT (-46.6696072 -23.5719756),,,,hospital,hospital,Albert Einstein,,,,,,,,,,,,,,,,,,,,,,,,,,,,,,,,,,,,,,,,,,,,,,,,,,,,,,,,,,,,,,,,,,,,,,,,,,,,,,,,,,,,,,,,,,,,,,,,,,,,,,,,,
POINT (-46.4933193 -23.611467),1151,,Rua João Lopes de Lima,hospital,hospital,Ama Sapopemba.,,,,,,,,,São Paulo,,Jd. Sapopemba,,,,,,,,,,24/7,,,,,,,,,,,,,,,,,,,,,,,,,,,,,,,,,,,,,,,,,,,,,,,,,,,,,,,,,,,,,,,,,,,,,,,,,,,,,,,,,,,,
POINT (-46.4928022 -23.6114669),1151,,Rua João Lopes de Lima,hospital,hospital,UBS Jardim Sapopemba.,,,,,,,,,São Paulo,,Jd. Sapopemba,,,,,,,,,,Mo-Fr 08:00-18:00,,,,,,,,,,,,,,,,,,,,,,,,,,,,,,,,,,,,,,,,,,,,,,,,,,,,,,,,,,,,,,,,,,,,,,,,,,,,,,,,,,,,
POINT (-46.532729 -23.6044407),400,03249-030,R. São José das Espinharas,hospital,hospital,UBS Vila Reunidas I,,,,,yes,,,,São Paulo,,Vila Ivg,,,,,,,,,,Mo-Fr 07:00-19:00,,,,,,,,,,,,,,,,,,,,,,,,,,,,,,,,,,,,,,,,,,,,,,,,,,,,,,,,,,,,,,,,,,,,,,,,,,,,,,,,,,,,
POINT (-46.5326722 -23.6042357),400,03249-030,R. São José das Espinharas,hospital,hospital,Casa do Parto - Sapopemba,,,,,,,,,São Pauo,,Vila Ivg,,,,,,,,,,,,,,,,,,,,,,,,,parto,,,,,,,,,,,,,,,,,,,,,,,,,,,,,,,,,,,,,,,,,,,,,,,,,,,,,,,,,,,,,,,,,,,,,
"POLYGON ((-46.6331995 -23.4858187, -46.6332193 -23.4855918, -46.6332399 -23.4853549, -46.6332206 -23.4850945, -46.633212 -23.4850373, -46.6331869 -23.4849194, -46.633165 -23.4848163, -46.6330217 -23.484406, -46.6329851 -23.4843084, -46.6328437 -23.4839313, -46.6327636 -23.4836863, -46.6327113 -23.4834703, -46.6326235 -23.483404, -46.6324849 -23.4833411, -46.6320661 -23.4831623, -46.6318528 -23.4830889, -46.6318405 -23.4831015, -46.6318172 -23.4831221, -46.6316355 -23.4833421, -46.6314439 -23.483533, -46.6313727 -23.4835967, -46.6312752 -23.4836928, -46.6312089 -23.4837568, -46.6311797 -23.4837861, -46.6310726 -23.4838847, -46.6308354 -23.4841008, -46.6304872 -23.4843641, -46.6303846 -23.4844327, -46.6302548 -23.4845241, -46.630158 -23.4845995, -46.6300879 -23.4846541, -46.6299973 -23.4847247, -46.6295485 -23.4850741, -46.6294796 -23.4851278, -46.6294954 -23.4851467, -46.6300766 -23.4857603, -46.6302015 -23.485895, -46.6303497 -23.4860906, -46.6307756 -23.4859596, -46.6311898 -23.4859073, -46.6315825 -23.4858663, -46.6319191 -23.4859239, -46.6319041 -23.4860604, -46.6318838 -23.4864464, -46.6318874 -23.4867695, -46.632099 -23.4867375, -46.6321912 -23.4867163, -46.6324906 -23.4867103, -46.6326428 -23.4867242, -46.6327003 -23.4859746, -46.6327153 -23.4857832, -46.6330543 -23.4858097, -46.6331995 -23.4858187))",4301,02401-400,Rua Voluntários da Pátria,hospital,hospital,Conjunto Hospitalar do Mandaqui,,2077574,BR46374500008845,http://www.hospitalmandaqui.com.br,yes,Q10298562,pt:Hospital do Mandaqui,,São Paulo,,Santana,,,,,,,yes,,,,,,,1938-02-01,,,,,+55 11 2281-5000,,,,,,,,,,,,,,,,,Hospital do Mandaqui,,,,,,,,,BR46374500000194,,,,,,,,,,,,,,,,,,,,,,,,,,,,,,,,,,,,,,,,,,,,multipolygon,,,,,
"POLYGON ((-46.5616752 -23.5225471, -46.5616863 -23.5225711, -46.5616994 -23.5225834, -46.5617192 -23.5225959, -46.5617388 -23.5225956, -46.5620793 -23.5225749, -46.5621743 -23.5225692, -46.5625644 -23.5225593, -46.5630032 -23.5225773, -46.5634244 -23.5225995, -46.5636875 -23.5226339, -46.5640964 -23.5227077, -46.564611 -23.522824, -46.5651123 -23.5229687, -46.5650665 -23.5229193, -46.5649721 -23.5228416, -46.5629493 -23.5217609, -46.5619367 -23.5212199, -46.5618913 -23.5212145, -46.5618592 -23.5212342, -46.5617446 -23.522085, -46.5617247 -23.5222325, -46.5617161 -23.5222962, -46.5616752 -23.5225471))",127,02181-160,Rua Francisco Fanganielo,hospital,hospital,Hospital Municipal Vereador José Storopolli,+55 11 2207-9008,,,,,,,,São Paulo,,,,,,,,superintendencia@hmvjs.spdm.org.br,,+55 11 2967-0737,,,,,,,,,,,,,,,,,,,,,,,,,,,,,,,,,,,,,,,,,,,,,,,,,,,,,,,,,,,,,,,,,,,,,,,,,,,,,,,,,multipolygon,Hospital Vermelinho,,,,
"POLYGON ((-46.6266359 -23.5117226, -46.6266354 -23.5117585, -46.6267884 -23.5117582, -46.6267901 -23.5117987, -46.6265477 -23.5117977, -46.6265467 -23.5117532, -46.6265253 -23.5117529, -46.6265252 -23.511732, -46.6264833 -23.5117315, -46.6264842 -23.5117517, -46.6264279 -23.5117507, -46.6264281 -23.5117354, -46.6263076 -23.5117346, -46.6263036 -23.5119404, -46.6263579 -23.511942, -46.6263525 -23.5121335, -46.6263359 -23.5121338, -46.6263355 -23.5121608, -46.6263521 -23.5121607, -46.6263523 -23.5121669, -46.6264958 -23.5121696, -46.6264997 -23.5119827, -46.6265522 -23.5119841, -46.6265543 -23.5119535, -46.6266403 -23.5119556, -46.6266402 -23.5119725, -46.6266646 -23.5119726, -46.6266656 -23.5119558, -46.6266818 -23.5119558, -46.6266806 -23.5119985, -46.6266087 -23.5119985, -46.6266043 -23.5121508, -46.6266728 -23.5121536, -46.6266719 -23.5122237, -46.6263238 -23.5122153, -46.6263216 -23.5122959, -46.6263331 -23.5122972, -46.6263364 -23.5122976, -46.6263369 -23.5122976, -46.62639 -23.5122989, -46.626398 -23.5122991, -46.6264438 -23.5123002, -46.6266005 -23.5123041, -46.6266168 -23.5123045, -46.6267141 -23.5123069, -46.6267941 -23.5123089, -46.626817 -23.5123094, -46.6268278 -23.5123097, -46.6268354 -23.5120503, -46.6268258 -23.5120173, -46.6268267 -23.5119436, -46.6268342 -23.5119434, -46.6268359 -23.5119055, -46.6268441 -23.5117218, -46.6266359 -23.5117226), (-46.6267653 -23.5119575, -46.6267599 -23.5120272, -46.6267087 -23.5120259, -46.6267096 -23.5119555, -46.6267653 -23.5119575))",943,02011-100,Rua Voluntários da Pátria,hospital,hospital,Pronto Socorro Municipal Lauro Ribas Braga,+55 11 2223-2919;+55 11 2223-2923;+55 11 2223-2929,2071495,,,,,,,São Paulo,,Santana,,,,,,,yes,,,24/7,,,PSM Lauro Ribas Braga,,,,,,,,,,,,,,,,,,,,,,,Pronto Socorro de Santana,,,,yes,pmsp,,,,BR46392130000380,,,,,3.775,,,,,,,,,,,,,,,,,,,,,,,,,,,,,,,,,,,,,,,multipolygon,,grey,flat,,
"POLYGON ((-46.6980195 -23.5648641, -46.6980116 -23.5647313, -46.6979958 -23.5644635, -46.6979915 -23.5643911, -46.6978355 -23.5643816, -46.6972676 -23.5643468, -46.6972676 -23.5641953, -46.6966022 -23.5641486, -46.6965973 -23.5644691, -46.6966454 -23.5644716, -46.6969237 -23.5644884, -46.6969629 -23.5644908, -46.6970746 -23.5644975, -46.6970642 -23.5646774, -46.6970615 -23.5647245, -46.6970603 -23.564745, -46.6970591 -23.5647663, -46.6971374 -23.5647711, -46.6972569 -23.564777, -46.6972628 -23.5647773, -46.6972628 -23.5647892, -46.6973085 -23.5647936, -46.6980195 -23.5648641))",789,05428-002,Rua Ferreira de Araújo,hospital,hospital,Centro de Saúde Doutor Victor Araujo H Mello Pinheiros,,2068966,,,,,,,São Paulo,,,,,,,,,,,,,,,,,,,,,,,,,,,,,,,,,wall,,,,,,,,,,,,,,BR46374500000194,,,,,,,,,,,,,,,,,,,,,,,,,,,,,,,,,,,,,,,,,,,,multipolygon,,,,,
"POLYGON ((-46.5622455 -23.5631328, -46.5620612 -23.5628117, -46.5620357 -23.5627876, -46.5619975 -23.5627858, -46.561264 -23.5631394, -46.5612378 -23.5631748, -46.5612339 -23.5631994, -46.5614163 -23.5635289, -46.5614622 -23.5636087, -46.5614866 -23.5636309, -46.5615262 -23.5636321, -46.5619336 -23.5634356, -46.562224 -23.5632956, -46.5622758 -23.5632706, -46.5622918 -23.5632488, -46.5622905 -23.5632112, -46.5622455 -23.5631328))",1900,03372-015,Avenida Vereador Abel Ferreira,hospital,hospital,Hospital Vitória,+55 11 3581-1000,,,http://www.hospitalvitoria.com.br,,,,,São Paulo,,Chácara Mafalda,,,,,,,,,,,,,,,,,,,,,,,,,,,,,,,,,,,,Hospital Vitória Anália Franco,,,,,,,,,,,,,,,,,,,,,,,,,,,,,,,,,,,,,,,,,,,,,,,,,,,,,multipolygon,,,,,
"POLYGON ((-46.590758 -23.5381693, -46.5907737 -23.5379926, -46.5907963 -23.537764, -46.5907492 -23.5377602, -46.5907409 -23.5377595, -46.5907277 -23.5377585, -46.5906652 -23.5377534, -46.5906284 -23.5377504, -46.5905874 -23.5377468, -46.590536 -23.5377424, -46.5904723 -23.5377368, -46.5904761 -23.5376973, -46.5904895 -23.5375574, -46.5904932 -23.5375187, -46.5904973 -23.5374761, -46.5905344 -23.5370901, -46.5905399 -23.5370328, -46.5905484 -23.5369448, -46.590374 -23.5369251, -46.5898363 -23.5368398, -46.5895625 -23.5367964, -46.5894756 -23.5368315, -46.5894112 -23.5368575, -46.5894111 -23.5369094, -46.5894108 -23.5369341, -46.5894103 -23.5369705, -46.5894064 -23.5372651, -46.5894018 -23.5376542, -46.5894009 -23.5376866, -46.5893972 -23.5380418, -46.590391 -23.5381356, -46.5905905 -23.5381534, -46.590758 -23.5381693))",2294,03014-000,Avenida Celso Garcia,hospital,hospital,Hospital Santa Virgínia,,,,,,,,,São Paulo,,Belem,,,,,,,yes,,,,Congregação das Filhas de Nossa Senhora do Monte Calvário,,,1916,,,,,+55 11 2799-3100;+55 11 2799-3230,http://www.hsv.org.br,,,,,emergency;paediatrics;ophthalmology;oncology,,,,,,wall,,religious,,,,,,,,,,,,,,,,,3.5,,,,,,,,,,,,,,,,,,,,,,,,,,,,,,,,,,,,,,,multipolygon,,,,,
"POLYGON ((-46.6757914 -23.5333589, -46.6757724 -23.5333335, -46.6756732 -23.5332015, -46.6754877 -23.5329547, -46.675475 -23.5329377, -46.6754644 -23.5329236, -46.6754514 -23.5329226, -46.6754383 -23.5329309, -46.6754261 -23.5329486, -46.6751971 -23.5333451, -46.6752057 -23.5333571, -46.675257 -23.533428, -46.675289 -23.5334722, -46.6753212 -23.5335167, -46.6753544 -23.5335625, -46.6753647 -23.5335768, -46.6753906 -23.5336158, -46.6754211 -23.5335946, -46.6754868 -23.5335531, -46.6757153 -23.5334089, -46.6757914 -23.5333589))",85,05017-020,Rua Apiacás,hospital,hospital,Hospital Israelita Albert Einstein,+55 11 2151-1233,6569757,BR60765823001292,https://www.einstein.br,,Q1630439,pt:Hospital Israelita Albert Einstein,,,,Perdizes,http://www.facebook.com/HospitalAlbertEinstein,,http://instagram.com/hosp_einstein,http://www.twitter.com/hosp_einstein,http://www.youtube.com/user/HospitalEinstein,sac@einstein.br,,,,,,,,,,,,,,,,,,,,,,Unidade Avançada Perdizes Higienópolis,,,,,,,,,,,,,,,,,,,,http://www.linkedin.com/company/hospital-albert-einstein,,,,,,,,,,,,,,,,,,,,,,,,,,,,,,,,,,,,,,,,,multipolygon,,,,https://open.spotify.com/user/hospital_albert_einstein,
"POLYGON ((-46.5327739 -23.5604868, -46.5325406 -23.5600936, -46.5322884 -23.5602274, -46.5321191 -23.5603173, -46.53236 -23.5607034, -46.5327739 -23.5604868))",300,03433-025,Rua Vacanga,hospital,hospital,Casa da Criança Betinho Lar Espírita para Excepcionais,+55 11 2782-7366,,BR62827860000150,https://www.casadacriancabetinho.com.br/,,,,,São Paulo,,Vila Fernandes,,,,,,casabetinho@uol.com.br,,,,,,,,,,,,,,,,,,,,,,,,,,,,,,,,,,,,,casabetinhocontacto@gmail.com,,,,,,,,,,,,,,,,,,,,,,,,,,,,,,,,,,,,,,,,,,,,,,multipolygon,,,,,Vila Carrão
"POLYGON ((-46.6442172 -23.5337412, -46.6439795 -23.5335901, -46.6440275 -23.5335259, -46.6440428 -23.5335054, -46.6440837 -23.5334506, -46.6438315 -23.5332894, -46.6437383 -23.5332298, -46.6436955 -23.5332025, -46.643662 -23.5331811, -46.6436288 -23.533187, -46.6435909 -23.5332379, -46.6431619 -23.5338142, -46.6430694 -23.5339385, -46.6430131 -23.5340141, -46.6429536 -23.5340941, -46.643128 -23.534206, -46.6431674 -23.5341533, -46.6431915 -23.5341211, -46.6432257 -23.5340755, -46.6432472 -23.5340468, -46.6433142 -23.5339571, -46.6433377 -23.533926, -46.6434203 -23.5339785, -46.6434475 -23.5339958, -46.6434578 -23.5340023, -46.6435022 -23.5340306, -46.6434601 -23.5340869, -46.6434141 -23.5341484, -46.6433054 -23.5342937, -46.6432923 -23.5343113, -46.6436351 -23.5345298, -46.6442172 -23.5337412))",,,,hospital,hospital,Hospital da Mulher,,,,,,,,,,,,,,,,,,,,,,,,,2022-06-17,,,,,,,,,,,,,,,,,,,,,,,,,,,,,,,,,,,Hospital Pérola Byington,,,,,,,,,,,,,,,,,,,,,,,,,,,,,,,,,,,,,,,,multipolygon,,,,,
"POLYGON ((-46.7666324 -23.631347, -46.7664658 -23.6311095, -46.7661415 -23.6311511, -46.7661417 -23.6311871, -46.7661126 -23.6312501, -46.7658918 -23.6315433, -46.7655849 -23.6319129, -46.7656259 -23.6319565, -46.7657542 -23.6318972, -46.7659341 -23.6317845, -46.7666324 -23.631347))",423,05760-140,Avenida Amadeu da Silva Samelo,hospital,hospital,Hospital Dia : Campo Limpo,,,,,,,,,São Paulo,,,,,,,,,,,,,,,,,,,,,,,,,,,,,,,,,,,,,,,,,,,,,,,,,,,,,,,,,,,,,,,,,,,,,,,,,,,,,,,,,,,,,,,,,,,multipolygon,,,,,
"POLYGON ((-46.6887756 -23.536544, -46.6881744 -23.5357068, -46.6877637 -23.5359593, -46.6877901 -23.535997, -46.6878118 -23.536028, -46.6878958 -23.536148, -46.6879189 -23.536181, -46.6881335 -23.5364876, -46.6881659 -23.5365339, -46.6883322 -23.5367714, -46.6883507 -23.5367815, -46.6883815 -23.5367814, -46.6884709 -23.5367276, -46.6887756 -23.536544))",1142,05021-001,Rua Cotoxó,hospital,hospital,Complexo Hospitalar Cotoxó,,,,,,,,,São Paulo,,,,,,,,,,,,24/7,,,,,,,,,,,,,,,,,,,,,,,,,,Instituto Perdizes do hcfmusp,,,,,,,,,,,,,,,,,,,,,,,,,,,,,,,,,,,,,,,,,,,,,,,,,,,,,multipolygon,,,,,
"POLYGON ((-46.638947 -23.5884546, -46.6389288 -23.5883977, -46.6387248 -23.587758, -46.6383396 -23.58786, -46.6378163 -23.5879894, -46.6376296 -23.5878676, -46.6374198 -23.5876765, -46.63739 -23.587839, -46.6373938 -23.5878623, -46.6373886 -23.5879093, -46.6376463 -23.5881873, -46.637701 -23.5884482, -46.6377058 -23.5887423, -46.6380628 -23.5886634, -46.638947 -23.5884546))",,,,hospital,hospital,Centro de Atenção Integral a Saúde Mental,,,,,,,,,,,,,,,,,,,,,,,,,,,,,,,,,,,,,,,,,,,,,,,,,,,,,,,,,,,,,,,,,,,,,,,,,,,,,,,,,,,,,,,,,,,,,,,,,,,,multipolygon,,,,,
"POLYGON ((-46.6848923 -23.5936491, -46.6849585 -23.593451, -46.6850126 -23.5932895, -46.6851206 -23.5929664, -46.6841915 -23.5927297, -46.6840856 -23.5930541, -46.6842579 -23.5931038, -46.6846281 -23.5932105, -46.6848191 -23.5932655, -46.6847078 -23.5935961, -46.6848923 -23.5936491), (-46.684755 -23.5934745, -46.6847889 -23.5934847, -46.6847825 -23.5935013, -46.6847504 -23.5934922, -46.684755 -23.5934745), (-46.6847669 -23.593441, -46.6848016 -23.5934505, -46.6847939 -23.5934734, -46.6847604 -23.593465, -46.6847669 -23.593441), (-46.6847804 -23.5933979, -46.6848143 -23.5934103, -46.684805 -23.5934399, -46.6847673 -23.593429, -46.6847804 -23.5933979), (-46.6848795 -23.5933018, -46.6848942 -23.5932571, -46.6850119 -23.5932895, -46.6849577 -23.5934505, -46.6849059 -23.5934378, -46.6848759 -23.5935272, -46.6848068 -23.5935119, -46.6848353 -23.5934322, -46.6848261 -23.5934313, -46.6848297 -23.5934131, -46.6848434 -23.5934141, -46.6848495 -23.5933912, -46.6847885 -23.5933768, -46.6848165 -23.5932892, -46.6848795 -23.5933018), (-46.6844664 -23.5930661, -46.684429 -23.5930522, -46.6844979 -23.5928628, -46.6845317 -23.5928724, -46.6845353 -23.5928628, -46.6848061 -23.592942, -46.6848026 -23.5929548, -46.6848832 -23.5929751, -46.6848143 -23.5931634, -46.6847909 -23.593157, -46.6847396 -23.5931677, -46.6845329 -23.5931078, -46.6844792 -23.5930896, -46.6844664 -23.5930661))",29,,,hospital,hospital,,,,,,,,,,,,,,,,,,,,,,,,,,,,,,,,,,,,,,,,,,,,,,,,,,,,,,,,,,,,,,,,,,,,,,,,,,,,,,,,,,,,,,,,,,,,,,,,,,,,,multipolygon,,,,,
"POLYGON ((-46.6511339 -23.5840337, -46.6508593 -23.5838895, -46.6508661 -23.5838827, -46.6507575 -23.5837985, -46.6507273 -23.5838317, -46.650587 -23.5837623, -46.6504705 -23.5837045, -46.6503391 -23.5838839, -46.6501138 -23.5842047, -46.6502975 -23.5843049, -46.6501479 -23.5844653, -46.6504356 -23.5854399, -46.6511571 -23.5852912, -46.6514938 -23.5852408, -46.6515782 -23.5852433, -46.6516882 -23.5852592, -46.6517942 -23.5852851, -46.6523735 -23.585435, -46.6527946 -23.5855382, -46.6528628 -23.5852533, -46.6529493 -23.5848905, -46.6530024 -23.584546, -46.6529086 -23.5842563, -46.6527329 -23.5840363, -46.6525988 -23.5838556, -46.6525036 -23.5837548, -46.652395 -23.5836541, -46.6523467 -23.5836356, -46.6523092 -23.5836381, -46.6522421 -23.5836664, -46.6516627 -23.5839306, -46.6515112 -23.5839306, -46.6513234 -23.5839933, -46.6511339 -23.5840337))",500,04012-909,Avenida Doutor Dante Pazzanese,hospital,hospital,Instituto Dante Pazzanese de Cardiologia,,2088495,BR53725560000170,,,Q10302455,,,São Paulo,,,,,,,,,,,,,Fundação Adib Jatene,,,,,,,,+55 11 5085 6000,,,,,,cardiology,Category:Instituto Dante Pazzanese de Cardiologia,,,,,,,,,BR,,,,,,,,,,,,,,,,,,,,,,,,,,,,,,,,,,,,,,,,,,,,,,,,,,,,,,,,,,,
"POLYGON ((-46.7229014 -23.537198, -46.7229389 -23.5383191, -46.7226896 -23.5381981, -46.7209812 -23.5374968, -46.7209461 -23.5374261, -46.7215069 -23.5373833, -46.7229014 -23.537198))",313,,Avenida Queiroz Filho,hospital,hospital,Unidade de Pronto Atendimento Lapa,,,,,,,,,,,Alto da Lapa,,,,,,,yes,,,,,,,,,,,,,,,,,,general,,,,,,,,,,,,,,,,,,,,,,,,,,,,,,,,,,,,,,,,,,,,,,,,,,,,,,,,,,,,,,,,,,,,,
"POLYGON ((-46.6736381 -23.5553395, -46.6732948 -23.5551253, -46.6731593 -23.5550475, -46.6729179 -23.5548939, -46.6726794 -23.5547519, -46.6722936 -23.5545178, -46.6720428 -23.5543656, -46.6717686 -23.5542117, -46.6715392 -23.5540763, -46.6714943 -23.5540495, -46.6714293 -23.5540395, -46.6713586 -23.5540338, -46.6711557 -23.5541157, -46.6706488 -23.5543173, -46.6704374 -23.5543951, -46.6703014 -23.5544451, -46.6698535 -23.5546443, -46.6697962 -23.5546706, -46.6696496 -23.5547377, -46.6693774 -23.5548613, -46.6692352 -23.5549295, -46.6690515 -23.555011, -46.6688643 -23.555087, -46.6685405 -23.5552184, -46.6680195 -23.5554402, -46.6665477 -23.5560667, -46.6664203 -23.5561429, -46.6663778 -23.5561808, -46.6663368 -23.5562173, -46.6663059 -23.5562497, -46.6662798 -23.5562956, -46.6662549 -23.5563425, -46.6662448 -23.5563906, -46.6662257 -23.5564671, -46.6662134 -23.556517, -46.6662135 -23.5565874, -46.6662275 -23.5566596, -46.6662544 -23.5567405, -46.6662988 -23.5568318, -46.6663468 -23.5569071, -46.6664103 -23.5569479, -46.666529 -23.5570142, -46.666824 -23.5571953, -46.6673005 -23.5574723, -46.6674559 -23.5576054, -46.6677733 -23.5578294, -46.6683492 -23.5582556, -46.6686598 -23.5584514, -46.6690599 -23.5586791, -46.6695256 -23.5589252, -46.669917 -23.5591489, -46.6714432 -23.5600071, -46.6716997 -23.5596693, -46.6717679 -23.559563, -46.6719117 -23.5593446, -46.6720707 -23.5591165, -46.6722654 -23.5588449, -46.6723422 -23.5587377, -46.6724398 -23.5585893, -46.6729394 -23.5578898, -46.6730194 -23.5577755, -46.6729528 -23.5575001, -46.6729615 -23.5574767, -46.672993 -23.5574583, -46.6730976 -23.5574435, -46.6732089 -23.5574435, -46.6734925 -23.55705, -46.6735603 -23.5559872, -46.6736365 -23.5556017, -46.6736381 -23.5553395))",,,,hospital,hospital,Hospital das Clínicas da Faculdade de Medicina da Universidade de São Paulo,,,,https://www.hc.fm.usp.br/,,Q5908682,pt:Hospital das Clínicas da Faculdade de Medicina da Universidade de São Paulo,,,,,,,,,,,yes,,,,,,,,,,,,,,,,,,,Category:Hospital das Clínicas da Universidade de São Paulo,,,,,,,,,,,,,,,,,,,,,,,,,,,,,,,,,,,,,,,,,,,,,,,,,,,,,,,,,,,,,,,,,,,,
"POLYGON ((-46.7162865 -23.5999852, -46.7170483 -23.600478, -46.7163536 -23.6009008, -46.7162872 -23.6009321, -46.7162228 -23.6009426, -46.71561 -23.6009315, -46.7154544 -23.6009346, -46.715274 -23.6009524, -46.7149843 -23.6009917, -46.7149542 -23.6009856, -46.7149233 -23.6009622, -46.7148671 -23.6009258, -46.7147704 -23.6007748, -46.7136526 -23.5990709, -46.7148462 -23.5986727, -46.7150179 -23.5990119, -46.7152163 -23.5992405, -46.7162865 -23.5999852))",,,,hospital,hospital,Hospital Israelita Albert Einstein,,,,,,Q1630439,pt:Hospital Israelita Albert Einstein,,,,,,,,,,,yes,,,,,,,,,,,,,,,,,,,Category:Hospital Israelita Albert Einstein,,,,,,,private,,,Albert Einstein,Albert Einstein Israelite Hospital,Q937,http://www.einstein.br/,,,,,,,,,,,,,,,,,,,,,,,,,,,,,,,,,,,,,,,,,,,,,,,,,,,,,,,
"POLYGON ((-46.7381544 -23.4884122, -46.7381443 -23.4887625, -46.7383406 -23.488777, -46.7383503 -23.4884246, -46.7381544 -23.4884122))",,,Avenida do Anastácio,hospital,hospital,,,,,,,,,,,,,,,,,,,,,,,,,,,,,,,,,,,,,,,,,,,,,,,,,,,,yes,,,,,,,,,,,,,,,,,,,,,,,,,,,,,,,,,,,,,,,,,,,,,,,,,,,,,,
"POLYGON ((-46.7601567 -23.4872059, -46.7609898 -23.4887008, -46.761745 -23.4883377, -46.7609674 -23.486874, -46.7601567 -23.4872059))",1078,,Avenida Jornalista Paulo Zingg,hospital,hospital,Casa de Saúde Nossa Senhora de Fátima,,,,,,,,,,,,,,,,,,,,,,Irmãs Hospitaleiras,,,,,,,,,,,,,,,,,,,,,,private_non_profit,,,Irmãs Hospitaleiras,,,,,,,,,,,,,,,,,,,,,,,,,,,,,,,,,,,,,,,,,,,,,,,,,,,,,,,,,,
"POLYGON ((-46.728305 -23.4836575, -46.7274997 -23.483653, -46.7272312 -23.4837022, -46.7266407 -23.484029, -46.7265555 -23.4840617, -46.7265921 -23.4843097, -46.7265242 -23.4847286, -46.7268011 -23.4855598, -46.7269948 -23.4856336, -46.7273142 -23.4855913, -46.7281 -23.4853048, -46.728222 -23.48526, -46.728423 -23.4847099, -46.728525 -23.4843487, -46.728533 -23.4841965, -46.728527 -23.4840865, -46.728437 -23.4838188, -46.728305 -23.4836575))",100,,Avenida Menotti Laudisio,hospital,hospital,Hospital Municipal Doutor José Soares Hungria,,2077450,,,,,,,,,,,,,,,,yes,,,,Secretaria Municipal da Saúde,,,,,,,,+55 11 3394-8600,,,,,,general,,,,,,,,government,,,Hospital de Pirituba,,,,,CNES,,,,,,,,,,,,,,,,,,,,,,,,,,,,,,,,,,,,,,,,,,,,,,,,,,,,,
"POLYGON ((-46.7240982 -23.4855749, -46.7244274 -23.4857848, -46.7249815 -23.4861641, -46.7251542 -23.4862967, -46.7248691 -23.4872505, -46.7246161 -23.4875856, -46.724319 -23.4878471, -46.7240901 -23.4880054, -46.7239841 -23.4879331, -46.7236526 -23.4878369, -46.7230975 -23.4877304, -46.7229417 -23.4871989, -46.7228976 -23.4867644, -46.7228936 -23.4864845, -46.7231626 -23.4864329, -46.7231907 -23.4859836, -46.7237288 -23.4858584, -46.7240982 -23.4855749))",5214,,Avenida Raimundo Pereira de Magalhães,hospital,hospital,Centro de Atenção Integrada à Saúde Mental Philippe Pinel,,,,,,,,,,,Pirituba,,,,,,,,,,,,,,1929,,,,,,,,,,,psychiatry,,,,,,,,,,,,,,,,,Hospital Psiquiátrico Pinel,,,,,,,,,,,,,,,,,,,,,,,,,,,,,,,,,,,,,,,,,,,,,,,,,,,,
"POLYGON ((-46.6760587 -23.6824846, -46.6760258 -23.6824258, -46.6749578 -23.6805151, -46.6766903 -23.6796863, -46.6775556 -23.6811489, -46.677449 -23.6814121, -46.6774029 -23.6815111, -46.6773534 -23.6816461, -46.6775617 -23.6820276, -46.6760587 -23.6824846))",,,,hospital,hospital,Hospital Geral de Pedreira,,,,,,,,,,,,,,,,,,yes,,,,,,,,,,,,,,,,,,general,,,,,,,,,,,,,,,,,,,,,,,,,,,,,,,,,,,,,,,,,,,,,,,,,,,,,,,,,,,,,,,,,,,,,
"POLYGON ((-46.7045256 -23.650377, -46.7046667 -23.6505807, -46.7054272 -23.6501387, -46.705286 -23.649935, -46.7051314 -23.650025, -46.7050543 -23.6499181, -46.705026 -23.6498679, -46.7047007 -23.6500558, -46.7046396 -23.6499849, -46.7043571 -23.6501552, -46.7044589 -23.6502817, -46.7045256 -23.650377))",,,,hospital,hospital,Santa Casa de Misericórdia de Santo Amaro,,,,,,,,,,,,,,,,,,yes,,,,,,,,,,,,,,,,,,,,,,,,,,,,,,,,,,,,,,,,,,,,,,,,,,,,,,,,,,,,,,,,,,,,,,,,,,,,,,,,,,,,,,,
"POLYGON ((-46.6287681 -23.6429393, -46.6287422 -23.6430329, -46.6286745 -23.6434261, -46.6286477 -23.6437219, -46.628594 -23.6442044, -46.6285359 -23.6452582, -46.6285268 -23.6454946, -46.6280841 -23.645591, -46.6274719 -23.6455812, -46.6259448 -23.6455566, -46.6260468 -23.6453612, -46.6261008 -23.6452671, -46.6261253 -23.6451536, -46.626135 -23.6450591, -46.6261882 -23.644827, -46.6263703 -23.6443284, -46.6265727 -23.6438542, -46.6267078 -23.6434844, -46.6267971 -23.643258, -46.6268183 -23.6431068, -46.6268278 -23.6428285, -46.6268436 -23.6426928, -46.6287681 -23.6429393))",3030,04301-002,Avenida Miguel Estéfano,hospital,hospital,Hospital Psiquátrico da Água Funda,,2070766,BR46374500012958,,,,,,São Paulo,,Água Funda,,,,,,,no,,,,,,,,,,,,+55 11 5077 7800;+55 11 5077 7814,,,,,,psychiatry,,,,,,,,,,BR,,,,,,,,diretoria_caism@saude.sp.gov.br,+55 11 5077 7887,BR46374500000194,,,,,,,,,,,,,,,,,,,,,,,,,,,,,,,,,,,,,,,,,,,,,,,,,
"POLYGON ((-46.6755103 -23.6052659, -46.6757973 -23.6059737, -46.6762872 -23.6057562, -46.6761325 -23.6054465, -46.6759166 -23.6055178, -46.6757852 -23.6051688, -46.6755103 -23.6052659))",2468,04556-100,Avenida Santo Amaro,hospital,hospital,Hospital Santa Paula,+55 11 3040-8000,2089580,BR60777901000116,https://www.santapaula.com.br/,,Q107519033,,,São Paulo,,Vila Olímpia,https://www.facebook.com/santapaularosa,,,,,ouvidoria@santapaula.com.br,yes,,,,,,,,,,,,,,,,,,general;urology;oncology;otolaryngology;orthopaedics;nephrology;ma;radiology;pulmonology;radiotherapy;cardiology;infectious_diseases;surgery;rheumatology,,,,,,,,,,,,,,,,,,,,,,,,,,,,,,,,,,,,,,,,,,,,,,,,,,,,,,,,,,,,,,,,,,,,,
"POLYGON ((-46.6524845 -23.5969382, -46.6520784 -23.5969577, -46.6520329 -23.5963929, -46.6514924 -23.5964586, -46.6510676 -23.5965103, -46.6510437 -23.5965373, -46.6511635 -23.5976013, -46.6519676 -23.5975274, -46.651953 -23.5973682, -46.6525219 -23.5973256, -46.6524845 -23.5969382))",724,04027-000,Avenida Professor Ascendino Reis,hospital,hospital,AACD Ibirapuera,,2077655,BR60979457000111,,,Q9634891,,,São Paulo,,,,,,,,,,,,,Associação de Assistência à Criança Deficiente,,,,,,,,+55 11 5576 0777,http://www.aacd.org.br/,,,,,,Category:Associação de Assistência à Criança Deficiente,,,,,,,,,BR,,,,,,,,,,,,,,,,,,,,,,,,,,,,,,,,,,,,,,,,,,,,,,,,,,,,,,,,,,,
"POLYGON ((-46.6526899 -23.5949419, -46.6509329 -23.5950255, -46.6510299 -23.5962593, -46.6510993 -23.5963058, -46.6521455 -23.5962183, -46.6535834 -23.5959028, -46.6531872 -23.5954809, -46.6526899 -23.5949419))",1450,04038-905,Rua Borges Lagoa,hospital,hospital,Complexo Hospitalar Edmundo Vasconcelos,,,,,,,,,São Paulo,,,,,,,,,yes,,,,,,,,,,,,+55 11 5080 4000,http://www.hospitaledmundovasconcelos.com.br/,,,,,,,,,,,,,,,BR,,,,,,,,,,,,,,,,,,,,,,,,,,,,,,,,,,,,,,,,,,,,,,,,,,,,,,,,,,,
"POLYGON ((-46.6545801 -23.5957499, -46.6536981 -23.5947748, -46.6526899 -23.5949419, -46.6531872 -23.5954809, -46.6535834 -23.5959028, -46.6539059 -23.5958502, -46.6541282 -23.5958237, -46.6545801 -23.5957499))",981,,Avenida Ibirapuera,hospital,hospital,Hospital do Servidor Público Estadual,,,,,,,,,São Paulo,,,,,,,,,,,,,Governo do Estado de São Paulo,,,,,,,,+55 11 5583 7001,http://www.iamspe.sp.gov.br/,,,,,,,,,,,,,,,BR,,,,,,,,,,,,,,,,,,,,,,,,,,,,,,,,,,,,,,,,,,,,,,,,,,,,,,,,,,,
"POLYGON ((-46.6547943 -23.5958992, -46.654623 -23.5958992, -46.6524271 -23.5963449, -46.6524956 -23.5969356, -46.6525531 -23.597453, -46.6551319 -23.5972367, -46.6557651 -23.5970606, -46.6557393 -23.5968901, -46.6548522 -23.595959, -46.6547943 -23.5958992))",981,,Avenida Ibirapuera,hospital,hospital,Hospital do Servidor Público Estadual,,,,,,,,,São Paulo,,,,,,,,,yes,,,,Governo do Estado de São Paulo,,,,,,,,+55 11 5583 7001,http://www.iamspe.sp.gov.br/,,,,,,,,,,,,,,,BR,Hospital do Servidor Público Estadual Francisco Morato de Oliveira,,,,,,,,,,,,,,,,,,,,,,,,,,,,,,,,,,,,,,,,,,,,,,,,,,,,,,,,,,
"POLYGON ((-46.6561727 -23.6146921, -46.6561479 -23.6146826, -46.6561276 -23.6146696, -46.6550633 -23.6135439, -46.654784 -23.6132486, -46.6547805 -23.6132313, -46.6547903 -23.6132194, -46.6548335 -23.6131853, -46.6549062 -23.6131278, -46.6558399 -23.61239, -46.6563274 -23.6120197, -46.6563469 -23.6120053, -46.6563693 -23.6120018, -46.6563899 -23.6120076, -46.6564032 -23.6120257, -46.6570724 -23.6126948, -46.6577167 -23.6133796, -46.6577337 -23.6134024, -46.6577454 -23.6134323, -46.6577368 -23.6134601, -46.6577205 -23.6134854, -46.6562148 -23.6146785, -46.6561947 -23.6146877, -46.6561727 -23.6146921))",699,04074-031,Avenida Moreira Guimarães,hospital,hospital,Hospital da Cruz Vermelha,,2080494,BR07127753000101,https://www.cvbsp.org.br/media/hospital.php,,,,,São Paulo,,Indianopólis,,,,,,,,,,,Movimento Internacional da Cruz Vermelha e do Crescente Vermelho,Q7178,,,,,Cruz Vermelha,,+55 11 5056-8710,,,,,,,,,,,,wall,,ngo,,BR,Hospital dos Defeitos da Face,,,,,,,,,,pt:Movimento Internacional da Cruz Vermelha e do Crescente Vermelho,,,,,,,,,,,,,,,,,,,,,,,,,,,,,,,,,,,,,,,,,,,,,,,,
"POLYGON ((-46.7403901 -23.5658343, -46.7397181 -23.5647098, -46.7401483 -23.5644711, -46.7409183 -23.5641334, -46.7411598 -23.563973, -46.7416681 -23.5636331, -46.7425797 -23.5642575, -46.7417969 -23.565249, -46.7416145 -23.5651353, -46.7415163 -23.5651018, -46.7414166 -23.5652603, -46.7403901 -23.5658343))",2565,05508-000,Avenida Professor Lineu Prestes,hospital,hospital,Hospital Universitário,,2076926,BR63025530008512,,,Q9004924,,,São Paulo,São Paulo,,,,,,,,yes,,,,Universidade de São Paulo,,HU,,,,,,,http://www.hu.usp.br,,,,,,Category:Hospital Universitário da Universidade de São Paulo,,,,,,,public,,BR,,,,,,,,,,,,,,,,,,,,,,,,,,,,,,,,,,,,,,,,,,,,,,,,,,,,,,,,,,,
"POLYGON ((-46.7391944 -23.5843042, -46.7388695 -23.5842941, -46.73867 -23.5842821, -46.7384875 -23.5842365, -46.7383339 -23.5841634, -46.7382556 -23.5841219, -46.7382896 -23.5842111, -46.738335 -23.5842872, -46.7384264 -23.5843929, -46.7384853 -23.5844581, -46.7385801 -23.584502, -46.7386873 -23.584567, -46.739007 -23.5847323, -46.739115 -23.5847457, -46.739467 -23.5845474, -46.7397654 -23.5842902, -46.7391944 -23.5843042))",1125,05594-001,Rua Augusto Farina,hospital,hospital,Pronto Socorro Municipal Doutor Caetano Virgílio Neto,,2027100,,,,,,,,,,,,,,,,yes,,,,Prefeitura do Município de São Paulo,,,,,,,,,,,,,,,,,,,,,,government,,,,,,,,,,,,BR46392130000380,,,,,,,,,,,,,,,,,,,,,,,,,,,,,,,,,,,,,,,,,,,,,,,,,
"POLYGON ((-46.6421516 -23.5684518, -46.6409902 -23.5684837, -46.6409111 -23.5673209, -46.6409367 -23.566673, -46.6409688 -23.5665882, -46.6410117 -23.5665378, -46.6411146 -23.5664817, -46.6412395 -23.5664399, -46.6412326 -23.5663291, -46.6419089 -23.5662871, -46.6421241 -23.5668519, -46.6421463 -23.5670025, -46.6421503 -23.5671635, -46.6421677 -23.5676786, -46.6421516 -23.5684518))",769,01323-001,Rua Maestro Cardim,hospital,hospital,Hospital Beneficência Portuguesa,,9413448,BR60840055035270,http://www.bpsp.org.br,,Q9654232,pt:Beneficência Portuguesa de São Paulo,,São Paulo,,,,,,,,,yes,,,,,,,,,,,,+55 11 3505-4021,,,,,,,Category:Beneficiência Portuguesa de São Paulo,,,,,,,,,,,,,,,Bing,,,,,,,,,,,,,,,,,,,,,,,,,,,,,,,,,,,,,,,,,,,,,,,,,,,,,
"POLYGON ((-46.4030525 -23.5980607, -46.4043427 -23.5969425, -46.4047021 -23.5964854, -46.404863 -23.5961609, -46.4038629 -23.5957128, -46.4038129 -23.5956851, -46.4032762 -23.5962828, -46.4032837 -23.596275, -46.4034657 -23.5964235, -46.4034582 -23.5964313, -46.4025301 -23.5975029, -46.4030525 -23.5980607))",2100,08471-000,Avenida dos Metalúrgicos,hospital,hospital,Hospital Municipal Santa Marcelina Cidade Tiradentes - Carmem Prudente,+55 11 2559-6200,,,,,,,,São Paulo,,Cidade Tiradentes,,,,,,,yes,,,,,,,,,,,,,,,,,,,,,,,,,,,,,Hospital Municipal Carmen Prudente,,,,,,,,,,,,,,,,,,,,,,,,,,,,,,,,,,,,,,,,,,,,,,,,,,,,,,,,,,
"POLYGON ((-46.6546924 -23.5569891, -46.6547017 -23.5570075, -46.6544347 -23.5581774, -46.6544304 -23.5581755, -46.6541379 -23.5580604, -46.6531746 -23.5575739, -46.6529431 -23.5574542, -46.652831 -23.5573573, -46.6529837 -23.5567624, -46.6538239 -23.5569789, -46.6538971 -23.5567522, -46.6546828 -23.5569715, -46.6546924 -23.5569891))",115,01308-050,Rua Dona Adma Jafet,hospital,hospital,Hospital Sírio Libanês,+55 11 3394-0200,2079127,BR61590410000124,https://www.hospitalsiriolibanes.org.br,,Q9296089,pt:Hospital Sírio-Libanês,,,,,,,,,,faleconosco@hsl.org.br,yes,,,,,,,,,,,,,,,,,,,Category:Hospital Sírio-Libanês,,,,,,2025-02-14,private,,,,,,,,survey,,,,,,wlan,,,,,,,,,,,,,,,,,,,,,,,,,,,,,,,,,,,,,,,,,,,,,,,
"POLYGON ((-46.6385991 -23.5926874, -46.6381612 -23.5921585, -46.638475 -23.5918597, -46.6389472 -23.5913482, -46.639043 -23.591263, -46.6392086 -23.591306, -46.6393611 -23.5926183, -46.6385991 -23.5926874))",462,04020-040,Rua Madre Cabrini,hospital,hospital,Hospital Israelita Albert Einstein,+55 11 2151-7200;+55 11 2151-1233,,,https://www.einstein.br,,,,,,,,http://www.facebook.com/HospitalAlbertEinstein,,http://instagram.com/hosp_einstein,http://www.twitter.com/hosp_einstein,http://www.youtube.com/user/HospitalEinstein,,,,,,,,,,,,,,,,,,,,,,,,,,,2026-02-26,,,,Hospital Albert Einstein,,,,,,,,,,,,http://www.linkedin.com/company/hospital-albert-einstein,,,,,,,,,,,,,,,,,,,,,,,,,,,,,,,,,,,,,,,,,,,,,,
"POLYGON ((-46.5603272 -23.5925475, -46.5604713 -23.5922764, -46.5611371 -23.5925737, -46.5612397 -23.5927243, -46.5614144 -23.5930281, -46.5618465 -23.5932259, -46.5620421 -23.5932911, -46.5626876 -23.5932867, -46.562034 -23.5938393, -46.5618138 -23.5938614, -46.5600426 -23.593077, -46.5603272 -23.5925475))",1501,03227-000,Avenida Francisco Falconi,hospital,,Hospital Estadual Vila Alpina,,,,,,,,,São Paulo,SP,,,,,,,,,,,,Secretaria de Estado da Saúde,,,,,,,,+55 11 2318-2100;+55 11 2318-2280,http://www.cidadao.sp.gov.br/servico.php?serv=2709,,,,,,,,,,,,,,,BR,,,,,,,,,+55 11 2318-2110,,,,,,,,,,,,,,,,,,,,,,,,,,,,,,,,,,,,,,,,,,,,,,,,,,
"POLYGON ((-46.5860734 -23.5691154, -46.586052 -23.5694842, -46.5850488 -23.56944, -46.5849866 -23.5693446, -46.5860326 -23.5690766, -46.5860734 -23.5691154))",123,03128-020,Rua Américo Ventura,hospital,hospital,Hospital e Maternidade São Cristóvão,+55 11 2029-7222;+55 11 2029-7200;+55 0800-7700-666,2080796,BR60975174000363,https://www.saocristovao.com.br,,Q10298474,pt:Hospital São Cristóvão,,,,,https://pt-br.facebook.com/gruposaocristovaosaude,,https://www.instagram.com/saocristovaosaude,,,contato@saocristovao.com.br,yes,,,,,,Hospital São Cristóvão,1965-12-12,,,,,,,,,,,,,,,,,,,,,,,,,,,,,,,,,,,,,,,,,,,,,,,,,,,,,,,,,,,,,,,,,,,,,,,,,,,,,,,,
"POLYGON ((-46.6512579 -23.5611189, -46.6510304 -23.5611287, -46.6510197 -23.5605153, -46.6508543 -23.5605076, -46.6507973 -23.5604362, -46.6505602 -23.5604159, -46.6507092 -23.561163, -46.6512177 -23.5613004, -46.6512579 -23.5611189))",,,,hospital,hospital,Hospital IGESP,,,,,,,,,,,,,,,,,,yes,,,,,,,,,,,,,,,,,,,,,,,,,,,,,,,,,,,,,,,,,,,,,,,,,,,,,,,,,,,,,,,,,,,,,,,,,,,,,,,,,,,,,,,
"POLYGON ((-46.6539347 -23.657235, -46.6535269 -23.6576482, -46.6534537 -23.6577225, -46.6530659 -23.657435, -46.6532948 -23.65719, -46.6529366 -23.6569091, -46.6533564 -23.6564599, -46.6537328 -23.6567551, -46.6535594 -23.6569407, -46.6539347 -23.657235))",2785,04378-500,Avenida Santa Catarina,hospital,hospital,Hospital Municipal Vila Santa Catarina Dr. Gilson de C. Marques de Carvalho,+55 11 2151 2063,7711980,,,,,,,São Paulo,,Vila Santa Catarina,,,,,,,,,,,Hospital Israelita Albert Einstein,,Hospital Municipal Vila Santa Catarina,,,,,,,,,,,,,,,,,,,,,,,,,,,,,,,,BR46392130000380,,,,Hospital Santa Marina,,,,,,,,,,,,,,,,,,,,,,,,,,,,,,,,,,,,,,,,,,,,,
"POLYGON ((-46.65512 -23.5355114, -46.6547316 -23.5356268, -46.6547535 -23.5356895, -46.6548554 -23.5356592, -46.6548742 -23.5357133, -46.654771 -23.535744, -46.6547931 -23.5358074, -46.6551837 -23.5356914, -46.6551614 -23.5356278, -46.6550217 -23.5356693, -46.6550098 -23.5356351, -46.6550219 -23.5356316, -46.6550162 -23.5356152, -46.6551431 -23.5355775, -46.65512 -23.5355114))",117,01229-010,Rua São Vicente de Paulo,hospital,hospital,,,,,,,,,,São Paulo,,,,,,,,,,,,,,,,,,,,,,,,,,,,,,,,,,,,,,,,,,yes,,,,,,,,,,13.239,,,,,,,,,,,,,,,,,,,,,,,,,,,,,,,,,,,,,,,,,,,,
"POLYGON ((-46.5905701 -23.572016, -46.5902049 -23.5714608, -46.5896856 -23.572014, -46.5903586 -23.5722462, -46.5905701 -23.572016))",562,03124-070,Rua Juventus,hospital,hospital,Hospital Municipal Doutor Ignácio Proença de Gouvêa,,2084473,,https://www.sas-seconci.org.br/hospitalignacio,,,,,São Paulo,,Parque da Moóca,,,,,,,yes,,,,OSS SAS Seconci-SP,,,,,,,,+55 11 5178 0000,,,,,,surgery;clinica_médica;paediatrics;ginecologia;obstetrícia;ortopedia;anestesia,,,,,,,,private_non_profit,,BR,Hospital João XXIII,,,,,,,,,,,,,,,,,,,,,,,,,,,,,,,,,,,,,,,,,,,,,,,,,,,,,,,,,,
"POLYGON ((-46.6514935 -23.5435837, -46.6512101 -23.5427259, -46.6508914 -23.5417607, -46.6508743 -23.5417437, -46.6508475 -23.5417326, -46.6489349 -23.5417747, -46.6489455 -23.5423693, -46.6489502 -23.5426353, -46.6489503 -23.5426405, -46.6489512 -23.5426934, -46.6489523 -23.5427549, -46.6489537 -23.5428007, -46.6489554 -23.5428582, -46.6489797 -23.5436803, -46.6489805 -23.5437077, -46.6494448 -23.5436958, -46.6495565 -23.5436929, -46.6496427 -23.5436907, -46.6497158 -23.5436889, -46.6497697 -23.5436875, -46.6497854 -23.5436871, -46.6502889 -23.5436742, -46.6503529 -23.5436725, -46.650487 -23.5436691, -46.6508897 -23.5436588, -46.6514567 -23.5436407, -46.6514935 -23.5435837))",112,01221-020,Rua Doutor Cesário Motta Júnior,hospital,hospital,Santa Casa de São Paulo,,2688689,BR62779145000190,,,Q10303688,pt:Irmandade da Santa Casa de Misericórdia de São Paulo,,São Paulo,SP,Vila Buarque,https://www.facebook.com/santacasasp,,http://www.instagram.com/santacasasp,,https://www.youtube.com/user/santacasadesp,,,,,,,,,1884-08-31,,,,,+55 11 2176-7000,http://www.santacasasp.org.br,,,,,,Category:Irmandade da Santa Casa de Misericórdia de São Paulo,,,,,wall,,,,BR,Hospital Santa Casa,,,,,,Santa Casa,sac@santacasasp.org.br,,,,,http://www.linkedin.com/company/santacasasp,,,,,,,,,,,,,,,,,,,,,,,,,,,,,,,,,,,,,,,,,,,,,,
"POLYGON ((-46.7761403 -23.692761, -46.7756741 -23.6923248, -46.774877 -23.691579, -46.7747658 -23.6916786, -46.7746704 -23.6917641, -46.7759337 -23.6929462, -46.7761403 -23.692761))",5203,04948-970,Estrada do M'Boi Mirim,hospital,hospital,Hospital Municipal Doutor Moysés Deutsch,+55 11 5832 2500,5718368,BR46392148005502,https://www.hmbm.org.br/home/institucional/,,,,,São Paulo,,Jardim Ângela,,,,,,,yes,,,,Organização Social de Saúde CEJAM,,Hospital Municipal M'Boi Mirim,2008-04-08,,,,,,,,,,,general;paediatrics;maternity;orthopaedics,,,,,,,,private_non_profit,,,,,,,hospital,,,,,BR46392130000380,,,,,,,,,,,,,,,,,,,,,,,,,,,,,,,,,,,,,,,,,,,,,,,,,
"POLYGON ((-46.6212428 -23.531662, -46.621387 -23.5321463, -46.6210883 -23.532227, -46.6209423 -23.5317389, -46.6211074 -23.5316966, -46.6212428 -23.531662))",234,03031-040,Rua Hannemann,hospital,hospital,Hospital Nossa Senhora do Pari,,2091399,BR05245390000183,,,,,,São Paulo,,Canindé,https://www.facebook.com/Associacao-Nossa-Senhora-Do-Pari-264656076995620,,,,,,yes,,,24/7,,,,,,,,,+55 11 3322-6500,http://www.hpari.com.br,,,,,,,,,,,,,,,,Associação Beneficiente Nossa Senhora do Pari,,,,,,Hospital do Pari,contato@hpari.com.br,,,,,,,,,,,,,,,,,,,,,,,,,,,,,,,,,,,,,,,,,,,,,,,,,,,
"POLYGON ((-46.6459604 -23.6529168, -46.6462115 -23.6533673, -46.646129 -23.6534198, -46.6461941 -23.6535073, -46.6456093 -23.6538054, -46.64556 -23.6537115, -46.6454917 -23.6537407, -46.6455145 -23.6537732, -46.645455 -23.6537992, -46.645427 -23.653768, -46.6453604 -23.6537995, -46.6451313 -23.653425, -46.6451938 -23.6533952, -46.6451371 -23.6533171, -46.645307 -23.6532351, -46.6459604 -23.6529168))",860,,Avenida Francisco de Paula Quintanilha Ribeiro,hospital,hospital,Hospital Municipal Arthur Ribeiro de Saboya,+55 11 3394-8380,2081970,,,,,,,São Paulo,,Jabaquara,,,,,,,yes,,,,,,,,,,,,,,,,,,general;surgery;paediatrics;psychiatry,,,,,,,,,,,,,,,hospital,,Hospital Jabaquara,,,BR46392130000380,,,,,,,,,,,,,,,,,,,,,,,,,,,,,,,,,,,,,,,,,,,,,,,,,
"POLYGON ((-46.6410291 -23.5818551, -46.6415333 -23.5820339, -46.6413666 -23.5823916, -46.6413727 -23.5824214, -46.6413463 -23.5824456, -46.6413036 -23.5825332, -46.6412751 -23.5825201, -46.6412588 -23.582535, -46.6412304 -23.582535, -46.6411755 -23.5824754, -46.6411572 -23.5824941, -46.641084 -23.5824922, -46.6407974 -23.5823841, -46.6410291 -23.5818551))",1190,04013-004,Rua Cubatão,hospital,hospital,Hospital Santa Rita,+55 11 5908-6000,2082535,BR60882289000141,https://www.hospitalsantarita.com.br/,,,,,,,,,,,,,,yes,,,,,,,,,,,,,,,,,,,,,,,,,,,,,,,,,,,,,,,,,,,,,,,,,,,,,,,,,,,,,,,,,,,,,,,,,,,,,,,,,,,,,,,
"POLYGON ((-46.6229463 -23.5664336, -46.6227019 -23.5652537, -46.6213769 -23.5654844, -46.6216214 -23.5666642, -46.6218535 -23.5666238, -46.6218971 -23.5666162, -46.6229463 -23.5664336))",356,01538-900,Avenida Lins de Vasconcelos,hospital,hospital,Hospital e Maternidade Santa Maria da Cruz Azul,+55 11 3348 4000,2078589,BR62106505000192,,yes,,,,,,,,,,,,,yes,,,,Associação Cruz Azul de São paulo,,Hospital Cruz Azul,1925-07-28,,,,,,,yes,,,,maternity,,,,,,,,private,,,,,,,,,,,,,,,,,,yes,,,,,,,,,,,,,,,,,,,,,,,,,,,,,,,,,,,,,,,,,,,
"POLYGON ((-46.4066739 -23.5514754, -46.4064284 -23.5521168, -46.4062502 -23.5526458, -46.4060443 -23.5526674, -46.4057854 -23.552689, -46.4056324 -23.5527807, -46.4040556 -23.5537353, -46.4034789 -23.5528939, -46.4052152 -23.5519546, -46.4063444 -23.5514053, -46.406462 -23.5513729, -46.4065738 -23.5513891, -46.4066739 -23.5514754))",,,,hospital,hospital,Hospital Geral Jesus Teixeira da Costa,,,,,,,,,São Paulo,,,,,,,,,,,,,,,,,,,,,,,,,,,general,,,,,,wall,,,,,,,,,,,Hospital Geral de Guaianazes,,,,,,,,,,,,,,,,,,,,,,,,,,,,,,,,,,,,,,,,,,,,,,,,,,,,
"POLYGON ((-46.4037871 -23.5380242, -46.4033846 -23.5377793, -46.4033911 -23.5377703, -46.4032082 -23.5376589, -46.4033562 -23.5374544, -46.4031147 -23.5373074, -46.4025351 -23.5381082, -46.4032288 -23.5385303, -46.4034995 -23.5384215, -46.4037871 -23.5380242))",189,08451-010,Rua Cabo José Teixeira,hospital,hospital,Hospital Central de Guaianases,+55 11 2551-5151,,,http://www.hospitalcentralguaianases.com.br,limited,,,,São Paulo,,Vila Yolanda,,,,,,,yes,,,,,,,1974,,,,,,,,,,,cardiology;geriatrics;gynaecology;otolaryngology;radiology;orthopaedics;oncology;urology;plastic_surgery;ophthalmology;nephrology;general;dermatology;pediatrics;psychiatry;maternity,,,,,,,,,,BR,,,,,,,,,,,,,,,,,,,,,,,,,,,,,,,,,,,,,,,,,,,,,,,,,,,,,,,,,,,
"POLYGON ((-46.6405776 -23.5814064, -46.6402589 -23.5811433, -46.6400511 -23.5813974, -46.6399344 -23.5812943, -46.6398399 -23.5813904, -46.6401173 -23.5816156, -46.6400865 -23.5816523, -46.6402663 -23.5817869, -46.6405776 -23.5814064))",113,04013-060,Rua Azevedo Macedo,hospital,hospital,Hospital da Luz,+55 11 2117-6000,3367371,BR51722957000506,https://www.hospitaldaluz.com.br/,,,,,,,,,,,,,,,,,,,,,,,,,,,,,,,,,,,,,,,,,,,,,,,,,,,,,,,,,,,,,,,,,,,,,,,,,,,,,,,,,,,,,,,,,,,,,,,,,,,,,
"POLYGON ((-46.6447405 -23.5795442, -46.6444932 -23.5794602, -46.6444322 -23.579611, -46.6443435 -23.5795809, -46.6442736 -23.5797538, -46.6446096 -23.579868, -46.6447405 -23.5795442))",,,,hospital,hospital,Hospital São Rafael,,,,,yes,,,,,,,,,,,,,,,,,,,,,,,,,,,,,,,,,,,,,,,,,,,,,,,,,,,,,,,,,,,,,,,,,,,,,,,,,,,,,,,,,,,,,,,,,,,,,,,,,,,,
"POLYGON ((-46.6385434 -23.5649828, -46.6382181 -23.5645989, -46.63801 -23.5646377, -46.6379579 -23.5646474, -46.6378407 -23.5647527, -46.6376874 -23.5645538, -46.6376729 -23.564535, -46.6373883 -23.5647045, -46.6373196 -23.5645952, -46.6371652 -23.5645952, -46.6367586 -23.5649194, -46.6370269 -23.5652511, -46.6369131 -23.5653405, -46.63734 -23.5658808, -46.6385434 -23.5649828))",211,01509-010,Rua Professor Antônio Prudente,hospital,hospital,Hospital A C Camargo Câncer Center,,9435425,BR60840055039771,,,Q10298335,pt:A.C.Camargo Cancer Center,,,,,http://www.facebook.com/accamargocancercenter,,,@haccamargo,http://www.youtube.com/user/accamargovideos,,yes,,,,,,,1953-04-23,,,,,+55 11 2189-5000,http://www.accamargo.org.br/,,,,,,,,,,,,,,,BR,Hospital Antônio Cândido de Camargo Câncer Center,,,,,,,,,,,,http://www.linkedin.com/company/accamargo,,,,,,,,,,,,,,,,,,,,,,,,,,,,,,,,,,,,,,,,,,,,,,
"POLYGON ((-46.6105471 -23.4769584, -46.6102333 -23.4766747, -46.6101317 -23.4762234, -46.6104734 -23.4759541, -46.6107067 -23.4762149, -46.6109093 -23.4762774, -46.6110602 -23.4764068, -46.6109817 -23.4764557, -46.6109159 -23.4764644, -46.6108025 -23.4765319, -46.6106728 -23.4766338, -46.6106813 -23.4767011, -46.6105471 -23.4769584))",2398,02340-000,Avenida Nova Cantareira,hospital,hospital,Hospital Presidente,+55 11 2261-6611,2077604,BR61644647000140,https://www.hospitalpresidente.com.br/,,,,,São Paulo,,Tucuruvi,https://www.facebook.com/hospitalpresidente,,https://www.instagram.com/hospitalpresidenteoficial,,,,yes,,,,,,,,,,,,,,,,,,,,,,,,,,,,,,,,,,,,,,,,,,,,,,,,,,,,,,,,,,,,,,,,,,,,,,,,,,,,,,,,,,,,,,,
"POLYGON ((-46.5998733 -23.5468659, -46.5994737 -23.5470442, -46.5994763 -23.5473503, -46.599479 -23.5476466, -46.5995085 -23.5483719, -46.5997137 -23.5483609, -46.6000114 -23.5483412, -46.6003635 -23.5483037, -46.6003977 -23.5482472, -46.6005928 -23.5478261, -46.6007866 -23.5473878, -46.6006643 -23.5473179, -46.6003764 -23.5471534, -46.5998733 -23.5468659))",2576,01230-010,Avenida Alcântara Machado,hospital,hospital,Instituto Brasileiro de Controle do Câncer,+55 11 3474-4222;+55 11 3474-4200;+55 11 3474-1119,,,https://ibcc.org.br/,,Q30299005,,,Mooca,,Mooca,https://www.facebook.com/ibcconcologia,,https://www.instagram.com/ibcconcologia,https://twitter.com/ibcconcologia,https://www.youtube.com/channel/UCRO1WHaA3i03c8Ap1mduuWA,sac@ibcc.org.br,,,,,,,IBCC,,,,,,,,,,,,,,,,,,,,,,,,,,,,,,,,,,,https://www.linkedin.com/company/instituto-brasileiro-de-controle-do-c%C3%A2ncer/,,,,,,,,,,,,,,,,,,,,,,,,,,,,,,,,,,,,,,,,,,,,,,
"POLYGON ((-46.5854642 -23.5515025, -46.5854286 -23.5514663, -46.585337 -23.5513732, -46.5853106 -23.5513462, -46.585209 -23.5512429, -46.5851777 -23.551211, -46.5848569 -23.551479, -46.5847947 -23.551531, -46.5846359 -23.5516636, -46.5844531 -23.551817, -46.5852474 -23.5526263, -46.5857068 -23.5522438, -46.5859768 -23.552019, -46.5856151 -23.551655, -46.5855928 -23.5516326, -46.5854642 -23.5515025))",1757,03173-010,Rua Siqueira Bueno,hospital,hospital,Hospital Infantil Cândido Fontoura,+55 11 2603 5300,,,,,Q10298405,pt:Hospital Infantil Cândido Fontoura,,São Paulo,,Água Rasa,,,,,,,yes,,,24/7,Governo do Estado de São Paulo,Q10290787,,1958-09-30,,,,,,,,,,,paediatrics,File:Hospital Infantil Cândido Fontoura.jpg,,,,,,,government,,,,,,,,,,,,,,,,,,,,,,,,,,,,,,,,,,,,,,,,,,,,,,,,,,,,,,,,,,,,,
"POLYGON ((-46.6716291 -23.4820334, -46.6716388 -23.4812834, -46.6705914 -23.4812995, -46.670517 -23.4811055, -46.6705659 -23.4810877, -46.6715709 -23.4807208, -46.6717649 -23.4807758, -46.6719621 -23.4808437, -46.6721496 -23.4808534, -46.6730709 -23.4805257, -46.6730714 -23.4806459, -46.6730703 -23.4806933, -46.6730654 -23.4808114, -46.6730129 -23.4821415, -46.6729287 -23.4821756, -46.6716291 -23.4820334))",,,Avenida Deputado Emílio Carlos,hospital,hospital,Hospital Geral Cachoeirinha,+55 11 3859 4822,,,,,,,,São Paulo,,Vila Espanhola,,,,,,,yes,,,,Santa Casa de Misericórdia de Chavantes,,,,,,,,,,,,,,general;ginecologia;paediatrics,,,,,,,,private_non_profit,,,,,,,,,,,,,,,,,,,,,,,,,,,,,,,,,,,,,,,,,,,,,,,,,,,,,,,,,,,,,
"POLYGON ((-46.7496841 -23.6487122, -46.7481579 -23.6480955, -46.7477743 -23.6487294, -46.7492811 -23.6494621, -46.7496841 -23.6487122))",1661,05835-005,Estrada de Itapecerica,hospital,hospital,Hospital Municipal Doutor Fernando Mauro Pires da Rocha,+55 11 3394 7460,2786680,BR46392148003054,https://www.prefeitura.sp.gov.br/cidade/secretarias/saude/autarquia_hospitalar_municipal/unidades_da_ahm/index.php?p=17056,yes,,,,São Paulo,,Vila Maracanã,,,,,,comunicacaohmcl@prefeitura.sp.gov.br,yes,,,,,,,,,,,,,,,,,,,,,,,,,,,,,,,,,,,Hospital Municipal Campo Limpo,,,BR46392130000380,,,,,,,,,,,,,,,,,,,,,,,,,,,,,,,,,,,,,,,,,,,,,,,,,
"POLYGON ((-46.7061311 -23.6550869, -46.7059657 -23.6550531, -46.7057377 -23.6554087, -46.7056314 -23.6557107, -46.7058151 -23.6557489, -46.7059879 -23.6557891, -46.7061311 -23.6550869))",270,,Rua General Roberto Alves de Carvalho Filho,hospital,hospital,Hospital Regional Sul,,,,,,,,,,,,,,,,,,,,,,,,,,,,,,,,,,,,,,,,,,,,,,,,,,,,,,,,,,,,,,,,,,,,,,,,,,,,,,,,,,,,,,,,,,,,,,,,,,,,,,,,,
"POLYGON ((-46.7041577 -23.6504055, -46.7042677 -23.6505455, -46.7040263 -23.6506979, -46.7039082 -23.6505578, -46.7041577 -23.6504055))",,,,hospital,hospital,Pronto Socorro Santa Casa de Santo Amaro,,,,,,,,,,,,,,,,,,,,,,,,,,,,,,,,,,,,,,,,,,,,,,,,,,,,,,,,,,,,,,,,,,,,,,,,,,,,,,,,,,,,,,,,,,,,,,,,,,,,,,,,,
"POLYGON ((-46.3893978 -23.493387, -46.3884713 -23.4924736, -46.3883458 -23.4923727, -46.3882358 -23.4923373, -46.3879965 -23.4921302, -46.3887415 -23.4914681, -46.3890156 -23.4917425, -46.3888457 -23.4918948, -46.3890407 -23.4920824, -46.3891179 -23.4920222, -46.3900733 -23.4929002, -46.3899547 -23.4929951, -46.3899132 -23.492952, -46.3893978 -23.493387))",6035,08115-100,Avenida Marechal Tito,hospital,hospital,Hospital Santa Marcelina do Itaim Paulista O.S.S,+55 11 2563-6300,2077620,BR46374500014144,https://santamarcelina.org/hospital/estrutura/oss-santa-marcelina-do-itaim-paulista-oss/,,,,,São Paulo,,Itaim Paulista,,,,,,,yes,,,,,,,1998,,,,,,,,,,,,,,,,,,,,,BR,,,,,,,,,,BR46374500000194,,,,,,,,,,,,,,,,,,,,,,,,,,,,,,,,,,,,,,,,,,,,,,,,,
"POLYGON ((-46.7006298 -23.5238767, -46.7012243 -23.5238617, -46.7013142 -23.5238595, -46.7014234 -23.5238563, -46.7017823 -23.5238531, -46.7018213 -23.5238808, -46.702029 -23.5247315, -46.7019927 -23.5247736, -46.7006887 -23.5248083, -46.7006574 -23.524773, -46.7006559 -23.5247367, -46.7006115 -23.523959, -46.7006083 -23.5239028, -46.7006298 -23.5238767))",380,05049-000,Rua Catão,hospital,hospital,Hospital Central Sorocabana,,6998208,,,,,,,São Paulo,,,,,,,,,yes,,,,,,,,,,,,,,,,,,,,,,,,wall,,,,,,,,,,,,,,BR46392130000380,,,,,,,yes,,,,,,,,,,,,,,,,,,,,,,,,,,,,,,,,,,,,,,,,,,
"POLYGON ((-46.704664 -23.651681, -46.7044792 -23.6514693, -46.7048674 -23.6512351, -46.7050153 -23.6514693, -46.704664 -23.651681))",41,,Rua Promotor Gabriel Nettuzzi Perez,hospital,hospital,Ambulatório Regional Sul,,,,,,,,,,,,,,,,,,yes,,,24/7,,,UPA Santo Amaro,,,,,,,,,,,,,,,,,,,,,,,Unidade de Pronto Atendimento Santo Amaro,,,,,,,,,,,,,,,,,,,,,,,,,,,,,,,,,,,,,,,,,,,,,,,,,,,,,,,,,,
"POLYGON ((-46.7093364 -23.6505213, -46.709388 -23.650298, -46.7099318 -23.6503108, -46.7099037 -23.6505621, -46.7093364 -23.6505213))",,,,hospital,hospital,Hospital Alvorada,,,,,,,,,,,,,,,,,,,,,,,,,,,,,,,,,,,,,,,,,,,,,,,,,,,,,,,,,,,,,,,,,,,,,,,,,,,,,,,,,,,,,,,,,,,,,,,,,,,,,,,,,
"POLYGON ((-46.6439823 -23.5726661, -46.6435842 -23.5725122, -46.643321 -23.5730546, -46.6432038 -23.5730093, -46.6431568 -23.5729911, -46.6430776 -23.5729605, -46.6430535 -23.5729512, -46.642972 -23.5729197, -46.6429182 -23.5728989, -46.6428633 -23.5730083, -46.6429907 -23.5730615, -46.6430186 -23.5730724, -46.6431714 -23.573132, -46.64327 -23.5731705, -46.6432976 -23.5731811, -46.6433374 -23.5731966, -46.6435081 -23.5732626, -46.6435313 -23.5732707, -46.6434038 -23.5735422, -46.6434149 -23.5735462, -46.6434025 -23.5735742, -46.6435022 -23.5736135, -46.6435132 -23.5735883, -46.6435326 -23.5735954, -46.6436761 -23.5732805, -46.6437368 -23.5731511, -46.6442043 -23.5733329, -46.6443714 -23.5729698, -46.6439224 -23.5727962, -46.6439823 -23.5726661))",,,,hospital,hospital,Hospital do Coração,,,,,,Q53679606,pt:Hospital do Coração (São Paulo),,,,,,,,,,,yes,,,,,,,,,,,,,http://www.hcor.com.br,,,,,,,,,,,,,,,,,,,,,,,,,,,,,,,,,,,,,,,,,,,,,,,,,,,,,,,,,,,,,,,,,,,,,,,,,,
"POLYGON ((-46.6333402 -23.5969634, -46.6333212 -23.5973309, -46.6333105 -23.5974021, -46.6333081 -23.5974991, -46.6333073 -23.5975202, -46.6329618 -23.5976134, -46.6326258 -23.5977174, -46.6325436 -23.5977624, -46.6324698 -23.5978019, -46.6324002 -23.5978289, -46.6317584 -23.59798, -46.6317345 -23.5979863, -46.6317208 -23.5974505, -46.6317084 -23.5970439, -46.6317128 -23.59703, -46.6317212 -23.5970193, -46.6317379 -23.597014, -46.6317586 -23.5970117, -46.6325083 -23.5969445, -46.6329121 -23.596919, -46.6331227 -23.596929, -46.6333132 -23.59694, -46.6333402 -23.5969634))",398,04122-000,Rua Santa Cruz,hospital,hospital,Hospital Santa Cruz,+55 11 5080-2000,2082624,BR60552098000111,https://www.hospitalsantacruz.com.br/,,,,,São Paulo,,Vila Mariana,,,,,,,yes,,,,Sociedade Brasileira e Japonesa de Beneficência Santa Cruz,,,,,,,,,,,,,,,,,,,,,,,,,,,,,,http://www.hospitalsantacruz.com.br/hospital/historia/,,,,,,,,,,,,,,,,,,,,,,,,,,,,,,,,,,,,,,,,,,,,,,,,,,,,,
"POLYGON ((-46.6768768 -23.5520037, -46.6771709 -23.5521806, -46.6773057 -23.5519902, -46.6770746 -23.5518511, -46.6770768 -23.551848, -46.6768955 -23.5517388, -46.6768558 -23.5517949, -46.6767584 -23.5519325, -46.6768768 -23.5520037))",148,05410-030,Rua Galeno de Almeida,hospital,hospital,Instituto de Tratamento do Câncer Infantil,+55 11 2661-8962,,,https://www.itaci.org.br/,,,,,São Paulo,,,,,,,,,,,,,,,ITACI,,,,,,,,,,,,,,,,,,,,,,,,,,,yes,,,,,,,,,,29.3,,,,,,,,,,,,,,,,,,,,,,,,,,,,,,,,,,,,,,,,,,,,
"POLYGON ((-46.6437957 -23.5695942, -46.6438132 -23.5692992, -46.6437658 -23.5692953, -46.6437693 -23.5692418, -46.6437238 -23.5692408, -46.6437284 -23.5691534, -46.6437323 -23.5690806, -46.6437797 -23.569081, -46.6437832 -23.5690269, -46.6438343 -23.5690277, -46.6438464 -23.5688591, -46.6436862 -23.5686879, -46.6435606 -23.5685499, -46.6435327 -23.5685461, -46.6434756 -23.5685495, -46.6434811 -23.5686495, -46.6433443 -23.5686558, -46.6433433 -23.5686377, -46.6432529 -23.5686419, -46.6432561 -23.5687019, -46.6431798 -23.5687054, -46.6431764 -23.5686406, -46.6431637 -23.5686412, -46.6431595 -23.5685641, -46.6431233 -23.5685646, -46.6430686 -23.5685676, -46.6422763 -23.5685996, -46.6422382 -23.5686289, -46.6422077 -23.56905, -46.6421872 -23.5693976, -46.6421621 -23.5697221, -46.6421804 -23.5697291, -46.6421713 -23.5698407, -46.6421817 -23.5698415, -46.6421887 -23.5697415, -46.6422545 -23.5697453, -46.6422474 -23.5698464, -46.6422502 -23.5698466, -46.6424002 -23.5698576, -46.6423967 -23.5698995, -46.6423945 -23.5699271, -46.6423934 -23.5699403, -46.6424372 -23.5699431, -46.6424424 -23.5698748, -46.6425343 -23.5698808, -46.6425247 -23.5700064, -46.6425395 -23.5700074, -46.6425568 -23.5700084, -46.6425605 -23.5699549, -46.642551 -23.5699544, -46.642556 -23.5698798, -46.6426054 -23.5698827, -46.6425986 -23.5699825, -46.6426291 -23.5699843, -46.6426263 -23.5700259, -46.6426396 -23.5700267, -46.6426458 -23.5699315, -46.6426487 -23.5698881, -46.6427023 -23.569891, -46.6428442 -23.5698987, -46.6430463 -23.5699098, -46.6431158 -23.5699135, -46.6431856 -23.5699174, -46.6432509 -23.5699209, -46.6433161 -23.5699245, -46.643394 -23.5699288, -46.6435633 -23.569938, -46.643629 -23.5699416, -46.6436909 -23.569945, -46.6437747 -23.5699496, -46.6437935 -23.5696327, -46.6437957 -23.5695942))",331,01323-020,Rua João Julião,hospital,hospital,Hospital Alemão Oswaldo Cruz,+55 11 3549-1000,2076950,BR60726502000126,http://www.hospitalalemao.org.br,yes,Q10298341,,,São Paulo,,,,,,,,,yes,,,,,,,,,,,,,,,,,,,,,,,,wall,2025-02-04,private_non_profit,,,,,,,,,,,,,,wlan,,,,,,customers,O muro não é contínuo. Ajustar no futuro.,yes,yes,yes,,,,,,,,,,,,,,,,,,,,,,,,,,,,,,,,,,,,,
"POLYGON ((-46.5669771 -23.532694, -46.5661071 -23.5324836, -46.5659039 -23.5332065, -46.5658865 -23.5332728, -46.5658105 -23.5335365, -46.5666837 -23.5337538, -46.5667221 -23.533617, -46.5669771 -23.532694))",4815,,Avenida Celso Garcia,hospital,hospital,Hospital Municipal Doutor Cármino Caricchio,,,,,,,,,São Paulo,SP,Tatuapé,,,,,,,yes,,,,,,,1969-01-24,,,,,,,,,,,,,,,,,,,,,BR,Hospital Municipal do Tatuapé,,,,,,Hospital do Tatuapé,,,,,,,,,,,,,,,,,,,,,,,,,,,,,,,,,,,,,,,,,,,,,,,,,,,,
"POLYGON ((-46.6051399 -23.5463005, -46.6048315 -23.5461248, -46.6047971 -23.546117, -46.6047622 -23.5461257, -46.604109 -23.5469363, -46.6041049 -23.5469686, -46.6041183 -23.5469903, -46.6044737 -23.5472084, -46.6047125 -23.5468985, -46.6048249 -23.5467432, -46.6051399 -23.5463005))",1954,,Rua Bresser,hospital,hospital,Hospital e Maternidade Salvalus,+55 11 2662-2000;+55 11 94704-7590,,,https://www.gndi.com.br/unidades/hospital-e-maternidade-salvalus,yes,,,Hospital e Maternidade Salvalus,,,Mooca,,,,,,sac@hospitalsalvalus.com.br,yes,,,24/7,Hapvida NotreDame,,,,,,,,,,,,,,general,,,,,,,2025-10-28,private,,,,,,,,,,,,,,wlan,,,,,,customers,,yes,yes,yes,Hapaixonados por vc,,,,,,,,,,,,,,,,,,,,,,,,,,,,,,,,,,,,
"POLYGON ((-46.6628389 -23.5388438, -46.6627584 -23.5386899, -46.6626429 -23.5384769, -46.6627832 -23.5383475, -46.6627597 -23.5382974, -46.6626386 -23.5380395, -46.6625888 -23.5379333, -46.6615474 -23.5388908, -46.6615174 -23.5389203, -46.6615074 -23.5389437, -46.6614999 -23.5389711, -46.6615612 -23.5400433, -46.6617732 -23.5398782, -46.6618003 -23.5398575, -46.6618588 -23.5398154, -46.6618332 -23.5397827, -46.661871 -23.5397515, -46.6618988 -23.5397826, -46.6619256 -23.5397622, -46.6619722 -23.5397267, -46.6619629 -23.5396631, -46.6619591 -23.5396322, -46.6620144 -23.5395966, -46.6619521 -23.5395288, -46.6619637 -23.5395198, -46.6621732 -23.5393754, -46.6622841 -23.5392952, -46.6624478 -23.5391659, -46.6626749 -23.538977, -46.6626938 -23.5389627, -46.6628389 -23.5388438))",1486,01232-010,Rua Conselheiro Brotero,hospital,hospital,Hospital Samaritano,,,,,,,pt:Hospital Samaritano de São Paulo,,São Paulo,SP,Santa Cecília,,,,,,,yes,,,,,,,1894-01-25,,,,,+55 11 3821-5300,https://samaritano.com.br,,,,,,,,,,,wall,,,,BR,,,,,,,,,,,,,,,,,,,,,,,,,,,,,,,,,,,,,,,,,,,,,,,,,,,,,,,,,,,
"POLYGON ((-46.6462695 -23.5694631, -46.6461362 -23.5693175, -46.6461208 -23.569301, -46.646105 -23.5692836, -46.646 -23.5691699, -46.6458588 -23.5690168, -46.6458322 -23.568988, -46.6456851 -23.5688286, -46.6456548 -23.5687957, -46.6456218 -23.5688214, -46.6454768 -23.5689337, -46.6451521 -23.5691928, -46.6444518 -23.5697514, -46.6443888 -23.5698018, -46.6444114 -23.5698262, -46.6444368 -23.5698537, -46.644503 -23.5699255, -46.6445145 -23.5699379, -46.64457 -23.569998, -46.6446002 -23.5700308, -46.6446951 -23.5701336, -46.6449926 -23.5704452, -46.6453641 -23.5701513, -46.6457206 -23.5698798, -46.6459916 -23.5696734, -46.6462695 -23.5694631))",200,01310-000,Avenida Paulista,hospital,hospital,Hospital Santa Catarina,+55 11 3016-4133,2688603,BR60922168000771,,,Q10298462,pt:Hospital Santa Catarina,,São Paulo,,Bela Vista,,,,,,,yes,,,,,,,,,,,,+55 11 3016-4133,http://www.hospitalsantacatarina.org.br/Paginas/Default.aspx,,,,,,Category:Hospital Santa Catarina,,,,,,,,,,,,,,,,,,+55 11 3016-4413,,,,,,,,,,,,,,,,,,,,,,,,,,,,,,,,,,,,,,,,,,,,,,,,,,
"POLYGON ((-46.650836 -23.5423873, -46.6508262 -23.5420382, -46.6506874 -23.5420415, -46.6506917 -23.5421957, -46.6506944 -23.5422918, -46.6506357 -23.5422932, -46.6506384 -23.5423869, -46.6506725 -23.5423861, -46.6506721 -23.5423713, -46.6508077 -23.542368, -46.6508083 -23.5423879, -46.650836 -23.5423873))",,,,hospital,hospital,Departamento de Cirurgia,,,,,yes,,,,,,,,,,,,,no,,,,,,,,,,,,,,,,,,,,,,,,,,,,,,,,,yes,,,,,,,,,,21.22,,,,,,,,,,,,,,,,,,,,,,,,,,,,,,,,,,,,,,,,,,,,
"POLYGON ((-46.6508261 -23.5430172, -46.6508083 -23.5423879, -46.6508077 -23.542368, -46.6506721 -23.5423713, -46.6506725 -23.5423861, -46.6506787 -23.542606, -46.6506618 -23.5426064, -46.6506674 -23.5428055, -46.6506882 -23.542805, -46.6506943 -23.5430233, -46.6506947 -23.5430385, -46.6508266 -23.5430353, -46.6508261 -23.5430172))",311,01238-010,Rua Dona Veridiana,hospital,hospital,Hospital Santa Isabel,,,,https://hospitalhsi.com.br/,yes,Q10298464,pt:Hospital Santa Isabel (Blumenau),,São Paulo,,Higienópolis,,,,,,,yes,,,24/7,Rede D'Or,,,,,,,,,,,,,,general;emergency;gynaecology;intensive;radiology,,,"O Hospital Santa Isabel, unidade particular que era até 2022 vinculada à Irmandade da Santa Casa de Misericórdia de São Paulo. Foi adquirido pela Rede D’Or em novembro de 2021 e assumiu o controle em fevereiro de 2022.",,,,,private,,,,,,,,,,,,,,wlan,,,41.11,,,,,,,,,,,,,,,,,,,,,,,,,,,,,,,,,,,,,,,,,,,,
"POLYGON ((-46.6508584 -23.5430165, -46.6508543 -23.5427994, -46.6508863 -23.5427979, -46.6508844 -23.5427639, -46.6508525 -23.5427654, -46.6508516 -23.5427483, -46.6508974 -23.5427461, -46.6508947 -23.5426962, -46.6508924 -23.5426553, -46.6508511 -23.5426573, -46.650836 -23.5423873, -46.6508083 -23.5423879, -46.6508261 -23.5430172, -46.6508584 -23.5430165))",311,01238-010,Rua Dona Veridiana,hospital,hospital,Hospital Santa Isabel,,,,https://hospitalhsi.com.br/,yes,Q10298464,pt:Hospital Santa Isabel (Blumenau),,São Paulo,,Higienópolis,,,,,,,yes,,,24/7,Rede D'Or,,,,,,,,,,,,,,general;emergency;gynaecology;intensive;radiology,,,"O Hospital Santa Isabel, unidade particular que era até 2022 vinculada à Irmandade da Santa Casa de Misericórdia de São Paulo. Foi adquirido pela Rede D’Or em novembro de 2021 e assumiu o controle em fevereiro de 2022.",,,,,private,,,,,,,,,,,,,,wlan,,,5.13,,,,,,,,,,,,,,,,,,,,,,,,,,,,,,,,,,,,,,,,,,,,
"POLYGON ((-46.6508584 -23.5430165, -46.6508261 -23.5430172, -46.6508266 -23.5430353, -46.6506947 -23.5430385, -46.6506943 -23.5430233, -46.6506574 -23.5430242, -46.6506599 -23.5431123, -46.6506696 -23.5431121, -46.6506708 -23.5431556, -46.650696 -23.543155, -46.6506949 -23.5431198, -46.6507191 -23.5431193, -46.6507261 -23.5433691, -46.6508681 -23.5433657, -46.6508584 -23.5430165))",,,,hospital,hospital,Departamento de Obstetrícia e Ginecologia,,,,,,Q10303688,pt:Irmandade da Santa Casa de Misericórdia de São Paulo,,,,,,,,,,,yes,,,,,,,,,,,,,,,,,,,Category:Irmandade da Santa Casa de Misericórdia de São Paulo,,,,,,,,,,,,,,yes,,,,,,,,,,20.08,,,,,,,,,,,,,,,,,,,,,,,,,,,,,,,,,,,,,,,,,,,,
"POLYGON ((-46.6499887 -23.5433824, -46.6499842 -23.5432418, -46.6499799 -23.5430946, -46.649974 -23.5430936, -46.6499232 -23.5430948, -46.6499222 -23.5430888, -46.6499211 -23.5430487, -46.6499172 -23.5430456, -46.6498882 -23.5430464, -46.6498846 -23.5430497, -46.649886 -23.5430965, -46.6498576 -23.5430978, -46.6498286 -23.5430985, -46.6498263 -23.543103, -46.6498341 -23.5433875, -46.6499887 -23.5433824))",112,01222-020,Rua Doutor Cesário Mota Júnior,hospital,hospital,Pronto Socorro Central - Santa Casa de São Paulo,,,,,,Q10303688,pt:Irmandade da Santa Casa de Misericórdia de São Paulo,,São Paulo,,Vila Buarque,,,,,,,yes,,,,Santa Casa de São Paulo,,,,,,,,,,,,,,,Category:Irmandade da Santa Casa de Misericórdia de São Paulo,,,,,,,public,,,,,,,,,,,,,,,,,3.89,,,,,,,,,,,,,,,,,,,,,,,,,,,,,,,,,,,,,,,,,,,,
"POLYGON ((-46.6730709 -23.4805257, -46.6730859 -23.480344, -46.6730898 -23.4802681, -46.6727129 -23.4799353, -46.6724797 -23.4797775, -46.6722466 -23.4796652, -46.6720513 -23.4795957, -46.6719055 -23.4796011, -46.6717802 -23.4796144, -46.6717094 -23.4795042, -46.671684 -23.4794647, -46.6714471 -23.4795392, -46.6712499 -23.4795288, -46.6709738 -23.4794983, -46.6706066 -23.4794577, -46.6699537 -23.4793878, -46.6701799 -23.4799566, -46.6700662 -23.4799941, -46.6705659 -23.4810877, -46.6715709 -23.4807208, -46.6717649 -23.4807758, -46.6719621 -23.4808437, -46.6721496 -23.4808534, -46.6730709 -23.4805257))",3100,,Avenida Deputado Emílio Carlos,hospital,hospital,Hospital Maternidade Cachoeirinha,,,,,,,,,São Paulo,,Vila Nova Cachoeirinha,,,,,,,yes,,,,Secretaria Municipal da Saúde,,,,,,,,,,,,,,neonatal;obstetrícia,,,,,,,,government,,,,,,,,,,,,,,,,,,,,,,,,,,,,,,,,,,,,,,,,,,,,,,,,,,,,,,,,,,,,,
"POLYGON ((-46.6476788 -23.5605217, -46.6470194 -23.5604526, -46.6470686 -23.5600095, -46.6470813 -23.5600101, -46.6470914 -23.560011, -46.6472593 -23.5600259, -46.6475644 -23.560053, -46.6476823 -23.5603604, -46.6476981 -23.5604196, -46.6476788 -23.5605217))",251,01329-000,Rua dos Franceses,hospital,hospital,Hospital Municipal Infantil Menino Jesus,,2078325,BR46392148001434,,,,,,São Paulo,São Paulo,,,,,,,,yes,,,,,,HMIMJ,,,,,,+55 11 3016-0500,http://www.prefeitura.sp.gov.br/cidade/secretarias/saude/hospital_municipal_infantil_menino_jesus/,,,,,paediatrics,,,,,,,,,,BR,,,,,,,,,+55 11 3016-0501,BR46392130000380,,,,,,,,,,,,,,,,,,,,,,,,,,,,,,,,,,,,,,,,,,,,,,,,,
"POLYGON ((-46.5692959 -23.5069671, -46.5689841 -23.5069722, -46.5689886 -23.5072075, -46.568686 -23.5072125, -46.5687006 -23.5079688, -46.5693152 -23.5079588, -46.5692959 -23.5069671))",100,02189-000,Rua Pistoia,hospital,hospital,Hospital Nipo-Brasileiro,+55 11 2633-2200,2089777,BR60992427000650,http://www.hospitalnipo.org.br/,,,,,São Paulo,,Jardim Novo Mundo,https://www.facebook.com/hospitalnipobrasileiro,,,,,,yes,,,,Beneficência Nipo-Brasileira de São Paulo,,HNB,1988-06-16,,,,,,,,,,,acupuncture;paediatrics;surgery;ophthalmology;oncology;neurology;maternity,,,,,,,,,,,,,,,,,,,,,,,,,,,,,,,,,,,,,,,,,,,,,,,,,,,,,,,,,,,,,,,,,,,,,
"POLYGON ((-46.6300171 -23.5521118, -46.6300833 -23.552165, -46.6301013 -23.552146, -46.6301332 -23.5521716, -46.6301152 -23.5521907, -46.6301811 -23.5522437, -46.630265 -23.5521586, -46.6301974 -23.5521032, -46.6301785 -23.5521231, -46.6301503 -23.5521004, -46.6301695 -23.5520801, -46.6300997 -23.552022, -46.6300601 -23.552065, -46.6300171 -23.5521118))",180,01019-020,Rua do Carmo,hospital,hospital,Ambulatório do Sindicato dos Metalúrgicos de São Paulo,,,,,,,,,São Paulo,,,,,,,,,,,,,,,,,,,,,,,,,,,,,,,,,,,,,,,,,,yes,,,,,,,,,,29.144,,,,,,,,,,,,,,,,,,,,,,,,,,,,,,,,,,,,,,,,,,,,
"POLYGON ((-46.6519754 -23.602556, -46.6519957 -23.6025063, -46.6520268 -23.6024301, -46.6520572 -23.6023556, -46.6520079 -23.6023394, -46.6519973 -23.6023693, -46.6520277 -23.60238, -46.6520242 -23.6023877, -46.6520134 -23.6023834, -46.6519856 -23.6024416, -46.6519712 -23.602436, -46.6519546 -23.6024756, -46.651946 -23.6025047, -46.6519237 -23.6024983, -46.6519821 -23.6022858, -46.6520162 -23.6022531, -46.6519828 -23.6022275, -46.6518416 -23.6023415, -46.6515798 -23.602071, -46.6515841 -23.6021133, -46.6516176 -23.6021581, -46.6515926 -23.6022193, -46.6516047 -23.6023587, -46.6516571 -23.6023564, -46.6516776 -23.6025131, -46.6516971 -23.6025213, -46.6517173 -23.6025707, -46.6517393 -23.6025698, -46.6517418 -23.6026177, -46.6517389 -23.6026311, -46.6517241 -23.6026329, -46.6517187 -23.6026393, -46.6517245 -23.6026826, -46.6517208 -23.6026973, -46.6517047 -23.602696, -46.6517013 -23.6027037, -46.6517049 -23.6027497, -46.6518403 -23.6027821, -46.6518865 -23.6026228, -46.6519091 -23.6026291, -46.651858 -23.6028161, -46.6518608 -23.6028168, -46.6518989 -23.6028262, -46.6519076 -23.6027624, -46.651908 -23.6027597, -46.6519243 -23.6026853, -46.6519249 -23.6026837, -46.6519507 -23.6026166, -46.6519644 -23.6025829, -46.6519754 -23.602556))",1100,,Avenida Rubem Berta,hospital,hospital,Hospital Ruben Berta,+55 11 5908-6474,2089084,BR00135740000135,https://rubenberta.com.br/,,,,,,,,,,,,,,no,,,,,,,,,,,,,,,,,,,,,,,,,,,,,,,,,hospital,pmsp,,,,,,,,,8.18,,,,,,,,,,,,,,,,,,,,,,,,,,,,,,,,,,,,,,,,,,,,
"POLYGON ((-46.6460092 -23.5967317, -46.645953 -23.5961911, -46.645666 -23.5962161, -46.6457223 -23.5967568, -46.6458972 -23.5967415, -46.6460092 -23.5967317))",960,04038-002,Rua Borges Lagoa,hospital,hospital,HRIM – Hospital do Rim,+55 11 5087-8000,2089785,BR52803319000159,https://www.hrim.com.br/,yes,,,,São Paulo,,,,,,,,,yes,,,,,,,,,,,,,,yes,,,,,,,,,,,,,,,,,,,,,,,,,,,,,,,,,,,,,,,,,,,,,,,,,,,,,,,,,,,,,,,,,,,,,,,,,
"POLYGON ((-46.6439124 -23.5737655, -46.644062 -23.5738177, -46.6441392 -23.5736323, -46.6439895 -23.57358, -46.6439124 -23.5737655))",,,Rua Abílio Soares,hospital,hospital,HOlhos,,,,https://www.hospitalholhos.com.br/,,,,,,,,,,,,,,,,,,,,,,,,,,,,,,,,,,,,,,,,,,,,,,,hospital,,,,,,,,,,,,,,,,,,,10,,,,,,,,,,,,,,,,,,,,,,,,,,,,,,,,,,,
"POLYGON ((-46.6342802 -23.5635095, -46.6342576 -23.5634836, -46.6342861 -23.5634626, -46.6342211 -23.563385, -46.6341959 -23.5634032, -46.6341767 -23.5633811, -46.6341486 -23.5634057, -46.6341577 -23.563416, -46.6340943 -23.5634627, -46.6340174 -23.5635194, -46.634089 -23.5636052, -46.6342325 -23.5635018, -46.634256 -23.563527, -46.6342685 -23.563518, -46.6342802 -23.5635095))",49,01525-010,Rua Rocha Pombo,hospital,hospital,Hospital Adventista de São Paulo,+55 11 2838 7000,3166597,BR43586122000971,https://hasp.org.br/,,,,,,,Aclimação,,,,,,hospital.adventista@hasp.org.br,,,,,,,,,,,,,+55 11 3340 6990,,,,,,oncology;haematology;urology;endoscopia;ortopedia;surgery,,,,,,,,,,,,,,,yes,pmsp,,,,,,,,,8.728,,,,,,,,,,,,,,,,,,,,,,,,,,,,,,,,,,,,,,,,,,,,
"POLYGON ((-46.6249233 -23.5521751, -46.6249066 -23.552179, -46.6248285 -23.5521942, -46.624822 -23.552197, -46.6248167 -23.5522016, -46.6248131 -23.5522074, -46.6248114 -23.5522139, -46.6248106 -23.5522197, -46.6247841 -23.5522248, -46.6247443 -23.5522326, -46.6247421 -23.5522368, -46.6247616 -23.5523219, -46.6247651 -23.5523253, -46.6247878 -23.5523209, -46.6248236 -23.552314, -46.6248295 -23.5523135, -46.6248422 -23.5523688, -46.6248652 -23.5524694, -46.6248626 -23.5524735, -46.6248341 -23.552479, -46.6247986 -23.5524859, -46.6247996 -23.5524921, -46.6248234 -23.5525962, -46.6249152 -23.5525881, -46.6249162 -23.5525961, -46.6250048 -23.5525797, -46.624962 -23.5523712, -46.6249233 -23.5521751))",831,,Rua da Figueira,hospital,hospital,Hospital Sancta Maggiore,+55 11 4085-9810,,,http://sanctamaggiore.com.br/,,,,,São Paulo,,Móoca,,,,,,,,,,,,,,,,,,,,,,,,,,,,,,,,,,,,,,,,yes,pmsp,,,,,,,,,34.15,,,,,,,,,,,,,,,,,,,,,,,,,,,,,,,,,,,,,,,,,,,,
"POLYGON ((-46.4737076 -23.4998131, -46.4735279 -23.5003198, -46.4734152 -23.5003961, -46.47286 -23.5004846, -46.4721599 -23.5005523, -46.4720379 -23.5005326, -46.4715457 -23.5000185, -46.4717214 -23.4999017, -46.4721371 -23.499609, -46.4724831 -23.4993027, -46.4727232 -23.4990371, -46.4728948 -23.4988563, -46.4734273 -23.4987431, -46.4735185 -23.4987394, -46.4736365 -23.4987849, -46.4736713 -23.4988464, -46.4736968 -23.4990137, -46.4737451 -23.4995106, -46.4737451 -23.4996791, -46.4737076 -23.4998131))",1989,03807-230,Alameda Rodrigo de Brum,hospital,,Hospital Municipal Professor Doutor Alípio Corrêa Netto,+55 11 3394-8030,,,,,,,,,,Vila Paranaguá,,,,,,,,,,,,,,1990-11-14,,,,,,,,,,,,,,,,,,,,,,,,,,,,,,,,,,,,,,,,,,,,,,,,,,,,,,,,,,,,,,,,,,,,,,,,,,,,,,,,
"POLYGON ((-46.4868074 -23.59546, -46.4872724 -23.5942187, -46.4866144 -23.5940117, -46.4861494 -23.595253, -46.4868074 -23.59546))",540,03958-000,Rua Ângelo de Cândia,hospital,hospital,Hospital Geral de São Mateus,+55 11 2014-5000,,,http://www.saude.sp.gov.br/hospital-geral-sao-mateus/,,Q91702722,,,São Mateus,,São Mateus,,,,,,,yes,,,,Secretaria de Estado da Saúde,,HGSM,,,,,,,,,,,,general;surgery;maternity;gynaecology;burn_clinic,Category:Hospital Geral de São Mateus,,,,,,,,,BR,,,,,,,,,,,,,,,,,,,,,,,,,,,,,,,,,,,,,,,,,,,,,,,,,,,,,,,,,,,
"POLYGON ((-46.4111014 -23.5280257, -46.4118678 -23.5274676, -46.4115299 -23.5270711, -46.4115062 -23.5270605, -46.4114876 -23.5270621, -46.4109743 -23.5274252, -46.4109046 -23.5274768, -46.4107305 -23.527597, -46.4107378 -23.5276057, -46.4111014 -23.5280257))",800,,Rua Serra Queimada,hospital,hospital,Pronto Socorro Municipal Julio Tupy,+55 11 2035-1821,2069032,,,,,,,São Paulo,,Parque Guaianazes,,,,,,,yes,,,,Prefeitura do Municipio de São Paulo,,,,,,,,,,,,,,general;emergency;paediatrics,,,,,,wall,,government,,,,,,,,,,,,BR46392130000380,,,,,,,,,,,,,,,,,,,,,,,,,,,,,,,,,,,,,,,,,,,,,,,,,
"POLYGON ((-46.6322175 -23.6183345, -46.6321565 -23.6182918, -46.6321913 -23.6182187, -46.6322354 -23.618126, -46.6321759 -23.618102, -46.6321802 -23.618093, -46.6322106 -23.6181052, -46.6322179 -23.6181042, -46.6322223 -23.6181001, -46.6322253 -23.6180943, -46.6322274 -23.6180867, -46.632225 -23.6180806, -46.6322208 -23.6180749, -46.6321836 -23.6180598, -46.6321721 -23.6180581, -46.6321686 -23.6180589, -46.6321521 -23.6180938, -46.6320976 -23.6180718, -46.6319549 -23.6183717, -46.6320913 -23.6184267, -46.6321281 -23.6183493, -46.6321854 -23.6183724, -46.632199 -23.6183564, -46.6322175 -23.6183345))",314,04146-050,Rua General Chagas Santos,hospital,,Sancta Maggiore,,,,,,,,,São Paulo,,,,,,,,,,,,,,,,,,,,,,,,,,,,,,,,,,,,,,,,,,yes,pmsp,,,,,,,,,33.62,,,,,,,,,,Q116946828,,,,,,,,,,,,,,,,,,,,,,,,,,,,,,,,,,
"POLYGON ((-46.6433023 -23.5675753, -46.642759 -23.5676071, -46.6427648 -23.5677162, -46.6425402 -23.5677273, -46.6425184 -23.5676627, -46.6424842 -23.5676538, -46.6424711 -23.5675641, -46.6423639 -23.5672162, -46.6427152 -23.5671289, -46.6427913 -23.5673656, -46.6432044 -23.5672685, -46.6433023 -23.5675753))",965,01321-001,Rua Martiniano de Carvalho,hospital,hospital,,,,,,,,,,São Paulo,SP,,,,,,,,,,,,,,,,,,,,,,,,,,,,,,,,,,,,BR,,,,,,,,,,,,,,,,,,,Verificar a extensão total da área do hospital.,,,,,,,,,,,,,,,,,,,,,,,,,,,,,,,,,,,,,,,,
"POLYGON ((-46.5505547 -23.5283577, -46.550355 -23.5281255, -46.5500136 -23.5283724, -46.5502133 -23.5286046, -46.5505547 -23.5283577))",145,03632-040,Rua General Sócrates,hospital,hospital,Hospital Filantrópico A Beneficência Portuguesa,+55 11 3505-1000,,,https://www.bp.org.br/filantropico,,,,,São Paulo,,,bporgbr,,bporgbr,bporgbr,https://www.youtube.com/user/BeneficenciaSP,,,,,,,,,,,,,,,,,,,,,,,,,,,,,,BR,,,,,,,,,,,,,https://www.linkedin.com/company/bporgbr,Hospital Santo Antônio,,,,,,,,,,,,,,,,,,,,,,,,,,,,,,,,,,,,,,,,,,,,,
"POLYGON ((-46.55067 -23.526683, -46.5506901 -23.5267138, -46.5506083 -23.5267888, -46.5502811 -23.5265281, -46.5505841 -23.5261961, -46.5506861 -23.5262822, -46.5506297 -23.5263658, -46.5507397 -23.5264543, -46.5508135 -23.5263867, -46.550906 -23.5264445, -46.55067 -23.526683))",55,03632-010,Praça Nossa Senhora da Penha,hospital,hospital,Hospital Dia Rede Hora Certa,+55 11 2092 4845,,,,,,,,São Paulo,,Penha,,,,,,,yes,,,,SECONCI-SP,,,,,,,,,,,,,,,,,,,,,,,,,,,,,,,,,,,,,,,,,,,,,,,,,,,,,,,,,,,,,,,,,,,,,,,,,,,,,,,,,,,
"POLYGON ((-46.50289 -23.5437075, -46.5028883 -23.5436935, -46.5025988 -23.5429786, -46.5025619 -23.5429261, -46.5009568 -23.5417079, -46.5009244 -23.5417099, -46.5007399 -23.5418827, -46.5007385 -23.5419164, -46.5022341 -23.5436153, -46.502357 -23.5438646, -46.5023898 -23.5438786, -46.5028754 -23.5437222, -46.50289 -23.5437075))",128,,Rua Alves Maldonado,hospital,hospital,Hospital Municipal Doutor Alexandre Zaio,+55 11 3394-9210,,,,,,,,São Paulo,,Vila Nhocuné,,,,,,,,,,,,,,,,,,,,,,,,,,,,,,,fence,,,,,Hospital Nhocuné,,,,,,,,,,,,,,,,,,,,,,,,,,,,,,,,,,,,,,,,,,,,,,,,,,,,,,,,,,
"POLYGON ((-46.4612297 -23.5530716, -46.4614715 -23.5534629, -46.4617588 -23.5539052, -46.4624565 -23.55498, -46.4616236 -23.5554604, -46.4612669 -23.5549165, -46.4611723 -23.5548017, -46.4610596 -23.554699, -46.4608792 -23.5545865, -46.4607794 -23.5545193, -46.4603615 -23.5541457, -46.4602642 -23.5539371, -46.4605397 -23.5537218, -46.4605781 -23.5536823, -46.4607241 -23.5535102, -46.4606845 -23.5534575, -46.4607859 -23.5533421, -46.4608015 -23.5532857, -46.4612297 -23.5530716))",177,,Rua Santa Marcelina,hospital,hospital,Hospital Santa Marcelina,+55 11 2070-6000,,,https://santamarcelina.org,,,,,,,,,,,,,,,,,,,,,1961,,,,,,,,,,,,,,,,,,,,,,,,,,,,,,,,,,,,,,,,,,,,,,,,,,,,,,,,,,,,,,,,,,,,,,,,,,,,,,,,
"POLYGON ((-46.6866241 -23.5657011, -46.6866206 -23.565706, -46.6865815 -23.5657611, -46.6866029 -23.5657735, -46.686564 -23.5658308, -46.686601 -23.5658522, -46.6866813 -23.5657341, -46.6866241 -23.5657011))",1659,05404-014,Rua Artur de Azevedo,hospital,hospital,Hospital Jardins,,3559203,BR69106904000100,,yes,,,,São Paulo,,Pinheiros,,,,,,,,,,,,,,,,,,,,,,,,,,,,,,,,,,,,,,,,yes,pmsp,,,,,,,,,39.029,,,,,,,,,,,,,,,,,,,,,,,,,,,,,,,,,,,,,,,,,,,,
"POLYGON ((-46.5955245 -23.6074641, -46.5951311 -23.6084527, -46.5946383 -23.6094617, -46.5943787 -23.6096345, -46.5930291 -23.6104149, -46.5912349 -23.6085679, -46.5932983 -23.6070293, -46.594435 -23.6070423, -46.5950251 -23.607111, -46.5954185 -23.6073433, -46.5955245 -23.6074641))",276,04231-030,Rua Cônego Xavier,hospital,hospital,Hospital Heliópolis,,2066572,BR46374500011552,,,Q10298404,pt:Hospital Heliópolis,,São Paulo,SP,,,,,,,,,,,,Secretaria de Estado da Saúde,,,,,,,,+55 11 2067-0300,http://www.cidadao.sp.gov.br/servico.php?serv=3083,,,,,,,,,,,,,government,,BR,,,,,,,,,+55 11 2067-0300,BR46374500000194,,,,,,,,,,,,,,,,,,,,,,,,,,,,,,,,,,,,,,,,,,,,,,,,,
"POLYGON ((-46.5832589 -23.5427821, -46.5831376 -23.5427594, -46.5831513 -23.5426693, -46.5831085 -23.5426611, -46.5830656 -23.5426528, -46.5830011 -23.5426414, -46.5829744 -23.5426631, -46.5829547 -23.5427862, -46.5829183 -23.5430133, -46.5831239 -23.5430499, -46.5832064 -23.5430646, -46.5832136 -23.5430188, -46.583223 -23.54302, -46.5832589 -23.5427821))",150,,Rua Uriel Gasper,hospital,hospital,Pronto Atendimento Sancta Maggiore Tatuapé,,,,,,,,,São Paulo,SP,,,,,,,,,,,,,,,,,,,,+55 11 4085-3350,http://sanctamaggiore.com.br/,,,,,,,,,,,,,,,BR,,,,,,,,,,,,,,,,,,,,,,,,,,,,,,,,,,,,,,,,,,,,,,,,,,,,,,,,,,,
"POLYGON ((-46.5893136 -23.5365735, -46.5896561 -23.5355144, -46.5880119 -23.5352205, -46.5878076 -23.5362919, -46.5890781 -23.5365295, -46.5893136 -23.5365735))",2477,03015-000,Avenida Celso Garcia,hospital,hospital,Hospital Maternidade Leonor Mendes de Barros,,,,,,,,,São Paulo,,,,,,,,,,,,,Secretaria de Estado da Saúde,,,,,,,,+55 11 2694-0989,,,,,,maternity,,,,,,,,government,,,,,,,,,,contecomigo-hmlmb@saude.sp.gov.br,+55 11 2694-4925,,,,,,,,,,,,,,,,,https://plus.google.com/+HospitalMaternidadeLeonorMendesBarrosS%C3%A3oPaulo,,,,,,,,,,,,,,,,,,,,,,,,,,,,,,,,,
"POLYGON ((-46.6120747 -23.584664, -46.6121016 -23.5844125, -46.6121102 -23.5843314, -46.612137 -23.5840149, -46.6121124 -23.5839899, -46.6112371 -23.5838828, -46.6112125 -23.5838803, -46.6111912 -23.583894, -46.6111691 -23.5839107, -46.6111654 -23.5839353, -46.6111506 -23.5840747, -46.6111008 -23.5845801, -46.6111174 -23.5845952, -46.6120241 -23.5846982, -46.6120747 -23.584664))",28,04262-000,Avenida Nazaré,hospital,hospital,Hospital Ipiranga,+55 11 6167-7799,2077523,BR46374500011633,,,,,,São Paulo,,Ipiranga,,,,,,,yes,,,,,,,,,,,,,,,,,,,,,,,,wall,,,,,,,,,,,,,,BR46374500000194,,,,,,,,,,,,,,,,,brick,,,,,,,,,,,,,,,,,,,,,,,,,,,,,,,,
"POLYGON ((-46.5965067 -23.5943475, -46.5966433 -23.5943584, -46.5966481 -23.5943079, -46.5966283 -23.5943063, -46.596651 -23.5940672, -46.5966307 -23.5940656, -46.5966335 -23.5940361, -46.596836 -23.5940523, -46.5968332 -23.5940814, -46.5967153 -23.5940719, -46.5967061 -23.5941687, -46.5967653 -23.5941734, -46.5967604 -23.5942246, -46.5967334 -23.5942224, -46.5967332 -23.594225, -46.5967 -23.5942223, -46.5966897 -23.5943165, -46.5968906 -23.5943344, -46.5968862 -23.5943777, -46.5969403 -23.594382, -46.5969874 -23.5943857, -46.5970312 -23.5943892, -46.5970353 -23.5943463, -46.5970454 -23.5942398, -46.5970656 -23.5940289, -46.5970282 -23.5940258, -46.5968047 -23.5940067, -46.596776 -23.5940043, -46.5965411 -23.5939844, -46.5965169 -23.5942398, -46.5965067 -23.5943475))",,,,hospital,,Hospital Monumento,,,,,,,,,,,,,,,,,,,,,,,,,,,,,,,,,,,,,,,,,,,,,,,,,,,yes,pmsp,,,,,,,,,5.69,,,,,,,,,,,,,,,,,,,,,,,,,,,,,,,,,,,,,,,,,,,,
"POLYGON ((-46.6389163 -23.5741009, -46.6390219 -23.5751019, -46.6383147 -23.5751697, -46.6382978 -23.5745262, -46.6381454 -23.5745941, -46.6381302 -23.5743515, -46.6389163 -23.5741009))",432,04103-000,Rua do Paraíso,hospital,hospital,Hospital e Maternidade Santa Joana,,2079542,BR60678604000113,,,,,,São Paulo,,Paraíso,,,,,,,,,,,,,,,,,,,,,,,,,,,,,,,,,,,,,,,,,,,,,,,,,,,,,,,,,,,,,,,,,,,,,,,,,,,,,,,,,,,,,,,,,,,,,,
"POLYGON ((-46.6774637 -23.5327988, -46.6775777 -23.5327301, -46.6775667 -23.5327144, -46.6775332 -23.5326671, -46.6775255 -23.5326718, -46.6774925 -23.5326253, -46.6775004 -23.5326205, -46.6774755 -23.5325853, -46.6774671 -23.5325904, -46.6774339 -23.5325435, -46.6774424 -23.5325384, -46.6774409 -23.5325363, -46.6773341 -23.5323851, -46.677268 -23.532428, -46.677241 -23.5324456, -46.6772221 -23.5324579, -46.6774637 -23.5327988))",1300,,Rua João Ramalho,hospital,hospital,Pronto Socorro Itamaraty Perdizes,,,,http://www.greenlinesaude.com.br/credenciados-2/rede-de-atendimento/ps-itamaraty/,,,,,,,,,,,,,,no,,,Mo-Th 08:00-19:00; Fr 08:00-18:00,GreenLine,,,,,,,,,,,,,,general;gynaecology;orthopaedics;dermatology;paediatrics;geriatrics,,,,,,,,private,,,,,,,yes,pmsp,,,,,,,,,5.41,,,,,,,,,,,,,,,,,,,,,,,,,,,,,,,,,,,,,,,,,,,,
"POLYGON ((-46.6641247 -23.5310903, -46.6640978 -23.5311063, -46.6640533 -23.5311329, -46.6640868 -23.5311831, -46.6641014 -23.5311749, -46.6641133 -23.5311928, -46.6641722 -23.5311607, -46.6641398 -23.5311122, -46.6642588 -23.5310448, -46.6642389 -23.5310149, -46.664286 -23.5309882, -46.6642482 -23.5309329, -46.6642506 -23.5309315, -46.664217 -23.5308836, -46.6641728 -23.53091, -46.6641335 -23.5309334, -46.6642085 -23.5310404, -46.6641628 -23.5310676, -46.6641247 -23.5310903))",,,,hospital,hospital,,,,,,,,,,,,,,,,,,,,,,,,,,,,,,,,,,,,,,,,,,,,,,,,,,,,yes,pmsp,,,,,,,,,6.553,,,,,,,,,,,,,,,,,,,,,,,,,,,,,,,,,,,,,,,,,,,,
"POLYGON ((-46.6642412 -23.5312743, -46.664335 -23.5312271, -46.6643165 -23.5311994, -46.6643723 -23.5311653, -46.6643163 -23.5310822, -46.6641722 -23.5311607, -46.6641133 -23.5311928, -46.66417 -23.5312785, -46.6642135 -23.5312535, -46.6642309 -23.5312794, -46.6642412 -23.5312743))",74,05001-000,Avenida Francisco Matarazzo,hospital,hospital,,,,,,,,,,São Paulo,,Agua Branca,,,,,,,,,,,,,,,,,,,,,,,,,,,,,,,,,,,,,,,,yes,pmsp,,,,,,,,,42.373,,,,,,,,,,,,,,,,,,,,,,,,,,,,,,,,,,,,,,,,,,,,
"POLYGON ((-46.6642406 -23.531384, -46.6644388 -23.5312718, -46.6643886 -23.5311965, -46.664335 -23.5312271, -46.6642412 -23.5312743, -46.6642435 -23.5312777, -46.66419 -23.531308, -46.6642203 -23.5313536, -46.6642406 -23.531384))",,,,hospital,hospital,,,,,,,,,,,,,,,,,,,,,,,,,,,,,,,,,,,,,,,,,,,,,,,,,,,,yes,pmsp,,,,,,,,,16.368,,,,,,,,,,,,,,,,,,,,,,,,,,,,,,,,,,,,,,,,,,,,
"POLYGON ((-46.6912759 -23.7287697, -46.6909058 -23.7295431, -46.690828 -23.7295677, -46.6907288 -23.7295088, -46.6906429 -23.7295284, -46.6904579 -23.7294597, -46.6904445 -23.7294891, -46.6903399 -23.7294425, -46.6904015 -23.7293467, -46.6903881 -23.7292829, -46.6908039 -23.7285683, -46.6912759 -23.7287697))",180,,Rua Francisco Otávio Pacca,hospital,hospital,Hospital Geral do Grajaú Professor Liberato John Alphonse de Dio,+55 11 3544 9444,2077671,BR46374500014225,,,,,,São Paulo,,Parque das Nações Unidas,,,,,,,,,,,Instituto de Responsabilidade Social Sírio-Libanês,,,1998,,,,,,,,,,,general;gynaecology;paediatrics;orthopaedics;surgery;maternity;urology;neurology,,,,,,,,,,BR,,,,,,,Hospital Geral do Grajaú,,,BR46374500000194,,,,,,,,,,,,,,,,,,,,,,,,,,,,,,,,,,,,,,,,,,,,,,,,,
"POLYGON ((-46.6908024 -23.7491366, -46.69053 -23.7492011, -46.6902982 -23.7489994, -46.6902572 -23.7488317, -46.6903502 -23.7487183, -46.6909343 -23.748569, -46.6911071 -23.7491397, -46.6908024 -23.7491366))",180,,Rua Antônio José Escudeiro,hospital,hospital,Pronto Socorro Municipal Dona Maria Antonieta Ferreira de Barros,+55 11 5972-4881,4050282,,,,,,,São Paulo,,Grajaú,,,,,,,yes,,,,Organização Social Associação Saúde da Família,,,,,,,,,,,,,,,,,,,,,,,,,,,,,,,,,,BR46392130000380,,,,,,,,,,,,,,,,,,,,,,,,,,,,,,,,,,,,,,,,,,,,,,,,,
"POLYGON ((-46.7055798 -23.744071, -46.705476 -23.7438587, -46.7051638 -23.7439866, -46.7049653 -23.7440679, -46.7050691 -23.7442802, -46.7055798 -23.744071))",,,Rua São Roque do Paraguaçu,hospital,hospital,AMA Jardim Icaraí,,,,,,,,,São Paulo,,Jardim Icaraí,,,,,,,,,,,,,,,,,,,,,,,,,,,,,,,,,,,,,,,,,,,,,,,,,,,,,,,,,,,,,,,,,,,,,,,,,,,,,,,,,,,,,,,,,,,,,,
"POLYGON ((-46.6751041 -23.5849238, -46.6750397 -23.5851635, -46.6749297 -23.5851327, -46.6746722 -23.5850602, -46.6746226 -23.5850479, -46.674695 -23.5847997, -46.6751041 -23.5849238))",533,04534-011,Rua Joaquim Floriano,hospital,hospital,Hospital Sirio Libanes Unidade Itaim,,6729150,BR61590410000396,,,,,,,,,,,,,,,,,,,,,,,,,,,,,,,,,,,,,,,,,,,,,,,,,,,,,,,,,,,,,,,,,,,,,,,,,,,,,,,,,,,,,,,,,,,,,,,,,,,,,,
"POLYGON ((-46.4926657 -23.6099905, -46.4922089 -23.6102501, -46.4921682 -23.6102732, -46.4917483 -23.6105118, -46.4917402 -23.6105164, -46.4922848 -23.6113136, -46.4925473 -23.6111578, -46.4925292 -23.6110967, -46.4926936 -23.6110077, -46.4927098 -23.6110306, -46.4927695 -23.6110237, -46.4928005 -23.6110679, -46.4928542 -23.6110379, -46.4931025 -23.6108986, -46.4932236 -23.6108297, -46.4926657 -23.6099905))",174,03975-130,Rua Manuel França dos Santos,hospital,hospital,Hospital Estadual de Sapopemba,+55 11 2014 6000,2091585,BR46374500015116,https://www.hesap.org.br/,,,,,São Paulo,,Sapopemba,,,,,,sac@hesap.org.br,yes,,,,Serviço Social da Construção Civil do Estado de São Paulo,,,2003-04-05,,,,,,,,,,,general;orthopaedics;paediatrics;gynaecology;maternity;surgery,,,,,,,,,,,,,,,,,HESAP,,,BR46374500000194,,,,,,,,,,,,,,,,,,,,,,,,,,,,,,,,,,,,,,,,,,,,,,,,,
"POLYGON ((-46.6222759 -23.4872606, -46.6221295 -23.487409, -46.6222078 -23.4874748, -46.6223542 -23.4873264, -46.6222759 -23.4872606))",50,02332-020,Rua Maestro João Gomes de Araújo,hospital,hospital,Hospital dos Olhos,,2089211,BR43022466000281,,,,,,São Paulo,,,,,,,,,,,,,,,,,,,,,,,,,,,ophthalmology,,,,,,,,,,,,,,,yes,pmsp,,,,,,,,,39.954,,,,,,,,,,,,,,,,,,,,,,,,,,,,,,,,,,,,,,,,,,,,
"POLYGON ((-46.4452037 -23.5309769, -46.4449803 -23.5308428, -46.4444093 -23.5304999, -46.4438595 -23.5312696, -46.4446539 -23.5317467, -46.4452037 -23.5309769))",1074,08215-263,Rua Augusto Carlos Bauman,hospital,hospital,Hospital Municipal Professor Doutor Waldomiro de Paula,+55 11 3394 8990,,,,,,,,São Paulo,,Itaquera,,,,,,,yes,,,,Secretaria da Saude,,,,,,,,,,,,,,neonatology,,,,,,,,government,,,,,,,,,,,,,,,,,,,,,,,,,,,,,,,,,,,,,,,,,,,,,,,,,,,,,,,,,,,,,
"POLYGON ((-46.4421776 -23.5786152, -46.4422921 -23.5786904, -46.4423504 -23.5786152, -46.4424605 -23.5784728, -46.4423435 -23.5783958, -46.4423656 -23.5783673, -46.4423826 -23.5783453, -46.4423247 -23.5783073, -46.4423072 -23.57833, -46.4422525 -23.5784007, -46.4421406 -23.5783272, -46.4421713 -23.5782875, -46.4419888 -23.5781675, -46.4418217 -23.5783835, -46.4420908 -23.5785604, -46.4420484 -23.5786152, -46.4418878 -23.5788228, -46.4419127 -23.5788392, -46.4418992 -23.5788567, -46.4419285 -23.578876, -46.4419394 -23.5788618, -46.4419771 -23.5788866, -46.4421035 -23.5787231, -46.4421199 -23.5787339, -46.4421377 -23.5787109, -46.4421202 -23.5786994, -46.4421484 -23.5786629, -46.4420924 -23.578626, -46.4420924 -23.5786152, -46.4420925 -23.5786055, -46.4421162 -23.5785748, -46.4421776 -23.5786152))",2705,08260-005,Avenida Jacu-Pêssego,hospital,hospital,Hospital Santo Expedito,,,,,,,,,São Paulo,,Itaquera,,,,,,sac@hospitalsantoexpedito.com.br,yes,+55  (11) 2842-5500,,,,,,,,,,,,,,,,,,,,,,,,,,,,,,,,,pmsp,,,,,,,,,4.931,,,,,,,,,,,,,,,,,,,,,,,,,,,,,,,,,,,,,,,,,,,,
"POLYGON ((-46.509403 -23.6214666, -46.5094413 -23.6214299, -46.5094324 -23.621422, -46.5094545 -23.6214007, -46.5094452 -23.6213925, -46.5094588 -23.6213795, -46.5094198 -23.6213449, -46.5094338 -23.6213315, -46.5093975 -23.6212993, -46.5094102 -23.621287, -46.5093695 -23.621251, -46.5093858 -23.6212354, -46.5093491 -23.6212029, -46.5093307 -23.6211606, -46.5093146 -23.6211761, -46.5092858 -23.6211506, -46.5093162 -23.6211214, -46.509283 -23.6210919, -46.5092221 -23.6211502, -46.5092068 -23.6211366, -46.5092275 -23.6211167, -46.5091736 -23.621069, -46.5091538 -23.621088, -46.5091178 -23.6210561, -46.5090865 -23.6210861, -46.5090936 -23.6210924, -46.509046 -23.6211381, -46.5090865 -23.6211739, -46.5090963 -23.6211644, -46.5091519 -23.6212136, -46.509152 -23.6212649, -46.5091838 -23.6212931, -46.5091998 -23.6212777, -46.5092248 -23.6212998, -46.509235 -23.62129, -46.5092527 -23.6213056, -46.5092613 -23.6212973, -46.5092941 -23.6213264, -46.5093088 -23.6213123, -46.5093305 -23.6213315, -46.5093129 -23.6213483, -46.5093566 -23.621387, -46.5093416 -23.6214014, -46.5093782 -23.6214338, -46.5093724 -23.6214394, -46.509403 -23.6214666))",1016,03978-180,Rua Batista Fergusio,hospital,hospital,AMA/UBS Jardim Elba,11 2704-8997,,,,,,,,São Paulo,,Vila Cardoso Franco,,,,,,,,,,,,,,,,,,,,,,,,,,,,,,,,,,,,,,,,,pmsp,,,,,,,,,5.075,,,,,,,,,,,,,,,,,,,,,,,,,,,,,,,,,,,,,,,,,,,,
"POLYGON ((-46.7354053 -23.8156682, -46.7352746 -23.8159032, -46.7356949 -23.8160997, -46.7358233 -23.8158733, -46.7354053 -23.8156682))",5252,04883-025,Avenida Sadamu Inoue,hospital,hospital,UPA Parelheiros,+55 11 5926-6500,974730,,http://parelheiros.prefeitura.sp.gov.br,yes,Q10387674,pt:Unidade de Pronto Atendimento,,São Paulo,,Jardim dos Álamos,,,,,,parelheiros@prefeitura.sp.gov.br,yes,+55 11 5926-6500,,24/7,UPA,,,2018,,,,,,,,,,,general,,,Unidade de Pronto Atendimento - UPA 24 horas,,,,,,,,,,,,,survey;local knowledge;gps;streetlevel imagery;aerial imagery,,,,BR46392130000380,,,,,,,,,Saúde,yes,yes,yes,,,,,,760,Distrito de Parelheiros,5,yes,yes,yes,yes,yes,yes,yes,yes,yes,yes,yes,yes,yes,yes,yes,yes,yes,attraction,,,,,,,,,,,
"POLYGON ((-46.7185494 -23.4446272, -46.7184102 -23.4442804, -46.7181041 -23.443567, -46.7178455 -23.4430635, -46.7176913 -23.4428072, -46.7175509 -23.442643, -46.7174057 -23.4425013, -46.7172434 -23.4423873, -46.7173057 -23.442598, -46.7173388 -23.4428555, -46.7173567 -23.4433085, -46.7173363 -23.4438322, -46.7173003 -23.4448916, -46.7175507 -23.4448973, -46.717778 -23.4449692, -46.7184948 -23.444738, -46.7185436 -23.4446875, -46.7185494 -23.4446272))",6999,02810-000,Avenida Elísio Teixeira Leite,hospital,hospital,Hospital Geral de Taipas,+55 11 3973 0400,,,https://hgtaipas.com.br/,,,,,SP,,Taipas,,,,,,,yes,,,,,,,,,,,,,,,,,,parto_humanizado,,,,,,,,,,,,,,,,,,,,,,,,,,,,,,,,,,,,,,,,,,,,,,,,,,,,,,,,,,,,,,,,,,,,,
"POLYGON ((-46.6956747 -23.4847764, -46.6956899 -23.4848043, -46.6956995 -23.484822, -46.6958417 -23.4850828, -46.6959918 -23.4853579, -46.6960643 -23.4854909, -46.6960927 -23.4855431, -46.6961583 -23.4856634, -46.6960878 -23.4856814, -46.6959375 -23.4856666, -46.6958034 -23.4857208, -46.6956908 -23.4857257, -46.6955459 -23.4857503, -46.6952455 -23.4858487, -46.6952897 -23.4860513, -46.6952352 -23.4860851, -46.6952132 -23.4861247, -46.6952158 -23.4861545, -46.6951294 -23.4861913, -46.694855 -23.4863539, -46.6945388 -23.4865698, -46.6943827 -23.4866761, -46.6943014 -23.4864096, -46.6942853 -23.4860652, -46.6943175 -23.4856322, -46.694296 -23.4852583, -46.694237 -23.4849778, -46.6942143 -23.4848018, -46.6945715 -23.4848931, -46.6946373 -23.4848832, -46.6952265 -23.4847944, -46.6954845 -23.4847556, -46.6956046 -23.4847375, -46.695652 -23.4847349, -46.6956628 -23.4847546, -46.6956747 -23.4847764))",,,,hospital,hospital,"Hospital Geral ""Dr. José Pangella"" de Vila Penteado",,,,,,,,,,,,,,,,,,,,,,Governo do Estado de São Paulo,,,,,,,,,,,,,,,,,,,,,,,,,,,,,,,,,,,,,,,,,,,,,,,,,,,,,,,,,,,,,,,,,,,,,,,,,,,,,,,,,,,
"POLYGON ((-46.6283479 -23.4871311, -46.6284279 -23.4873793, -46.6284889 -23.4876204, -46.628344 -23.4876694, -46.6282297 -23.4876938, -46.6280468 -23.4877987, -46.6279477 -23.4878791, -46.6278674 -23.4879207, -46.6277724 -23.4879699, -46.6275895 -23.4880329, -46.6274545 -23.4880925, -46.6273037 -23.4881377, -46.6270141 -23.4880398, -46.626633 -23.4878651, -46.6264653 -23.4877882, -46.6264234 -23.4877637, -46.6264296 -23.4877336, -46.6264386 -23.4876903, -46.6264805 -23.4876204, -46.6265301 -23.4875925, -46.6267625 -23.487568, -46.6271208 -23.4875261, -46.6274714 -23.4874946, -46.6278067 -23.4874527, -46.6280392 -23.4873723, -46.6283479 -23.4871311))",3693,02401-300,Rua Voluntários da Pátria,hospital,hospital,Hospital São Camilo,+55 11 2972-8000;+55 11 3777-0755,3039420,BR60975737001204,https://www.hospitalsaocamilosp.org.br,,,,,São Paulo,,,https://www.facebook.com/hospitalsaocamilosp/,,https://www.instagram.com/hospitalsaocamilosp/,https://twitter.com/HospSaoCamiloSP,https://www.youtube.com/user/RedeSaoCamiloSP,,,,,,,,,,,,,,,,,,,,,,,Unidade Santana,,,wall,,,,,,,,,,,,,,,,,https://br.linkedin.com/company/hospital-s-o-camilo,,,,,,,,,,,,,,,,,,,,,,,,,,,,,,,,,,,,,,,,,,,,,,
"POLYGON ((-46.7514879 -23.414896, -46.7515504 -23.4150278, -46.7514068 -23.415079, -46.7513477 -23.4149363, -46.7514879 -23.414896))",,,,hospital,hospital,,,,,,,,,,,,,,,,,,,,,,,,,,,,,,,,,,,,,,,,,,,,,,,,,,,,,,,,,,,,,,,,,,,,,,,,,,,,,,,,,,,,,,,,,,,,,,,,,,,,,,,,,,
"POLYGON ((-46.5425929 -23.5226896, -46.5425673 -23.5228669, -46.5430461 -23.5229257, -46.5430518 -23.5228861, -46.5430717 -23.5227484, -46.5425929 -23.5226896))",195,,Avenida Amador Bueno da Veiga,hospital,hospital,Centro Médico São Gabriel,,,,http://www.greenlinesaude.com.br/credenciados-2/rede-de-atendimento/centro-medico-sao-gabriel/,,,,,,,,,,,,,atendimento@greenlinesaude.com.br,yes,,,,Green Line,,,,,,,,0800 776 7676,,,,,,general,,,,,,,,private,,,,,,,yes,pmsp,,,,,,,,,14.32,,,,,,,,,,,,,,,,,,,,,,,,,,,,,,,,,,,,,,,,,,,,
"POLYGON ((-46.4469658 -23.5098536, -46.4463789 -23.5098174, -46.4463408 -23.5103357, -46.4469277 -23.5103719, -46.4469658 -23.5098536))",101,,Avenida Maria Santana,hospital,,Assistência Médica Ambulatorial Sítio da Casa Pintada,,,,,,,,,São Paulo,,Vila Jacuí,,,,,,,yes,,,,,,AMA Sítio da Casa Pintada,2007-06-23,,,,,,,,,,,,,,,,,,,,,,UBS Sítio da Casa Pintada,,,,,,,,,,,,,,,,,,,,,,,,,,,,,,,,,,,,,,,,,,,,,,,,,,,,,,,,,,
"POLYGON ((-46.5838283 -23.4589503, -46.5834796 -23.4586256, -46.5828037 -23.4587658, -46.5826133 -23.4583426, -46.5826857 -23.4581482, -46.5826857 -23.4579218, -46.5823719 -23.4577225, -46.5819347 -23.457666, -46.5816236 -23.4579391, -46.5807867 -23.4581704, -46.580202 -23.4583647, -46.5805668 -23.4592948, -46.5806633 -23.4593908, -46.5809557 -23.4594351, -46.5812118 -23.4593957, -46.5813473 -23.4594178, -46.5814787 -23.4595655, -46.5815793 -23.4596996, -46.5816665 -23.4598041, -46.5818918 -23.4599788, -46.5820768 -23.4602298, -46.5823169 -23.4600576, -46.5832731 -23.4599001, -46.5838283 -23.4589503))",94,02276-140,Rua Michel Ouchana,hospital,hospital,Hospital São Luiz Gonzaga,+55 11 3466=1000,2076896,BR62779145000270,https://www.santacasasp.org.br/portal/site/complexo/hslg,,Q10298482,,,São Paulo,,Jaçanã,,,,,,hslg.sac@santacasasp.org.br,,,,,,,,1904-07,,,,,,,,,,,maternity;obstetric,Category:Hospital São Luiz Gonzaga,,,,,,,,,,,,,,,,,,,,,,,Leprosário Guapira;Hospital dos Morphéticos,,,,,,,,,,,,,,,,,,,,,,,,,,,,,,,,,,,,,,,,,,,,,
"POLYGON ((-46.6776828 -23.5521367, -46.6774435 -23.5524754, -46.6774291 -23.5524753, -46.6772222 -23.5523515, -46.6768536 -23.5521309, -46.6767486 -23.5520681, -46.6766871 -23.5520312, -46.6765863 -23.5519596, -46.6765799 -23.5519327, -46.6765863 -23.5519071, -46.6766054 -23.5518826, -46.6768891 -23.5516703, -46.6776828 -23.5521367))",,,,hospital,hospital,Itaci,,,,,,,,,,,,,,,,,,,,,,,,,,,,,,,,,,,,oncology,,,,,,,,,,,,,,,,,,,,,,,,,,,yes,,,,,,,,,,,,,,,,,,,,,,,,,,,,,,,,,,,,,,,,,,
"POLYGON ((-46.6081597 -23.5958706, -46.6080751 -23.5967227, -46.6088434 -23.5967851, -46.6096481 -23.5968482, -46.6097265 -23.5960066, -46.6081597 -23.5958706))",1361,04263-200,Avenida Nazaré,hospital,hospital,Hospital Dom Alvarenga,+55 11 2163 1700,2077469,BR60975976000101,https://alvarenga.org.br,,,,,São Paulo,,,https://www.facebook.com/HospitalAlvarenga,,https://www.instagram.com/hospitalalvarenga,,https://www.youtube.com/channel/UCSS5oexeYD7CnlRwbxy-bjg,sac@alvarenga.org.br,yes,,,,Associação Beneficente Nossa Senhora de Nazaré,,,1944,,,,,+55 11 2163 1719,,,,,,,,,,,,,,private_non_profit,,,,,,,,,Clínica Infantil do Ipiranga,,,,,,https://www.linkedin.com/company/hospitalalvarenga/,Hospital Dom Antonio de Alvarenga,,,,,,,,,,,,,,,,,,,,,,,,,,,,,,,,,,,,,,,,,,,,,
"POLYGON ((-46.6889785 -23.5339509, -46.6887205 -23.5335916, -46.6885755 -23.5336783, -46.6884911 -23.5335578, -46.6883656 -23.5333787, -46.6880145 -23.5335907, -46.6881329 -23.5337561, -46.6879899 -23.5338425, -46.6879317 -23.533761, -46.6877513 -23.5338708, -46.6878736 -23.5340431, -46.6882844 -23.5346197, -46.6883718 -23.5345634, -46.6885553 -23.5344502, -46.6886426 -23.5343998, -46.6884547 -23.5341407, -46.6885774 -23.534065, -46.6886418 -23.5341538, -46.6889785 -23.5339509))",1178,05022-001,Avenida Pompeia,hospital,hospital,Hospital São Camilo,+55 11 3677-4444;+55 11 3677-4500,2688565,BR60975737000232,https://www.hospitalsaocamilosp.org.br,,,,,São Paulo,,Pompéia,https://www.facebook.com/hospitalsaocamilosp,,https://www.instagram.com/hospitalsaocamilosp,https://twitter.com/HospSaoCamiloSP,https://www.youtube.com/user/RedeSaoCamiloSP,,yes,,,,,,,1960,,,,,,,,,,,,,,Unidade Pompéia,,,,,,,,,,,,,,,,,,,wlan,https://br.linkedin.com/company/hospital-s-o-camilo,,,,,,,,,,,,,,,,,,,,,,,,,,,,,,,,,,,,,,,,,,,,,,
"POLYGON ((-46.6967819 -23.5303255, -46.6967839 -23.5308699, -46.6972301 -23.5308618, -46.6972261 -23.5306781, -46.6975851 -23.5306885, -46.6975697 -23.5303031, -46.6969757 -23.53032, -46.6967819 -23.5303255))",461,05044-010,Rua Marcelina,hospital,hospital,Hospital e Maternidade Metropolitano,+55 11 3677-2000,2078082,BR51722957012512,https://www.hospitalmetropolitano.com.br/,,,,,São Paulo,,Vila Romana,,,,,,sac@metropolitano.com.br,,,,,,,,1945-10-03,,,,,,,,,,,,,,,,,,,,,,,,,,,,,,,,,wlan,,,,,,,,,,,,,,,,,,,,,,,,,,,,,,,,,,,,,Lapa,,,,,,,,,,
"POLYGON ((-46.6490425 -23.5413143, -46.6491683 -23.5416615, -46.6495934 -23.5416517, -46.6494943 -23.5412957, -46.6494696 -23.5412088, -46.6494126 -23.5412226, -46.6490425 -23.5413143))",144,01224-000,Rua Jaguaribe,hospital,hospital,Hospital Sancta Maggiore,+55 11 4085-3335,,,http://sanctamaggiore.com.br,,,,,São Paulo,,Vila Buarque,,,,,,,,,,,,,,,,,,,,,,,,,,,,,,,,,,,,,,,,,,,,,,,,,,,,,,,,,,,,,,,,,,,,,,,,,,,,,,,,,,,,,,,,,,,,,,
"POLYGON ((-46.6257833 -23.4956248, -46.6257835 -23.4956853, -46.6257837 -23.4957454, -46.6257462 -23.4957443, -46.6255237 -23.4957431, -46.6254507 -23.4957447, -46.6253401 -23.4957443, -46.6252129 -23.4957451, -46.6252125 -23.4957591, -46.6252131 -23.4957724, -46.6252153 -23.4958226, -46.6252159 -23.4958359, -46.625216 -23.4959116, -46.6252167 -23.4959241, -46.6252195 -23.4959269, -46.6252215 -23.4960043, -46.6252231 -23.4960661, -46.6252232 -23.4960693, -46.6250634 -23.4960707, -46.6250182 -23.4960705, -46.6250142 -23.4958008, -46.6250144 -23.4957918, -46.6249957 -23.4957633, -46.6249367 -23.4957519, -46.6248674 -23.4957514, -46.6246842 -23.4957577, -46.6246418 -23.4957581, -46.6245894 -23.4957407, -46.6244814 -23.4957287, -46.6244812 -23.4956109, -46.6244815 -23.4956069, -46.6244809 -23.4955282, -46.6246709 -23.495525, -46.6247117 -23.4955243, -46.6247563 -23.4955235, -46.624915 -23.49552, -46.6251422 -23.4955225, -46.6252086 -23.4955242, -46.6252097 -23.4956091, -46.6252094 -23.4956248, -46.6257833 -23.4956248))",2786,02402-100,Rua Voluntários da Pátria,hospital,hospital,Hospital San Paolo,+55 11 3405-8200;+55 11 3179-9112,3027805,BR15186359000172,https://hsanp.com.br,,,,,São Paulo,,Santana,https://www.facebook.com/HSANPSantana,,https://www.instagram.com/hsanp_,,,atendimento@hsanp.com.br;hsanp@hsanp.com.br,yes,,,Mo-Su 08:00-24:00,,,HSANP,,,,,,,,,,,,,,,,,,,,,,,,,,,,,,,,,,,,,,,,,,,,,,,,,,,,,,,,,,,,,,,,,,,,,,,,,,,,,,,,,
"POLYGON ((-46.5840161 -23.5118789, -46.5840241 -23.5116636, -46.5839731 -23.5115916, -46.5837439 -23.5115844, -46.5837333 -23.5118701, -46.5840161 -23.5118789))",357,02122-080,Rua Doutor Edson de Melo,hospital,hospital,Hospital e Maternidade Nossa Senhora do Rosário,+55 11 632-6000,2084368,BR44649812007140,https://www.gndi.com.br,,,,,São Paulo,,Vila Maria,,,,,https://www.youtube.com/channel/UCsQbqbLY-uvbXSCXinr5imA,,yes,,,24/7,Grupo NotreDame Intermédica,,,,,,,,,,,,,,maternity,,,,,,,,private,,,Hospital Nossa Senhora do Rosário,,,,,,,,,,,,https://www.linkedin.com/company/gndi,,,,,,,,,,,,,,,,,,,,,,,,,,,,,,,,,,,,,,,,,,,,,,
"POLYGON ((-46.5588328 -23.5488908, -46.5577171 -23.5486824, -46.5576577 -23.5489497, -46.5587734 -23.549158, -46.5588328 -23.5488908))",1312,03313-001,Rua Francisco Marengo,hospital,hospital,Hospital e Maternidade São Luiz Anália Franco,+55 11 3386-1100;+55 11 3003-3230,,,https://www.rededorsaoluiz.com.br/hospital/sao-luiz-analia-franco,,,,,São Paulo,,Tatuapé,https://pt-br.facebook.com/rededor,,https://www.instagram.com/rededor_oficial,https://twitter.com/rededor,,,yes,,,,Rede D'Or,,,2008-03-03,,,,,,,,,,,maternity,,,,,,,,,,,,,,,hospital,,,,,,,,https://www.linkedin.com/company/rededor-saoluiz,,28,,,,,,,,,,,,,,,,,,,,,,,,,,,,,,,,,,,,,,,,,,,,
"POLYGON ((-46.5906743 -23.5446676, -46.5906522 -23.5447633, -46.5906157 -23.5447562, -46.5905247 -23.5448167, -46.5904112 -23.5452205, -46.5906436 -23.5452663, -46.5908682 -23.5453106, -46.591094 -23.5447473, -46.5906743 -23.5446676))",333,03303-000,Rua Padre Adelino,hospital,hospital,Hospital CEMA,+55 11 2602-8000;+55 11 2602-4000,,,https://www.cemahospital.com.br,,,,,São Paulo,,,https://www.facebook.com/hospitalcema,,https://www.instagram.com/cemahospital,,,,,,,24/7,,,,2019-01-02,,,,,,,,,,,,,,,,,,,,,,,,,,,,,,,,,,,,,,,,,,,,,,,,,,,,,,,,,,,,,,,,,,,,,,,,,,,,,,,,
"POLYGON ((-46.5900873 -23.5630467, -46.5896991 -23.5632191, -46.5898633 -23.5635298, -46.5902515 -23.5633575, -46.5900873 -23.5630467))",260,03184-020,Rua Lituânia,hospital,hospital,Hospital Villa-Lobos,,5590450,BR06047087007737,https://www.rededorsaoluiz.com.br/hospital/villalobos,,,,,São Paulo,,,http://www.facebook.com/hospitalvillalobosoficial,,,https://twitter.com/hospvillalobos,http://www.youtube.com/hospvillalobos,,yes,,,,,,,2007,,,,,+55 11 2076-7000;+55 11 3003-3230,,,,,,,,,,,,,,,,,,,,,,,,,,,,,,,,,,,,,,,,,,,,,,,,,,,,,,,,,,,,,,,,,,,,,,,,,,,
"POLYGON ((-46.6211955 -23.5906855, -46.6206417 -23.5907801, -46.6207221 -23.591155, -46.6207422 -23.5911783, -46.6207838 -23.591198, -46.6208442 -23.591198, -46.6212358 -23.591171, -46.621272 -23.5911525, -46.6212814 -23.5911193, -46.62128 -23.5910763, -46.6211955 -23.5906855))",1600,04260-000,Avenida Doutor Ricardo Jafet,hospital,hospital,Hospital Israelita Albert Einstein,,9110453,BR60765823003236,https://www.einstein.br/estrutura/unidades/chacara-klabin,,,,,,,Vila Mariana,http://www.facebook.com/HospitalAlbertEinstein,,http://instagram.com/hosp_einstein,http://www.twitter.com/hosp_einstein,http://www.youtube.com/user/HospitalEinstein,,yes,,,,Sociedade Beneficente Israelita Brasileira,,,,,,,,+55 11 2151-1233,,,,,,general;paediatrics;orthopaedics,,,Unidade Chácara Klabin,,,,,private,,,,,,,,,,,,,,,http://www.linkedin.com/company/hospital-albert-einstein,,,,,,,,,,,,,,,,,,,,,,,,,,,,,,,,,,,,,,,,,,,,,,
"POLYGON ((-46.6279507 -23.5948887, -46.628129 -23.5954491, -46.6277093 -23.5956077, -46.6273324 -23.5954055, -46.6269033 -23.5951665, -46.6274558 -23.59503, -46.6279507 -23.5948887))",4210,04102-900,Rua Vergueiro,hospital,hospital,Hospital e Maternidade Sepaco Vila Mariana,+55 11 2182-4444,2089602,BR60961422000155,https://www.sepaco.org.br/,,Q107519590,,,São Paulo,,Vila Mariana,,,,,,,yes,,,,,,,,,,,,,,,,,,gynaecology;maternity;oncology,,,,,,,,,,,,,,,,,,,,,,,,,,,,,,,,,,,,,,,,,,,,,,,,,,,,,,,,,,,,,,,,,,,,,
"POLYGON ((-46.5151169 -23.5877702, -46.5150006 -23.5877238, -46.5146628 -23.5875877, -46.5145716 -23.5875541, -46.5144923 -23.5875249, -46.5143545 -23.5874861, -46.5141978 -23.5874711, -46.5140249 -23.5874741, -46.5138992 -23.5874846, -46.5138699 -23.5875085, -46.5138666 -23.5875698, -46.5139286 -23.587827, -46.5139629 -23.5880019, -46.5139743 -23.588141, -46.5139399 -23.5883287, -46.5138438 -23.5886195, -46.5137818 -23.5887481, -46.5137459 -23.5888413, -46.5137589 -23.5888752, -46.5138012 -23.5888915, -46.513989 -23.5888991, -46.5142749 -23.5889188, -46.5143789 -23.588926, -46.5145111 -23.5889245, -46.5146123 -23.5888856, -46.5147367 -23.5887756, -46.5148319 -23.5885868, -46.5148962 -23.5884595, -46.5150362 -23.5880222, -46.5151169 -23.5877702))",266,,Rua Antônio Lázaro,hospital,hospital,Hospital Municipal Doutor Benedicto Montenegro,,,,,,,,,,,,,,,,,,,,,,,,,1990-11-14,,,,,,,,,,,,,,,,,wall,,,,,,,,,,,,,,,,,,,,,,,,,,,,,,,,,,,,,,,,,,,,,,,,,,,,,,,,,,,,,,,
"POLYGON ((-46.7271934 -23.823599, -46.7267261 -23.8226665, -46.7266087 -23.8225551, -46.7264826 -23.8224715, -46.7263434 -23.8224158, -46.7262695 -23.8224119, -46.7256129 -23.8226585, -46.725513 -23.8227195, -46.7255002 -23.8227273, -46.7254737 -23.8227341, -46.7251998 -23.8229648, -46.7249693 -23.8231279, -46.7246693 -23.8233109, -46.7245779 -23.8233706, -46.724504 -23.8234541, -46.7243188 -23.8237672, -46.7242913 -23.8238137, -46.7242454 -23.8238912, -46.7249469 -23.8243784, -46.7250044 -23.8244495, -46.7256548 -23.8249392, -46.7261556 -23.8252933, -46.7263102 -23.8254312, -46.7263848 -23.8255222, -46.7264544 -23.8256314, -46.7264559 -23.8257818, -46.7271216 -23.8265901, -46.7272222 -23.8267536, -46.7272578 -23.8268447, -46.7273325 -23.826861, -46.7274891 -23.8268805, -46.7276991 -23.8269001, -46.7278095 -23.8268805, -46.72808 -23.8268089, -46.7281832 -23.8267829, -46.7282437 -23.8267047, -46.7282757 -23.8266103, -46.7282971 -23.8263108, -46.7283362 -23.8260731, -46.7284145 -23.8258484, -46.7284608 -23.8256856, -46.7284608 -23.82564, -46.7284359 -23.8255684, -46.7279722 -23.8249414, -46.727732 -23.8246074, -46.7275206 -23.8242236, -46.7274632 -23.8241176, -46.727338 -23.8238867, -46.7271934 -23.823599))",841,04883-290,Rua Euzébio Coghi,hospital,hospital,Hospital Municipal de Parelheiros,+55 11 4673-9668,9465464,BR46392148005936,https://www.prefeitura.sp.gov.br/cidade/secretarias/saude,yes,,,,São Paulo,,Parelheiros,,,,,,ouvidoriasaude@prefeitura.sp.gov.br,yes,+55 11 4673-9668,,,Prefeitura de São Paulo,,,2018,,,,,,,,Hospital Municipal Josanias Castanha Braga,,,general,,,Hospital Municipal de Parelheiros,,,,,government,,,,,,,,aerial imagery;http://buscasaude.prefeitura.sp.gov.br/,,,,BR46392130000380,,,,,,,,,,,,,,,,,,760,,7,,,,,,,,,,,,,,,,,,,,,,,,,,,,,
"POLYGON ((-46.7039404 -23.5914851, -46.7040477 -23.5914458, -46.7038171 -23.5910328, -46.7038492 -23.591023, -46.7038171 -23.5909615, -46.7040129 -23.5910156, -46.7040424 -23.5909468, -46.7038251 -23.5908706, -46.7041014 -23.5907428, -46.7040102 -23.5905584, -46.7037876 -23.5906936, -46.7036481 -23.5903987, -46.7036159 -23.5904134, -46.7035891 -23.5903618, -46.7035515 -23.5903765, -46.7035301 -23.5903249, -46.7034576 -23.5903593, -46.7034979 -23.5904282, -46.7034827 -23.5904359, -46.703463 -23.5904454, -46.7035703 -23.5906764, -46.7035354 -23.5907207, -46.7035086 -23.5907624, -46.7034684 -23.5908411, -46.7034684 -23.5909222, -46.703412 -23.5910083, -46.7034871 -23.5911877, -46.7036534 -23.5911213, -46.7037795 -23.5913745, -46.7038063 -23.5913696, -46.7038358 -23.5914335, -46.7039029 -23.5914138, -46.703919 -23.5914507, -46.7038948 -23.5914777, -46.7039404 -23.5914851))",,,,hospital,hospital,Hospital Sao Luis Morumbi,,,,,,,,,,,,,,,,,,,,,,,,,,,,,,,,,,,,,,,,,,,,,,,,,,,,,,,,,,,,,,,,,,,,,,,,,,,,,,,,,,,,,,,,,,,,,,,,,,,,,,,,,
"POLYGON ((-46.7043861 -23.649527, -46.704533 -23.6497404, -46.7043021 -23.6498737, -46.7041552 -23.6496603, -46.7043861 -23.649527))",,,,hospital,hospital,Hospital Municipal Integrado Santo Amaro,,,,,,,,,,,,,,,,,,,,,,,,,,,,,,,,,,,,,,,,,,,,,,,,,,,,,,,,,,,,,,,,,,,,,,,,,,,,,,,,,,,,,,,,,,,,,,,,,,,,,,,,,
"POLYGON ((-46.6943185 -23.6149054, -46.6940636 -23.6149308, -46.6938918 -23.6150138, -46.6938992 -23.6150629, -46.6942576 -23.6155927, -46.6946714 -23.6153202, -46.6946086 -23.615156, -46.6944737 -23.6149985, -46.6944294 -23.6149393, -46.6943185 -23.6149054))",481,04583-100,Rua Jurubatuba,hospital,hospital,Hospital Premier,+55 11 5090 5000,,,https://premierhospital.com.br/,,,,,,,Vila Cordeiro,,,,,,contato@premierhospital.com.br,,,,,,,,2004-09,,,,,,,,,,,,,,,,,,,,,,,,,,,,,,,,,,,,,,,,,,,,,,,,,,,,,,,,,,,,,,,,,,,,,,,,,,,,,,,,
"POLYGON ((-46.7084687 -23.5785376, -46.7083318 -23.5786256, -46.7077986 -23.5779731, -46.7079403 -23.5778713, -46.7084687 -23.5785376))",719,05513-000,Avenida Professor Francisco Morato,hospital,hospital,Hospital Luz Butantã,+55 11 3094 2300,2089653,,https://butanta.hospitalluz.com.br/nossas-unidades,,,,,São Paulo,,,,,,,,,yes,,,,,,,,,,,,,,,,,,,,,,,,,,private,,,,,,,yes,,,,,,,,,Hospital Metropolitano Butantã,15,,,,,,,,,,,,,,,,,,,,,,,,,,,,,,,,,,,,,,,,,,,,
"POLYGON ((-46.6745922 -23.5907406, -46.6744157 -23.5912862, -46.6729284 -23.5909352, -46.6729925 -23.5907079, -46.6726194 -23.5906282, -46.6726126 -23.5906042, -46.6725109 -23.5902026, -46.6745922 -23.5907406))",95,04544-000,Rua Doutor Alceu de Campos Rodrigues,hospital,hospital,Hospital e Maternidade São Luiz,+55 11 3040 1100,2688611,BR06047087000210,https://www.rededorsaoluiz.com.br/hospital/sao-luiz-itaim,,,,,São Paulo,,Vila Nova Conceição,,,,,,,yes,,,,,,,,,,,,,,,,,,maternity,,,,,,,,,,,,,,,,,,,,,,,,,,,,,,,,,,,,,,,,,,,,,,,,,,,,,,,,,,,,,,,,,,,,,
"POLYGON ((-46.6975813 -23.4758834, -46.6979732 -23.4758879, -46.6986589 -23.4757711, -46.6988206 -23.4757666, -46.6989181 -23.4758057, -46.6989844 -23.4758631, -46.6987328 -23.4759231, -46.6988468 -23.4761876, -46.698757 -23.4762269, -46.6987073 -23.4763487, -46.6988656 -23.4767128, -46.6985757 -23.4773669, -46.6971943 -23.4766383, -46.6972237 -23.4764497, -46.6972286 -23.4764181, -46.6972557 -23.4763814, -46.6973515 -23.4764136, -46.6975813 -23.4758834))",,,Avenida Michihisa Murata,hospital,hospital,Hospital Doutor Adib Jatene,,,,,,,,,São Paulo,,Jardim Maristela,,,,,,,,,,,,,Hospital Municipal da Brasilândia,,,,,,,,,Hospital Municipal da Brasilândia - Doutor Adib Jatene,,,,,,,,,,,,,,,,,,,http://www.capital.sp.gov.br/noticia/hospital-municipal-da-brasilandia-comeca-a-funcionar-com-20-novos-leitos-de-uti,,,,,,,,,,,,,,,,,,,,,,,,,,,,,,,,,,,,,,,,,,,,,,,,,,,,,
"POLYGON ((-46.7512648 -23.5082698, -46.7510625 -23.5082384, -46.7510363 -23.5083057, -46.7511865 -23.5085989, -46.751206 -23.5085975, -46.7512648 -23.5082698))",77,05114-110,Praça General Guimarães,hospital,hospital,Hospital Saint Patrick Portinari,+55 11 3465-0700,,,https://saintpatrick.com.br/unidade-hospitalar/portinari/,,,,,São Paulo,,Vila Jaguara,,,,,,,yes,,,,Associação Hospitalar Saint Patrick,,,,,,,,,,,,,,cardiology;neuropediatria;paediatrics;gynaecology;psicoterapia,,,,,,,,,,,,,,,,,,,,,,,,,7.8,,,,,,,,,,,,,,,,,,,,,,,,,,,,,,,,,,,,,,,,,,,,
"POLYGON ((-46.5776741 -23.5173446, -46.5772254 -23.516878, -46.5771888 -23.5169087, -46.5769155 -23.5171381, -46.5767344 -23.5172901, -46.5767179 -23.5173039, -46.5766983 -23.5173204, -46.5764931 -23.5174926, -46.5764885 -23.5175235, -46.5766148 -23.5176547, -46.5768461 -23.517469, -46.5771454 -23.5177807, -46.5772171 -23.5177253, -46.5772221 -23.5177212, -46.5772509 -23.517698, -46.5772928 -23.517663, -46.5773298 -23.5176321, -46.5773772 -23.5175925, -46.577452 -23.51753, -46.5775489 -23.5174491, -46.5776741 -23.5173446))",101,02168-050,Praça Engenheiro Hugo Brandi,hospital,hospital,Hospital Cometa,,,,,,,,,São Paulo,,,,,,,,,,,,24/7,PMSP,,AME,,,,,,,,,,,,general,,,,,,wall,,government,,,,,,,,pmsp,,,,,,,,,,,,,,,,,,,,,,,,,,,,,,,,,,,,,,,,,,,,,,,,,,,,,
"POLYGON ((-46.7423589 -23.7052435, -46.7416117 -23.7064496, -46.7426186 -23.7069725, -46.7433657 -23.7057664, -46.7423589 -23.7052435))",,,,hospital,hospital,Hospital Guarapiranga,,,,,,,,,,,,,,,,,,,,,,,,,,,,,,,,,,,,,,,,,,,,,,,,,,,,,,,,,,,,,,,yes,,,,,,,,,,,,,,,,,,,,,,,,,,,,,,,,,,,,,,,,,,
"POLYGON ((-46.6687377 -23.5733404, -46.6688289 -23.5732325, -46.6688535 -23.5732082, -46.668875 -23.5731818, -46.6689119 -23.5731378, -46.6689412 -23.5731028, -46.6689981 -23.573035, -46.6690416 -23.5729831, -46.6690366 -23.5729495, -46.669097 -23.5728627, -46.6691269 -23.5728288, -46.6693038 -23.5726675, -46.6692422 -23.5726108, -46.6689818 -23.5723939, -46.6687229 -23.5726446, -46.6683535 -23.5729839, -46.6683421 -23.5730226, -46.6683494 -23.5730533, -46.6683675 -23.5730791, -46.6687377 -23.5733404))",,,,hospital,,Albert Einstein Medicina Diagnóstica,,,,,,,,,,,,,,,,,,,,,,,,,,,,,,,,,,,,,,,,,,,2025-01-26,,,,,,,,,,,,,,,,,,,,,,,,,,,,,,,,,,,,,,,,,,,,,,,,,,,,,,,,,,,,,,
"POLYGON ((-46.6674705 -23.5573901, -46.6678434 -23.5572386, -46.6678932 -23.5572178, -46.668583 -23.5569376, -46.6685773 -23.5569277, -46.6684229 -23.5566033, -46.6683645 -23.5564826, -46.6682535 -23.5565225, -46.6682497 -23.5565139, -46.6682372 -23.5565183, -46.6682301 -23.5565026, -46.6681983 -23.5565156, -46.6681905 -23.5564983, -46.6681012 -23.556469, -46.668027 -23.5564982, -46.6679886 -23.5564173, -46.6678087 -23.5564929, -46.6678046 -23.5564843, -46.6675415 -23.5565851, -46.6675874 -23.5566847, -46.6674988 -23.5567209, -46.6675084 -23.5569336, -46.6675035 -23.5569459, -46.6675143 -23.5569694, -46.6675303 -23.5569777, -46.6677363 -23.556893, -46.667787 -23.5570016, -46.6677358 -23.5570227, -46.6677202 -23.5569853, -46.6676763 -23.5570023, -46.6676708 -23.556991, -46.6677028 -23.5569779, -46.6676902 -23.5569507, -46.6676122 -23.5569807, -46.6676298 -23.5570165, -46.6676283 -23.5570226, -46.6673527 -23.5571356, -46.667348 -23.5571451, -46.66738 -23.5572164, -46.6673444 -23.5572304, -46.6673369 -23.5572333, -46.6673829 -23.5573328, -46.6674285 -23.5573146, -46.6674628 -23.5573862, -46.6674705 -23.5573901))",,,,hospital,hospital,Instituto do Coração,,,,,,,,,,,,,,,,,,,,,,,,,,,,,,,,,,,,,,,,,,,,,,,,,,,,,,,,,,,,,,,,,,,,,,,,,,,,,,,,,,,,,,,,,,,,,,,,,,,,,,,,,
"POLYGON ((-46.597955 -23.5307255, -46.5987839 -23.530707, -46.5989466 -23.5307029, -46.5990454 -23.5307004, -46.5993834 -23.5306837, -46.599744 -23.5306795, -46.5998954 -23.5306771, -46.6003174 -23.5306679, -46.6003443 -23.5306766, -46.6003633 -23.5306868, -46.6003776 -23.5307042, -46.6005439 -23.5313446, -46.6004782 -23.5317214, -46.6002002 -23.5328504, -46.600185 -23.5329174, -46.5995354 -23.5327545, -46.599402 -23.5327927, -46.599315 -23.5327085, -46.5992901 -23.5327314, -46.5986347 -23.5321384, -46.5985864 -23.5320947, -46.5979754 -23.5315418, -46.59796 -23.5315279, -46.5979476 -23.5315167, -46.5979301 -23.5315009, -46.5979129 -23.5314853, -46.5978657 -23.5314426, -46.5978417 -23.5314209, -46.5978176 -23.5313991, -46.5977685 -23.5313546, -46.5977188 -23.5313097, -46.597682 -23.5312764, -46.5977301 -23.5311318, -46.5977761 -23.5309627, -46.5978505 -23.530728, -46.597955 -23.5307255))",360,03021-040,Rua Jequitinhonha,hospital,hospital,Assistência Médica Ambulatorial Maria Zélia,+55 11 3583-1810,,,,,,,,São Paulo,,Belenzinho,,,,,,,,,,Mo-Sa 07:00-19:00,Secretaria Estadual de Saúde,,AMA Maria Zélia,,,,,,,,,,,,,,,,,,,,,,,,,,,,,,,,,,,,,,,,,,,,,,,,,,,,,,,,,,,,,,,,,,,,,,,,,,,,,,,,,
"POLYGON ((-46.5903408 -23.4192855, -46.590371 -23.4192679, -46.5905074 -23.4191882, -46.5904678 -23.41913, -46.5904081 -23.4190431, -46.5903868 -23.4190121, -46.5903842 -23.4190083, -46.5903155 -23.4190493, -46.5903144 -23.41905, -46.5902698 -23.4190766, -46.5902197 -23.4191064, -46.5902729 -23.4191836, -46.5903408 -23.4192855))",220,02367-000,Rua Clovis Salgado,hospital,hospital,UBS Jardim das Pedras,,3323331,,,,,,,São Paulo,,Jardim das Pedras,,,,,,,,,,Mo-Sa 07:00-19:00,PMSP,,,,,,,,,,,,,,atenção_básica;Estratégia_Saúde_da_Família,,,,,,,,government,,,,,,,,,,,,BR46392130000380,,,,,,,,,,,,,,,,,,,,,,,,,,,,,,,,,,,,,,,,,,,,,,,,,
"POLYGON ((-46.611221 -23.5828661, -46.6112122 -23.5833916, -46.6112089 -23.5835899, -46.6112071 -23.5837012, -46.6112148 -23.5837202, -46.6112336 -23.5837337, -46.6120557 -23.5838376, -46.6120904 -23.5838251, -46.6121217 -23.5837978, -46.6121268 -23.5837504, -46.6121899 -23.5830445, -46.6121814 -23.5830189, -46.6121568 -23.582996, -46.6116522 -23.582926, -46.611221 -23.5828661))",1,04261-030,Rua Pouso Alegre,hospital,hospital,Hospital São Camilo Ipiranga,+55 11 2066-7000,3027600,BR60975737005110,http://www.saocamilo.com,,,,,,,Vila Monumento,,,,,,,yes,,,,,,,,,,,,,,,,,,,,,,,,,,,,,,,,,,,,,,,,,,,,,,,,,,,,,,,,,,,,,,,,,,,,,,,,,,,,,,,,,,,,,,,
"POLYGON ((-46.47972 -23.6108905, -46.4792185 -23.6108475, -46.4794559 -23.6104554, -46.4797222 -23.6104865, -46.47972 -23.6108905))",,,,hospital,hospital,,,,,,,,,,,,,,,,,,,,,,,,,,,,,,,,,,,,,,,,,,,,,,,,,,,,,,,,,,,,,,,,,,,,,,,,,,,,,,,,,,,,,,,,,,,,,,,,,,,,,,,,,,
"POLYGON ((-46.6888006 -23.5334372, -46.6889697 -23.5333346, -46.6890796 -23.5332689, -46.6892318 -23.5334823, -46.6893149 -23.5334319, -46.6893583 -23.5334051, -46.6895439 -23.5336604, -46.6895866 -23.5337196, -46.6895823 -23.5337222, -46.6892136 -23.5339418, -46.6891744 -23.5339641, -46.6889505 -23.5336485, -46.6889126 -23.5335951, -46.6888006 -23.5334372))",1086,05024-000,Rua Barão do Bananal,hospital,hospital,São Camilo,+55 11 3677 4444,9944664,BR60975737009108,,,,,,,,,,,,,,,,,,,,,,,,,,,,,,,,,,,,,,,,,,,,,,,,,,,,,,,,,,,,,,,,,,,,,,,,,,,,,,,,,,,,,,,,,,,,,,,,,,,,,,
"POLYGON ((-46.7338443 -23.4418475, -46.7336887 -23.4417952, -46.733517 -23.4417404, -46.7334962 -23.4417257, -46.7334855 -23.4417054, -46.7334815 -23.4416789, -46.7334808 -23.4416359, -46.7334855 -23.4416112, -46.7336082 -23.4413141, -46.7339888 -23.441482, -46.7338443 -23.4418475))",1650,,Estrada das Taipas,hospital,hospital,UPA City Jaraguá,+55 11 5239 4110,0852074,,,yes,,,,,,,,,,,,,yes,,,,Secretaria Municipal da Saúde,,,,,,,,,,,,,,general,,,,,,,,government,,,,,,,,,,,,,,,,,,,,,,,,,,,,,,,,,,,,,,,,,,,,,,,,,,,,,,,,,,,,,
"POLYGON ((-46.6284093 -23.5715297, -46.6283949 -23.5715047, -46.6282953 -23.5713411, -46.6283168 -23.571312, -46.628353 -23.5712614, -46.628499 -23.5710742, -46.6285387 -23.5710274, -46.6285819 -23.5710692, -46.6286648 -23.5711659, -46.6284093 -23.5715297))",992,,Rua Muniz de Souza,hospital,hospital,Hospedaria de Cuidados Palhat,,,,https://www.prefeitura.sp.gov.br/cidade/secretarias/saude/hospital_do_servidor_publico_municipal/servicos/hospedaria/index.php?p=6108,,,,Hospedaria de Cuidados Paliativos,,,,,,,,,,,,,,,,,,,,,,,,,,,,,,,,,,,,,,,,,,,,,,,,,,,,,,,,,,,,,,,,,,,,,,,,,,,,,,,,,,,,,,,,,,,,,,,,,
"POLYGON ((-46.5937028 -23.5672507, -46.5937352 -23.567122, -46.5938174 -23.5667953, -46.5938244 -23.5667632, -46.5938574 -23.5667708, -46.5939336 -23.5667816, -46.5940041 -23.5667916, -46.5940549 -23.5667913, -46.5940562 -23.5668183, -46.5940531 -23.5669862, -46.59405 -23.5671531, -46.5937028 -23.5672507))",1016,03121-020,Rua Camé,hospital,hospital,Hospital Personal,,,,,,,,,São Paulo,,Parque da Mooca,,,,,,,,,,,,,,,,,,,,,,,,,,,,,,,,2023-05-24,,,,,,,,,,,,,,,,,,,,,,,,,,,,,,,,,,,,,,,,,,,,,,,,,,,,,,,,,,,,,,
"POLYGON ((-46.6596604 -23.6149024, -46.6596504 -23.6149676, -46.6601206 -23.6154719, -46.6602404 -23.6156004, -46.6602948 -23.615601, -46.6608325 -23.6151789, -46.6608299 -23.6151433, -46.6602223 -23.6144914, -46.6601754 -23.6144877, -46.6598401 -23.6147531, -46.6597565 -23.6148241, -46.6596604 -23.6149024))",974,04083-002,Avenida Moaci,hospital,hospital,Hospital Moriah,,7644167,BR19056055000141,,,,,,São Paulo,SP,,http://www.facebook.com/hospitalmoriah,,,@hospitalmoriah,,,,,,,,,,,,,,,+55 11 5080 7800,http://www.hospitalmoriah.com.br,,,,,,,,,,,,,,,BR,,,,,,survey,,,,,,,http://www.linkedin.com/company/3532572/,TV Record,,,,,,,,,,,,,,,,,,,,,,,,,,,,,,,,,,,,studio,television,,,,,,,,
"POLYGON ((-46.6350691 -23.5575274, -46.6348225 -23.5575136, -46.6346155 -23.557502, -46.6346053 -23.5576572, -46.6345985 -23.5577622, -46.6345964 -23.5577939, -46.6345888 -23.5578935, -46.6345842 -23.5579667, -46.6345778 -23.5580681, -46.6345754 -23.5581069, -46.6345713 -23.5581718, -46.6345657 -23.558262, -46.6347046 -23.5582694, -46.6347422 -23.5582721, -46.6347845 -23.5582742, -46.6350194 -23.5582866, -46.6350234 -23.5582214, -46.6350262 -23.5581756, -46.6350315 -23.5580877, -46.6350368 -23.5580002, -46.6350537 -23.5577377, -46.6350581 -23.5576923, -46.6350656 -23.5575804, -46.6350691 -23.5575274))",209,01507-000,Rua Barão de Iguape,hospital,hospital,Hospital Leforte Liberdade,+55 11 3345-2000,,,https://leforte.com.br/unidade/hospital-leforte-liberdade/,,,,,São Paulo,,Liberdade,,,,,,,yes,,,,,,,,,,,,,,,,,,general,,,,,,,,,,,,,,,,,,,,,,,,Hospital Bandeirantes,,,,,,,,,,,,,,,,,,,,,,,,,,,,,,,,,,,,,,http://www.hospitalbandeirantes.com.br/,,,,,,,
"POLYGON ((-46.5916559 -23.5641795, -46.5914862 -23.5642696, -46.5916792 -23.5645839, -46.5917927 -23.5645246, -46.5918318 -23.5645041, -46.5918384 -23.564479, -46.5917625 -23.5643544, -46.5916559 -23.5641795))",129,03119-010,Rua Tamaratáca,hospital,hospital,Prevent Senior,,,,,,,,,São Paulo,,Alto da Mooca,,,,,,,,,,,,,,,,,,,,,,,,,,,,,,,,,,,,,,,,,,,,,,,,,,,,,,,,,,,,,,,,,,,,,,,,,,,,,,,,,,,,,,,,,,,,,,
"POLYGON ((-46.5916559 -23.5641795, -46.5912366 -23.564402, -46.5911874 -23.5643215, -46.5911828 -23.5643239, -46.5911576 -23.5642835, -46.5911344 -23.5642968, -46.5911121 -23.5642571, -46.5910856 -23.5642709, -46.5910501 -23.5642894, -46.5909704 -23.5642249, -46.5909935 -23.564214, -46.591025 -23.5641985, -46.5915126 -23.5639455, -46.5915806 -23.5640565, -46.5916559 -23.5641795))",127,03119-010,Rua Tamaratáca,hospital,hospital,Hospital Sancta Maggiori,,,,,,,,,São Paulo,,Alto da Mooca,,,,,,,,,,,,,,,,,,,,,,,,,,,,,,,,,,,,,,,,,,,,,,,,,,,,,,,,,,,,,,,,,,,,,,,,,,,,,,,,,,,,,,,,,,,,,,
"POLYGON ((-46.7119922 -23.5259958, -46.712 -23.5259267, -46.7120184 -23.5257637, -46.712029 -23.5256707, -46.7120347 -23.5256237, -46.7118352 -23.5255877, -46.7113518 -23.5255004, -46.7113334 -23.5255695, -46.711315 -23.5256529, -46.711286 -23.5257842, -46.7112712 -23.5258516, -46.7115997 -23.5259139, -46.7117469 -23.5259425, -46.7118685 -23.5259621, -46.711864 -23.5260025, -46.7119922 -23.5259958))",177,05078-000,Rua Brigadeiro Gavião Peixoto,hospital,hospital,Hospital Albert Sabin,,3239640,BR49354376000193,,,,,,São Paulo,,Lapa,,,,,,,,,,,,,,,,,,,,,,,,,,,,,,,,,,,,,,,,,,,,,,,,,,,,,,,,,,,,,,,,,,,,,,,,,,,,,,,,,,,,,,,,,,,,,,
"POLYGON ((-46.6296934 -23.592824, -46.6294192 -23.5929948, -46.6293696 -23.5929377, -46.628876 -23.5933353, -46.6285573 -23.5929508, -46.6283812 -23.5927478, -46.6291396 -23.5921757, -46.6296934 -23.592824))",43,04116-030,Rua Diderot,hospital,hospital,Instituto de Medicina Física e de Reabilitação,,,,,,,,,São Paulo,SP,,,,,,,,,,,,,,IMRea,,,,,,+55 11 5549-0111,http://hcfmusp.org.br/portal/institucional/unidades-de-educacao-permanente/medicina-fisica-e-reabilitacao/,,,,,,,,,,,,,,,BR,,,,,,,,,+55 11 5549-0111,,,,,Divisão de Medicina de Reabilitação do Hospital das Clínicas,,,,,,,,,,,,,,,,,,,,,,,,,,,,,,,,,,,,,,,,,,,,,
"POLYGON ((-46.7020588 -23.6164974, -46.702278 -23.6169826, -46.7022928 -23.6170148, -46.7022492 -23.617078, -46.7020997 -23.6171118, -46.7018965 -23.6171536, -46.7016524 -23.6159924, -46.7019166 -23.6159494, -46.7020213 -23.616353, -46.7020588 -23.6164974))",,,,hospital,hospital,Hospital Sancta Maggiore Dubai,,,,,,,,,,,,,,,,,,,,,,,,,,,,,,,,,,,,,,,,,,,,,,,Hospital Sancta Maggiore,,,,,,,,,,,,,,,,,,,,,,,,,,,,,,,,,,,,,,,,,,,,,,,,,,,,,,,,,,
"POLYGON ((-46.4932236 -23.6108297, -46.4937245 -23.6115687, -46.4937041 -23.6115994, -46.4933778 -23.6118599, -46.49334 -23.611881, -46.4933166 -23.6118941, -46.4933142 -23.6118955, -46.493297 -23.6119045, -46.4932819 -23.6119135, -46.4931495 -23.6121659, -46.4931093 -23.61222, -46.4930664 -23.6122691, -46.4930136 -23.6123328, -46.4922848 -23.6113136, -46.4925473 -23.6111578, -46.4925292 -23.6110967, -46.4926936 -23.6110077, -46.4927098 -23.6110306, -46.4927695 -23.6110237, -46.4928005 -23.6110679, -46.4928542 -23.6110379, -46.4931025 -23.6108986, -46.4932236 -23.6108297))",,,,hospital,hospital,AE / AMA Sapopemba,,,,,,,,,,,,,,,,,,,,,,,,,,,,,,,,,,,,,,,,,,,,,,,,,,,,,,,,,,,,,,,,,,,,,,,,,,,,,,,,,,,,,,,,,,,,,,,,,,,,,,,,,
"POLYGON ((-46.6383669 -23.5620588, -46.6384997 -23.5620835, -46.6385378 -23.5620904, -46.6385694 -23.5620962, -46.6385762 -23.5621026, -46.6386771 -23.5626626, -46.6384159 -23.5627094, -46.6383978 -23.5626205, -46.6383849 -23.5625574, -46.6383496 -23.5625635, -46.6383266 -23.5624495, -46.6382665 -23.5624594, -46.6382528 -23.5624617, -46.6382476 -23.5624358, -46.6382143 -23.5624407, -46.6381882 -23.5624444, -46.6381565 -23.562449, -46.6381301 -23.5624529, -46.6380987 -23.5624574, -46.6380924 -23.5624583, -46.6380716 -23.5624613, -46.6380523 -23.5624641, -46.6380512 -23.5624589, -46.6380501 -23.5624539, -46.6379715 -23.5624405, -46.637915 -23.5624308, -46.6378542 -23.5624198, -46.6378 -23.5624099, -46.6377216 -23.5623957, -46.637692 -23.5623903, -46.6376271 -23.5623797, -46.6373733 -23.5623423, -46.6373842 -23.5622972, -46.6374035 -23.562204, -46.6374124 -23.562161, -46.637436 -23.5620473, -46.6374602 -23.5619304, -46.6374644 -23.5619101, -46.6374682 -23.5618926, -46.6378528 -23.5619581, -46.6378771 -23.561963, -46.637947 -23.5619748, -46.6383669 -23.5620588))",,,Rua Vergueiro,hospital,hospital,Hospital Oswaldo Cruz,,,,,,,,,São Paulo,,,,,,,,,,,,,,,,,,,,,,,,,,,,,,,,,,,,,,,,,,,,,,,,,,,,,,,,,,,,,,,,,,,,,,,,,,,,,,,,,,,,,,,,,,,,,,,,
"POLYGON ((-46.6359573 -23.5969243, -46.6357161 -23.5969158, -46.6356617 -23.5969138, -46.6356608 -23.5968952, -46.63566 -23.5968683, -46.6356604 -23.5968485, -46.6356627 -23.5967228, -46.635675 -23.5964336, -46.6356747 -23.596349, -46.6356751 -23.5963444, -46.6357042 -23.5963455, -46.6357302 -23.596347, -46.6357617 -23.5963474, -46.6358348 -23.5963493, -46.6358941 -23.5963511, -46.6359593 -23.5963516, -46.635959 -23.5963866, -46.6359613 -23.5964858, -46.6359609 -23.596516, -46.6359575 -23.5967766, -46.6359571 -23.5968061, -46.6359561 -23.596883, -46.6359573 -23.5969243))",81,04121-000,Rua Santa Cruz,hospital,hospital,Centro de Referência e Treinamento DST/Aids-SP,,2077957,,,,,,,São Paulo,SP,,,,,,,,,,,,,,,,,,,,+55 11 5087-9911;+55 11 5087-9825,http://www.cidadao.sp.gov.br/servico.php?serv=2211,,,,,,,,,,,,,,,BR,,,,,,,,,+55 11 5571-0855,BR46374500000194,,,,,16.34,,,,,,,,,,,,,,,,,,,,,,,,,,,,,,,,,,,,,,,,,,,,
"POLYGON ((-46.6390568 -23.5681796, -46.638992 -23.5681138, -46.6388229 -23.5679248, -46.6387899 -23.5679491, -46.6385737 -23.5681044, -46.6382195 -23.5677075, -46.6382101 -23.5676909, -46.6382054 -23.5676706, -46.6382182 -23.567622, -46.6382311 -23.5675956, -46.638253 -23.567568, -46.6383169 -23.5675103, -46.6383817 -23.5674497, -46.6384018 -23.5674338, -46.6385952 -23.567251, -46.6387051 -23.5671533, -46.638747 -23.5671136, -46.6389014 -23.5669636, -46.6391607 -23.5667117, -46.6392852 -23.5665954, -46.6394103 -23.5664783, -46.6394123 -23.5664764, -46.6394596 -23.5664592, -46.6394992 -23.5664828, -46.6397587 -23.5680292, -46.6396744 -23.568044, -46.6395924 -23.5680524, -46.639181 -23.5681298, -46.6390568 -23.5681796))",60,01532-000,Rua Castro Alves,hospital,hospital,Hospital do Servidor Público Municipal,+55 11 3397-7700,2752077,BR46854998000192,https://www.prefeitura.sp.gov.br/cidade/secretarias/saude/hospital_do_servidor_publico_municipal/,,,,,,,,,,,,,,yes,,,,,,,,,,,,,,,,,,,,,,,,,,,,,,,,,,,,,,BR46392130000380,,,,,,,,,,,,,,,,,,,,,,,,,,,,,,,,,,,,,,,,,,,,,,,,,
"POLYGON ((-46.6705374 -23.5843227, -46.670516 -23.5842649, -46.6704476 -23.5840965, -46.6706072 -23.5840461, -46.6709358 -23.5841531, -46.6709599 -23.5842059, -46.6705374 -23.5843227))",22,04506-000,Avenida Santo Amaro,hospital,hospital,Hospital Sancta Maggiore,+55 11 4085-9300;0800 77 00 789,7174705,BR00461479001992,http://sanctamaggiore.com.br,,,,,São Paulo,,,,,,,,,,,,,,,,,,,,,,,,,,,,,,,,,,,,,,,,,,,,,,,,,,,,,,,,,,,,,,,,,,,,,,,,,,,,,,,,,,,,,,,,,,,,,,,,
"POLYGON ((-46.6396105 -23.5560676, -46.6396233 -23.5560861, -46.6396362 -23.5561142, -46.6397474 -23.556327, -46.6397759 -23.5563388, -46.6389597 -23.5565968, -46.6388326 -23.5562394, -46.6395952 -23.5560534, -46.6396105 -23.5560676))",683,,Avenida Brigadeiro Luís Antônio,hospital,hospital,Hospital Pérola Byington,+55 11 3248-8000,,,https://hospitalperola.com.br/,yes,,,,São Paulo,,Bela Vista,,,,,,,,,,,,,,,,,,,,,,,,,abortion;endoscopy;gynaecology;oncology;reproductive_medicine;mast;mastology;pathology;clinical_pathology;humanistic,,,,,,,,,,,,,,,,,,,,,,,,,,,,,,,,,,,,,,,,,,,,,,,,,,,,,,,,,,,,,,,,,,,,,
"POLYGON ((-46.6429268 -23.6433768, -46.6428208 -23.6434738, -46.6427363 -23.6435758, -46.6426543 -23.6437034, -46.64257 -23.6438792, -46.6429013 -23.6439689, -46.6432051 -23.6442134, -46.6435517 -23.6438596, -46.6429268 -23.6433768))",344,04321-120,Rua das Perobas,hospital,hospital,Hospital São Luiz Unidade Jabaquara,,2089599,BR06047087003820,http://www.saoluiz.com.br,,,,,,,,https://www.facebook.com/HospitalSaoLuiz/,,,https://twitter.com/hospsaoluiz,http://www.youtube.com/user/hospsaoluiz,,,,,,,,,1958,,,,,+55 11 5018-4000,,,,,,,,,,,,,,,,,,,,,,,,,,,,,,Hospital Nossa Senhora de Lourdes,,,,,,,,,,,,,,,,,,,,,,,,,,,,,,,,,,,,,,,,,,,,,
"POLYGON ((-46.5856797 -23.5442865, -46.5854819 -23.5442453, -46.5853855 -23.5442256, -46.5852491 -23.5441986, -46.5853406 -23.54381, -46.5853465 -23.5437794, -46.5854893 -23.5437926, -46.5856744 -23.5438147, -46.5857576 -23.5438235, -46.5858665 -23.5438331, -46.5859468 -23.5438402, -46.5859896 -23.5438439, -46.5859987 -23.5438447, -46.5859305 -23.5439195, -46.5857334 -23.5441949, -46.5857012 -23.5442472, -46.5856797 -23.5442865))",901,03303-000,Rua Padre Adelino,hospital,hospital,Hospital Avicena,,,,,,,,,São Paulo,SP,,,,,,,,,,,,,,,,,,,,+55 11 2602-0000,http://www.aviccena.com.br/,,,,,,,,,,,,,,,BR,,,,,,,,,,,,,,,,,,,,,,,,,,,,,,,,,,,,,,,,,,,,,,,,,,,,,,,,,,,
"POLYGON ((-46.6419261 -23.5710252, -46.6419299 -23.5709542, -46.6419417 -23.5707326, -46.6419391 -23.5707234, -46.6419273 -23.5707151, -46.6419156 -23.5707114, -46.6416917 -23.5707026, -46.6415351 -23.5706965, -46.6415312 -23.5707673, -46.6415182 -23.5710066, -46.6416398 -23.5710121, -46.6416626 -23.5710132, -46.6417849 -23.5710188, -46.6419261 -23.5710252))",1137,,Rua Maestro Cardim,hospital,hospital,Hospital Sancta Maggiore Paraíso,,,,,,,,,São Paulo,,,,,,,,,,,,,,,Sancta Maggiore,,,,,,,,,,,,,,,,,,,,,,BR,,,,,,,,,,,,,,,,,,,,,,,,,,,,,,,,,,,,,,,,,,,,,,,,,,,,,,,,,,,
"POLYGON ((-46.6469039 -23.5647932, -46.6464873 -23.5651164, -46.6467167 -23.5653907, -46.6471508 -23.5650999, -46.6469039 -23.5647932))",,,,hospital,hospital,Hospital Samaritano,,,,https://paulista.hospitalsamaritano.com.br/,,,,,,,,,,,,,,,,,,,,,,,,,,,,,,,,,,,,,,,,,,,,,,,yes,,,,,,,,,,,,,,,,,,,,,,,,,,,,,,,,,,,,,,,,,,,,,,,,,,,,,,
"POLYGON ((-46.660614 -23.6016693, -46.6607793 -23.6018481, -46.6610887 -23.6016041, -46.6612282 -23.6017497, -46.6613486 -23.6016534, -46.661469 -23.601557, -46.6615285 -23.6016168, -46.6618882 -23.601325, -46.6618321 -23.6012663, -46.6617279 -23.6011554, -46.661606 -23.6012534, -46.661584 -23.6012317, -46.6613963 -23.6010327, -46.6613271 -23.601089, -46.6608419 -23.6014839, -46.660614 -23.6016693))",550,04521-022,Avenida Ministro Gabriel de Rezende Passos,hospital,hospital,Hospital Alvorada Moema,,6028012,,,,,,,São Paulo,,Moema,,,,,,,,,,,,,,,,,,,,,,,,,,,,,,,,,,,,,,,,,,,,,,,,,,,,,,,,,,,,,,,,,,,,,,,,,,,,,,,,,,,,,,,,,,,,,,
"POLYGON ((-46.7116267 -23.5924591, -46.7111104 -23.5932383, -46.7110823 -23.593264, -46.7110506 -23.5932864, -46.711011 -23.5933033, -46.7105067 -23.5934143, -46.7103495 -23.5934452, -46.710298 -23.5934524, -46.7102674 -23.5934425, -46.7102493 -23.5934228, -46.7102517 -23.59339, -46.7102654 -23.5933526, -46.7107095 -23.5926455, -46.7111237 -23.5920387, -46.711135 -23.5920338, -46.7111487 -23.5920351, -46.711164 -23.5920427, -46.7112225 -23.5920927, -46.7112834 -23.5921495, -46.7113415 -23.5921998, -46.7114455 -23.5922761, -46.7116258 -23.5924085, -46.711634 -23.592421, -46.7116343 -23.5924427, -46.7116267 -23.5924591))",34,,Rua Doutor Serafico de Assis Carvalho,hospital,hospital,Hospital Infantil Darcy Vargas,,2071371,BR46374500011803,,,,,,,,,,,,,,,yes,,,,Governo do Estado de São Paulo,,,,,,,,,,,,,,paediatrics;paediatric_surgery,,,,,,,,government,,,,,,,,,,,,BR46374500000194,,,,,,,,,,,,,,,,,,,,,,,,,,,,,,,,,,,,,,,,,,,,,,,,,
"POLYGON ((-46.6545729 -23.534879, -46.6545432 -23.534902, -46.6543331 -23.5350642, -46.6545211 -23.535658, -46.6545291 -23.5356811, -46.6548318 -23.535597, -46.6548209 -23.5355691, -46.6546335 -23.5350477, -46.6545729 -23.534879))",151,01150-011,Praça Marechal Deodoro,hospital,hospital,NotreDame Intermédica Hospital e Pronto Socorro Santa Cecilia,,694622,,,,,,,São Paulo,SP,,,,,,https://www.youtube.com/channel/UCsQbqbLY-uvbXSCXinr5imA,,,,,24/7,,,,,,,,,+55 11 3823-7000,http://www.gndi.com.br/unidade-detalhe-hospital-santa-cecilia,,,,,,,,,,,,,,,BR,Hospital Santa Cecília,,,,,,,,,BR46374500000194,,,https://www.linkedin.com/company/gndi,,,,,,,,,,,,,,,,,,,,,,,,,,,,,,,,,,,,,,,,,,,,,,
"POLYGON ((-46.6595342 -23.5498942, -46.6592585 -23.5500127, -46.6592308 -23.5500248, -46.6591275 -23.55007, -46.6590338 -23.5498861, -46.6594415 -23.5497109, -46.6595427 -23.5496689, -46.6595898 -23.5497632, -46.6596338 -23.5498512, -46.6595342 -23.5498942))",1987,01227-200,Avenida Angélica,hospital,hospital,Sabará Hospital Infantil,+55 11 31552800,,,https://www.hospitalinfantilsabara.org.br,,,,,São Paulo,,,,,,,,,yes,,,,,,,,,,,,,,,,,,paediatrics,,,,,,,,,,,,,,,,,,,,,,,,,,,,,,,,,,,,,,,,,,,,,,,,,,,,,,,,,,,,,,,,,,,,,
"POLYGON ((-46.6590036 -23.5504285, -46.6591085 -23.5502621, -46.6591752 -23.5502956, -46.6593328 -23.550229, -46.6592308 -23.5500248, -46.6591275 -23.55007, -46.6590338 -23.5498861, -46.6589521 -23.5497101, -46.6589227 -23.5496467, -46.658422 -23.5498619, -46.6583523 -23.5497292, -46.6583325 -23.5496963, -46.6580767 -23.5498088, -46.6581697 -23.5499748, -46.6582039 -23.550017, -46.6584131 -23.5501247, -46.6590036 -23.5504285))",306,01239-040,Rua Mato Grosso,hospital,hospital,Higienópolis Medical Center,,,,,,,,,São Paulo,,,,,,,,,,,,,,,,,,,,,,,,,,,,,,,,,,,,,,,,,,,,,,,,,,,,,,,,,,,,,,,,,,,,,,,,,,,,,,,,,,,,,,,,,,,,,,,,
"POLYGON ((-46.6470467 -23.5723504, -46.6472597 -23.5721881, -46.6471 -23.5720129, -46.6469888 -23.5718909, -46.6466174 -23.5721756, -46.6466763 -23.5722105, -46.6467901 -23.5722464, -46.6468219 -23.5722548, -46.6468706 -23.5722753, -46.6468849 -23.5722814, -46.6470467 -23.5723504))",233,04003-010,Rua Leôncio de Carvalho,hospital,hospital,Santa Maria,,,,,,,,,São Paulo,,,,,,,,,,,,,,,,,,,,,,,,,,,,,,,,,,,,,,,,,,,,,,,,,,,,,,,,,,,,,,,,,,,,,,,,,,,,,,,,,,,,,,,,,,,,,,,,
"POLYGON ((-46.6554886 -23.5587369, -46.6551272 -23.558918, -46.6551884 -23.5590117, -46.6550916 -23.5590565, -46.654969 -23.5588385, -46.6549574 -23.5588442, -46.6549377 -23.5588142, -46.6547025 -23.5589204, -46.6547941 -23.5592903, -46.654797 -23.5592962, -46.6548083 -23.5593137, -46.655178 -23.559716, -46.6552799 -23.5598111, -46.6553959 -23.5597407, -46.6555572 -23.5596485, -46.6555691 -23.5596765, -46.6555568 -23.5596796, -46.6555586 -23.5596869, -46.6555595 -23.5596967, -46.6556448 -23.5598411, -46.6558605 -23.5597715, -46.6557905 -23.5595206, -46.6557239 -23.5592818, -46.6552195 -23.5594814, -46.6550493 -23.5592587, -46.6556144 -23.5589893, -46.6554886 -23.5587369))",625,01409-902,Rua Peixoto Gomide,hospital,hospital,Hospital Nove de Julho,+55 11 4020 0057,2079089,BR60884855000316,https://www.h9j.com.br/,,,,,São Paulo,,Jardim Paulista,,,,,,,yes,,,,,,,,,,,,,,,,,,cardiology;neurology;ortopedia_e_traumatologia;alergia_e_imunologia;anaesthetics;surgery;urology;rheumatology;pneumologia,,,,,,,,,,,,,,,,,,,,,,,,,,,,,,,,,,,,,,,,,,,,,,,,,,,,,,,,,,,,,,,,,,,,,
"POLYGON ((-46.7176352 -23.5859031, -46.7178117 -23.5855804, -46.7174219 -23.585402, -46.7174189 -23.5854076, -46.7172446 -23.5857263, -46.7176352 -23.5859031))",121,05615-190,Rua dos Três Imãos,hospital,hospital,Hospital Leforte - Unidade Morumbi,,6283993,BR19803199000114,,,Q30269970,,,,,,,,,,,,yes,,,,,,,,,,,,,,,,,,,,,,,,,,,,,,,,,,,,,,,,,,,,,,,,,,,,,,,,,,,,,,,,,,,,,,,,,,,,,,,,,,,,,,,
"POLYGON ((-46.6512979 -23.5707554, -46.6511598 -23.5705952, -46.6507923 -23.5708736, -46.6505834 -23.5706212, -46.651027 -23.5702633, -46.6510437 -23.5702826, -46.6510942 -23.5703379, -46.6511157 -23.5703359, -46.6513428 -23.5701552, -46.6513802 -23.5701896, -46.6516627 -23.5704495, -46.6512979 -23.5707554))",2651,01401-901,Avenida Brigadeiro Luís Antônio,hospital,hospital,Hospital de Transplantes do Estado de São Paulo Euryclides de Jesus Zerbini,+55 11 3170 6100,2088576,BR46374500011471,https://htejz.spdmafiliadas.org.br/,,,,,São Paulo,,Jardim Paulista,,,,,,sau@htejz.spdm.org.br,no,,,,SPDM,,,1954-01-25,,,,,+55 11 3170 6121,,,,,,surgery;urology,,,,,,,,private_non_profit,,,,,,,,https://www.spdm.org.br/onde-estamos/hospitais/hospital-de-transplantes-do-estado-de-sao-paulo-antigo-brigadeiro,,sau@htejz.spdm.org.br,,BR46374500000194,,,,Hospital Brigadeiro,,,,,,,,,,,,,,,,,,,,,,,,,,,,,,,,,,,,,,,,,,,,,
"POLYGON ((-46.664227 -23.5800335, -46.6641367 -23.579951, -46.6640479 -23.5798633, -46.6636616 -23.5802274, -46.6637901 -23.5803136, -46.6638707 -23.5803677, -46.6639309 -23.5803097, -46.664227 -23.5800335))",4312,01402-002,Avenida Brigadeiro Luís Antônio,hospital,hospital,Hospital Sancta Maggiore,,7931670,BR00461479005122,http://sanctamaggiore.com.br,,,,,São Paulo,,,,,,,,,,,,,,,,,,,,,,,,,,,,,,,,,,,,,,,,,,,,,,,,,,,,,,,,,,,,,,,,,,,,,,,,,,,,,,,,,,,,,,,,,,,,,,,,
"POLYGON ((-46.6673454 -23.5831216, -46.6674532 -23.5829684, -46.6676053 -23.5827543, -46.6676125 -23.5827448, -46.6674945 -23.5826781, -46.6673986 -23.582624, -46.6671388 -23.5830026, -46.6673454 -23.5831216))",4805,01401-002,Avenida Brigadeiro Luís Antônio,hospital,hospital,Hospital Municipal Brigadeiro,,,,,,,,,São Paulo,,,,,,,,,,,,,,,,,,,,,,,,,,,,,,,,,,,,,,,,,,,,,,,,,,,,,,,,,,,,,,,,,,,,,,,,,,,,,,,,,,,,,,,,,,,,,,,,
"POLYGON ((-46.6693172 -23.5842039, -46.6694091 -23.5840642, -46.6695513 -23.5838435, -46.6695289 -23.5838268, -46.6692697 -23.5836804, -46.6691956 -23.583785, -46.6690143 -23.5840477, -46.6692116 -23.5841606, -46.6692216 -23.5841486, -46.6693172 -23.5842039))",5013,01401-002,Avenida Brigadeiro Luís Antônio,hospital,hospital,A.C Camargo,,,,,,,,,São Paulo,,,,,,,,,,,,,,,,,,,,,,,,,,,,,,,,,,,,,,,,,,,,,,,,,,,,,,,,,,,,,,,,,,,,,,,,,,,,,,,,,,,,,,,,,,,,,,,,
"POLYGON ((-46.7552917 -23.475518, -46.7551714 -23.4762204, -46.7545312 -23.4758686, -46.7546701 -23.4751431, -46.7552917 -23.475518))",,,,hospital,hospital,Casa de Saúde São João de Deus,,,,,,,,,,,,,,,,,,,,,,,,,,,,,,,,,,,,,,,,,,,,,,,,,,,,,,,,,,,,,,,,,,,,,,,,,,,,,,,,,,,,,,,,,,,,,,,,,,,,,,,,,
"POLYGON ((-46.6269387 -23.5221618, -46.6270932 -23.5227969, -46.6257091 -23.5230698, -46.6256698 -23.5226896, -46.6262182 -23.5226048, -46.6268036 -23.5224636, -46.6267358 -23.5221506, -46.6269387 -23.5221618))",,,,hospital,hospital,,,,,,,,,,,,,,,,,,,,,,,,,,,,,,,,,,,,,,,,área do CAPS ad 3 Armênia,,,,,,,,,,,,,,,,,,,,,,,,,,,,,,,,,,,,,,,,,,,,,,,,,,,,,,,,,,,,,,,,,,
"POLYGON ((-46.691616 -23.5626441, -46.6918785 -23.5622971, -46.6920767 -23.5627286, -46.6919449 -23.5628488, -46.691616 -23.5626441))",34,05419-020,Praça dos Omaguás,hospital,hospital,Prevent Senior Londres - Núcleo de Medicina Avançada e Diagnóstica,,,,,yes,,,,São Paulo,,Pinheiros,,,,,,,,,,,,,,,,,,,,,,,,,general,,,,,,,2025-12-06,,,,,,,,,,,,,,,,,,,,,,,,,,,,,,,,,,,,,,,,,,,,,,,,,,,,,,,,,,,,,,
"POLYGON ((-46.747263 -23.400558, -46.7470623 -23.4005342, -46.7470541 -23.4005618, -46.7470375 -23.4005575, -46.7470003 -23.4008698, -46.7470155 -23.4008711, -46.7470171 -23.4008932, -46.7470952 -23.4008979, -46.7471003 -23.4008773, -46.7471367 -23.4008773, -46.7471332 -23.4009058, -46.7472284 -23.4009106, -46.7472302 -23.4008797, -46.7472395 -23.4008757, -46.7472438 -23.4008345, -46.7472342 -23.4008166, -46.7472332 -23.4007994, -46.7472493 -23.4008005, -46.7472544 -23.4007485, -46.7472418 -23.4007382, -46.7472461 -23.4007175, -46.7472608 -23.4007149, -46.7472652 -23.4006563, -46.7472503 -23.4006491, -46.7472538 -23.4006315, -46.7472692 -23.400633, -46.7472801 -23.4005806, -46.7472646 -23.4005724, -46.747263 -23.400558))",,05202-140,Rua Estevan Ribeiro Resende,hospital,hospital,Unidade de Pronto de Atendimento Doutor Luiz Antônio de Abreu Sampaio Dora,+55 11 3350 0013,4050169,,,yes,,,,,,Perus,,,,,,,yes,,,,,,UPA Perus,,,,,,,,,,,,general,,,,,,,,,,,,,,,,CNES,,,,,,,,,,,,,,,,,,,,,,,,,,,,,,,,,,,,,,,,,,,,,,,,,,,,,
"POLYGON ((-46.7650022 -23.5771631, -46.7648667 -23.5772393, -46.7648077 -23.5772909, -46.7647018 -23.5773819, -46.7645998 -23.5775048, -46.7640473 -23.5782484, -46.7643933 -23.5787204, -46.7645701 -23.5786108, -46.7652159 -23.5782105, -46.7653213 -23.5781452, -46.765375 -23.5779927, -46.7650022 -23.5771631))",257,,Rua Lucas de Leyde,hospital,hospital,Hospital Municipal e Maternidade Professor  Mario Degni,+55 11 3394 9330,,,https://www.hospitalsarah.com/,,,,,,,,,,,,,,yes,,,,,,,,,,,,,,,,,,maternity;general,,,,,,fence,,government,,,,,,,,,Hospital e Maternidade Sarah,,,,,,,,,,,,,,,,,,,,,,,,,,,,,,,,,,,,,,,,,,,,,,bars,,,,,,
"POLYGON ((-46.7650332 -23.5762288, -46.7649602 -23.5760557, -46.76495 -23.5760593, -46.7649004 -23.575942, -46.7647886 -23.5759816, -46.7646568 -23.5760284, -46.7649395 -23.576698, -46.7649488 -23.5767199, -46.7652026 -23.5766299, -46.7652178 -23.5766245, -46.7651075 -23.5763633, -46.7653824 -23.5762658, -46.7653233 -23.5761259, -46.7650332 -23.5762288))",90,,Rua José Vicente da Cruz,hospital,hospital,Unidade de Pronto Atendimento Rio Pequeno,,,,,,,,,,,Vila Antônio,,,,,,,yes,,,,Associação Paulista para o Desenvolvimento da Medicina,,,,,,,,,,,,,,general,,,,,,fence,,private_non_profit,,,,,,,,,,,,,,,,,,,,,,,,,,,,,,,,,,,,,,,,,,,,,,,,,,,,,,,bars,,,,,,
"POLYGON ((-46.7112711 -23.5808154, -46.7112277 -23.5808364, -46.7109261 -23.580982, -46.7108081 -23.5806931, -46.7105868 -23.5806931, -46.7105882 -23.5799581, -46.7105949 -23.5799274, -46.7106164 -23.5799041, -46.7106318 -23.5798936, -46.7106546 -23.5798893, -46.710678 -23.5798887, -46.7106988 -23.5798936, -46.7107163 -23.5799022, -46.7107277 -23.5799163, -46.7108313 -23.5800867, -46.7111099 -23.5805444, -46.7112711 -23.5808154))",,,,hospital,hospital,Hospital Sancta Maggiore - Unidade Rússia,,,,,,,,,,,,,,,,,,,,,,Prevent Senior,,,,,,,,,,,,,,,,,,,,,,,,,,,,,,,,,,,,,,,,,,,,,,,,,,,,,,,,,,,,,,,,,,,,,,,,,,,,,,,,,,,
"POLYGON ((-46.7357592 -23.6325638, -46.7356922 -23.632318, -46.7351727 -23.6319276, -46.7351129 -23.6317964, -46.7350618 -23.6317086, -46.7344771 -23.6316644, -46.7343993 -23.6318058, -46.7343931 -23.6319233, -46.734428 -23.6320061, -46.7345417 -23.6322208, -46.7348553 -23.63249, -46.7352228 -23.632753, -46.7354883 -23.6328341, -46.7357592 -23.6325638))",,,,hospital,hospital,Instituto de Reabilitação Lucy Montoro,,,,,,,,,,,,,,,,,,,,,,,,,,,,,,,,,,,,,,,,,,,,,,,,,,,,,,,,,,,,,,,,,,,,,,,,,,,,,,,,,,,,,,,,,,,,,,,,,,,,,,,,,
"POLYGON ((-46.6209127 -23.4684998, -46.6187577 -23.4681026, -46.6182986 -23.4668725, -46.6177038 -23.4670544, -46.6181786 -23.4686099, -46.618116 -23.4694522, -46.6180325 -23.4702898, -46.6175785 -23.4703137, -46.6180377 -23.4712374, -46.619316 -23.4707732, -46.6198639 -23.4700313, -46.6195352 -23.4697585, -46.619603 -23.4689593, -46.6206309 -23.4690885, -46.6209127 -23.4684998))",,,,hospital,hospital,Centro Médico PMESP,,,,,,,,,,,,,,,,,,,,,,Polícia Militar do Estado de São Paulo,Q10351025,,,military,police,PMESP,hospital,,,,,,,,,,,,,,,,,,,,,,,,,,,,,,,,,,,,,,,,,,,,,,,,,,,,,,,,,,,,,,,,,,,,,,,,,,,,
"POLYGON ((-46.5830099 -23.4656257, -46.5835521 -23.4656505, -46.5835854 -23.4656521, -46.5836117 -23.4656811, -46.5838418 -23.4666657, -46.5838527 -23.4667121, -46.5839572 -23.4672019, -46.5834867 -23.4672868, -46.5835837 -23.4677317, -46.5821602 -23.4680053, -46.5816462 -23.4660608, -46.582499 -23.4659151, -46.5829378 -23.4658314, -46.5829868 -23.4658246, -46.5830099 -23.4656257))",2674,,Avenida Guapira,hospital,hospital,Hospital Geriátrico Dom Pedro II,,,,,,,,,São Paulo,,,,,,,,,,,,,,,,,,,,,,,,,,,,,,,,,,,,,,,,,,,,,,,,,,,,,,,,,,,,,,,,,,,,,,,,,,,,,,,,,,,,,,,,,,,,,,,,
"POLYGON ((-46.7234442 -23.6167695, -46.7234695 -23.6169413, -46.7231596 -23.6169867, -46.723157 -23.6169738, -46.7231493 -23.6169251, -46.723094 -23.6169311, -46.7230755 -23.6168089, -46.7234442 -23.6167695))",,,,hospital,hospital,,,,,,,,,,,,,,,,,,,,,,,,,,,,,,,,,,,,,,,,,,,,,,,,,,,,,,,,,,,,,,,,,,,,,,,,,,,,,,,,,,,,,,,,,,,,,,,,,,,,,,,,,,
"POLYGON ((-46.7207588 -23.6165125, -46.7207712 -23.6167438, -46.7207039 -23.6168031, -46.7207952 -23.6168941, -46.7207255 -23.617032, -46.7206835 -23.6170763, -46.7206474 -23.6170984, -46.7206114 -23.61711, -46.7205702 -23.6171181, -46.72052 -23.6171238, -46.7204895 -23.6171266, -46.7203727 -23.6170248, -46.7203609 -23.6170339, -46.7202448 -23.6169218, -46.7201077 -23.616926, -46.7201001 -23.6167963, -46.7200812 -23.6164677, -46.7205715 -23.6164504, -46.7207545 -23.6164634, -46.7207588 -23.6165125))",,,,hospital,hospital,,,,,,,,,,,,,,,,,,,,,,,,,,,,,,,,,,,,,,,,,,,,,,,,,,,,,,,,,,,,,,,,,,,,,,,,,,,,,,,,,,,,,,,,,,,,,,,,,,,,,,,,,,
"POLYGON ((-46.6686534 -23.528656, -46.6688259 -23.5289089, -46.6683491 -23.529173, -46.6681666 -23.5289004, -46.6686534 -23.528656))",,,,hospital,hospital,,,,,,,,,,,,,,,,,,,,,,,,,,,,,,,,,,,,,,,,,,,,,,,,,,,,,,,,,,,,,,,,,,,,,,,,,,,,,,,,,,,,,,,,,,,,,,,,,,,,,,,,,,
"POLYGON ((-46.5278463 -23.53289, -46.5274967 -23.5328237, -46.5270565 -23.5327401, -46.5269399 -23.5332549, -46.5272892 -23.5337697, -46.527387 -23.5333027, -46.5274388 -23.5333123, -46.5276297 -23.5333477, -46.5277447 -23.533369, -46.5278463 -23.53289))",,,,hospital,hospital,Hospital Santa Clara,,,,,,,,,,,,,,,,,,yes,,,,,,,,,,,,,,,,,,,,,,,,,,,,,,,,,,,,,,,,,,,,,,,,,,,,,,,,,,,,,,,,,,,,,,,,,,,,,,,,,,,,,,,
"POLYGON ((-46.5277447 -23.533369, -46.5276297 -23.5333477, -46.5274388 -23.5333123, -46.527387 -23.5333027, -46.5272892 -23.5337697, -46.5273434 -23.5338651, -46.5274164 -23.5339087, -46.5274577 -23.5339359, -46.5276341 -23.5338856, -46.5277447 -23.533369))",,,,hospital,hospital,,,,,,,,,,,,,,,,,,,,,,,,,,,,,,,,,,,,,,,,,,,,,,,,,,,,,,,,,,,,,,,,,,,,,,,,,,,,,,,,,,,,,,,,,,,,,,,,,,,,,,,,,,
