geometry,name,shop,brand,brand:wikidata,disused:amenity,old_brand,old_name,opening_hours,brand:wikipedia,branch,addr:city,addr:housenumber,addr:postcode,addr:street,addr:suburb,check_date,cuisine,alt_name,organic,wheelchair,changing_table,level,operator,website,payment:cash,payment:coins,payment:notes,loc_name,phone,payment:american_express,payment:credit_cards,payment:debit_cards,payment:maestro,payment:mastercard,payment:telephone_cards,payment:visa,payment:visa_debit,payment:visa_electron,addr:housename,addr:country,ref:vatin,internet_access,check_date:opening_hours,not:brand:wikidata,name:en,note,payment:elo,toilets:wheelchair,access,addr:state,contact:facebook,contact:phone,contact:website,name:pt,description,mapillary,old_alt_name,old_contact:website,wholesale,email,source,contact:instagram,contact:twitter,contact:youtube,operator:wikidata,operator:wikipedia,entrance,name:ja,old_name:pt,fax,gps,site_name,start_date,payment:pix,delivery,parking,addr:district,addr:subdistrict,air_conditioning,currency:BRL,disused:shop,amenity,female_owner,lgbtq,name:fr,bus,gtfs_id,highway,network,network:wikidata,route_ref,fuel:biogas,fuel:cng,fuel:electricity,toilets,toilets:access,building,check_date:currency:XBT,country,image,mobile,nat_name,official_name,payment:cards,payment:contactless,survey:date,payment:app,payment:apple_pay,second_hand,stroller,addr:floor,diet:vegan,diet:vegetarian,lunch,name:zh,landuse,self_checkout,height,building:levels,wikidata,wikipedia,wikipedia:pt,roof:colour,roof:shape,old_operator,short_name,fuel:diesel,fuel:ethanol,fuel:octane_87,fuel:octane_91,reg_name,barrier,contact:email,layer,opening_hours:covid19,payment:voucher_meal,payment:voucher,contact:whatsapp,disused:tourism,fixme,roof:material,fuel:octane_95,fuel:octane_98,fuel:etanol_comum,fuel:gasoline_87,self_service,compressed_air,old_loc_name,building:colour,payment:google_pay,building:levels:underground,surface,disused:office,contact:mobile,smoking,payment:sodexo,payment:prepaid_ticket,area,wikimedia_commons,building:material,building:use,cash_withdrawal,cash_withdrawal:currency,cash_withdrawal:foreign_cards,cash_withdrawal:purchase_minimum,cash_withdrawal:type,company,public_transport,indoor,dispensing,payment:nfc,room,roof:height,payment:edenred_card,payment:meal_voucher,payment:pluxee,payment:qr_code,payment:samsung_pay,payment:vr_alimentação,type
POINT (-46.6806689 -23.5270296),Hipermercado Zaffari,supermarket,,,,,,,,,,,,,,,,,,,,,,,,,,,,,,,,,,,,,,,,,,,,,,,,,,,,,,,,,,,,,,,,,,,,,,,,,,,,,,,,,,,,,,,,,,,,,,,,,,,,,,,,,,,,,,,,,,,,,,,,,,,,,,,,,,,,,,,,,,,,,,,,,,,,,,,,,,,,,,,,,,,,,,,,,,,,,,,,,,
POINT (-46.7337329 -23.6525319),Rycoy Supermercado,supermarket,,,,,,,,,,,,,,,,,,,,,,,,,,,,,,,,,,,,,,,,,,,,,,,,,,,,,,,,,,,,,,,,,,,,,,,,,,,,,,,,,,,,,,,,,,,,,,,,,,,,,,,,,,,,,,,,,,,,,,,,,,,,,,,,,,,,,,,,,,,,,,,,,,,,,,,,,,,,,,,,,,,,,,,,,,,,,,,,,,
POINT (-46.5467876 -23.5252608),Sonda Hipermercado,supermarket,,,,,,,,,,,,,,,,,,,,,,,,,,,,,,,,,,,,,,,,,,,,,,,,,,,,,,,,,,,,,,,,,,,,,,,,,,,,,,,,,,,,,,,,,,,,,,,,,,,,,,,,,,,,,,,,,,,,,,,,,,,,,,,,,,,,,,,,,,,,,,,,,,,,,,,,,,,,,,,,,,,,,,,,,,,,,,,,,,
POINT (-46.6380059 -23.5522952),,convenience,,,,,,,,,,,,,,,,,,,,,,,,,,,,,,,,,,,,,,,,,,,,,,,,,,,,,,,,,,,,,,,,,,,,,,,,,,,,,,,,,,,,,,,,,,,,,,,,,,,,,,,,,,,,,,,,,,,,,,,,,,,,,,,,,,,,,,,,,,,,,,,,,,,,,,,,,,,,,,,,,,,,,,,,,,,,,,,,,,
POINT (-46.6349356 -23.5530529),Carrefour Express,convenience,Carrefour Express,Q2940190,bank,Itaú Unibanco,Itaú,,,,,,,,,,,,,,,,,,,,,,,,,,,,,,,,,,,,,,,,,,,,,,,,,,,,,,,,,,,,,,,,,,,,,,,,,,,,,,,,,,,,,,,,,,,,,,,,,,,,,,,,,,,,,,,,,,,,,,,,,,,,,,,,,,,,,,,,,,,,,,,,,,,,,,,,,,,,,,,,,,,,,,,,,,,,,
POINT (-46.6275785 -23.5524103),Mercadinho,supermarket,,,,,,,,,,,,,,,,,,,,,,,,,,,,,,,,,,,,,,,,,,,,,,,,,,,,,,,,,,,,,,,,,,,,,,,,,,,,,,,,,,,,,,,,,,,,,,,,,,,,,,,,,,,,,,,,,,,,,,,,,,,,,,,,,,,,,,,,,,,,,,,,,,,,,,,,,,,,,,,,,,,,,,,,,,,,,,,,,,
POINT (-46.65159 -23.5369328),Sacolão Saúde,supermarket,,,,,,,,,,,,,,,,,,,,,,,,,,,,,,,,,,,,,,,,,,,,,,,,,,,,,,,,,,,,,,,,,,,,,,,,,,,,,,,,,,,,,,,,,,,,,,,,,,,,,,,,,,,,,,,,,,,,,,,,,,,,,,,,,,,,,,,,,,,,,,,,,,,,,,,,,,,,,,,,,,,,,,,,,,,,,,,,,,
POINT (-46.6502864 -23.5394139),Amreicanas Express,convenience,,,,,,Mo-Sa 09:00-19:00; Su 09:00-17:00,,,,,,,,,,,,,,,,,,,,,,,,,,,,,,,,,,,,,,,,,,,,,,,,,,,,,,,,,,,,,,,,,,,,,,,,,,,,,,,,,,,,,,,,,,,,,,,,,,,,,,,,,,,,,,,,,,,,,,,,,,,,,,,,,,,,,,,,,,,,,,,,,,,,,,,,,,,,,,,,,,,,,,,,,,,,
POINT (-46.6506528 -23.5402673),Dia,supermarket,Dia,Q925132,,,,,es:Supermercados DIA,,,,,,,,,,,,,,,,,,,,,,,,,,,,,,,,,,,,,,,,,,,,,,,,,,,,,,,,,,,,,,,,,,,,,,,,,,,,,,,,,,,,,,,,,,,,,,,,,,,,,,,,,,,,,,,,,,,,,,,,,,,,,,,,,,,,,,,,,,,,,,,,,,,,,,,,,,,,,,,,,,,,,,,,,,,
POINT (-46.5575259 -23.5438102),Mercado Extra,supermarket,Mercado Extra,Q5422131,,,,,pt:Extra (rede varejista),Fácil,,,,,,,,,,,,,,,,,,,,,,,,,,,,,,,,,,,,,,,,,,,,,,,,,,,,,,,,,,,,,,,,,,,,,,,,,,,,,,,,,,,,,,,,,,,,,,,,,,,,,,,,,,,,,,,,,,,,,,,,,,,,,,,,,,,,,,,,,,,,,,,,,,,,,,,,,,,,,,,,,,,,,,,,,,
POINT (-46.5949969 -23.5403697),Mercado Extra,supermarket,,,,,,,,,São Paulo,427,03057-010,Rua Belém,,,,,,,,,,,,,,,,,,,,,,,,,,,,,,,,,,,,,,,,,,,,,,,,,,,,,,,,,,,,,,,,,,,,,,,,,,,,,,,,,,,,,,,,,,,,,,,,,,,,,,,,,,,,,,,,,,,,,,,,,,,,,,,,,,,,,,,,,,,,,,,,,,,,,,,,,,,,,,,,,,,,,,
POINT (-46.6439567 -23.6013061),Santa Gema,supermarket,,,,,,,,,,,,,,,,,,,,,,,,,,,,,,,,,,,,,,,,,,,,,,,,,,,,,,,,,,,,,,,,,,,,,,,,,,,,,,,,,,,,,,,,,,,,,,,,,,,,,,,,,,,,,,,,,,,,,,,,,,,,,,,,,,,,,,,,,,,,,,,,,,,,,,,,,,,,,,,,,,,,,,,,,,,,,,,,,,
POINT (-46.6418185 -23.6021811),,convenience,,,,,,,,,,,,,,,,,,,,,,,,,,,,,,,,,,,,,,,,,,,,,,,,,,,,,,,,,,,,,,,,,,,,,,,,,,,,,,,,,,,,,,,,,,,,,,,,,,,,,,,,,,,,,,,,,,,,,,,,,,,,,,,,,,,,,,,,,,,,,,,,,,,,,,,,,,,,,,,,,,,,,,,,,,,,,,,,,,
POINT (-46.6442837 -23.603854),,supermarket,,,,,,,,,,,,,,,,,,,,,,,,,,,,,,,,,,,,,,,,,,,,,,,,,,,,,,,,,,,,,,,,,,,,,,,,,,,,,,,,,,,,,,,,,,,,,,,,,,,,,,,,,,,,,,,,,,,,,,,,,,,,,,,,,,,,,,,,,,,,,,,,,,,,,,,,,,,,,,,,,,,,,,,,,,,,,,,,,,
POINT (-46.6443752 -23.6033707),,supermarket,,,,,,,,,,,,,,,,,,,,,,,,,,,,,,,,,,,,,,,,,,,,,,,,,,,,,,,,,,,,,,,,,,,,,,,,,,,,,,,,,,,,,,,,,,,,,,,,,,,,,,,,,,,,,,,,,,,,,,,,,,,,,,,,,,,,,,,,,,,,,,,,,,,,,,,,,,,,,,,,,,,,,,,,,,,,,,,,,,
POINT (-46.6445172 -23.6040723),,convenience,,,,,,,,,São Paulo,1715,04043-350,Rua Luis Góis,,,,,,,,,,,,,,,,,,,,,,,,,,,,,,,,,,,,,,,,,,,,,,,,,,,,,,,,,,,,,,,,,,,,,,,,,,,,,,,,,,,,,,,,,,,,,,,,,,,,,,,,,,,,,,,,,,,,,,,,,,,,,,,,,,,,,,,,,,,,,,,,,,,,,,,,,,,,,,,,,,,,,,
POINT (-46.6782558 -23.5372244),Pão de Açúcar,supermarket,Pão de Açúcar,Q3411543,,,,,pt:Pão de Açúcar (supermercado brasileiro),,São Paulo,747,,Rua Apiacás,Perdizes,,,,,,,,,,,,,,,,,,,,,,,,,,,,,,,,,,,,,,,,,,,,,,,,,,,,,,,,,,,,,,,,,,,,,,,,,,,,,,,,,,,,,,,,,,,,,,,,,,,,,,,,,,,,,,,,,,,,,,,,,,,,,,,,,,,,,,,,,,,,,,,,,,,,,,,,,,,,,,,,,,,,,
POINT (-46.6887695 -23.5539938),Deliparis‎,convenience,,,,,,,,,São Paulo,478,05435-000,Rua Harmonia,,,,,,,,,,,,,,,,,,,,,,,,,,,,,,,,,,,,,,,,,,,,,,,,,,,,,,,,,,,,,,,,,,,,,,,,,,,,,,,,,,,,,,,,,,,,,,,,,,,,,,,,,,,,,,,,,,,,,,,,,,,,,,,,,,,,,,,,,,,,,,,,,,,,,,,,,,,,,,,,,,,,,,
POINT (-46.6901237 -23.5531822),Dia,supermarket,Dia,Q925132,,,,,es:Supermercados DIA,,São Paulo,,05435-030,Rua Purpurina,,2025-12-23,,,,,,,,,,,,,,,,,,,,,,,,,,,,,,,,,,,,,,,,,,,,,,,,,,,,,,,,,,,,,,,,,,,,,,,,,,,,,,,,,,,,,,,,,,,,,,,,,,,,,,,,,,,,,,,,,,,,,,,,,,,,,,,,,,,,,,,,,,,,,,,,,,,,,,,,,,,,,,,,,,,,
POINT (-46.6305984 -23.5882375),econ,supermarket,,,,,,,,,,,,,,,,,,,,,,,,,,,,,,,,,,,,,,,,,,,,,,,,,,,,,,,,,,,,,,,,,,,,,,,,,,,,,,,,,,,,,,,,,,,,,,,,,,,,,,,,,,,,,,,,,,,,,,,,,,,,,,,,,,,,,,,,,,,,,,,,,,,,,,,,,,,,,,,,,,,,,,,,,,,,,,,,,,
POINT (-46.6494263 -23.5695453),Natural Da Terra,supermarket,,,,,,,,,São Paulo,209,04001-081,Rua Manuel da Nóbrega,,,seafood,,,,,,,,,,,,,,,,,,,,,,,,,,,,,,,,,,,,,,,,,,,,,,,,,,,,,,,,,,,,,,,,,,,,,,,,,,,,,,,,,,,,,,,,,,,,,,,,,,,,,,,,,,,,,,,,,,,,,,,,,,,,,,,,,,,,,,,,,,,,,,,,,,,,,,,,,,,,,,,,,,,
POINT (-46.6780297 -23.613501),Pão de Açúcar,supermarket,Pão de Açúcar,Q3411543,,,,,pt:Pão de Açúcar (supermercado brasileiro),,,,,,,,,,,,,,,,,,,,,,,,,,,,,,,,,,,,,,,,,,,,,,,,,,,,,,,,,,,,,,,,,,,,,,,,,,,,,,,,,,,,,,,,,,,,,,,,,,,,,,,,,,,,,,,,,,,,,,,,,,,,,,,,,,,,,,,,,,,,,,,,,,,,,,,,,,,,,,,,,,,,,,,,,,,
POINT (-46.6787416 -23.6144994),Natural da Terra,supermarket,,,,,,,,,,,,,,,,Hortifruti,only,,,,,,,,,,,,,,,,,,,,,,,,,,,,,,,,,,,,,,,,,,,,,,,,,,,,,,,,,,,,,,,,,,,,,,,,,,,,,,,,,,,,,,,,,,,,,,,,,,,,,,,,,,,,,,,,,,,,,,,,,,,,,,,,,,,,,,,,,,,,,,,,,,,,,,,,,,,,,,,,,
POINT (-46.6370091 -23.5930986),ampm,convenience,ampm,Q306960,,,,,en:Ampm,,São Paulo,1920,04036-000,Rua Domingos de Morais,,,,,,,,,,,,,,,,,,,,,,,,,,,,,,,,,,,,,,,,,,,,,,,,,,,,,,,,,,,,,,,,,,,,,,,,,,,,,,,,,,,,,,,,,,,,,,,,,,,,,,,,,,,,,,,,,,,,,,,,,,,,,,,,,,,,,,,,,,,,,,,,,,,,,,,,,,,,,,,,,,,,,,
POINT (-46.6753368 -23.6044222),Dia,supermarket,Dia,Q925132,,,,,es:Supermercados DIA,,,,,,,2024-01-18,,,,,,,,,,,,,,,,,,,,,,,,,,,,,,,,,,,,,,,,,,,,,,,,,,,,,,,,,,,,,,,,,,,,,,,,,,,,,,,,,,,,,,,,,,,,,,,,,,,,,,,,,,,,,,,,,,,,,,,,,,,,,,,,,,,,,,,,,,,,,,,,,,,,,,,,,,,,,,,,,,,,
POINT (-46.7252342 -23.5839605),Carrefour,supermarket,Carrefour,Q217599,,,,,fr:Carrefour (enseigne),,,,,,,,,,,yes,,,,,,,,,,,,,,,,,,,,,,,,,,,,,,,,,,,,,,,,,,,,,,,,,,,,,,,,,,,,,,,,,,,,,,,,,,,,,,,,,,,,,,,,,,,,,,,,,,,,,,,,,,,,,,,,,,,,,,,,,,,,,,,,,,,,,,,,,,,,,,,,,,,,,,,,,,,,,,,,
POINT (-46.4888 -23.5072768),,convenience,,,,,,,,,,,,,,,,,,,,,,,,,,,,,,,,,,,,,,,,,,,,,,,,,,,,,,,,,,,,,,,,,,,,,,,,,,,,,,,,,,,,,,,,,,,,,,,,,,,,,,,,,,,,,,,,,,,,,,,,,,,,,,,,,,,,,,,,,,,,,,,,,,,,,,,,,,,,,,,,,,,,,,,,,,,,,,,,,,
POINT (-46.4923408 -23.5077848),,convenience,,,,,,,,,,,,,,,,,,,,,,,,,,,,,,,,,,,,,,,,,,,,,,,,,,,,,,,,,,,,,,,,,,,,,,,,,,,,,,,,,,,,,,,,,,,,,,,,,,,,,,,,,,,,,,,,,,,,,,,,,,,,,,,,,,,,,,,,,,,,,,,,,,,,,,,,,,,,,,,,,,,,,,,,,,,,,,,,,,
POINT (-46.7423819 -23.4724428),Supermercado Real,supermarket,,,,,,08:00-20:30,,,São Paulo,1601,05174-000,Avenida Agenor Couto de Magalhães,Jardim Regina,,,,,,,,,,,,,,,,,,,,,,,,,,,,,,,,,,,,,,,,,,,,,,,,,,,,,,,,,,,,,,,,,,,,,,,,,,,,,,,,,,,,,,,,,,,,,,,,,,,,,,,,,,,,,,,,,,,,,,,,,,,,,,,,,,,,,,,,,,,,,,,,,,,,,,,,,,,,,,,,,,,,,
POINT (-46.4647837 -23.5022441),,supermarket,,,,,,,,,,,,,,,,,,,,,,,,,,,,,,,,,,,,,,,,,,,,,,,,,,,,,,,,,,,,,,,,,,,,,,,,,,,,,,,,,,,,,,,,,,,,,,,,,,,,,,,,,,,,,,,,,,,,,,,,,,,,,,,,,,,,,,,,,,,,,,,,,,,,,,,,,,,,,,,,,,,,,,,,,,,,,,,,,,
POINT (-46.6475706 -23.55457),Saga supermercado,supermarket,,,,,,,,,,9,,Rua Doutor Luís Barreto,,,,,,,,,,,,,,,,,,,,,,,,,,,,,,,,,,,,,,,,,,,,,,,,,,,,,,,,,,,,,,,,,,,,,,,,,,,,,,,,,,,,,,,,,,,,,,,,,,,,,,,,,,,,,,,,,,,,,,,,,,,,,,,,,,,,,,,,,,,,,,,,,,,,,,,,,,,,,,,,,,,,,,
POINT (-46.6458516 -23.547662),Mini Mercado Extra,convenience,,,,,,,,,São Paulo,262,01303-020,Praça Franklin Roosevelt,,,,,,,,,,,,,,,,,,,,,,,,,,,,,,,,,,,,,,,,,,,,,,,,,,,,,,,,,,,,,,,,,,,,,,,,,,,,,,,,,,,,,,,,,,,,,,,,,,,,,,,,,,,,,,,,,,,,,,,,,,,,,,,,,,,,,,,,,,,,,,,,,,,,,,,,,,,,,,,,,,,,,,
POINT (-46.7022009 -23.5356548),Supermercado Bom Vizinho,convenience,,,,,,,,,São Paulo,35,05055-000,Rua Votupoca,,,,,,,,,,,,,,,,,,,,,,,,,,,,,,,,,,,,,,,,,,,,,,,,,,,,,,,,,,,,,,,,,,,,,,,,,,,,,,,,,,,,,,,,,,,,,,,,,,,,,,,,,,,,,,,,,,,,,,,,,,,,,,,,,,,,,,,,,,,,,,,,,,,,,,,,,,,,,,,,,,,,,,
POINT (-46.7063805 -23.5372407),Celeste,convenience,,,,,,,,,,,,,,,,,,,,,,,,,,,,,,,,,,,,,,,,,,,,,,,,,,,,,,,,,,,,,,,,,,,,,,,,,,,,,,,,,,,,,,,,,,,,,,,,,,,,,,,,,,,,,,,,,,,,,,,,,,,,,,,,,,,,,,,,,,,,,,,,,,,,,,,,,,,,,,,,,,,,,,,,,,,,,,,,,,
POINT (-46.7953291 -23.6002344),Supermercado Rod&Raf,supermarket,,,,,,,,,,,,Avenida Vaticano,,,,,,,,,,,,,,,,,,,,,,,,,,,,,,,,,,,,,,,,,,,,,,,,,,,,,,,,,,,,,,,,,,,,,,,,,,,,,,,,,,,,,,,,,,,,,,,,,,,,,,,,,,,,,,,,,,,,,,,,,,,,,,,,,,,,,,,,,,,,,,,,,,,,,,,,,,,,,,,,,,,,,,
POINT (-46.7391163 -23.5881009),Empório São Pedro,convenience,,,,,,,,,,,,,,,,,,,,,,,,,,,,,,,,,,,,,,,,,,,,,,,,,,,,,,,,,,,,,,,,,,,,,,,,,,,,,,,,,,,,,,,,,,,,,,,,,,,,,,,,,,,,,,,,,,,,,,,,,,,,,,,,,,,,,,,,,,,,,,,,,,,,,,,,,,,,,,,,,,,,,,,,,,,,,,,,,,
POINT (-46.6284905 -23.6116455),Supermercado Extra,supermarket,Extra,Q5422131,,,,,,,,,,,,,,,,,,,,,,,,,,,,,,,,,,,,,,,,,,,,,,,,,,,,,,,,,,,,,,,,,,,,,,,,,,,,,,,,,,,,,,,,,,,,,,,,,,,,,,,,,,,,,,,,,,,,,,,,,,,,,,,,,,,,,,,,,,,,,,,,,,,,,,,,,,,,,,,,,,,,,,,,,,,,,,,,
POINT (-46.6587144 -23.6525778),Dia,supermarket,Dia,Q925132,,,,,es:Supermercados DIA,,,,,,,,,,,,,,,,,,,,,,,,,,,,,,,,,,,,,,,,,,,,,,,,,,,,,,,,,,,,,,,,,,,,,,,,,,,,,,,,,,,,,,,,,,,,,,,,,,,,,,,,,,,,,,,,,,,,,,,,,,,,,,,,,,,,,,,,,,,,,,,,,,,,,,,,,,,,,,,,,,,,,,,,,,,
POINT (-46.7035 -23.4760563),Extra Supermercados,supermarket,,,,,,,,,,,,,,,,,,,,,,,,,,,,,,,,,,,,,,,,,,,,,,,,,,,,,,,,,,,,,,,,,,,,,,,,,,,,,,,,,,,,,,,,,,,,,,,,,,,,,,,,,,,,,,,,,,,,,,,,,,,,,,,,,,,,,,,,,,,,,,,,,,,,,,,,,,,,,,,,,,,,,,,,,,,,,,,,,,
POINT (-46.7042671 -23.4767008),Supermercados Dia,supermarket,,,,,,,,,,,,,,,,,,,,,,,,,,,,,,,,,,,,,,,,,,,,,,,,,,,,,,,,,,,,,,,,,,,,,,,,,,,,,,,,,,,,,,,,,,,,,,,,,,,,,,,,,,,,,,,,,,,,,,,,,,,,,,,,,,,,,,,,,,,,,,,,,,,,,,,,,,,,,,,,,,,,,,,,,,,,,,,,,,
POINT (-46.7006968 -23.4845936),Supermercado Takara,supermarket,,,,,,,,,,,,,,,,,yes,yes,no,0,,,,,,,,,,,,,,,,,,,,,,,,,,,,,,,,,,,,,,,,,,,,,,,,,,,,,,,,,,,,,,,,,,,,,,,,,,,,,,,,,,,,,,,,,,,,,,,,,,,,,,,,,,,,,,,,,,,,,,,,,,,,,,,,,,,,,,,,,,,,,,,,,,,,,,,,,,,,,,
POINT (-46.6862755 -23.6104103),Pão de Açúcar,supermarket,Pão de Açúcar,Q3411543,,,,"PH,Mo-Su 06:00-22:00",,,,,,,,,,,,,,,,,,,,,,,,,,,,,,,,,,,,,,,,,,,,,,,,,,,,,,,,,,,,,,,,,,,,,,,,,,,,,,,,,,,,,,,,,,,,,,,,,,,,,,,,,,,,,,,,,,,,,,,,,,,,,,,,,,,,,,,,,,,,,,,,,,,,,,,,,,,,,,,,,,,,,,,,,,,,
POINT (-46.6861843 -23.6107495),Americanas Express,convenience,,,,,,,,,,,,,,,,,,,,,,,,,,,,,,,,,,,,,,,,,,,,,,,,,,,,,,,,,,,,,,,,,,,,,,,,,,,,,,,,,,,,,,,,,,,,,,,,,,,,,,,,,,,,,,,,,,,,,,,,,,,,,,,,,,,,,,,,,,,,,,,,,,,,,,,,,,,,,,,,,,,,,,,,,,,,,,,,,,
POINT (-46.6825383 -23.6136136),,supermarket,,,,,,,,,,,,,,,,,,,,,Extra Fácil,,,,,,,,,,,,,,,,,,,,,,,,,,,,,,,,,,,,,,,,,,,,,,,,,,,,,,,,,,,,,,,,,,,,,,,,,,,,,,,,,,,,,,,,,,,,,,,,,,,,,,,,,,,,,,,,,,,,,,,,,,,,,,,,,,,,,,,,,,,,,,,,,,,,,,,,,,,,,
POINT (-46.7145275 -23.4336759),Beto's Supermercado,supermarket,,,,,,,,,,,,,,,,,,,,,,,,,,,,,,,,,,,,,,,,,,,,,,,,,,,,,,,,,,,,,,,,,,,,,,,,,,,,,,,,,,,,,,,,,,,,,,,,,,,,,,,,,,,,,,,,,,,,,,,,,,,,,,,,,,,,,,,,,,,,,,,,,,,,,,,,,,,,,,,,,,,,,,,,,,,,,,,,,,
POINT (-46.5926246 -23.5820894),Sonda Supermercado,supermarket,,,,,,,,,São Paulo,500,,Rua Capitão Pacheco e Chaves,,,,,,,,,,http://www.sonda.com.br/,,,,,,,,,,,,,,,,,,,,,,,,,,,,,,,,,,,,,,,,,,,,,,,,,,,,,,,,,,,,,,,,,,,,,,,,,,,,,,,,,,,,,,,,,,,,,,,,,,,,,,,,,,,,,,,,,,,,,,,,,,,,,,,,,,,,,,,,,,,,,,,,,,,,,,,,,,,,
POINT (-46.597925 -23.5664223),Yamauchi,supermarket,,,,,,,,,,,,,,,,,,,,,,,,,,,,,,,,,,,,,,,,,,,,,,,,,,,,,,,,,,,,,,,,,,,,,,,,,,,,,,,,,,,,,,,,,,,,,,,,,,,,,,,,,,,,,,,,,,,,,,,,,,,,,,,,,,,,,,,,,,,,,,,,,,,,,,,,,,,,,,,,,,,,,,,,,,,,,,,,,,
POINT (-46.6047713 -23.6307664),Sacolão da Saude,supermarket,,,,,,,,,,,,Praça André Nunes,,,,,,,,,,,yes,yes,yes,,,,,,,,,,,,,,,,,,,,,,,,,,,,,,,,,,,,,,,,,,,,,,,,,,,,,,,,,,,,,,,,,,,,,,,,,,,,,,,,,,,,,,,,,,,,,,,,,,,,,,,,,,,,,,,,,,,,,,,,,,,,,,,,,,,,,,,,,,,,,,,,,,,,,,,,,
POINT (-46.5748192 -23.5963456),Supermercado Yamauchi,supermarket,,,,,,,,,,,,,,,,,,,,,,,,,,,,,,,,,,,,,,,,,,,,,,,,,,,,,,,,,,,,,,,,,,,,,,,,,,,,,,,,,,,,,,,,,,,,,,,,,,,,,,,,,,,,,,,,,,,,,,,,,,,,,,,,,,,,,,,,,,,,,,,,,,,,,,,,,,,,,,,,,,,,,,,,,,,,,,,,,,
POINT (-46.679712 -23.5853031),Dia,supermarket,Dia,Q925132,,,,,es:Supermercados DIA,,,,,,,,,,,,,,,,,,,,,,,,,,,,,,,,,,,,,,,,,,,,,,,,,,,,,,,,,,,,,,,,,,,,,,,,,,,,,,,,,,,,,,,,,,,,,,,,,,,,,,,,,,,,,,,,,,,,,,,,,,,,,,,,,,,,,,,,,,,,,,,,,,,,,,,,,,,,,,,,,,,,,,,,,,,
POINT (-46.6052825 -23.6177092),Mercado Extra,supermarket,Mercado Extra,Q5422131,,,,,pt:Extra (rede varejista),,,,,,,,,,,,,,,https://www.extra.com.br/,,,,,,,,,,,,,,,,,,,,,,,,,,,,,,,,,,,,,,,,,,,,,,,,,,,,,,,,,,,,,,,,,,,,,,,,,,,,,,,,,,,,,,,,,,,,,,,,,,,,,,,,,,,,,,,,,,,,,,,,,,,,,,,,,,,,,,,,,,,,,,,,,,,,,,,,,,,,
POINT (-46.6400676 -23.5577098),Extra Supermercado,supermarket,Extra Supermercado,Q5422131,,,,,,,,,,,,,,,,,,,,,,,,,,,,,,,,,,,,,,,,,,,,,,,,,,,,,,,,,,,,,,,,,,,,,,,,,,,,,,,,,,,,,,,,,,,,,,,,,,,,,,,,,,,,,,,,,,,,,,,,,,,,,,,,,,,,,,,,,,,,,,,,,,,,,,,,,,,,,,,,,,,,,,,,,,,,,,,,
POINT (-46.6851822 -23.740812),Supermercado Gualtieri,supermarket,,,,,,,,,,,,,,,,,,,,,,,,,,,,,,,,,,,,,,,,,,,,,,,,,,,,,,,,,,,,,,,,,,,,,,,,,,,,,,,,,,,,,,,,,,,,,,,,,,,,,,,,,,,,,,,,,,,,,,,,,,,,,,,,,,,,,,,,,,,,,,,,,,,,,,,,,,,,,,,,,,,,,,,,,,,,,,,,,,
POINT (-46.6853431 -23.7409495),Supermercado Rei do Gado,supermarket,,,,,,,,,,,,,,,,,,,,,,,,,,,,,,,,,,,,,,,,,,,,,,,,,,,,,,,,,,,,,,,,,,,,,,,,,,,,,,,,,,,,,,,,,,,,,,,,,,,,,,,,,,,,,,,,,,,,,,,,,,,,,,,,,,,,,,,,,,,,,,,,,,,,,,,,,,,,,,,,,,,,,,,,,,,,,,,,,,
POINT (-46.6881298 -23.7356484),Supermercado Ricoy,supermarket,,,,,,Mo-Sa 08:00-22:00; Su 08:00-20:00,,,,,,,,,,,,,,,,,,,,,,,,,,,,,,,,,,,,,,,,,,,,,,,,,,,,,,,,,,,,,,,,,,,,,,,,,,,,,,,,,,,,,,,,,,,,,,,,,,,,,,,,,,,,,,,,,,,,,,,,,,,,,,,,,,,,,,,,,,,,,,,,,,,,,,,,,,,,,,,,,,,,,,,,,,,,
POINT (-46.6984757 -23.7140166),Sonda Supermercados,supermarket,,,,,,,,,,,,,,,,,,,,,,,,,,,,,,,,,,,,,,,,,,,,,,,,,,,,,,,,,,,,,,,,,,,,,,,,,,,,,,,,,,,,,,,,,,,,,,,,,,,,,,,,,,,,,,,,,,,,,,,,,,,,,,,,,,,,,,,,,,,,,,,,,,,,,,,,,,,,,,,,,,,,,,,,,,,,,,,,,,
POINT (-46.6750568 -23.6773928),Carrefour,supermarket,Carrefour,Q217599,,,,08:00-21:00,fr:Carrefour (enseigne),hypermarket,,,,,,,,,,limited,,,,,,,,Carrefour Shopping Interlagos,,,,,,,,,,,,,,,,,,,,,,,,,,,,,,,,,,,,,,,,,,,,,,,,,,,,,,,,,,,,,,,,,,,,,,,,,,,,,,,,,,,,,,,,,,,,,,,,,,,,,,,,,,,,,,,,,,,,,,,,,,,,,,,,,,,,,,,,,,,,,,,,,,,,,,,,
POINT (-46.7520225 -23.5631795),Condessa,supermarket,,,,,,,,,,,,,,,,,,,,,,,,,,,,,,,,,,,,,,,,,,,,,,,,,,,,,,,,,,,,,,,,,,,,,,,,,,,,,,,,,,,,,,,,,,,,,,,,,,,,,,,,,,,,,,,,,,,,,,,,,,,,,,,,,,,,,,,,,,,,,,,,,,,,,,,,,,,,,,,,,,,,,,,,,,,,,,,,,,
POINT (-46.5661623 -23.5406643),Mercado Extra,supermarket,Mercado Extra,Q5422131,,,,,pt:Extra (rede varejista),,São Paulo,710,03314-000,Rua Vilela,,,,,,,,,,,,,,,,,,,,,,,,,,,,,,,,,,,,,,,,,,,,,,,,,,,,,,,,,,,,,,,,,,,,,,,,,,,,,,,,,,,,,,,,,,,,,,,,,,,,,,,,,,,,,,,,,,,,,,,,,,,,,,,,,,,,,,,,,,,,,,,,,,,,,,,,,,,,,,,,,,,,,,
POINT (-46.570483 -23.5396702),Chocolândia,supermarket,,,,,,"Mo-Sa 08:00-20:00; Su,PH 09:00-16:00",,,,76,,Rua Serra de Japi,Tatuapé,,,,,,,,,https://chocolandia.com.br/page/home,,,,,+55 11 3388 2128,,,,,,,,,,,,,,,,,,,,,,,,,,,,,,,,,,,,,,,,,,,,,,,,,,,,,,,,,,,,,,,,,,,,,,,,,,,,,,,,,,,,,,,,,,,,,,,,,,,,,,,,,,,,,,,,,,,,,,,,,,,,,,,,,,,,,,,,,,,,,,,,,,,,,,,
POINT (-46.527935 -23.5272344),,supermarket,,,,,,,,,,,,,,,,,,,,,,,,,,,,,,,,,,,,,,,,,,,,,,,,,,,,,,,,,,,,,,,,,,,,,,,,,,,,,,,,,,,,,,,,,,,,,,,,,,,,,,,,,,,,,,,,,,,,,,,,,,,,,,,,,,,,,,,,,,,,,,,,,,,,,,,,,,,,,,,,,,,,,,,,,,,,,,,,,,
POINT (-46.5314434 -23.527441),,supermarket,,,,,,,,,,,,,,,,,,,,,,,,,,,,,,,,,,,,,,,,,,,,,,,,,,,,,,,,,,,,,,,,,,,,,,,,,,,,,,,,,,,,,,,,,,,,,,,,,,,,,,,,,,,,,,,,,,,,,,,,,,,,,,,,,,,,,,,,,,,,,,,,,,,,,,,,,,,,,,,,,,,,,,,,,,,,,,,,,,
POINT (-46.5315507 -23.5227709),Dia,supermarket,Dia,Q925132,,,,,es:Supermercados DIA,,São Paulo,1392,03636-100,Avenida Amador Bueno da Veiga,,,,,,,,,,,,,,,,,,,,,,,,,,,,,,,,,,,,,,,,,,,,,,,,,,,,,,,,,,,,,,,,,,,,,,,,,,,,,,,,,,,,,,,,,,,,,,,,,,,,,,,,,,,,,,,,,,,,,,,,,,,,,,,,,,,,,,,,,,,,,,,,,,,,,,,,,,,,,,,,,,,,,,
POINT (-46.5167189 -23.5323084),Supermercado Estrela Azul,supermarket,,,,,,"Mo-Sa 07:00-21:00; Su,PH 07:00-13:30",,,São Paulo,48-A,03542-070,Praça Porto Ferreira,Vila Guilhermina,,,,,,,,,https://supermercadoestrelaazul.com.br/,yes,,,,+55 11 2023 9090,yes,yes,yes,yes,yes,yes,yes,yes,yes,,,,,,,,,,,,,,,,,,,,,,,,,,,,,,,,,,,,,,,,,,,,,,,,,,,,,,,,,,,,,,,,,,,,,,,,,,,,,,,,,,,,,,,,,,,,,,,,,,,,,,,,,,,,,,,,,,,,,,,,,,,,,,,,,,,,,,,,,,,,,,
POINT (-46.5915606 -23.5403924),Dia,supermarket,Dia,Q925132,,,,,es:Supermercados DIA,,,,,,,,,,,,,,,https://www.dia.com.br/,,,,,,,,,,,,,,,,,,,,,,,,,,,,,,,,,,,,,,,,,,,,,,,,,,,,,,,,,,,,,,,,,,,,,,,,,,,,,,,,,,,,,,,,,,,,,,,,,,,,,,,,,,,,,,,,,,,,,,,,,,,,,,,,,,,,,,,,,,,,,,,,,,,,,,,,,,,,
POINT (-46.6222063 -23.5958023),Tateno,supermarket,,,,,,,,,São Paulo,,,Avenida Doutor Ricardo Jafet,,,,,,,,,,,,,,,,,,,,,,,,,,,,,,,,,,,,,,,,,,,,,,,,,,,,,,,,,,,,,,,,,,,,,,,,,,,,,,,,,,,,,,,,,,,,,,,,,,,,,,,,,,,,,,,,,,,,,,,,,,,,,,,,,,,,,,,,,,,,,,,,,,,,,,,,,,,,,,,,,,,,,,
POINT (-46.6063135 -23.5786027),Minuto pão de açucar,supermarket,,,,,,,,,,,,,,,,,,,,,,,,,,,,,,,,,,,,,,,,,,,,,,,,,,,,,,,,,,,,,,,,,,,,,,,,,,,,,,,,,,,,,,,,,,,,,,,,,,,,,,,,,,,,,,,,,,,,,,,,,,,,,,,,,,,,,,,,,,,,,,,,,,,,,,,,,,,,,,,,,,,,,,,,,,,,,,,,,,
POINT (-46.7207661 -23.4413054),,convenience,,,,,,,,,,,,,,,,,,,,,,,,,,,,,,,,,,,,,,,,,,,,,,,,,,,,,,,,,,,,,,,,,,,,,,,,,,,,,,,,,,,,,,,,,,,,,,,,,,,,,,,,,,,,,,,,,,,,,,,,,,,,,,,,,,,,,,,,,,,,,,,,,,,,,,,,,,,,,,,,,,,,,,,,,,,,,,,,,,
POINT (-46.7199721 -23.4323082),,supermarket,,,,,,,,,,,,,,,,,,,,,,,,,,,,,,,,,,,,,,,,,,,,,,,,,,,,,,,,,,,,,,,,,,,,,,,,,,,,,,,,,,,,,,,,,,,,,,,,,,,,,,,,,,,,,,,,,,,,,,,,,,,,,,,,,,,,,,,,,,,,,,,,,,,,,,,,,,,,,,,,,,,,,,,,,,,,,,,,,,
POINT (-46.7349086 -23.4492206),Supermercado Extra,supermarket,Supermercado Extra,Q5422131,,,,Mo-Sa 08:00-22:00; Su 08:00-21:00,,,,997,02991-000,Estrada de Taipas,,,,,,,,,,https://www.extra.com.br/,,,,,01139413097,,,,,,,,,,,,,,,,,,,,,,,,,,,,,,,,,,,,,,,,,,,,,,,,,,,,,,,,,,,,,,,,,,,,,,,,,,,,,,,,,,,,,,,,,,,,,,,,,,,,,,,,,,,,,,,,,,,,,,,,,,,,,,,,,,,,,,,,,,,,,,,,,,,,,,,
POINT (-46.6545878 -23.503796),AJ Avila,convenience,,,,,,,,,,,,,,,,,,,,,,,,,,,,,,,,,,,,,,,,,,,,,,,,,,,,,,,,,,,,,,,,,,,,,,,,,,,,,,,,,,,,,,,,,,,,,,,,,,,,,,,,,,,,,,,,,,,,,,,,,,,,,,,,,,,,,,,,,,,,,,,,,,,,,,,,,,,,,,,,,,,,,,,,,,,,,,,,,,
POINT (-46.6881273 -23.5047902),,convenience,,,,,,,,,,,,,,,,,,,,,,,,,,,,,,,,,,,,,,,,,,,,,,,,,,,,,,,,,,,,,,,,,,,,,,,,,,,,,,,,,,,,,,,,,,,,,,,,,,,,,,,,,,,,,,,,,,,,,,,,,,,,,,,,,,,,,,,,,,,,,,,,,,,,,,,,,,,,,,,,,,,,,,,,,,,,,,,,,,
POINT (-46.6711804 -23.5414622),Minuto Pão de Açúcar Perdizes,supermarket,,,,,,Mo-Sa 07:00-22:00; Su 08:00-20:00,,,São Paulo,1292,,Rua Cardoso de Almeida,,,,,,,,,,,,,,,+55 11 3552-6252,,,,,,,,,,,,,,,,,,,,,,,,,,,,,,,,,,,,,,,,,,,,,,,,,,,,,,,,,,,,,,,,,,,,,,,,,,,,,,,,,,,,,,,,,,,,,,,,,,,,,,,,,,,,,,,,,,,,,,,,,,,,,,,,,,,,,,,,,,,,,,,,,,,,,,,
POINT (-46.7036317 -23.475572),Supermercado Pampa,supermarket,,,,,,,,,,,,,,,,,,,,,,,,,,,,,,,,,,,,,,,,,,,,,,,,,,,,,,,,,,,,,,,,,,,,,,,,,,,,,,,,,,,,,,,,,,,,,,,,,,,,,,,,,,,,,,,,,,,,,,,,,,,,,,,,,,,,,,,,,,,,,,,,,,,,,,,,,,,,,,,,,,,,,,,,,,,,,,,,,,
POINT (-46.5965595 -23.4982352),Casa Silva,convenience,,,,,,,,,São Paulo,1908,02072-002,Avenida Conceição,,,,,,,,,,,,,,,,,,,,,,,,,,,,,,,,,,,,,,,,,,,,,,,,,,,,,,,,,,,,,,,,,,,,,,,,,,,,,,,,,,,,,,,,,,,,,,,,,,,,,,,,,,,,,,,,,,,,,,,,,,,,,,,,,,,,,,,,,,,,,,,,,,,,,,,,,,,,,,,,,,,,,,
POINT (-46.605631 -23.4864487),Dia,supermarket,,,,,,,,,São Paulo,3487,02242-001,Avenida General Ataliba Leonel,,,,,,,,,Supermecado Dia,,,,,,,,,,,,,,,,Supermercado Dia,,,,,,,,,,,,,,,,,,,,,,,,,,,,,,,,,,,,,,,,,,,,,,,,,,,,,,,,,,,,,,,,,,,,,,,,,,,,,,,,,,,,,,,,,,,,,,,,,,,,,,,,,,,,,,,,,,,,,,,,,,,,,,,,,,,,,,,,,,,,,
POINT (-46.7578254 -23.5034163),Supermercado Lopes,supermarket,,,,,,,,,São Paulo,4928,05110-000,Avenida Mutinga,,,,,,,,,,,,,,,,,,,,,,,,,,,,,,,,,,,,,,,,,,,,,,,,,,,,,,,,,,,,,,,,,,,,,,,,,,,,,,,,,,,,,,,,,,,,,,,,,,,,,,,,,,,,,,,,,,,,,,,,,,,,,,,,,,,,,,,,,,,,,,,,,,,,,,,,,,,,,,,,,,,,,,
POINT (-46.6294663 -23.5931985),Dia,supermarket,Dia,Q925132,,,,,es:Supermercados DIA,,,,,,,,,,,,,,,,,,,,,,,,,,,,,,,,,,,,,,,,,,,,,,,,,,,,,,,,,,,,,,,,,,,,,,,,,,,,,,,,,,,,,,,,,,,,,,,,,,,,,,,,,,,,,,,,,,,,,,,,,,,,,,,,,,,,,,,,,,,,,,,,,,,,,,,,,,,,,,,,,,,,,,,,,,,
POINT (-46.5668889 -23.5687594),Mercearia Seiko,supermarket,,,,,,,,,São Paulo,23,,Praça São Luis do Curú,,,,Mercearia Seiko LTDA EPP,,,,,,,,,,,,,,,,,,,,,,BR,BR47915467000125,,,,,,,,,,,,,,,,,,,,,,,,,,,,,,,,,,,,,,,,,,,,,,,,,,,,,,,,,,,,,,,,,,,,,,,,,,,,,,,,,,,,,,,,,,,,,,,,,,,,,,,,,,,,,,,,,,,,,,,,,,,,,,,,,,,,,,,,,,,
POINT (-46.6419239 -23.5834486),Oxxo,convenience,Oxxo,Q1342538,,,,24/7,,,,336,,Avenida Conselheiro Rodrigues Alves,,2023-12-31,,,,no,,,,https://www.oxxo.com.br,yes,,,,,,yes,yes,,,,,,,,,,no,,,,,,,,,,,,,,,,,,,,,,,,,,,,,,,,,,,,,,,,,,,,,,,,,,,,,,,,,,,,,,,,,,,,,,,,,,,,,,,,,,,,,,,,,,,,,,,,,,,,,,,,,,,,,,,,,,,,,,,,,,,,,,,,,,,,,,,,,,
POINT (-46.6439345 -23.580144),Casa Anco,supermarket,,,,,,,,,,,,,,,,,,yes,,,,,,,,,,,,,,,,,,,,,,,,,,,,,,,,,,,,,,,,,,,,,,,,,,,,,,,,,,,,,,,,,,,,,,,,,,,,,,,,,,,,,,,,,,,,,,,,,,,,,,,,,,,,,,,,,,,,,,,,,,,,,,,,,,,,,,,,,,,,,,,,,,,,,,,,,,,,,,,,
POINT (-46.636464 -23.6044977),Saúde Supermercados,supermarket,,,,,,Mo-Su 07:00-21:00,,,São Paulo,41,04138-000,Rua Caramuru,,2026-03-10,,,,,,,,,,,,,(11) 2275-5642,,,,,,,,,,,,,,2026-03-10,,,,,,,,,,,,,,,,,,,,,,,,,,,,,,,,,,,,,,,,,,,,,,,,,,,,,,,,,,,,,,,,,,,,,,,,,,,,,,,,,,,,,,,,,,,,,,,,,,,,,,,,,,,,,,,,,,,,,,,,,,,,,,,,,,,,,,,,,
POINT (-46.6415406 -23.6061623),Dia,supermarket,Dia,Q925132,,,,,es:Supermercados DIA,,São Paulo,495,04048-001,Rua das Rosas,,,,,,,,,,,,,,,,,,,,,,,,,,,,,,,,,,,,,,,,,,,,,,,,,,,,,,,,,,,,,,,,,,,,,,,,,,,,,,,,,,,,,,,,,,,,,,,,,,,,,,,,,,,,,,,,,,,,,,,,,,,,,,,,,,,,,,,,,,,,,,,,,,,,,,,,,,,,,,,,,,,,,,
POINT (-46.6492623 -23.5320575),Dia,supermarket,Dia,Q925132,,,,,es:Supermercados DIA,,,,,,,,,,,,,,,,,,,,,,,,,,,,,,,,,,,,,,,,,,,,,,,,,,,,,,,,,,,,,,,,,,,,,,,,,,,,,,,,,,,,,,,,,,,,,,,,,,,,,,,,,,,,,,,,,,,,,,,,,,,,,,,,,,,,,,,,,,,,,,,,,,,,,,,,,,,,,,,,,,,,,,,,,,,
POINT (-46.6382637 -23.6090454),Mercado Souza,convenience,,,,,,,,,,,,,,,,,,,,,,,,,,,,,,,,,,,,,,,,,,,,,,,,,,,,,,,,,,,,,,,,,,,,,,,,,,,,,,,,,,,,,,,,,,,,,,,,,,,,,,,,,,,,,,,,,,,,,,,,,,,,,,,,,,,,,,,,,,,,,,,,,,,,,,,,,,,,,,,,,,,,,,,,,,,,,,,,,,
POINT (-46.6456793 -23.5742819),Pão de Açúcar,supermarket,Pão de Açúcar,Q3411543,,,,,pt:Pão de Açúcar (supermercado brasileiro),,,,,,,,,,,yes,,,,,,,,,,,,,,,,,,,,,,,,,,,,,,,,,,,,,,,,,,,,,,,,,,,,,,,,,,,,,,,,,,,,,,,,,,,,,,,,,,,,,,,,,,,,,,,,,,,,,,,,,,,,,,,,,,,,,,,,,,,,,,,,,,,,,,,,,,,,,,,,,,,,,,,,,,,,,,,,
POINT (-46.5991286 -23.537777),,supermarket,,,,,,,,,São Paulo,37,03021-000,Rua Catumbi,,,,,,,,,,,,,,,,,,,,,,,,,,,,,,,,,,,,,,,,,,,,,,,,,,,,,,,,,,,,,,,,,,,,,,,,,,,,,,,,,,,,,,,,,,,,,,,,,,,,,,,,,,,,,,,,,,,,,,,,,,,,,,,,,,,,,,,,,,,,,,,,,,,,,,,,,,,,,,,,,,,,,,
POINT (-46.530069 -23.5905124),Cerealista Ideal São Caetano,convenience,,,,,,,,,São Paulo,6,03389-020,Rua Professor Cortines Laxo,Vila Primavera,,,,,,,,,,,,,,+55 11 2216-3948,,,,,,,,,,,,,,,,,,,,,,,,,,,,,,,,,,,,,,,,,,,,,,,,,,,,,,,,,,,,,,,,,,,,,,,,,,,,,,,,,,,,,,,,,,,,,,,,,,,,,,,,,,,,,,,,,,,,,,,,,,,,,,,,,,,,,,,,,,,,,,,,,,,,,,,
POINT (-46.6062568 -23.4867053),Sacolão da Fartura,supermarket,,,,,,,,,São Paulo,3427,02242-001,Avenida General Ataliba Leonel,Parada Inglesa,,,,,,,,Sacolão da Fartura,,,,,,,,,,,,,,,,,,,,,,,,,,,,,,,,,,,,,,,,,,,,,,,,,,,,,,,,,,,,,,,,,,,,,,,,,,,,,,,,,,,,,,,,,,,,,,,,,,,,,,,,,,,,,,,,,,,,,,,,,,,,,,,,,,,,,,,,,,,,,,,,,,,,,,,,,,,,,
POINT (-46.5904 -23.5108956),Dia,supermarket,Dia,Q925132,,,,,es:Supermercados DIA,,São Paulo,301,,Rua da Gávea,,,,,,,,,,,,,,,,,,,,,,,,,,,,,,,,,,,,,,,,,,,,,,,,,,,,,,,,,,,,,,,,,,,,,,,,,,,,,,,,,,,,,,,,,,,,,,,,,,,,,,,,,,,,,,,,,,,,,,,,,,,,,,,,,,,,,,,,,,,,,,,,,,,,,,,,,,,,,,,,,,,,,,
POINT (-46.6448324 -23.5735702),Mini Extra Supermercado,supermarket,Extra,,,,,,,,,,,Rua Cubatão,,,,,,yes,,,,,,,,,,,,,,,,,,,,,,,,Q5422131,,,,,,,,,,,,,,,,,,,,,,,,,,,,,,,,,,,,,,,,,,,,,,,,,,,,,,,,,,,,,,,,,,,,,,,,,,,,,,,,,,,,,,,,,,,,,,,,,,,,,,,,,,,,,,,,,,,,,,,,,,,,,,,,,,,,,,,,
POINT (-46.6896976 -23.6655101),Extra,supermarket,Extra,Q5422131,,,,,pt:Extra (rede varejista),,,,,,,,,,,yes,,,,,,,,,,,,,,,,,,,,,,,,,,,,,,,,,,,,,,,,,,,,,,,,,,,,,,,,,,,,,,,,,,,,,,,,,,,,,,,,,,,,,,,,,,,,,,,,,,,,,,,,,,,,,,,,,,,,,,,,,,,,,,,,,,,,,,,,,,,,,,,,,,,,,,,,,,,,,,,,
POINT (-46.6636985 -23.5564237),Pão de Açúcar,supermarket,Pão de Açúcar,Q3411543,,,,,pt:Pão de Açúcar (supermercado brasileiro),,São Paulo,2581,01416-001,Rua da Consolação,,2023-12-16,,,,,,,Pão de Açúcar,https://www.paodeacucar.com/,,,,,+55 11 3062-3319,,,,,,,,,,,,,,,,Sugar Loaf,,,,,,,,,,,,,,,,,,,,,,,,,,,,,,,,,,,,,,,,,,,,,,,,,,,,,,,,,,,,,,,,,,,,,,,,,,,,,,,,,,,,,,,,,,,,,,,,,,,,,,,,,,,,,,,,,,,,,,,,,,,,,,,,,,,,,,,
POINT (-46.6750006 -23.5562561),Luzita,supermarket,,,,,,,,,São Paulo,1853,05409-011,Rua Teodoro Sampaio,,,,,,,,,,,,,,,,,,,,,,,,,,,,,,,,,,,,,,,,,,,,,,,,,,,,,,,,,,,,,,,,,,,,,,,,,,,,,,,,,,,,,,,,,,,,,,,,,,,,,,,,,,,,,,,,,,,,,,,,,,,,,,,,,,,,,,,,,,,,,,,,,,,,,,,,,,,,,,,,,,,,,,
POINT (-46.6763198 -23.5569396),Dia,supermarket,Dia,Q925132,,,,,,,São Paulo,605,05405-050,Rua Teodoro Sampaio,,,,,,,,,,,,,,,,,,,,,,,,,,,,,,,,,,,,,,,,,,,,,,,,,,,,,,,,,,,,,,,,,,,,,,,,,,,,,,,,,,,,,,,,,,,,,,,,,,,,,,,,,,,,,,,,,,,,,,,,,,,,,,,,,,,,,,,,,,,,,,,,,,,,,,,,,,,,,,,,,,,,,,
POINT (-46.7639073 -23.5818844),,supermarket,,,,,,,,,,,,,,,,,,,,,,,,,,,,,,,,,,,,,,,,,,,,,,,,,,,,,,,,,,,,,,,,,,,,,,,,,,,,,,,,,,,,,,,,,,,,,,,,,,,,,,,,,,,,,,,,,,,,,,,,,,,,,,,,,,,,,,,,,,,,,,,,,,,,,,,,,,,,,,,,,,,,,,,,,,,,,,,,,,
POINT (-46.4893067 -23.5590356),Mercado Brasilia,supermarket,,,,,,,,,São Paulo,790,03584-000,Avenida Osvaldo Valle Cordeiro,Jardim Brasilia,,,,,,,,,,,,,,,,,,,,,,,,,,,,,,,,,,,,,,,,,,,,,,,,,,,,,,,,,,,,,,,,,,,,,,,,,,,,,,,,,,,,,,,,,,,,,,,,,,,,,,,,,,,,,,,,,,,,,,,,,,,,,,,,,,,,,,,,,,,,,,,,,,,,,,,,,,,,,,,,,,,,,
POINT (-46.5737133 -23.5623317),Dia Supermercados,supermarket,,,,,,,,,São Paulo,656,03345-000,Avenida Sapopemba,,,,,,,,,,,,,,,,,,,,,,,,,,,,,,,,,,,,,,,,,,,,,,,,,,,,,,,,,,,,,,,,,,,,,,,,,,,,,,,,,,,,,,,,,,,,,,,,,,,,,,,,,,,,,,,,,,,,,,,,,,,,,,,,,,,,,,,,,,,,,,,,,,,,,,,,,,,,,,,,,,,,,,
POINT (-46.6741351 -23.5612135),Pão de Açúcar,supermarket,Pão de Açúcar,Q3411543,,,,Mo-Sa 07:00-22:00; Su 07:30-21:00,,,São Paulo,50,05410-000,Rua Alves Guimarães,Pinheiros,,,,,,,,Pão de Açúcar,https://www.paodeacucar.com.br/,,,,,+55 11 3062-5278,,,,,,,,,,,,,,,,,,,,,,,,,,,,,,,,,,,,,,,,,,,,,,,,,,,,,,,,,,,,,,,,,,,,,,,,,,,,,,,,,,,,,,,,,,,,,,,,,,,,,,,,,,,,,,,,,,,,,,,,,,,,,,,,,,,,,,,,,,,,,,,,,,,,,,,
POINT (-46.569646 -23.5673723),Mini Mercado Extra,supermarket,,,,,,,,,São Paulo,1408,03345-000,Avenida Sapopemba,,,,,,,,,,,,,,,,,,,,,,,,,,,,,,,,,,,,,,,,,,,,,,,,,,,,,,,,,,,,,,,,,,,,,,,,,,,,,,,,,,,,,,,,,,,,,,,,,,,,,,,,,,,,,,,,,,,,,,,,,,,,,,,,,,,,,,,,,,,,,,,,,,,,,,,,,,,,,,,,,,,,,,
POINT (-46.6493784 -23.6168387),Pão de Açúcar,supermarket,Pão de Açúcar,Q3411543,,,,,pt:Pão de Açúcar (supermercado brasileiro),,São Paulo,1261,,Alameda dos Guatás,,,,,,,,,,,,,,,,,,,,,,,,,,,,,,,,,,,,,,,,,,,,,,,,,,,,,,,,,,,,,,,,,,,,,,,,,,,,,,,,,,,,,,,,,,,,,,,,,,,,,,,,,,,,,,,,,,,,,,,,,,,,,,,,,,,,,,,,,,,,,,,,,,,,,,,,,,,,,,,,,,,,,,
POINT (-46.6065882 -23.5240961),Loja Petrosul,convenience,,,,,,24/7,,,São Paulo,1484,03022-000,Rua Paulo Andrighetti,,,,,,,,,,,,,,,,,,,,,,,,,,,,,,,,,,,,,,,,,,,,,,,,,,,,,,,,,,,,,,,,,,,,,,,,,,,,,,,,,,,,,,,,,,,,,,,,,,,,,,,,,,,,,,,,,,,,,,,,,,,,,,,,,,,,,,,,,,,,,,,,,,,,,,,,,,,,,,,,,,,,,,
POINT (-46.6047368 -23.5416279),Mercado 21 de abril,supermarket,,,,,,,,,São Paulo,1087,03047-000,Rua 21 de Abril,,,,,,,,,,,,,,,,,,,,,,,,,,,,,,,,,,,,,,,,,,,,,,,,,,,,,,,,,,,,,,,,,,,,,,,,,,,,,,,,,,,,,,,,,,,,,,,,,,,,,,,,,,,,,,,,,,,,,,,,,,,,,,,,,,,,,,,,,,,,,,,,,,,,,,,,,,,,,,,,,,,,,,
POINT (-46.7357138 -23.6308006),Pão de Açúcar,supermarket,Pão de Açúcar,Q3411543,,,,,,,,,,,,,,,,yes,,,,,,,,,,,,,,,,,,,,,,,,,,,,,,,,,,,,,,,,,,,,,,,,,,,,,,,,,,,,,,,,,,,,,,,,,,,,,,,,,,,,,,,,,,,,,,,,,,,,,,,,,,,,,,,,,,,,,,,,,,,,,,,,,,,,,,,,,,,,,,,,,,,,,,,,,,,,,,,,
POINT (-46.5910019 -23.5126402),Horti Fruti,supermarket,,,,,,,,,São Paulo,498,02120-000,Rua Curuçá,,,,,,,,,,,,,,,,,,,,,,,,,,,,,,,,,,,,,,,,,,,,,,,,,,,,,,,,,,,,,,,,,,,,,,,,,,,,,,,,,,,,,,,,,,,,,,,,,,,,,,,,,,,,,,,,,,,,,,,,,,,,,,,,,,,,,,,,,,,,,,,,,,,,,,,,,,,,,,,,,,,,,,
POINT (-46.5783518 -23.4865366),Dia,supermarket,,,,,,Mo-Sa 08:00-21:00; Su 08:00-14:00,,,São Paulo,,,Praça Morro do Chapéu,,,,,,,,,,,,,,,,,,,,,,,,,,,,,,,,,,,,,,,,,,,,,,,,,,,,,,,,,,,,,,,,,,,,,,,,,,,,,,,,,,,,,,,,,,,,,,,,,,,,,,,,,,,,,,,,,,,,,,,,,,,,,,,,,,,,,,,,,,,,,,,,,,,,,,,,,,,,,,,,,,,,,,
POINT (-46.632254 -23.6335568),,supermarket,,,,,,,,,São Paulo,1825,04310-001,Avenida Diederichsen,,,,,,,,,,,,,,,,,,,,,,,,,,,,,,,,,,,,,,,,,,,,,,,,,,,,,,,,,,,,,,,,,,,,,,,,,,,,,,,,,,,,,,,,,,,,,,,,,,,,,,,,,,,,,,,,,,,,,,,,,,,,,,,,,,,,,,,,,,,,,,,,,,,,,,,,,,,,,,,,,,,,,,
POINT (-46.6844264 -23.7787135),Supermercado Mais Barato,supermarket,,,,,,,,,,,,,,,,,,,,,,,,,,,,,,,,,,,,,,,,,,,,,,,,,,,,,,,,,,,,,,,,,,,,,,,,,,,,,,,,,,,,,,,,,,,,,,,,,,,,,,,,,,,,,,,,,,,,,,,,,,,,,,,,,,,,,,,,,,,,,,,,,,,,,,,,,,,,,,,,,,,,,,,,,,,,,,,,,,
POINT (-46.6445758 -23.5492949),Mini Extra,convenience,Mini Extra,Q5422131,,,,,pt:Extra (rede varejista),,São Paulo,228,01050-000,Rua Martins Fontes,,,,,,,,,,,,,,,,,,,,,,,,,,,,,,,,,,,,,,,,,,,,,,,,,,,,,,,,,,,,,,,,,,,,,,,,,,,,,,,,,,,,,,,,,,,,,,,,,,,,,,,,,,,,,,,,,,,,,,,,,,,,,,,,,,,,,,,,,,,,,,,,,,,,,,,,,,,,,,,,,,,,,,
POINT (-46.5712037 -23.4809993),Emporio,supermarket,,,,,,,,,São Paulo,921,02222-001,Rua Basilio Alves Morango,,,,,,,,,,,,,,,,,,,,,,,,,,,,,,,,,,,,,,,,,,,,,,,,,,,,,,,,,,,,,,,,,,,,,,,,,,,,,,,,,,,,,,,,,,,,,,,,,,,,,,,,,,,,,,,,,,,,,,,,,,,,,,,,,,,,,,,,,,,,,,,,,,,,,,,,,,,,,,,,,,,,,,
POINT (-46.575092 -23.483033),,supermarket,,,,,,,,,São Paulo,460,02222-000,Rua Basilio Alves Morango,,,,,,,,,,,,,,,,,,,,,,,,,,,,,,,,,,,,,,,,,,,,,,,,,,,,,,,,,,,,,,,,,,,,,,,,,,,,,,,,,,,,,,,,,,,,,,,,,,,,,,,,,,,,,,,,,,,,,,,,,,,,,,,,,,,,,,,,,,,,,,,,,,,,,,,,,,,,,,,,,,,,,,
POINT (-46.5733194 -23.482008),Mercearia,supermarket,,,,,,,,,São Paulo,671,02222-000,Rua Basilio Alves Morango,,,,,,,,,,,,,,,,,,,,,,,,,,,,,,,,,,,,,,,,,,,,,,,,,,,,,,,,,,,,,,,,,,,,,,,,,,,,,,,,,,,,,,,,,,,,,,,,,,,,,,,,,,,,,,,,,,,,,,,,,,,,,,,,,,,,,,,,,,,,,,,,,,,,,,,,,,,,,,,,,,,,,,
POINT (-46.5937871 -23.4968985),,supermarket,,,,,,,,,São Paulo,230,02203-000,Avenida Ede,,,,,,,,,,,,,,,,,,,,,,,,,,,,,,,,,,,,,,,,,,,,,,,,,,,,,,,,,,,,,,,,,,,,,,,,,,,,,,,,,,,,,,,,,,,,,,,,,,,,,,,,,,,,,,,,,,,,,,,,,,,,,,,,,,,,,,,,,,,,,,,,,,,,,,,,,,,,,,,,,,,,,,
POINT (-46.5714471 -23.4852858),Mercado Brasil,supermarket,,,,,,,,,São Paulo,1782,02220-002,Rua Itamonte,,,,,,,,,,,,,,,,,,,,,,,,,,,,,,,,,,,,,,,,,,,,,,,,,,,,,,,,,,,,,,,,,,,,,,,,,,,,,,,,,,,,,,,,,,,,,,,,,,,,,,,,,,,,,,,,,,,,,,,,,,,,,,,,,,,,,,,,,,,,,,,,,,,,,,,,,,,,,,,,,,,,,,
POINT (-46.6493765 -23.5679321),Carrefour Express,convenience,Carrefour Express,Q2940190,,,,,fr:Carrefour Express,,São Paulo,2318,01402-000,Avenida Brigadeiro Luís Antônio,,,,,,,,,,,,,,,,,,,,,,,,,,,,,,,,,,,,,,,,,,,,,,,,,,,,,,,,,,,,,,,,,,,,,,,,,,,,,,,,,,,,,,,,,,,,,,,,,,,,,,,,,,,,,,,,,,,,,,,,,,,,,,,,,,,,,,,,,,,,,,,,,,,,,,,,,,,,,,,,,,,,,,
POINT (-46.658938 -23.5528509),Oxxo,convenience,Oxxo,Q1342538,,,,,,,São Paulo,1937,01301-100,Rua da Consolação,,,,,,,,,,,,,,,,,,,,,,,,,,,,,,,,,,,,,,,,,,,,,,,,,,,,,,,,,,,,,,,,,,,,,,,,,,,,,,,,,,,,,,,,,,,,,,,,,,,,,,,,,,,,,,,,,,,,,,,,,,,,,,,,,,,,,,,,,,,,,,,,,,,,,,,,,,,,,,,,,,,,,,
POINT (-46.5900373 -23.516777),Mercado Guaranesia,supermarket,,,,,,,,,São Paulo,849,02112-001,Rua Guaranésia,Vila Maria,,,,,,,,,,,,,,+55 11 2967-4070,,,,,,,,,,,,,,,,,,,,,,,,,,,,,,,,,,,,,,,,,,,,,,,,,,,,,,,,,,,,,,,,,,,,,,,,,,,,,,,,,,,,,,,,,,,,,,,,,,,,,,,,,,,,,,,,,,,,,,,,,,,,,,,,,,,,,,,,,,,,,,,,,,,,,,,
POINT (-46.6900709 -23.4464279),Mercadinho Estrela,supermarket,,,,,,,,,,,,,,,,,,limited,,,,,,,,,,,,,,,,,,,,,,,,,,,,,,,,,,,,,,,,,,,,,,,,,,,,,,,,,,,,,,,,,,,,,,,,,,,,,,,,,,,,,,,,,,,,,,,,,,,,,,,,,,,,,,,,,,,,,,,,,,,,,,,,,,,,,,,,,,,,,,,,,,,,,,,,,,,,,,,,
POINT (-46.5923899 -23.5091473),Mercado Cinco Esquinas,supermarket,,,,,,,,,São Paulo,18,02126-040,Rua Henrique Leitão,,,,,,,,,,,,,,,,,,,,,,,,,,,,,,,,,,,,,,,,,,,,,,,,,,,,,,,,,,,,,,,,,,,,,,,,,,,,,,,,,,,,,,,,,,,,,,,,,,,,,,,,,,,,,,,,,,,,,,,,,,,,,,,,,,,,,,,,,,,,,,,,,,,,,,,,,,,,,,,,,,,,,,
POINT (-46.6393786 -23.6307895),Mercadinho Di Piu,supermarket,,,,,,,,,São Paulo,99,04310-020,Rua Ibirajá,Vila Guarani,,,,,,,,,,,,,,,,,,,,,,,,,,,,,,,,,,,,,,,,,,,,,,,,,,,,,,,,,,,,,,,,,,,,,,,,,,,,,,,,,,,,,,,,,,,,,,,,,,,,,,,,,,,,,,,,,,,,,,,,,,,,,,,,,,,,,,,,,,,,,,,,,,,,,,,,,,,,,,,,,,,,,
POINT (-46.6440946 -23.5242234),Casa do Norte,convenience,,,,,,,,,São Paulo,651,01131-000,Rua dos Italianos,,,,,,,,,,,,,,,,,,,,,,,,,,,,,,,,,,,,,,,,,,,,,,,,,,,,,,,,,,,,,,,,,,,,,,,,,,,,,,,,,,,,,,,,,,,,,,,,,,,,,,,,,,,,,,,,,,,,,,,,,,,,,,,,,,,,,,,,,,,,,,,,,,,,,,,,,,,,,,,,,,,,,,
POINT (-46.5946569 -23.5155029),,convenience,,,,,,,,,São Paulo,27,02119-020,Avenida Nadir Dias de Figueiredo,,,,,,,,,,,,,,,,,,,,,,,,,,,,,,,,,,,,,,,,,,,,,,,,,,,,,,,,,,,,,,,,,,,,,,,,,,,,,,,,,,,,,,,,,,,,,,,,,,,,,,,,,,,,,,,,,,,,,,,,,,,,,,,,,,,,,,,,,,,,,,,,,,,,,,,,,,,,,,,,,,,,,,
POINT (-46.6392177 -23.5467537),Carrefour Express,convenience,Carrefour Express,Q2940190,,,,,fr:Carrefour Express,,São Paulo,83,01048-100,Rua Coronel Xavier de Toledo,,,,,,,,,,,,,,,,,,,,,,,,,,,,,,,,,,,,,,,,,,,,,,,,,,,,,,,,,,,,,,,,,,,,,,,,,,,,,,,,,,,,,,,,,,,,,,,,,,,,,,,,,,,,,,,,,,,,,,,,,,,,,,,,,,,,,,,,,,,,,,,,,,,,,,,,,,,,,,,,,,,,,,
POINT (-46.6456233 -23.5575585),MiniMercado Extra,convenience,MiniMercado Extra,Q5422131,,,,,,,,,,,,,,,,,,,,,,,,,,,,,,,,,,,,,,,,,,,,,,,,,,,,,,,,,,,,,,,,,,,,,,,,,,,,,,,,,,,,,,,,,,,,,,,,,,,,,,,,,,,,,,,,,,,,,,,,,,,,,,,,,,,,,,,,,,,,,,,,,,,,,,,,,,,,,,,,,,,,,,,,,,,,,,,,
POINT (-46.6214046 -23.6066904),HIROTA,supermarket,,,,,,,,,São Paulo,695,,Rua Vigário Albernaz,Vila Gumercindo,,,,,,,,,,,,,,,,,,,,,,,,,,,,,,,,,,,,,,,,,,,,,,,,,,,,,,,,,,,,,,,,,,,,,,,,,,,,,,,,,,,,,,,,,,,,,,,,,,,,,,,,,,,,,,,,,,,,,,,,,,,,,,,,,,,,,,,,,,,,,,,,,,,,,,,,,,,,,,,,,,,,,
POINT (-46.4785295 -23.5292339),Mercado Paraná,supermarket,,,,,,,,,São Paulo,501,03693-030,Rua Max Planck,Jardim Coimbra,,,,,,,,,,,,,,,,,,,,,,,,,,,,,,,,,,,,,,,,,,,,,,,,,,,,,,,,,,,,,,,,,,,,,,,,,,,,,,,,,,,,,,,,,,,,,,,,,,,,,,,,,,,,,,,,,,,,,,,,,,,,,,,,,,,,,,,,,,,,,,,,,,,,,,,,,,,,,,,,,,,,,
POINT (-46.5358412 -23.548983),Urizum,supermarket,,,,,,,,,,,,,,,,,,,,,,,,,,,,,,,,,,,,,,,,,,,,Comécio de produtos orientais diversos,,,,,,,,,,,,,,,,,,,,,,,,,,,,,,,,,,,,,,,,,,,,,,,,,,,,,,,,,,,,,,,,,,,,,,,,,,,,,,,,,,,,,,,,,,,,,,,,,,,,,,,,,,,,,,,,,,,,,,,,,,,,,,,,,,,,,,
POINT (-46.5394702 -23.5475827),Supermecado Sonda,supermarket,,,,,,,,,,,,,,,,,,,,,rede sonda de supermercados,,,,,,,,,,,,,,,,,,,,,,,,,,,,,,,,,,,,,,,,,,,,,,,,,,,,,,,,,,,,,,,,,,,,,,,,,,,,,,,,,,,,,,,,,,,,,,,,,,,,,,,,,,,,,,,,,,,,,,,,,,,,,,,,,,,,,,,,,,,,,,,,,,,,,,,,,,,,,
POINT (-46.5391349 -23.5480634),Americana Express,convenience,,,,,,,,,,,,,,,,,,,,,Lojas Americanas,,,,,,,,,,,,,,,,,,,,,,,,,,,,,,,,,,,,,,,,,,,,,,,,,,,,,,,,,,,,,,,,,,,,,,,,,,,,,,,,,,,,,,,,,,,,,,,,,,,,,,,,,,,,,,,,,,,,,,,,,,,,,,,,,,,,,,,,,,,,,,,,,,,,,,,,,,,,,
POINT (-46.6413053 -23.5783744),Carrefour Express,convenience,Carrefour Express,Q2940190,,,,24/7,fr:Carrefour Express,,São Paulo,33,04011-030,Rua Eça de Queiroz,,2023-06-20,,,,,,,,,,,,,,,,,,,,,,,,,,,,,,,,,,,,,,,,,,,,,,,,,,,,,,,,,,,,,,,,,,,,,,,,,,,,,,,,,,,,,,,,,,,,,,,,,,,,,,,,,,,,,,,,,,,,,,,,,,,,,,,,,,,,,,,,,,,,,,,,,,,,,,,,,,,,,,,,,,,,
POINT (-46.6414338 -23.6062583),Emporio das Arabias,supermarket,,,,,,,,,São Paulo,473,04048-001,Rua das Rosas,,,,,,,,,,,,,,,,,,,,,,,,,,,,,,,,,,,,,,,,,,,,,,,,,,,,,,,,,,,,,,,,,,,,,,,,,,,,,,,,,,,,,,,,,,,,,,,,,,,,,,,,,,,,,,,,,,,,,,,,,,,,,,,,,,,,,,,,,,,,,,,,,,,,,,,,,,,,,,,,,,,,,,
POINT (-46.6036879 -23.5346441),,convenience,,,,,,,,,São Paulo,,,Rua Cachoeira,,,,,,,,,,,,,,,,,,,,,,,,,,,,,,,,,,,,,,,,,,,,,,,,,,,,,,,,,,,,,,,,,,,,,,,,,,,,,,,,,,,,,,,,,,,,,,,,,,,,,,,,,,,,,,,,,,,,,,,,,,,,,,,,,,,,,,,,,,,,,,,,,,,,,,,,,,,,,,,,,,,,,,
POINT (-46.622643 -23.4992792),ampm,convenience,ampm,Q306960,,,,,en:Ampm,,,,,,,,,,,,,,,,,,,,,,,,,,,,,,,,,,,,,,,,,,,,,,,,,,,,,,,,,,,,,,,,,,,,,,,,,,,,,,,,,,,,,,,,,,,,,,,,,,,,,,,,,,,,,,,,,,,,,,,,,,,,,,,,,,,,,,,,,,,,,,,,,,,,,,,,,,,,,,,,,,,,,,,,,,,
POINT (-46.6293128 -23.5599638),Shell Select,convenience,Shell Select,Q154950,,,,,en:Royal Dutch Shell,,,,,,,,,,,,,,,,,,,,,,,,,,,,,,,,,,,,,,,,,,,,,,,,,,,,,,,,,,,,,,,,,,,,,,,,,,,,,,,,,,,,,,,,,,,,,,,,,,,,,,,,,,,,,,,,,,,,,,,,,,,,,,,,,,,,,,,,,,,,,,,,,,,,,,,,,,,,,,,,,,,,,,,,,,,
POINT (-46.6219409 -23.567531),,convenience,,,,,,,,,,,,,,,,,,,,,,,,,,,,,,,,,,,,,,,,,,,,,,,,,,,,,,,,,,,,,,,,,,,,,,,,,,,,,,,,,,,,,,,,,,,,,,,,,,,,,,,,,,,,,,,,,,,,,,,,,,,,,,,,,,,,,,,,,,,,,,,,,,,,,,,,,,,,,,,,,,,,,,,,,,,,,,,,,,
POINT (-46.7275957 -23.5886866),,convenience,,,,,,,,,,,,,,,,,,,,,,,,,,,,,,,,,,,,,,,,,,,,,,,,,,,,,,,,,,,,,,,,,,,,,,,,,,,,,,,,,,,,,,,,,,,,,,,,,,,,,,,,,,,,,,,,,,,,,,,,,,,,,,,,,,,,,,,,,,,,,,,,,,,,,,,,,,,,,,,,,,,,,,,,,,,,,,,,,,
POINT (-46.7171933 -23.6569426),Shell Select,convenience,Shell Select,Q110716465,,,,,,,São Paulo,,04795-100,,,,,,,,,,,,,,,,,,,,,,,,,,,,,,,,,,,,,,,,,,,,,,,,,,,,,,,,,,,,,,,,,,,,,,,,,,,,,,,,,,,,,,,,,,,,,,,,,,,,,,,,,,,,,,,,,,,,,,,,,,,,,,,,,,,,,,,,,,,,,,,,,,,,,,,,,,,,,,,,,,,,,,,
POINT (-46.7332627 -23.6433322),Shell Select,convenience,Shell Select,Q110716465,,,,,,,,,,,,,,,,,,,,,,,,,,,,,,,,,,,,,,,,,,,,,,,,,,,,,,,,,,,,,,,,,,,,,,,,,,,,,,,,,,,,,,,,,,,,,,,,,,,,,,,,,,,,,,,,,,,,,,,,,,,,,,,,,,,,,,,,,,,,,,,,,,,,,,,,,,,,,,,,,,,,,,,,,,,,,,,,
POINT (-46.6088991 -23.6144292),,convenience,,,,,,,,,,,,,,,,,,,,,,,,,,,,,,,,,,,,,,,,,,,,,,,,,,,,,,,,,,,,,,,,,,,,,,,,,,,,,,,,,,,,,,,,,,,,,,,,,,,,,,,,,,,,,,,,,,,,,,,,,,,,,,,,,,,,,,,,,,,,,,,,,,,,,,,,,,,,,,,,,,,,,,,,,,,,,,,,,,
POINT (-46.7364831 -23.6260972),Shell Select,convenience,Shell Select,Q110716465,,,,,,,,,,,,,,,,,,,,,,,,,,,,,,,,,,,,,,,,,,,,,,,,,,,,,,,,,,,,,,,,,,,,,,,,,,,,,,,,,,,,,,,,,,,,,,,,,,,,,,,,,,,,,,,,,,,,,,,,,,,,,,,,,,,,,,,,,,,,,,,,,,,,,,,,,,,,,,,,,,,,,,,,,,,,,,,,
POINT (-46.7422316 -23.6134741),BR,convenience,BR,Q4836468,,,,,,Mania,,,,,,,,,,,,,,,,,,,,,,,,,,,,,,,,,,,,,,,,,,,,,,,,,,,,,,,,,,,,,,,,,,,,,,,,,,,,,,,,,,,,,,,,,,,,,,,,,,,,,,,,,,,,,,,,,,,,,,,,,,,,,,,,,,,,,,,,,,,,,,,,,,,,,,,,,,,,,,,,,,,,,,,,,,
POINT (-46.7097191 -23.5544378),Shell Select,convenience,Shell Select,Q124359752,,,,,,,,,,,,,,,,,,,,,,,,,,,,,,,,,,,,,,,,,,,,,,,,,,,,,,,,,,,,,,,,,,,,,,,,,,,,,,,,,,,,,,,,,,,,,,,,,,,,,,,,,,,,,,,,,,,,,,,,,,,,,,,,,,,,,,,,,,,,,,,,,,,,,,,,,,,,,,,,,,,,,,,,,,,,,,,,
POINT (-46.7524265 -23.5033095),,convenience,,,,,,,,,,,,,,,,,,,,,,,,,,,,,,,,,,,,,,,,,,,,,,,,,,,,,,,,,,,,,,,,,,,,,,,,,,,,,,,,,,,,,,,,,,,,,,,,,,,,,,,,,,,,,,,,,,,,,,,,,,,,,,,,,,,,,,,,,,,,,,,,,,,,,,,,,,,,,,,,,,,,,,,,,,,,,,,,,,
POINT (-46.7354197 -23.6287852),Dia,supermarket,Dia,Q925132,,,,,es:Supermercados DIA,,São Paulo,,05716-150,Rua Jandiatuba,,,,,,,,,,,,,,,,,,,,,,,,,,,,,,,,,,,,,,,,,,,,,,,,,,,,,,,,,,,,,,,,,,,,,,,,,,,,,,,,,,,,,,,,,,,,,,,,,,,,,,,,,,,,,,,,,,,,,,,,,,,,,,,,,,,,,,,,,,,,,,,,,,,,,,,,,,,,,,,,,,,,,,
POINT (-46.7275357 -23.6348905),,convenience,,,,,,,,,,,,,,,,,,,,,,,,,,,,,,,,,,,,,,,,,,,,,,,,,,,,,,,,,,,,,,,,,,,,,,,,,,,,,,,,,,,,,,,,,,,,,,,,,,,,,,,,,,,,,,,,,,,,,,,,,,,,,,,,,,,,,,,,,,,,,,,,,,,,,,,,,,,,,,,,,,,,,,,,,,,,,,,,,,
POINT (-46.7288947 -23.6338369),Pão de Açúcar,supermarket,Pão de Açúcar,Q3411543,,,,,,,São Paulo,,05717-270,Rua José Ramon Urtiza,,,,,,,,,,,,,,,,,,,,,,,,,,,,,,,,,,,,,,,,,,,,,,,,,,,,,,,,,,,,,,,,,,,,,,,,,,,,,,,,,,,,,,,,,,,,,,,,,,,,,,,,,,,,,,,,,,,,,,,,,,,,,,,,,,,,,,,,,,,,,,,,,,,,,,,,,,,,,,,,,,,,,,
POINT (-46.7290181 -23.6333086),ST Marche,supermarket,,,,,,,,,,,,,,2024-08-20,,,,,,,,,,,,,,,,,,,,,,,,,,,,,,,,,,,,,,,,,,,,,,,,,,,,,,,,,,,,,,,,,,,,,,,,,,,,,,,,,,,,,,,,,,,,,,,,,,,,,,,,,,,,,,,,,,,,,,,,,,,,,,,,,,,,,,,,,,,,,,,,,,,,,,,,,,,,,,,,,,,,
POINT (-46.6572191 -23.5442478),,convenience,,,,,,,,,,,,,,,,,,,,,,,,,,,,,,,,,,,,,,,,,,,,,,,,,,,,,,,,,,,,,,,,,,,,,,,,,,,,,,,,,,,,,,,,,,,,,,,,,,,,,,,,,,,,,,,,,,,,,,,,,,,,,,,,,,,,,,,,,,,,,,,,,,,,,,,,,,,,,,,,,,,,,,,,,,,,,,,,,,
POINT (-46.7289522 -23.4381016),Marialva,supermarket,,,,,,Mo-Su 08:00-21:00; PH off,,,,,,Estrada de Taipas,,,,,,,,,,,,,,,,,,,,,,,,,,,,,,,,Confirmar o horário de funcionamento.,,,,,,,,,,,,,,,,,,,,,,,,,,,,,,,,,,,,,,,,,,,,,,,,,,,,,,,,,,,,,,,,,,,,,,,,,,,,,,,,,,,,,,,,,,,,,,,,,,,,,,,,,,,,,,,,,,,,,,,,,,,,,,,,,,,,,,
POINT (-46.6630328 -23.5662998),Duque Conveniência,convenience,,,,,,24/7,,,São Paulo,1134,01424-004,Alameda Lorena,,,,,,,,,Rede Duque,,,,,,,,,,,,,,,,,,,,,,,,,,,,,,,,,,,,,,,,,,,,,,,,,,,,,,,,,,,,,,,,,,,,,,,,,,,,,,,,,,,,,,,,,,,,,,,,,,,,,,,,,,,,,,,,,,,,,,,,,,,,,,,,,,,,,,,,,,,,,,,,,,,,,,,,,,,,,
POINT (-46.6565065 -23.5530035),Remax,supermarket,,,,,,,,,São Paulo,413,01415-001,Rua Bela Cintra,,2024-03-31,,,,,,,,,,,,,,,,,,,,,,,,,,,,,,,,,,,,,,,,,,,,,,,,,,,,,,,,,,,,,,,,,,,,,,,,,,,,,,,,,,,,,,,,,,,,,,,,,,,,,,,,,,,,,,,,,,,,,,,,,,,,,,,,,,,,,,,,,,,,,,,,,,,,,,,,,,,,,,,,,,,,
POINT (-46.474606 -23.5629487),Ita,supermarket,,,,,,,,,,,,Avenida Maria Luiza Americano,,,,,,,,,,,,,,,,,,,,,,,,,,,,,,,,,,,,,,,,,,,,,,,,,,,,,,,,,,,,,,,,,,,,,,,,,,,,,,,,,,,,,,,,,,,,,,,,,,,,,,,,,,,,,,,,,,,,,,,,,,,,,,,,,,,,,,,,,,,,,,,,,,,,,,,,,,,,,,,,,,,,,,
POINT (-46.4781813 -23.5558496),Bengala,supermarket,,,,,,,,,,,,Avenida Líder,,,,,,,,,,,,,,,,,,,,,,,,,,,,,,,,,,,,,,,,,,,,,,,,,,,,,,,,,,,,,,,,,,,,,,,,,,,,,,,,,,,,,,,,,,,,,,,,,,,,,,,,,,,,,,,,,,,,,,,,,,,,,,,,,,,,,,,,,,,,,,,,,,,,,,,,,,,,,,,,,,,,,,
POINT (-46.5980707 -23.4947195),Mercado Geni,convenience,,,,,,,,,São Paulo,421,02201-000,Avenida Júlio Buono,Vila Gustavo,,,,,,,,,,,,,,,,,,,,,,,,,,,,,,,,,,,,,,,,,,,,,,,,,,,,,,,,,,,,,,,,,,,,,,,,,,,,,,,,,,,,,,,,,,,,,,,,,,,,,,,,,,,,,,,,,,,,,,,,,,,,,,,,,,,,,,,,,,,,,,,,,,,,,,,,,,,,,,,,,,,,,
POINT (-46.5774777 -23.4788007),,supermarket,,,,,,,,,São Paulo,1088,,Avenida Roland Garros,,,,,,,,,,,,,,,,,,,,,,,,,,,,,,,,,,,,,,,,,,,,,,,,,,,,,,,,,,,,,,,,,,,,,,,,,,,,,,,,,,,,,,,,,,,,,,,,,,,,,,,,,,,,,,,,,,,,,,,,,,,,,,,,,,,,,,,,,,,,,,,,,,,,,,,,,,,,,,,,,,,,,,
POINT (-46.6081517 -23.5154),Supermercado Ideal,supermarket,,,,,,,,,São Paulo,121,02065-010,Avenida Joaquina Ramalho,Vila Guilherme,,,,,,,,,,,,,,,,,,,,,,,,,,,,,,,,,,,,,,,,,,,,,,,,,,,,,,,,,,,,,,,,,,,,,,,,,,,,,,,,,,,,,,,,,,,,,,,,,,,,,,,,,,,,,,,,,,,,,,,,,,,,,,,,,,,,,,,,,,,,,,,,,,,,,,,,,,,,,,,,,,,,,
POINT (-46.5693868 -23.4852045),,convenience,,,,,,,,,São Paulo,165,02227-000,Avenida Mendes da Rocha,,,,,,,,,,,,,,,,,,,,,,,,,,,,,,,,,,,,,,,,,,,,,,,,,,,,,,,,,,,,,,,,,,,,,,,,,,,,,,,,,,,,,,,,,,,,,,,,,,,,,,,,,,,,,,,,,,,,,,,,,,,,,,,,,,,,,,,,,,,,,,,,,,,,,,,,,,,,,,,,,,,,,,
POINT (-46.5755498 -23.4737772),,supermarket,,,,,,,,,São Paulo,1572,,Avenida Mendes da Rocha,,,,,,,,,,,,,,,,,,,,,,,,,,,,,,,,,,,,,,,,,,,,,,,,,,,,,,,,,,,,,,,,,,,,,,,,,,,,,,,,,,,,,,,,,,,,,,,,,,,,,,,,,,,,,,,,,,,,,,,,,,,,,,,,,,,,,,,,,,,,,,,,,,,,,,,,,,,,,,,,,,,,,,
POINT (-46.5835068 -23.4900943),Casa do Norte,supermarket,,,,,,,,,São Paulo,818,02216-000,Rua Ataliba Viêira,,,,,,,,,,,,,,,,,,,,,,,,,,,,,,,,,,,,,,,,,,,,,,,,,,,,,,,,,,,,,,,,,,,,,,,,,,,,,,,,,,,,,,,,,,,,,,,,,,,,,,,,,,,,,,,,,,,,,,,,,,,,,,,,,,,,,,,,,,,,,,,,,,,,,,,,,,,,,,,,,,,,,,
POINT (-46.5798482 -23.4906001),Mercadinho,supermarket,,,,,,,,,São Paulo,871,02217-000,Rua Geolândia,,,,,,,,,,,,,,,,,,,,,,,,,,,,,,,,,,,,,,,,,,,,,,,,,,,,,,,,,,,,,,,,,,,,,,,,,,,,,,,,,,,,,,,,,,,,,,,,,,,,,,,,,,,,,,,,,,,,,,,,,,,,,,,,,,,,,,,,,,,,,,,,,,,,,,,,,,,,,,,,,,,,,,
POINT (-46.5876205 -23.5706847),Oxxo,convenience,Oxxo,Q1342538,,,,,,,São Paulo,2282,03149-000,Avenida Paes de Barros,,2023-10-06,,,,yes,,,,,,,,,,,,,,yes,,yes,,,,,,,,,,,yes,,,,,,,,,,,,,,,,,,,,,,,,,,,,,,,,,,,,,,,,,,,,,,,,,,,,,,,,,,,,,,,,,,,,,,,,,,,,,,,,,,,,,,,,,,,,,,,,,,,,,,,,,,,,,,,,,,,,,,,,,,,,,,,,,,,,,
POINT (-46.7217076 -23.5722887),,convenience,,,,,,,,,,,,,,,,,,,,,,,,,,,,,,,,,,,,,,,,,,,,,,,,,,,,,,,,,,,,,,,,,,,,,,,,,,,,,,,,,,,,,,,,,,,,,,,,,,,,,,,,,,,,,,,,,,,,,,,,,,,,,,,,,,,,,,,,,,,,,,,,,,,,,,,,,,,,,,,,,,,,,,,,,,,,,,,,,,
POINT (-46.7227659 -23.5719691),,convenience,,,,,,,,,,,,,,,,,,,,,,,,,,,,,,,,,,,,,,,,,,,,,,,,,,,,,,,,,,,,,,,,,,,,,,,,,,,,,,,,,,,,,,,,,,,,,,,,,,,,,,,,,,,,,,,,,,,,,,,,,,,,,,,,,,,,,,,,,,,,,,,,,,,,,,,,,,,,,,,,,,,,,,,,,,,,,,,,,,
POINT (-46.6021442 -23.6134396),,convenience,,,,,,,,,,,,,,,,,,,,,,,,,,,,,,,,,,,,,,,,,,,,,,,,,,,,,,,,,,,,,,,,,,,,,,,,,,,,,,,,,,,,,,,,,,,,,,,,,,,,,,,,,,,,,,,,,,,,,,,,,,,,,,,,,,,,,,,,,,,,,,,,,,,,,,,,,,,,,,,,,,,,,,,,,,,,,,,,,,
POINT (-46.6253872 -23.5102337),BR Mania,convenience,BR Mania,Q116877912,,,,,,,,,,,,,,,,,,,,,,,,,,,,,,,,,,,,,,,,,,,,,,,,,,,,,,,,,,,,,,,,,,,,,,,,,,,,,,,,,,,,,,,,,,,,,,,,,,,,,,,,,,,,,,,,,,,,,,,,,,,,,,,,,,,,,,,,,,,,,,,,,,,,,,,,,,,,,,,,,,,,,,,,,,,,,,,,
POINT (-46.4999841 -23.5622346),BR Mania,convenience,BR Mania,Q116877912,,,,,,,,,,,,,,,,,,,,,,,,,,,,,,,,,,,,,,,,,,,,,,,,,,,,,,,,,,,,,,,,,,,,,,,,,,,,,,,,,,,,,,,,,,,,,,,,,,,,,,,,,,,,,,,,,,,,,,,,,,,,,,,,,,,,,,,,,,,,,,,,,,,,,,,,,,,,,,,,,,,,,,,,,,,,,,,,
POINT (-46.6150836 -23.554047),Shell Select,convenience,Shell Select,Q154950,,,,,en:Royal Dutch Shell,,São Paulo,1033,03103-001,Rua da Mooca,,,,,,,,,,,,,,,,,,,,,,,,,,,,,,,,,,,,,,,,,,,,,,,,,,,,,,,,,,,,,,,,,,,,,,,,,,,,,,,,,,,,,,,,,,,,,,,,,,,,,,,,,,,,,,,,,,,,,,,,,,,,,,,,,,,,,,,,,,,,,,,,,,,,,,,,,,,,,,,,,,,,,,
POINT (-46.6086737 -23.6159618),Shell Select,convenience,Shell Select,Q124359752,,,,,en:Royal Dutch Shell,,,,,Avenida Presidente Tancredo Neves,,,,,,,,,,,,,,,,,,,,,,,,,,,,,,,,,,,,,,,,,,,,,,,,,,,,,,,,,,,,,,,,,,,,,,,,,,,,,,,,,,,,,,,,,,,,,,,,,,,,,,,,,,,,,,,,,,,,,,,,,,,,,,,,,,,,,,,,,,,,,,,,,,,,,,,,,,,,,,,,,,,,,,
POINT (-46.6240743 -23.5799338),ampm,convenience,ampm,Q306960,,,,,en:Ampm,,,,,,,,,,,,,,,,,,,,,,,,,,,,,,,,,,,,,,,,,,,,,,,,,,,,,,,,,,,,,,,,,,,,,,,,,,,,,,,,,,,,,,,,,,,,,,,,,,,,,,,,,,,,,,,,,,,,,,,,,,,,,,,,,,,,,,,,,,,,,,,,,,,,,,,,,,,,,,,,,,,,,,,,,,,
POINT (-46.6025333 -23.6210118),ampm,convenience,ampm,Q306960,,,,,en:Ampm,,,,,,,,,,,,,,,,,,,,,,,,,,,,,,,,,,,,,,,,,,,,,,,,,,,,,,,,,,,,,,,,,,,,,,,,,,,,,,,,,,,,,,,,,,,,,,,,,,,,,,,,,,,,,,,,,,,,,,,,,,,,,,,,,,,,,,,,,,,,,,,,,,,,,,,,,,,,,,,,,,,,,,,,,,,
POINT (-46.7287268 -23.6335111),am/pm,convenience,am/pm,Q306960,,,,,,,,,,,,,,,,,,,,,,,,,,,,,,,,,,,,,,,,,,,,,,,,,,,,,,,,,,,,,,,,,,,,,,,,,,,,,,,,,,,,,,,,,,,,,,,,,,,,,,,,,,,,,,,,,,,,,,,,,,,,,,,,,,,,,,,,,,,,,,,,,,,,,,,,,,,,,,,,,,,,,,,,,,,,,,,,
POINT (-46.5785766 -23.4916724),,convenience,,,,,,,,,,,,,,,,,,,,,,,,,,,,,,,,,,,,,,,,,,,,,,,,,,,,,,,,,,,,,,,,,,,,,,,,,,,,,,,,,,,,,,,,,,,,,,,,,,,,,,,,,,,,,,,,,,,,,,,,,,,,,,,,,,,,,,,,,,,,,,,,,,,,,,,,,,,,,,,,,,,,,,,,,,,,,,,,,,
POINT (-46.6856035 -23.4930392),,convenience,,,,,,,,,,,,,,,,,,,,,,,,,,,,,,,,,,,,,,,,,,,,,,,,,,,,,,,,,,,,,,,,,,,,,,,,,,,,,,,,,,,,,,,,,,,,,,,,,,,,,,,,,,,,,,,,,,,,,,,,,,,,,,,,,,,,,,,,,,,,,,,,,,,,,,,,,,,,,,,,,,,,,,,,,,,,,,,,,,
POINT (-46.7121452 -23.563465),,convenience,,,,,,,,,,,,,,,,,,,,,,,,,,,,,,,,,,,,,,,,,,,,,,,,,,,,,,,,,,,,,,,,,,,,,,,,,,,,,,,,,,,,,,,,,,,,,,,,,,,,,,,,,,,,,,,,,,,,,,,,,,,,,,,,,,,,,,,,,,,,,,,,,,,,,,,,,,,,,,,,,,,,,,,,,,,,,,,,,,
POINT (-46.6177326 -23.5852),Shell Select,convenience,Shell Select,Q154950,,,,,en:Royal Dutch Shell,,,,,,,,,,,,,,,,yes,yes,yes,,,,yes,yes,,,,,,,,,,,,,,,,,,,,,,,,,,,,,,,,,,,,,,,,,,,,,,,,,,,,,,,,,,,,,,,,,,,,,,,,,,,,,,,,,,,,,,,,,,,,,,,,,,,,,,,,,,,,,,,,,,,,,,,,,,,,,,,,,,,,,,,,,,,,,,,,,,,,
POINT (-46.6181383 -23.5857279),Shell Select,convenience,Shell Select,Q154950,,,,,en:Royal Dutch Shell,,,,,,,,,,,,,,,,,yes,yes,,,,yes,yes,,,,,,,,,,,,,,,,,,,,,,,,,,,,,,,,,,,,,,,,,,,,,,,,,,,,,,,,,,,,,,,,,,,,,,,,,,,,,,,,,,,,,,,,,,,,,,,,,,,,,,,,,,,,,,,,,,,,,,,,,,,,,,,,,,,,,,,,,,,,,,,,,,,,
POINT (-46.5832542 -23.5889874),Shell,convenience,Shell,Q110716465,,,,,en:Royal Dutch Shell,,,,,,,,,,,,,,,,,,,,,,,,,,,,,,,,,,,,,,,,,,,,,,,,,,,,,,,,,,,,,,,,,,,,,,,,,,,,,,,,,,,,,,,,,,,,,,,,,,,,,,,,,,,,,,,,,,,,,,,,,,,,,,,,,,,,,,,,,,,,,,,,,,,,,,,,,,,,,,,,,,,,,,,,,,,
POINT (-46.5961856 -23.6438738),Shell Select,convenience,Shell Select,Q154950,,,,,en:Royal Dutch Shell,,,,,,,,,,,,,,,,,,,,,,,,,,,,,,,,,,,,,,,,,,,,,,,,,,,,,,,,,,,,,,,,,,,,,,,,,,,,,,,,,,,,,,,,,,,,,,,,,,,,,,,,,,,,,,,,,,,,,,,,,,,,,,,,,,,,,,,,,,,,,,,,,,,,,,,,,,,,,,,,,,,,,,,,,,,
POINT (-46.6085824 -23.5244811),,convenience,,,,,,,,,São Paulo,1429,03019-000,Rua Joaquim Carlos,,,,,,,,,,,,,,,,,,,,,,,,,,,,,,,,,,,,,,,,,,,,,,,,,,,,,,,,,,,,,,,,,,,,,,,,,,,,,,,,,,,,,,,,,,,,,,,,,,,,,,,,,,,,,,,,,,,,,,,,,,,,,,,,,,,,,,,,,,,,,,,,,,,,,,,,,,,,,,,,,,,,,,
POINT (-46.6066778 -23.5506946),Shell Select,convenience,Shell Select,Q154950,,,,,en:Royal Dutch Shell,,,,,,,,,,,,,,,,,,,,,,,,,,,,,,,,,,,,,,,,,,,,,,,,,,,,,,,,,,,,,,,,,,,,,,,,,,,,,,,,,,,,,,,,,,,,,,,,,,,,,,,,,,,,,,,,,,,,,,,,,,,,,,,,,,,,,,,,,,,,,,,,,,,,,,,,,,,,,,,,,,,,,,,,,,,
POINT (-46.7080041 -23.5544747),ampm,convenience,ampm,Q306960,,,,,,,,,,,,2025-07-05,,,,yes,,,,,,,,,,,,,,,,,,,,,,,,,,,,no,,,,,,,,,,,,,,,,,,,,,,,,,,,,,,,,,,,,,,,,,,,,,,,,,,,,,,,,,,,,,,,,,,,,,,,,,,,,,,,,,,,,,,,,,,,,,,,,,,,,,,,,,,,,,,,,,,,,,,,,,,,,,,,,,,,,
POINT (-46.6087093 -23.550874),,convenience,Blue Point,,,,,,,,,,,,,,,,,,,,,,,,,,,,,,,,,,,,,,,,,,,,,,,,,,,,,,,,,,,,,,,,,,,,,,,,,,,,,,,,,,,,,,,,,,,,,,,,,,,,,,,,,,,,,,,,,,,,,,,,,,,,,,,,,,,,,,,,,,,,,,,,,,,,,,,,,,,,,,,,,,,,,,,,,,,,,,,,,
POINT (-46.447562 -23.5565892),,supermarket,,,,,,,,,São Paulo,1390,,Rua São Teodoro,,,,,,,,,,,,,,,,,,,,,,,,,,,,,,,,,,,,,,,,,,,,,,,,,,,,,,,,,,,,,,,,,,,,,,,,,,,,,,,,,,,,,,,,,,,,,,,,,,,,,,,,,,,,,,,,,,,,,,,,,,,,,,,,,,,,,,,,,,,,,,,,,,,,,,,,,,,,,,,,,,,,,,
POINT (-46.6040441 -23.5552257),,convenience,,,,,,,,,São Paulo,2174,03104-002,Rua da Mooca,,,,,,,,,,,,,,,,,,,,,,,,,,,,,,,,,,,,,,,,,,,,,,,,,,,,,,,,,,,,,,,,,,,,,,,,,,,,,,,,,,,,,,,,,,,,,,,,,,,,,,,,,,,,,,,,,,,,,,,,,,,,,,,,,,,,,,,,,,,,,,,,,,,,,,,,,,,,,,,,,,,,,,
POINT (-46.6365096 -23.6037309),Carrefour Express,convenience,Carrefour Express,Q2940190,,,,Mo-Sa 08:00-23:00;Su 08:00-22:00,fr:Carrefour Express,,São Paulo,3111,04035-001,Rua Domingos de Morais,,,,,,,,,,,,,,,,,,,,,,,,,,BR,,,,,,,,,,,,,,,,,,,,,,,,,,,,,,,,,,,,,,,,,,,,,,,,,,,,,,,,,,,,,,,,,,,,,,,,,,,,,,,,,,,,,,,,,,,,,,,,,,,,,,,,,,,,,,,,,,,,,,,,,,,,,,,,,,,,,,,,,,,,
POINT (-46.6370462 -23.6112859),Mini Extra,convenience,Mini Extra,Q5422131,,,,,pt:Extra (rede varejista),,São Paulo,116,04142-080,Avenida Bosque da Saúde,,,,,,,,,,https://www.extra.com.br/,,,,,,,,,,,,,,,,,,,,,,,,,,,,,,,,,,,,,,,,,,,,,,,,,,,,,,,,,,,,,,,,,,,,,,,,,,,,,,,,,,,,,,,,,,,,,,,,,,,,,,,,,,,,,,,,,,,,,,,,,,,,,,,,,,,,,,,,,,,,,,,,,,,,,,,,,,,,
POINT (-46.6364399 -23.6114354),H.W.Mercearia,convenience,,,,,,,,,,,,,,,,,,,,,,,,,,,,,,,,,,,,,,,,,,,,,,,,,,,,,,,,,,,,,,,,,,,,,,,,,,,,,,,,,,,,,,,,,,,,,,,,,,,,,,,,,,,,,,,,,,,,,,,,,,,,,,,,,,,,,,,,,,,,,,,,,,,,,,,,,,,,,,,,,,,,,,,,,,,,,,,,,,
POINT (-46.6381659 -23.6107435),Mini Extra,convenience,Mini Extra,Q5422131,,,,,pt:Extra (rede varejista),,,,,,,,,,,,,,,https://www.extra.com.br/,,,,,,,,,,,,,,,,,,,,,,,,,,,,,,,,,,,,,,,,,,,,,,,,,,,,,,,,,,,,,,,,,,,,,,,,,,,,,,,,,,,,,,,,,,,,,,,,,,,,,,,,,,,,,,,,,,,,,,,,,,,,,,,,,,,,,,,,,,,,,,,,,,,,,,,,,,,,
POINT (-46.6802861 -23.4560069),Irmãos marega,supermarket,,,,,,,,,,,,,,,,,,,,,,,,,,,,,,,,,,,,,,,,,,,,,,,,,,,,,,,,,,,,,,,,,,,,,,,,,,,,,,,,,,,,,,,,,,,,,,,,,,,,,,,,,,,,,,,,,,,,,,,,,,,,,,,,,,,,,,,,,,,,,,,,,,,,,,,,,,,,,,,,,,,,,,,,,,,,,,,,,,
POINT (-46.7133968 -23.452153),Supermecado Marileo,supermarket,,,,,,08:00-20:00,,,sao paulo,,02810-000,Avenida Elísio Teixeira Leite,Jardim dos Cunhas,,,,,,,,,,,,,,,,,,,,,,,,,,,,,,,,,,,,,,,,,,,,,,,,,,,,,,,,,,,,,,,,,,,,,,,,,,,,,,,,,,,,,,,,,,,,,,,,,,,,,,,,,,,,,,,,,,,,,,,,,,,,,,,,,,,,,,,,,,,,,,,,,,,,,,,,,,,,,,,,,,,,,
POINT (-46.7536821 -23.5911283),Mercado Talento,supermarket,,,,,,Mo-Fr 07:00-22:00,,,,,,,,,,,,,,,,,,,,,,,,,,,,,,,,,,,,,,,,,,,,,,,,,,,,,,,,,,,,,,,,,,,,,,,,,,,,,,,,,,,,,,,,,,,,,,,,,,,,,,,,,,,,,,,,,,,,,,,,,,,,,,,,,,,,,,,,,,,,,,,,,,,,,,,,,,,,,,,,,,,,,,,,,,,,
POINT (-46.6805749 -23.6854623),Dia,supermarket,Dia,Q925132,,,,,,Supermercados,,,,Avenida Nossa Senhora do Sabará,,,,,,,,,,,,,,,,,,,,,,,,,,,,,,,,,,,,,,,,,,,,,,,,,,,,,,,,,,,,,,,,,,,,,,,,,,,,,,,,,,,,,,,,,,,,,,,,,,,,,,,,,,,,,,,,,,,,,,,,,,,,,,,,,,,,,,,,,,,,,,,,,,,,,,,,,,,,,,,,,,,,,,
POINT (-46.6360778 -23.5553325),Hirota Food Express,supermarket,,,fast_food,Subway,Subway,,,,,,,,,,,,,,,,,,,,,,,,,,,,,,,,,,,,,,,,,,,,,,,,,,,,,,,,,,,,,,,,,,,,,,,,,,,,,,,,,,,,,,,,,,,,,,,,,,,,,,,,,,,,,,,,,,,,,,,,,,,,,,,,,,,,,,,,,,,,,,,,,,,,,,,,,,,,,,,,,,,,,,,,,,,,,
POINT (-46.6685049 -23.5952938),Pão de Açúcar,supermarket,Pão de Açúcar,Q3411543,,,,Mo-Su 08:00-22:00,pt:Pão de Açúcar (supermercado brasileiro),,São Paulo,480,04511-011,Rua Afonso Braz,Moema,,,,,,,,,,,,,,,,,,,,,,,,,,,,,,,,,,,,,,,,,,,,,,,,,,,,,,,,,,,,,,,,,,,,,,,,,,,,,,,,,,,,,,,,,,,,,,,,,,,,,,,,,,,,,,,,,,,,,,,,,,,,,,,,,,,,,,,,,,,,,,,,,,,,,,,,,,,,,,,,,,,,,
POINT (-46.4547897 -23.51503),Mercado Extra,supermarket,Mercado Extra,Q5422131,,,,,,,,,,,,,,,,,,,,,,,,,,,,,,,,,,,,,,,,,,,,,,,,,,,,,,,,,,,,,,,,,,,,,,,,,,,,,,,,,,,,,,,,,,,,,,,,,,,,,,,,,,,,,,,,,,,,,,,,,,,,,,,,,,,,,,,,,,,,,,,,,,,,,,,,,,,,,,,,,,,,,,,,,,,,,,,,
POINT (-46.4224157 -23.4994016),,supermarket,,,,,,,,,,,,,,,,,,,,,,,,,,,,,,,,,,,,,,,,,,,,,,,,,,,,,,,,,,,,,,,,,,,,,,,,,,,,,,,,,,,,,,,,,,,,,,,,,,,,,,,,,,,,,,,,,,,,,,,,,,,,,,,,,,,,,,,,,,,,,,,,,,,,,,,,,,,,,,,,,,,,,,,,,,,,,,,,,,
POINT (-46.6344296 -23.5544238),Jia He,convenience,,,,,,,,,São Paulo,132,01510-000,Rua da Glória,Liberdade,,,,,,,,,,,,,,,,,,,,,,,,,,,,,,,,,,yes,,,,,,,,,,,,,,,,,,,,,,,,,,,,,,,,,,,,,,,,,,,,,,,,,,,,,,,,,,,,,,,,,,,,,,,,,,,,,,,,,,,,,,,,,,,,,,,,,,,,,,,,,,,,,,,,,,,,,,,,,,,,,,,,,,,
POINT (-46.7354257 -23.5226188),Mini Mercado Extra,supermarket,,,,,,,,,,,,,,,,,,,,,,,,,,,,,,,,,,,,,,,,,,,,,,,,,,,,,,,,,,,,,,,,,,,,,,,,,,,,,,,,,,,,,,,,,,,,,,,,,,,,,,,,,,,,,,,,,,,,,,,,,,,,,,,,,,,,,,,,,,,,,,,,,,,,,,,,,,,,,,,,,,,,,,,,,,,,,,,,,,
POINT (-46.5374471 -23.5082713),,supermarket,,,,,,,,,São Paulo,1825,03711-012,Avenida Cangaíba,,,,,,,,,,,,,,,,,,,,,,,,,,,,,,,,,,,,,,,,,,,,,,,,,,,,,,,,,,,,,,,,,,,,,,,,,,,,,,,,,,,,,,,,,,,,,,,,,,,,,,,,,,,,,,,,,,,,,,,,,,,,,,,,,,,,,,,,,,,,,,,,,,,,,,,,,,,,,,,,,,,,,,
POINT (-46.6918718 -23.5636559),Mister Narguiles Shisha Shop,supermarket,,,,,,,,,São Paulo,2190,05408-002,Rua Cardeal Arcoverde,,,,,,,,,,,,,,,,,,,,,,,,,,,,,,,,,,,,,,,,,,,,,,,,,,,,,,,,,,,,,,,,,,,,,,,,,,,,,,,,,,,,,,,,,,,,,,,,,,,,,,,,,,,,,,,,,,,,,,,,,,,,,,,,,,,,,,,,,,,,,,,,,,,,,,,,,,,,,,,,,,,,,,
POINT (-46.7366788 -23.4527997),Supermercado Violeta,supermarket,,,,,,Mo-Fr 07:00-21:30; Su 08:00-19:30; Sa 07:00-21:30,,,,278,02991-000,Estrada de Taipas,,,,,,,,,,https://supermercadovioleta.com.br/,,,,,01139428190,,,,,,,,,,,,,,,,,,,,,,,,,,,,,,,,,,,,,,,,,,,,,,,,,,,,,,,,,,,,,,,,,,,,,,,,,,,,,,,,,,,,,,,,,,,,,,,,,,,,,,,,,,,,,,,,,,,,,,,,,,,,,,,,,,,,,,,,,,,,,,,,,,,,,,,
POINT (-46.5958328 -23.490598),,convenience,,,,,,,,,São Paulo,948,,Avenida Júlio Buono,,,,,,,,,,,,,,,,,,,,,,,,,,,,,,,,,,,,,,,,,,,,,,,,,,,,,,,,,,,,,,,,,,,,,,,,,,,,,,,,,,,,,,,,,,,,,,,,,,,,,,,,,,,,,,,,,,,,,,,,,,,,,,,,,,,,,,,,,,,,,,,,,,,,,,,,,,,,,,,,,,,,,,
POINT (-46.5044042 -23.503511),Chama,supermarket,,,,,,,,,,,,,,,,,,,,,,,,,,,,,,,,,,,,,,,,,,,,,,,,,,,,,,,,,,,,,,,,,,,,,,,,,,,,,,,,,,,,,,,,,,,,,,,,,,,,,,,,,,,,,,,,,,,,,,,,,,,,,,,,,,,,,,,,,,,,,,,,,,,,,,,,,,,,,,,,,,,,,,,,,,,,,,,,,,
POINT (-46.6285117 -23.6220569),ampm,convenience,ampm,Q306960,,,,,en:Ampm,,,,,,,,,,,,,,,,,,,,,,,,,,,,,,,,,,,,,,,,,,,,,,,,,,,,,,,,,,,,,,,,,,,,,,,,,,,,,,,,,,,,,,,,,,,,,,,,,,,,,,,,,,,,,,,,,,,,,,,,,,,,,,,,,,,,,,,,,,,,,,,,,,,,,,,,,,,,,,,,,,,,,,,,,,,
POINT (-46.7099169 -23.593812),St. Marchê,supermarket,,,,,,,,,São Paulo,275,,Avenida Comendador Adibo Ares,,,,,,,,,,,,,,,+55 11 3502-6610,,,,,,,,,,,,,,,,,,,,,,,,,,,,,,,,,,,,,,,,,,,,,,,,,,,,,,,,,,,,,,,,,,,,,,,,,,,,,,,,,,,,,,,,,,,,,,,,,,,,,,,,,,,,,,,,,,,,,,,,,,,,,,,,,,,,,,,,,,,,,,,,,,,,,,,
POINT (-46.6009928 -23.5965871),Chocolândia,supermarket,,,,,,"Mo-Sa 08:00-22:00; Su,PH 09:00-20:00",,,São Paulo,2040,,Rua Silva Bueno,Ipiranga,,,,,,,,,https://chocolandia.com.br/page/home,yes,,,,+55 11 2889 7600,,yes,yes,,,,,,,,BR,,,,,,,,,,SP,https://www.facebook.com/chocolandia,+55 11 2889-7600,http://www.chocolandia.com.br/,,,,,,,,,,,,,,,,,,,,,,,,,,,,,,,,,,,,,,,,,,,,,,,,,,,,,,,,,,,,,,,,,,,,,,,,,,,,,,,,,,,,,,,,,,,,,,,,,,,,,,,,,,,,,,,,,,,,,,,,,,,,,,,
POINT (-46.7158642 -23.5692182),ampm,convenience,ampm,Q306960,,,,,,,,,,,,,,,,,,,,,,,,,,,,,,,,,,,,,,,,,,,,,,,,,,,,,,,,,,,,,,,,,,,,,,,,,,,,,,,,,,,,,,,,,,,,,,,,,,,,,,,,,,,,,,,,,,,,,,,,,,,,,,,,,,,,,,,,,,,,,,,,,,,,,,,,,,,,,,,,,,,,,,,,,,,,,,,,
POINT (-46.63533 -23.5558639),Marukai,convenience,,,,,,,,,São Paulo,34,01506-000,Rua Galvão Bueno,Liberdade,,,,,,,,,,,,,,,,,,,,,,,,,,,,,,,,,,,,,,,,,,,,,,,,,,,,,,,,,,,,,,,,,,,,,,,,,,,,,,,,,,,,,,,,,,,,,,,,,,,,,,,,,,,,,,,,,,,,,,,,,,,,,,,,,,,,,,,,,,,,,,,,,,,,,,,,,,,,,,,,,,,,,
POINT (-46.6353137 -23.5560072),Casa Bueno,convenience,,,,,,,,,São Paulo,48,01506-000,Rua Galvão Bueno,Liberdade,,,,,,,,,,,,,,,,,,,,,,,,,,,,,,,,,,,,,,,,,,,,,,,,,,,,,,,,,,,,,,,,,,,,,,,,,,,,,,,,,,,,,,,,,,,,,,,,,,,,,,,,,,,,,,,,,,,,,,,,,,,,,,,,,,,,,,,,,,,,,,,,,,,,,,,,,,,,,,,,,,,,,
POINT (-46.6353365 -23.5556877),Empório Azuki,convenience,,,,,,Mo-Su 08:00-19:00,,,São Paulo,16,01506-000,Rua Galvão Bueno,Liberdade,,,,,,,,,http://www.azukiya.com.br/,,,,,,,,,,,,,,,,,,,,,,,,,,,,,,,,,,,,,,,,,,,,,,,,,,,,,,,,,,,,,,,,,,,,,,,,,,,,,,,,,,,,,,,,,,,,,,,,,,,,,,,,,,,,,,,,,,,,,,,,,,,,,,,,,,,,,,,,,,,,,,,,,,,,,,,,,,,,
POINT (-46.4681834 -23.5654086),,convenience,,,,,,,,,,,,,,,,,,,,,,,,,,,,,,,,,,,,,,,,,,,,,,,,,,,,,,,,,,,,,,,,,,,,,,,,,,,,,,,,,,,,,,,,,,,,,,,,,,,,,,,,,,,,,,,,,,,,,,,,,,,,,,,,,,,,,,,,,,,,,,,,,,,,,,,,,,,,,,,,,,,,,,,,,,,,,,,,,,
POINT (-46.6663649 -23.4736721),Dia-a-Dia,supermarket,,,,,,,,,,,,,,,,,,,,,,,,,,,,,,,,,,,,,,,,,,,,,,,,,,,,,,,,,,,,,,,,,,,,,,,,,,,,,,,,,,,,,,,,,,,,,,,,,,,,,,,,,,,,,,,,,,,,,,,,,,,,,,,,,,,,,,,,,,,,,,,,,,,,,,,,,,,,,,,,,,,,,,,,,,,,,,,,,,
POINT (-46.4604264 -23.5104906),Mercado Yasmim,supermarket,,,,,,,,,São Paulo,11,08050-350,Rua dos Escoteiros,Jardim das Camélias,,,,,limited,,,,,,,,,+55 11 2051-1765,,,,,,,,,,,,,,,,,,,,,,,,,,,,,,,,,,,,,,,,,,,,,,,,,,,,,,,,,,,,,,,,,,,,,,,,,,,,,,,,,,,,,,,,,,,,,,,,,,,,,,,,,,,,,,,,,,,,,,,,,,,,,,,,,,,,,,,,,,,,,,,,,,,,,,,
POINT (-46.6325779 -23.5618947),,supermarket,,,,,,,,,,,,,,,,,,,,,,,,,,,,,,,,,,,,,,,,,,,,,,,,,,,,,,,,,,,,,,,,,,,,,,,,,,,,,,,,,,,,,,,,,,,,,,,,,,,,,,,,,,,,,,,,,,,,,,,,,,,,,,,,,,,,,,,,,,,,,,,,,,,,,,,,,,,,,,,,,,,,,,,,,,,,,,,,,,
POINT (-46.6128657 -23.5016175),,convenience,,,,,,,,,,,,,,,,,,,,,,,,,,,,,,,,,,,,,,,,,,,,,,,,,,,,,,,,,,,,,,,,,,,,,,,,,,,,,,,,,,,,,,,,,,,,,,,,,,,,,,,,,,,,,,,,,,,,,,,,,,,,,,,,,,,,,,,,,,,,,,,,,,,,,,,,,,,,,,,,,,,,,,,,,,,,,,,,,,
POINT (-46.5997554 -23.4814651),,supermarket,,,,,,,,,São Paulo,122,02206-000,Rua Major Dantas Cortez,,,,,,,,,,,,,,,,,,,,,,,,,,,,,,,,,,,,,,,,,,,,,,,,,,,,,,,,,,,,,,,,,,,,,,,,,,,,,,,,,,,,,,,,,,,,,,,,,,,,,,,,,,,,,,,,,,,,,,,,,,,,,,,,,,,,,,,,,,,,,,,,,,,,,,,,,,,,,,,,,,,,,,
POINT (-46.5848388 -23.4915903),,supermarket,,,,,,Mo-Sa 08:00-19:00; Su 08:00-13:00,,,São Paulo,508,02215-000,Rua Reverendo Israel Vieira Ferreira,,,,,,,,,,,,,,,,,,,,,,,,,,,,,,,,,,,,,,,,,,,,,,,,,,,,,,,,,,,,,,,,,,,,,,,,,,,,,,,,,,,,,,,,,,,,,,,,,,,,,,,,,,,,,,,,,,,,,,,,,,,,,,,,,,,,,,,,,,,,,,,,,,,,,,,,,,,,,,,,,,,,,,
POINT (-46.7816346 -23.7005009),Elisam,supermarket,,,,,,,,,,,,,,,,,,,,,,,,,,,,,,,,,,,,,,,,,,,,,,,,,,,,Elisam,,,,,,,,,,,,,,,,,,,,,,,,,,,,,,,,,,,,,,,,,,,,,,,,,,,,,,,,,,,,,,,,,,,,,,,,,,,,,,,,,,,,,,,,,,,,,,,,,,,,,,,,,,,,,,,,,,,,,,,,,,,,,,
POINT (-46.6295475 -23.567838),Extra,supermarket,Extra,Q5422131,,,,,pt:Extra (rede varejista),,,,,Espírito Santo,,,,,,,,,,https://www.extra.com.br/,,,,,,,,,,,,,,,,,,,,,,,,,,,,,,,,,,,,,,,,,,,,,,,,,,,,,,,,,,,,,,,,,,,,,,,,,,,,,,,,,,,,,,,,,,,,,,,,,,,,,,,,,,,,,,,,,,,,,,,,,,,,,,,,,,,,,,,,,,,,,,,,,,,,,,,,,,,,
POINT (-46.6412089 -23.5475934),,supermarket,,,,,,,,,São Paulo,310,01048-000,Rua Coronel Xavier de Toledo,,,,,,,,,,,,,,,,,,,,,,,,,,,,,,,,,,,,,,,,,,,,,,,,,,,,,,,,,,,,,,,,,,,,,,,,,,,,,,,,,,,,,,,,,,,,,,,,,,,,,,,,,,,,,,,,,,,,,,,,,,,,,,,,,,,,,,,,,,,,,,,,,,,,,,,,,,,,,,,,,,,,,,
POINT (-46.6850484 -23.5653469),Carrefour Express,convenience,Carrefour Express,Q2940190,,,,,,,São Paulo,125,05416-010,Rua Fradique Coutinho,Pinheiros,,,,,yes,,,Carrefour,,,,,,,,,,,,,,,,,,,,,,,,,,,,,,,,,,,,,,,,,,,,,,,,,,,,,,,,,,,,,,,,,,,,,,,,,,,,,,,,,,,,,,,,,,,,,,,,,,,,,,,,,,,,,,,,,,,,,,,,,,,,,,,,,,,,,,,,,,,,,,,,,,,,,,,,,,,,,
POINT (-46.6413826 -23.5456349),Emporio,supermarket,,,,,,,,,,,,,,,,,,,,,,,,,,,,,,,,,,,,,,,,,,,,,,,,,,,,,,,,,,,,,,,,,,,,,,,,,,,,,,,,,,,,,,,,,,,,,,,,,,,,,,,,,,,,,,,,,,,,,,,,,,,,,,,,,,,,,,,,,,,,,,,,,,,,,,,,,,,,,,,,,,,,,,,,,,,,,,,,,,
POINT (-46.6179498 -23.6164993),Mundo Verde,convenience,,,,,,,,,,1594,,Avenida do Cursino,,,,,,,,,,,,,,,,,,,,,,,,,,,,,,,,,,,,,,,,Mundo Verde,,,,,,,,,,,,,,,,,,,,,,,,,,,,,,,,,,,,,,,,,,,,,,,,,,,,,,,,,,,,,,,,,,,,,,,,,,,,,,,,,,,,,,,,,,,,,,,,,,,,,,,,,,,,,,,,,,,,,,,,,,,,,,
POINT (-46.6178253 -23.6161292),Mercado Jardim da Saúde,supermarket,,,,,,,,,São Paulo,1552,,Avenida do Cursino,Jardim da Saúde,,,,,,,,,,,,,,,,,,,,,,,,,,,,,,,,,,,,,,,,"A commercial center with different stores that products like sell fresh foods, meat, fish, cheese, eggs, grains and some industrialized items also.",,,,,,,,,,,,,,,,,,,,,,,,,,,,,,,,,,,,,,,,,,,,,,,,,,,,,,,,,,,,,,,,,,,,,,,,,,,,,,,,,,,,,,,,,,,,,,,,,,,,,,,,,,,,,,,,,,,,,,,,,,,,,
POINT (-46.5848361 -23.4894401),Empório Futuro Verde,supermarket,,,,,,Mo-Sa 09:00-19:00,,,São Paulo,645,02219-000,Avenida Nossa Senhora do Loreto,,,,,only,,,,,,yes,,,,+55 11 4327-7600;+55 11 95882-8946,,yes,yes,,,,,,,,,,,,,,,,,,,Emporio futuro verde,,,,,299280215083551,,,,,,,,,,,,,,,,,,,,,,,,,,,,,,,,,,,,,,,,,,,,,,,,,,,,,,,,,,,,,,,,,,,,,,,,,,,,,,,,,,,,,,,,,,,,,,,,,,,,,,,,,,,,,,,,,,,,,,,,,,,,
POINT (-46.581465 -23.5365861),Atacadão,supermarket,Atacadão,Q2868739,,Carrefour,Carrefour,Mo-Sa 07:00-22:00; Su 08:00-20:00,,,São Paulo,,03076-000,Avenida Salim Farah Maluf,,,,,,,,,Atacadão,,,,,,,,,,,,,,,,,,,,,,,,,,,SP,,+55 11 2090-6190,,,,,Carrefour Hipermercado,https://www.carrefour.com.br,yes,,,,,,,,,,,,,,,,,,,,,,,,,,,,,,,,,,,,,,,,,,,,,,,,,,,,,,,,,,,,,,,,,,,,,,,,,,,,,,,,,,,,,,,,,,,,,,,,,,,,,,,,,,,,,,,,,,,,,,,,,
POINT (-46.6758977 -23.618498),Carrefour Express,convenience,Carrefour Express,Q2940190,,,,,fr:Carrefour Express,,,,,,,,,,,yes,,,,,,,,,,,,,,,,,,,,,,,,,,,,,,,,,,,,,,,,,,,,,,,,,,,,,,,,,,,,,,,,,,,,,,,,,,,,,,,,,,,,,,,,,,,,,,,,,,,,,,,,,,,,,,,,,,,,,,,,,,,,,,,,,,,,,,,,,,,,,,,,,,,,,,,,,,,,,,,,
POINT (-46.6123656 -23.5339328),,supermarket,,,,,,,,,São Paulo,276,03017-000,Rua Bresser,,,,,,,,,,,,,,,,,,,,,,,,,,,,,,,,,,,,,,,,,,,,,,,,,,,,,,,,,,,,,,,,,,,,,,,,,,,,,,,,,,,,,,,,,,,,,,,,,,,,,,,,,,,,,,,,,,,,,,,,,,,,,,,,,,,,,,,,,,,,,,,,,,,,,,,,,,,,,,,,,,,,,,
POINT (-46.6239399 -23.5308243),,supermarket,,,,,,,,,São Paulo,177,03033-030,Rua Afonso Arinos,,,,,,,,,,,,,,,,,,,,,,,,,,,,,,,,,,,,,,,,,,,,,,,,,,,,,,,,,,,,,,,,,,,,,,,,,,,,,,,,,,,,,,,,,,,,,,,,,,,,,,,,,,,,,,,,,,,,,,,,,,,,,,,,,,,,,,,,,,,,,,,,,,,,,,,,,,,,,,,,,,,,,,
POINT (-46.6236678 -23.530892),,supermarket,,,,,,,,,São Paulo,213,03033-030,Rua Afonso Arinos,,,,,,,,,,,,,,,,,,,,,,,,,,,,,,,,,,,,,,,,,,,,,,,,,,,,,,,,,,,,,,,,,,,,,,,,,,,,,,,,,,,,,,,,,,,,,,,,,,,,,,,,,,,,,,,,,,,,,,,,,,,,,,,,,,,,,,,,,,,,,,,,,,,,,,,,,,,,,,,,,,,,,,
POINT (-46.6153985 -23.5323184),,supermarket,,,,,,,,,São Paulo,742,03013-011,Rua Mendes Júnior,,,,,,,,,,,,,,,,,,,,,,,,,,,,,,,,,,,,,,,,,,,,,,,,,,,,,,,,,,,,,,,,,,,,,,,,,,,,,,,,,,,,,,,,,,,,,,,,,,,,,,,,,,,,,,,,,,,,,,,,,,,,,,,,,,,,,,,,,,,,,,,,,,,,,,,,,,,,,,,,,,,,,,
POINT (-46.5852091 -23.5573812),Supermercado Extra,supermarket,,,,,,,,,,401,03180-000,Rua Fernando Falcão,,,,,,,,0,,,,,,,,,,,,,,,,,,,,,,,,,,,,,,,,,,,,,,,,,,,,,,,,,,,,,,,,,,,,,,,,,,,,,,,,,,,,,,,,,,,,,,,,,,,,,,,,,,,,,,,,,,,,,,,,,,,,,,,,,,,,,,,,,,,,,,,,,,,,,,,,,,,,,,,,,,,,,,
POINT (-46.6130177 -23.5333686),,supermarket,,,,,,,,,São Paulo,186,03017-000,Rua Bresser,,,,,,,,,,,,,,,,,,,,,,,,,,,,,,,,,,,,,,,,,,,,,,,,,,,,,,,,,,,,,,,,,,,,,,,,,,,,,,,,,,,,,,,,,,,,,,,,,,,,,,,,,,,,,,,,,,,,,,,,,,,,,,,,,,,,,,,,,,,,,,,,,,,,,,,,,,,,,,,,,,,,,,
POINT (-46.6076072 -23.6398775),Superete,supermarket,,,,,,07:00-19:00,,,São Paulo,,04297-000,Avenida Padre Arlindo Vieira,Jardim Climax,,,,,,,,,,,,,,,,,,,,,,,,,,,,,,,,,,,,,,,,,,,,,,,,,,,,,,,,,,,,,,,,,,,,,,,,,,,,,,,,,,,,,,,,,,,,,,,,,,,,,,,,,,,,,,,,,,,,,,,,,,,,,,,,,,,,,,,,,,,,,,,,,,,,,,,,,,,,,,,,,,,,,
POINT (-46.687026 -23.556746),Instituto Chão,supermarket,,,,,,"Su, Tu-Fr 08:00-15:00",,,São Paulo,123,05435-000,Rua Harmonia,,,,,,,,,,https://www.institutochao.org/,,,,,+55 11 3530-0907,,,,,,,,,,,,,,,,,,,,,,,,,,,,,,,contato@institutochao.org,,,,,,,,,,,,,,,,,,,,,,,,,,,,,,,,,,,,,,,,,,,,,,,,,,,,,,,,,,,,,,,,,,,,,,,,,,,,,,,,,,,,,,,,,,,,,,,,,,,,,,,,,,,,,,,,,,,,,,,,
POINT (-46.6051441 -23.5755017),,supermarket,,,,,,,,,São Paulo,607,04206-000,Rua Agostinho Gomes,,,,,,,,0,,,,,,,,,,,,,,,,,,,,,,,,,,,,,,,,,,,,,,,,,,,,,,,,,,,,,,,,,,,,,,,,,,,,,,,,,,,,,,,,,,,,,,,,,,,,,,,,,,,,,,,,,,,,,,,,,,,,,,,,,,,,,,,,,,,,,,,,,,,,,,,,,,,,,,,,,,,,,,
POINT (-46.6143151 -23.5952122),,convenience,,,,,,,,,,,,,,,,,,,,,,,,,,,,,,,,,,,,,,,,,,,,,,,,,,,,,,,,,,,,,,,,,,,,,,,,,,,,,,,,,,,,,,,,,,,,,,,,,,,,,,,,,,,,,,,,,,,,,,,,,,,,,,,,,,,,,,,,,,,,,,,,,,,,,,,,,,,,,,,,,,,,,,,,,,,,,,,,,,
POINT (-46.6006947 -23.5811392),Atacadão,supermarket,Atacadão,Q2868739,,,,,en:Atacadão,,São Paulo,931,04209-000,Rua Manifesto,Ipiranga,,,,,,,,Carrefour,https://www.atacadao.com.br/,,,,,+55 11 3019-4268,,,,,,,,,,,,,,,,,,,,,,,,,,,,,,yes,,https://www.atacadao.com.br/,,,,,,,,,,,,,,,,,,,,,,,,,,,,,,,,,,,,,,,,,,,,,,,,,,,,,,,,,,,,,,,,,,,,,,,,,,,,,,,,,,,,,,,,,,,,,,,,,,,,,,,,,,,,,,,,,,,,,,,
POINT (-46.6143347 -23.5378515),Mercadinho Montilha,convenience,,,,,,,,,São Paulo,798,03016-000,Rua Oriente,,,,,,,,,,,,,,,,,,,,,,,,,,,,,,,,,,,,,,,,,,,,,,,,,,,,,,,,,,,,,,,,,,,,,,,,,,,,,,,,,,,,,,,,,,,,,,,,,,,,,,,,,,,,,,,,,,,,,,,,,,,,,,,,,,,,,,,,,,,,,,,,,,,,,,,,,,,,,,,,,,,,,,
POINT (-46.6450299 -23.5472597),Mini Extra,convenience,,,,,,,,,São Paulo,382,01302-000,Rua da Consolação,,,,,,,,,,,,,,,,,,,,,,,,,,,,,,,,,,,,,,,,,,,,,,,,,,,,,,,,,,,,,,,,,,,,,,,,,,,,,,,,,,,,,,,,,,,,,,,,,,,,,,,,,,,,,,,,,,,,,,,,,,,,,,,,,,,,,,,,,,,,,,,,,,,,,,,,,,,,,,,,,,,,,,
POINT (-46.6457796 -23.5418706),Mini Mercado Extra,convenience,,,,,,Mo-Sa 08:00-22:00; Su 09:00-18:00,,,São Paulo,167,01219-011,Largo do Arouche,,,,,,,,,,,,,,,,,,,,,,,,,,,,,,,,,,,,,,,,Mini mercado Extra,,,,,,,,,,,,,,,,,,,,,,,,,,,,,,,,,,,,,,,,,,,,,,,,,,,,,,,,,,,,,,,,,,,,,,,,,,,,,,,,,,,,,,,,,,,,,,,,,,,,,,,,,,,,,,,,,,,,,,,,,,,,,,
POINT (-46.645882 -23.5418679),Best Market,supermarket,,,,,,Mo-Su 09:00-23:00,,,São Paulo,175,01219-011,Largo do Arouche,,,,,,,,,,,,,,,,,,,,,,,,,,,,,,,,,,,,,,,,Best Market,,,,,,,,,,,,,,,,,,,,,,,,,,,,,,,,,,,,,,,,,,,,,,,,,,,,,,,,,,,,,,,,,,,,,,,,,,,,,,,,,,,,,,,,,,,,,,,,,,,,,,,,,,,,,,,,,,,,,,,,,,,,,,
POINT (-46.7366226 -23.7943174),Mercadona,supermarket,,,,,,Mo-Su 7:00-21:30,,,São Paulo,536,04880-050,Rua Maria da Costa Bezerra,Recanto campo belo,,,,,,,,,,,,,,,,,,,,,,,,,,,,,,,Verificar o horário de funcionamento.,,,,,,,,,,,,,,,,,,,,,,,,,,,,,,,,,,,,,,,,,,,,,,,,,,,,,,,,,,,,,,,,,,,,,,,,,,,,,,,,,,,,,,,,,,,,,,,,,,,,,,,,,,,,,,,,,,,,,,,,,,,,,,,,,,,,,,
POINT (-46.6064446 -23.595753),Dia,supermarket,Dia,Q925132,,,,,es:Supermercados DIA,,São Paulo,2172,04203-002,Rua Bom Pastor,Ipiranga,,,,,,,,,https://dia.com.br,,,,,+551140021080,,,,,,,,,,,,,,,,Dia,,,,,,,,,Dia,,,,,,,,,,,,,,,,,,,,,,,,,,,,,,,,,,,,,,,,,,,,,,,,,,,,,,,,,,,,,,,,,,,,,,,,,,,,,,,,,,,,,,,,,,,,,,,,,,,,,,,,,,,,,,,,,,,,,,,,,,,,,,
POINT (-46.6244296 -23.5345785),Edú Mercado,supermarket,,,,,,,,,São Paulo,848,03009-000,Rua João Teodoro,,,,,,,,,,,,,,,,,,,,,,,,,,,,,,,,,,,,,,,,,,,,,,,,,,,,,,,,,,,,,,,,,,,,,,,,,,,,,,,,,,,,,,,,,,,,,,,,,,,,,,,,,,,,,,,,,,,,,,,,,,,,,,,,,,,,,,,,,,,,,,,,,,,,,,,,,,,,,,,,,,,,,,
POINT (-46.6452477 -23.5475916),Oxxo,convenience,Oxxo,Q1342538,,,,24/7,,,São Paulo,397,01301-000,Rua da Consolação,,,,,,,,,,,,,,,,,,,,,,,,,,,,,,,,,,,,,,,,,,,,,,,,,,,,,,,,,,,,,,,,,,,,,,,,,,,,,,,,,,,,,,,,,,,,,,,,,,,,,,,,,,,,,,,,,,,,,,,,,,,,,,,,,,,,,,,,,,,,,,,,,,,,,,,,,,,,,,,,,,,,,,
POINT (-46.7398049 -23.6701613),Mark Bom,supermarket,,,,,,,,,,,,,,,,,,,,,,,,,,,,,,,,,,,,,,,,,,,,,,,,,,,,,,,,,,,,,,,,,,,,,,,,,,,,,,,,,,,,,,,,,,,,,,,,,,,,,,,,,,,,,,,,,,,,,,,,,,,,,,,,,,,,,,,,,,,,,,,,,,,,,,,,,,,,,,,,,,,,,,,,,,,,,,,,,,
POINT (-46.6412835 -23.5440301),,supermarket,,,,,,,,,São Paulo,254,01042-000,Rua Barão de Itapetininga,,,,,,,,,,,,,,,,,,,,,,,,,,,,,,,,,,,,,,,,,,,,,,,,,,,,,,,,,,,,,,,,,,,,,,,,,,,,,,,,,,,,,,,,,,,,,,,,,,,,,,,,,,,,,,,,,,,,,,,,,,,,,,,,,,,,,,,,,,,,,,,,,,,,,,,,,,,,,,,,,,,,,,
POINT (-46.6432499 -23.5421697),Carrefour Express,convenience,Carrefour Express,Q2940190,,,,,fr:Carrefour Express,,São Paulo,48,01210-010,Avenida Vieira de Carvalho,,,,,,,,,,,,,,,,,,,,,,,,,,,,,,,,,,,,,,,,,,,,,,,,,,,,,,,,,,,,,,,,,,,,,,,,,,,,,,,,,,,,,,,,,,,,,,,,,,,,,,,,,,,,,,,,,,,,,,,,,,,,,,,,,,,,,,,,,,,,,,,,,,,,,,,,,,,,,,,,,,,,,,
POINT (-46.7898995 -23.7012956),Jerusalém,supermarket,,,,,,,,,,,,Rua das Três Marias,,,,,,,,,,,,,,,,,,,,,,,,,,,,,,,,,,,,,,,,Jerusalém,,,,,,,,,,,,,,,,,,,,,,,,,,,,,,,,,,,,,,,,,,,,,,,,,,,,,,,,,,,,,,,,,,,,,,,,,,,,,,,,,,,,,,,,,,,,,,,,,,,,,,,,,,,,,,,,,,,,,,,,,,,,,,
POINT (-46.6358309 -23.5684665),Dia,supermarket,Dia,Q925132,,,,Mo-Sa 08:00-21:00;PH Su 09:00-14:00,es:Supermercados DIA,,São Paulo,792,01529-000,Rua Pires da Mota,,,,,,,,,,,,,,,,,,,,,,,,,,,,,,,,,,,,,https://www.facebook.com/diasupermercado,,https://www.dia.com.br,,,,,,,,,https://instagram.com/diasupermercado/,https://twitter.com/diasupermercado,https://www.youtube.com/user/DiaSupermercado,,,,,,,,,,,,,,,,,,,,,,,,,,,,,,,,,,,,,,,,,,,,,,,,,,,,,,,,,,,,,,,,,,,,,,,,,,,,,,,,,,,,,,,,,,,,,,,,,,,,,,,,,,,,,,,,,,,,
POINT (-46.6992375 -23.5269211),Chocolândia,supermarket,,,,,,"Mo-Sa 08:00-20:00; Su,PH 09:00-16:00",,,,820,,Rua Fábia,Vila Romana,,,,,,,,,https://chocolandia.com.br/page/home,,,,,+55 11 3123 3968,,,,,,,,,,,,,,,,,,,,,,,,,,,,,,,,,,,,,,,,,,,,,,,,,,,,,,,,,,,,,,,,,,,,,,,,,,,,,,,,,,,,,,,,,,,,,,,,,,,,,,,,,,,,,,,,,,,,,,,,,,,,,,,,,,,,,,,,,,,,,,,,,,,,,,,
POINT (-46.7177559 -23.470283),Mercadinho Mirante,convenience,,,,,,,,,,,,,,,,,,,,,,,,,,,,,,,,,,,,,,,,,,,,,,,,,,,,,,,,,,,,,,,,,,,,,,,,,,,,,,,,,,,,,,,,,,,,,,,,,,,,,,,,,,,,,,,,,,,,,,,,,,,,,,,,,,,,,,,,,,,,,,,,,,,,,,,,,,,,,,,,,,,,,,,,,,,,,,,,,,
POINT (-46.6488346 -23.5440759),NaturAll da Fazenda,convenience,,,,,,,,,São Paulo,257,01221-020,Rua Doutor Cesário Mota Júnior,,,,,only,,,,,,,,,,+55 11 4561-3085,,,,,,,,,,,BR,,,,,,,,,,,https://www.facebook.com/naturaldafazenda-cesariomota,,,,,,,,,,,,,,,,,,,,,,,,,,,,,,,,,,,,,,,,,,,,,,,,,,,,,,,,,,,,,,,,,,,,,,,,,,,,,,,,,,,,,,,,,,,,,,,,,,,,,,,,,,,,,,,,,,,,,,,,,,,,,,,,,
POINT (-46.6573896 -23.5542141),NaturAll da Fazenda,convenience,,,,,,,,,São Paulo,98,01309-030,Rua Fernando de Albuquerque,,,,,only,,,,,,,,,,,,,,,,,,,,,BR,,,,,,,,,,,https://www.facebook.com/naturalldafazenda-fernandodealbuquerque,+55 11 2528-2079,,,,,,,,,,,,,,,,,,,,,,,,,,,,,,,,,,,,,,,,,,,,,,,,,,,,,,,,,,,,,,,,,,,,,,,,,,,,,,,,,,,,,,,,,,,,,,,,,,,,,,,,,,,,,,,,,,,,,,,,,,,,,,,,
POINT (-46.695385 -23.5676821),Carrefour Express,supermarket,Carrefour Express,Q2940190,,,,,fr:Carrefour Express,,São Paulo,2905,05405-250,Rua Teodoro Sampaio,,2025-11-28,,,,,,,Groupe Carrefour,,,,,,,,,,,,,,,,,,,,,,,,,,,,,,,,,,,,,,,,,,Q3117359,fr:Groupe Carrefour,,,,,,,,,,,,,,,,,,,,,,,,,,,,,,,,,,,,,,,,,,,,,,,,,,,,,,,,,,,,,,,,,,,,,,,,,,,,,,,,,,,,,,,,,,,,,,,,,,,,,,,,,,,,,,,,,,
POINT (-46.676974 -23.7334665),,supermarket,,,,,,,,,,,,Avenida Joaquim Napoleão Machado,,,,,,,,,,,,,,,,,,,,,,,,,,,,,,,,,,,,,,,,,,,,,,,,,,,,,,,,,,,,,,,,,,,,,,,,,,,,,,,,,,,,,,,,,,,,,,,,,,,,,,,,,,,,,,,,,,,,,,,,,,,,,,,,,,,,,,,,,,,,,,,,,,,,,,,,,,,,,,,,,,,,,,
POINT (-46.6872121 -23.5633098),Dia Market,supermarket,Dia Market,Q925132,,,,Mo-Sa 08:00-21:00; Su 09:00-14:00,,,São Paulo,1916,05406-150,Rua Teodoro Sampaio,Pinheiros,2025-07-27,,,,,,,,,,,,,,,,,,,,,,,,BR,,,,,,,,,,,,+55 11 3811-9483,https://www.dia.com.br/,,,,,,,,,,,,,,,,,,,,,,,,,,,,,,,,,,,,,,,,,,,,,,,,,,,,,,,,,,,,,,,,,,,,,,,,,,,,,,,,,,,,,,,,,,,,,,,,,,,,,,,,,,,,,,,,,,,,,,,,,,,,,,,
POINT (-46.6897366 -23.5606021),Carrefour Express,convenience,Carrefour Express,Q2940190,,,,,fr:Carrefour Express,,São Paulo,807,05417-010,Rua Mourato Coelho,Pinheiros,,,,,,,,,,,,,,,yes,,,,yes,,yes,,,,BR,,,,,,,,,,,,,https://www.carrefour.com.br/,,,,,,,,,,,,,,,,,,,,,,,,,,,,,,,,,,,,,,,,,,,,,,,,,,,,,,,,,,,,,,,,,,,,,,,,,,,,,,,,,,,,,,,,,,,,,,,,,,,,,,,,,,,,,,,,,,,,,,,,,,,,,,,
POINT (-46.6447425 -23.5414269),OXXO,convenience,,,,,,24/7,,,São Paulo,45,01219-011,Largo do Arouche,,,,,,,,,,,,,,,,,,,,,,,,,,,,,,,,,,,,,,,,,,,,,,,,,,,,,,,,,,,,,,,,,,,,,,,,,,,,,,,,,,,,,,,,,,,,,,,,,,,,,,,,,,,,,,,,,,,,,,,,,,,,,,,,,,,,,,,,,,,,,,,,,,,,,,,,,,,,,,,,,,,,,,
POINT (-46.6449318 -23.5415413),Mini Extra,convenience,Mini Extra,Q5422131,,,,,pt:Extra (rede varejista),,São Paulo,71,01219-011,Largo do Arouche,,,,,,,,,,,,,,,,,,,,,,,,,,,,,,,,,,,,,,,,,,,,,,,,,,,,,,,,,,,,,,,,,,,,,,,,,,,,,,,,,,,,,,,,,,,,,,,,,,,,,,,,,,,,,,,,,,,,,,,,,,,,,,,,,,,,,,,,,,,,,,,,,,,,,,,,,,,,,,,,,,,,,,
POINT (-46.6624207 -23.5570485),Carrefour Express,convenience,Carrefour Express,Q2940190,,,,,fr:Carrefour Express,,São Paulo,1173,01415-003,Rua Bela Cintra,,,,,,,,,,,,,,,,,,,,,,,,,,,,,,,,,,,,,,,,,,,,,,,,,,,,,yes,,,,,,,,,,,,,,,,,,,,,,,,,,,,,,,,,,,,,,,,,,,,,,,,,,,,,,,,,,,,,,,,,,,,,,,,,,,,,,,,,,,,,,,,,,,,,,,,,,,,,,,,,,,,,,,,,
POINT (-46.637291 -23.5438501),B/B Mercato,supermarket,,,,,,,,,,,,,,,,,,,,,,,,,,,,,,,,,,,,,,,,,,,,,,,,,,,,B/B Mercato,,,,,,,,,,,,,,B/B メルカト,,,,,,,,,,,,,,,,,,,,,,,,,,,,,,,,,,,,,,,,,,,,,,,,,,,,,,,,,,,,,,,,,,,,,,,,,,,,,,,,,,,,,,,,,,,,,,,,,,,,,,,,,,,,,,,,
POINT (-46.6341802 -23.5516741),Emporio Doce,supermarket,,,,,,,,,São Paulo,403,01001-000,Praça da Sé,,,,,,,,,,,,,,,,,,,,,,,,,,,,,,,,,,,,,,,,Emporio Doce,,,,,,,,,,,,,,,,,,,,,,,,,,,,,,,,,,,,,,,,,,,,,,,,,,,,,,,,,,,,,,,,,,,,,,,,,,,,,,,,,,,,,,,,,,,,,,,,,,,,,,,,,,,,,,,,,,,,,,,,,,,,,,
POINT (-46.6438065 -23.5454955),Hirota Food Express,convenience,,,,,,,,,,,,Avenida Ipiranga,,,,,,,,,,,,,,,,,,,,,,,,,,,,,,,,,,,,,,,,,,,,,,,,,,,,,,,,,,,,,,,,,,,,,,,,,,,,,,,,,,,,,,,,,,,,,,,,,,,,,,,,,,,,,,,,,,,,,,,,,,,,,,,,,,,,,,,,,,,,,,,,,,,,,,,,,,,,,,,,,,,,,,
POINT (-46.6340026 -23.5513229),OXXO,convenience,,,pharmacy,,Farma Ponte,24/7,,,São Paulo,363,01001-000,Praça da Sé,,,,,,,,,,,,,,,,,,,,,,,,,,,,,,,,,,,,,,,,,,,,,,,,,,,,,,,Farma Ponte,,,,,,,,,,,,,,,,,,,,,,,,,,,,,,,,,,,,,,,,,,,,,,,,,,,,,,,,,,,,,,,,,,,,,,,,,,,,,,,,,,,,,,,,,,,,,,,,,,,,,,,,,,,,,,,
POINT (-46.639913 -23.5423731),,supermarket,,,,,,,,,,,,,,,,,,,,,,,,,,,,,,,,,,,,,,,,,,,,,,,,,,,,,,,,,,,,,,,,,,,,,,,,,,,,,,,,,,,,,,,,,,,,,,,,,,,,,,,,,,,,,,,,,,,,,,,,,,,,,,,,,,,,,,,,,,,,,,,,,,,,,,,,,,,,,,,,,,,,,,,,,,,,,,,,,,
POINT (-46.7479072 -23.6218663),,supermarket,,,,,,,,,,,,Estrada dos Mirandas,,,,,,,,,,,,,,,,,,,,,,,,,,,,,,,,,,,,,,,,,,,,,,,,,,,,,,,,,,,,,,,,,,,,,,,,,,,,,,,,,,,,,,,,,,,,,,,,,,,,,,,,,,,,,,,,,,,,,,,,,,,,,,,,,,,,,,,,,,,,,,,,,,,,,,,,,,,,,,,,,,,,,,
POINT (-46.5729376 -23.5448618),Dia,supermarket,Dia,Q925132,,,,,es:Supermercados DIA,,São Paulo,153,03323-000,Praça Silvio Romero,,,,,,,,,,,,,,,,,,,,,,,,,,,,,,,,,,,,,,,,,,,,,,,,,,,,,,,,,,,,,,,,,,,,,,,,,,,,,,,,,,,,,,,,,,,,,,,,,,,,,,,,,,,,,,,,,,,,,,,,,,,,,,,,,,,,,,,,,,,,,,,,,,,,,,,,,,,,,,,,,,,,,,
POINT (-46.6424916 -23.6275186),Mundo Verde,convenience,,,,,,,,,,,,,,,,,,,,,,,,,,,,,,,,,,,,,,,,,,,,,,,,,,,,Mundo Verde,,,,,,,,,,,,,,,,,,,,,,,,,,,,,,,,,,,,,,,,,,,,,,,,,,,,,,,,,,,,,,,,,,,,,,,,,,,,,,,,,,,,,,,,,,,,,,,,,,,,,,,,,,,,,,,,,,,,,,,,,,,,,,
POINT (-46.7602338 -23.5822528),Supermercado Ramos,supermarket,,,,,,,,,,,,Rua José Filipe da Silva,,,,,,,,,,,,,,,,,,,,,,,,,,,,,,,,,,,,,,,,,,,,,,,,,,,,,,,,,,,,,,,,,,,,,,,,,,,,,,,,,,,,,,,,,,,,,,,,,,,,,,,,,,,,,,,,,,,,,,,,,,,,,,,,,,,,,,,,,,,,,,,,,,,,,,,,,,,,,,,,,,,,,,
POINT (-46.6613922 -23.5566563),Carrefour Express,convenience,Carrefour Express,Q2940190,,,,,fr:Carrefour Express,,São Paulo,2344,01310-300,Avenida Paulista,,2025-03-21,,,,,,,,,,,,,,,,,,,,,,,,,,,,,,,,,,,,,,,,,,,,,,,,,,,,,,,,,,,,,,,,,,,,,,,,,,,,,,,,,,,,,,,,,,,,,,,,,,,,,,,,,,,,,,,,,,,,,,,,,,,,,,,,,,,,,,,,,,,,,,,,,,,,,,,,,,,,,,,,,,,,
POINT (-46.6607135 -23.5568753),Empório Santa Rita,supermarket,,,,,,,,,São Paulo,450,01414-000,Rua Haddock Lobo,,,,,,,,,,,,,,,,,,,,,,,,,,,,,,,,,,,,,,,,,,,,,,,,,,,,,,,,,,,,,,,,,,,,,,,,,,,,,,,,,,,,,,,,,,,,,,,,,,,,,,,,,,,,,,,,,,,,,,,,,,,,,,,,,,,,,,,,,,,,,,,,,,,,,,,,,,,,,,,,,,,,,,
POINT (-46.7497442 -23.6614064),Supermercado Boa Sorte,supermarket,,,,,,Mo-Sa 08:00-21:00; Su 08:00-14:00,,,,184,,Rua Antônio Ramos Rosa,,,,,,,,,,,,,,,+55-11-5819-7563,,,,,,,,,,,,,,,,,,,,,,,,,Supermercado Boa Sorte,,,,,,,,,,,,,,,,,,,,,,,,,,,,,,,,,,,,,,,,,,,,,,,,,,,,,,,,,,,,,,,,,,,,,,,,,,,,,,,,,,,,,,,,,,,,,,,,,,,,,,,,,,,,,,,,,,,,,,,,,,,,,,
POINT (-46.6523688 -23.5652024),kamisana Doces e Conveniências,convenience,,,,,,,,,São Paulo,1027,01311-100,Avenida Paulista,,,,,,,,,,,,,,,,,,,,,,,,,,,,,,,,,,,,,,,,,,,,,,,,,,,,,,,,,,,,,,,,,,,,,,,,,,,,,,,,,,,,,,,,,,,,,,,,,,,,,,,,,,,,,,,,,,,,,,,,,,,,,,,,,,,,,,,,,,,,,,,,,,,,,,,,,,,,,,,,,,,,,,
POINT (-46.6483118 -23.5555706),Mercado da Villa,convenience,,,,,,,,,São Paulo,536,01328-010,Rua Manoel Dutra,Bela Vista,,,,,,,,,,,,,,+55 11 3104 5202,,,,,,,,,,,,,,,,,,,,,,,,,,,,,,,,http://www.portaldobixiga.com.br/ruas-e-avenidas/rua-manoel-dutra/,,,,,,,,,,,,,,,,,,,,,,,,,,,,,,,,,,,,,,,,,,,,,,,,,,,,,,,,,,,,,,,,,,,,,,,,,,,,,,,,,,,,,,,,,,,,,,,,,,,,,,,,,,,,,,,,,,,,,,,
POINT (-46.6498368 -23.566648),HIrota Food Express,supermarket,,,,,,,,,São Paulo,726 L1,01310-100,Avenida Paulista,,,,,,,,,,,,,,,,,,,,,,,,,,,,,,,,,,,,,,,,,,,,,,,,,,,,,,,,,,,,,,,,,,,,,,,,,,,,,,,,,,,,,,,,,,,,,,,,,,,,,,,,,,,,,,,,,,,,,,,,,,,,,,,,,,,,,,,,,,,,,,,,,,,,,,,,,,,,,,,,,,,,,,
POINT (-46.6405254 -23.5523464),Minimercado Extra,convenience,,,,,,Mo-Sa 08:00-21:00; Su 08:00-18:00; PH 08:00-18:00,,,São Paulo,283,01315-001,Rua Santo Amaro,Bela Vista,,,,,,,,Cia Brasileira de Distribuição,,,,,,,,,,,,,,,,,,,,,,,,,,,,,,,,,,,,,,,,,,,,,,,,,,,,,,,,,,,,,,,,,,,,,,,,,,,,,,,,,,,,,,,,,,,,,,,,,,,,,,,,,,,,,,,,,,,,,,,,,,,,,,,,,,,,,,,,,,,,,,,,,,,,,,,,,,,,,
POINT (-46.6524149 -23.5561698),Tutti Conveniências,supermarket,,,,,,Mo-Fr 07:00-22:00; Sa 08:00-19:00,,,São Paulo,212,,Rua Barata Ribeiro,,,,,,,,,,,,,,,,,,,,,,,,,,,,,,,,,,,,,,,,Tutti Conveniências,,,,,,,,,,,,,,,,,,,,,,,,,,,,,,,,,,,,,,,,,,,,,,,,,,,,,,,,,,,,,,,,,,,,,,,,,,,,,,,,,,,,,,,,,,,,,,,,,,,,,,,,,,,,,,,,,,,,,,,,,,,,,,
POINT (-46.7004877 -23.7265462),Assaí Atacadista,supermarket,Assaí Atacadista,Q28679415,,,,08:00-22:00,pt:Assaí Atacadista,Jardim Iporanga,São Paulo,2926,04801-000,Avenida Senador Teotônio Vilela,Jardim Iporanga,,,,,yes,,0,,https://www.assai.com.br/,,,,,0800 773 2322,,,,,,,,,,,,,,,,,"Foi fundado em 1974 na cidade de São Paulo pelo empresário Rodolfo Jungi Nagai, com foco no atendimento a clientes de micro e pequenas empresas.",,,,,,,,,"O Assaí ou Assaí Atacadista é uma rede brasileira de atacado de autosserviço, pertencente ao Grupo Pão de Açúcar.",,,,,,www.assai.com.br,,,,,,,,,0800 773 2322,"23°43'35.9""S 46°42'01.8""W",www.assai.com.br,2017,,,,,,,,,,,,,,,,,,,,,,,,,,,,,,,,,,,,,,,,,,,,,,,,,,,,,,,,,,,,,,,,,,,,,,,,,,,,,,,,,,,,,,,,,,,,,,,,,,,,,,,,,,,
POINT (-46.6654577 -23.5632386),Americanas Express,convenience,,,,,,,,,São Paulo,2503,01413-100,Rua Augusta,,2024-04-13,,Lojas Americanas,,,,,,,,,,,,,,,,,,,,,,,,,,,,,,,,,,,,,,,,,,,,,,,,,,,,,,,,,,,,,,,,,,,,,,,,,,,,,,,,,,,,,,,,,,,,,,,,,,,,,,,,,,,,,,,,,,,,,,,,,,,,,,,,,,,,,,,,,,,,,,,,,,,,,,,,,,,,,,,,,,
POINT (-46.6688603 -23.5662924),Super Natural,supermarket,,,,,,,,,São Paulo,2992,01412-100,Rua Augusta,,,,,,,,,,,,,,,,,,,,,,,,,,,,,,,,,,,,,,,,Super Natural,,,,,,,,,,,,,,,,,,,,,,,,,,,,,,,,,,,,,,,,,,,,,,,,,,,,,,,,,,,,,,,,,,,,,,,,,,,,,,,,,,,,,,,,,,,,,,,,,,,,,,,,,,,,,,,,,,,,,,,,,,,,,,
POINT (-46.6603662 -23.6763779),Dia,supermarket,Dia,Q925132,,,,,,,,,,,,,,,,,,,,,,,,,,,,,,,,,,,,,,,,,,,,,,,,,,,,,,,,,,,,,,,,,,,,,,,,,,,,,,,,,,,,,,,,,,,,,,,,,,,,,,,,,,,,,,,,,,,,,,,,,,,,,,,,,,,,,,,,,,,,,,,,,,,,,,,,,,,,,,,,,,,,,,,,,,,,,,,,
POINT (-46.651024 -23.6833823),Ricoy,supermarket,,,,,,,,,,,,,,,,,,,,,,,,,,,,,,,,,,,,,,,,,,,,,,,,,,,,,,,,,,,,,,,,,,,,,,,,,,,,,,,,,,,,,,,,,,,,,,,,,,,,,,,,,,,,,,,,,,,,,,,,,,,,,,,,,,,,,,,,,,,,,,,,,,,,,,,,,,,,,,,,,,,,,,,,,,,,,,,,,,
POINT (-46.646754 -23.6849236),Supermercado Golçalves Pires,supermarket,,,,,,08:00-21:00,,,São Paulo,3837,04428-010,Avenida Yervant Kissajikian,Vila Missionária,,,,,yes,,,,,yes,,,,,,yes,yes,,,,,,,,,,,,,,,,,,,,,,,,,,,,,,,,,,,,,,,,,,yes,,,,,,,,,,,,,,,,,,,,,,,,,,,,,,,,,,,,,,,,,,,,,,,,,,,,,,,,,,,,,,,,,,,,,,,,,,,,,,,,,,,,,,,,,,,,,,,,,,,,,,,,,,
POINT (-46.6644753 -23.6740959),Gepires Supermercado,supermarket,,,,,,,,,,,,,,,,,,,,,,,,,,,,,,,,,,,,,,,,,,,,,,,,,,,,,,,,,,,,,,,,,,,,,,,,,,,,,,,,,,,,,,,,,,,,,,,,,,,,,,,,,,,,,,,,,,,,,,,,,,,,,,,,,,,,,,,,,,,,,,,,,,,,,,,,,,,,,,,,,,,,,,,,,,,,,,,,,,
POINT (-46.6620828 -23.6747616),Ricoy,supermarket,,,,,,,,,,,,,,,,,,,,,,,,,,,,,,,,,,,,,,,,,,,,,,,,,,,,,,,,,,,,,,,,,,,,,,,,,,,,,,,,,,,,,,,,,,,,,,,,,,,,,,,,,,,,,,,,,,,,,,,,,,,,,,,,,,,,,,,,,,,,,,,,,,,,,,,,,,,,,,,,,,,,,,,,,,,,,,,,,,
POINT (-46.6489775 -23.6849089),Dia,supermarket,Dia,Q925132,,,,,es:Supermercados DIA,,,,,,,,,,,,,,,https://www.dia.com.br/,,,,,,,,,,,,,,,,,,,,,,,,,,,,,,,,,,,,,,,,,,,,,,,,,,,,,,,,,,,,,,,,,,,,,,,,,,,,,,,,,,,,,,,,,,,,,,,,,,,,,,,,,,,,,,,,,,,,,,,,,,,,,,,,,,,,,,,,,,,,,,,,,,,,,,,,,,,,
POINT (-46.6480315 -23.6704598),Mercado Extra,supermarket,Mercado Extra,Q5422131,,,,,pt:Extra (rede varejista),,São Paulo,,,Avenida Cupecê,,,,,,,,,,,,,,,,,,,,,,,,,,,,,,,,,,,,,,,,,,,,,,,,,,,,,,,,,,,,,,,,,,,,,,,,,,,,,,,,,,,,,,,,,,,,,,,,,,,,,,,,,,,,,,,,,,,,,,,,,,,,,,,,,,,,,,,,,,,,,,,,,,,,,,,,,,,,,,,,,,,,,,
POINT (-46.6583764 -23.5532641),,convenience,,,,,,,,,São Paulo,244,01309-030,Rua Fernando de Albuquerque,,,,,,,,,,,,,,,,,,,,,,,,,,,,,,,,,,,,,,,,,,,,,,,,,,,,,,,,,,,,,,,,,,,,,,,,,,,,,,,,,,,,,,,,,,,,,,,,,,,,,,,,,,,,,,,,,,,,,,,,,,,,,,,,,,,,,,,,,,,,,,,,,,,,,,,,,,,,,,,,,,,,,,
POINT (-46.6372206 -23.5483741),Carrefour Express,convenience,Carrefour Express,Q2940190,,,,,fr:Carrefour Express,,São Paulo,130,01008-000,Rua Líbero Badaró,,,,,,,,,,,,,,,,,,,,,,,,,,,,,,,,,,,,,,,,Carrefour Express,,,,,,,,,,,,,,,,,,,,,,,,,,,,,,,,,,,,,,,,,,,,,,,,,,,,,,,,,,,,,,,,,,,,,,,,,,,,,,,,,,,,,,,,,,,,,,,,,,,,,,,,,,,,,,,,,,,,,,,,,,,,,,
POINT (-46.5949547 -23.5509014),Dia,supermarket,Dia,Q925132,,,,,es:Supermercados DIA,,São Paulo,387,03169-040,Rua Marcial,,,,,,,,,,https://www.dia.com.br/,,,,,,,,,,,,,,,,,,,,,,,,,,,,,,,,,,,,,,,,,,,,,,,,,,,,,,,,,,,,,,,,,,,,,,,,,,,,,,,,,,,,,,,,,,,,,,,,,,,,,,,,,,,,,,,,,,,,,,,,,,,,,,,,,,,,,,,,,,,,,,,,,,,,,,,,,,,,
POINT (-46.6705545 -23.5649226),ampm,convenience,ampm,Q306960,,,,,en:Ampm,,,,,,,,,,,,,,,,,,,,,,,,,,,,,,,,,,,,,,,,,,,,,,,,,,,,,,,,,,,,,,,,,,,,,,,,,,,,,,,,,,,,,,,,,,,,,,,,,,,,,,,,,,,,,,,,,,,,,,,,,,,,,,,,,,,,,,,,,,,,,,,,,,,,,,,,,,,,,,,,,,,,,,,,,,,
POINT (-46.6452808 -23.5764409),BR,convenience,BR,Q4836468,,,,,pt:Vibra Energia,,,,,,,,,,,,,,,,,,,,,,,,,,,,,,,,,,,,,,,,,,,,,,,,,,,,,,,,,,,,,,,,,,,,,,,,,,,,,,,,,,,,,,,,,,,,,,,,,,,,,,,,,,,,,,,,,,,,,,,,,,,,,,,,,,,,,,,,,,,,,,,,,,,,,,,,,,,,,,,,,,,,,,,,,,,
POINT (-46.6636176 -23.5583149),BR Mania,convenience,BR Mania,Q116877912,,,,,,,,,,,,,,,,,,,,,,,,,,,,,,,,,,,,,,,,,,,,,,,,,,,,,,,,,,,,,,,,,,,,,,,,,,,,,,,,,,,,,,,,,,,,,,,,,,,,,,,,,,,,,,,,,,,,,,,,,,,,,,,,,,,,,,,,,,,,,,,,,,,,,,,,,,,,,,,,,,,,,,,,,,,,,,,,
POINT (-46.6278662 -23.5203394),BR Mania,convenience,,,,,,,,,,,,,,,,,,,,,,,,,,,,,,,,,,,,,,,,,,,,,,,,,,,,BR Mania,,,,,,,,,,,,,,,,,,,,,,,,,,,,,,,,,,,,,,,,,,,,,,,,,,,,,,,,,,,,,,,,,,,,,,,,,,,,,,,,,,,,,,,,,,,,,,,,,,,,,,,,,,,,,,,,,,,,,,,,,,,,,,
POINT (-46.6313074 -23.5291954),Compraki,convenience,,,,,,,,,São Paulo,752,01102-000,Avenida Tiradentes,Luz,,,,,,,,,,,,,,,,,,,,,,,,,,,,,,,,,,,,,,,,,,,,,,,,,,,,,,,,,,,,,,,,,,,,,,,,,,,,,,,,,,,,,,,,,,,,,,,,,,,,,,,,,,,,,,,,,,,,,,,,,,,,,,,,,,,,,,,,,,,,,,,,,,,,,,,,,,,,,,,,,,,,,
POINT (-46.6696973 -23.5606199),Minuto Pão de Açucar,convenience,,,,,,Mo-Sa 07:00-22:00,,,São Paulo,2055,01424-007,Alameda Lorena,,2024-04-13,,,,,,,,,,,,,,,,,,,,,,,,,,,,,,,,,,,,,,,,,,,,,,,,,,,,,,,,,,,,,,,,,,,,,,,,,,,,,,,,,,,,,,,,,,,,,,,,,,,,,,,,,,,,,,,,,,,,,,,,,,,,,,,,,,,,,,,,,,,,,,,,,,,,,,,,,,,,,,,,,,,,
POINT (-46.7101082 -23.5541637),Pão de Açúcar,supermarket,Pão de Açúcar,Q3411543,,,,,,,,,,,,,,,,,,,,,,,,,,,,,,,,,,,,,,,,,,,,,,,,,,,,,,,,,,,,,,,,,,,,,,,,,,,,,,,,,,,,,,,,,,,,,,,,,,,,,,,,,,,,,,,,,,,,,,,,,,,,,,,,,,,,,,,,,,,,,,,,,,,,,,,,,,,,,,,,,,,,,,,,,,,,,,,,
POINT (-46.6363914 -23.5495418),Oxxo,convenience,Oxxo,Q1342538,,,,24/7,,,São Paulo,12,01005-010,Largo São Francisco,,,,,,,,,,,,,,,,,,,,,,,,,,,,,,,,,,,,,,,,,,,,,,,,,,,,,,,,,,,,,,,,,,,,,,,,,,,,,,,,,,,,,,,,,,,,,,,,,,,,,,,,,,,,,,,,,,,,,,,,,,,,,,,,,,,,,,,,,,,,,,,,,,,,,,,,,,,,,,,,,,,,,,
POINT (-46.6364089 -23.5490101),,supermarket,,,,,,,,,São Paulo,227,01003-001,Rua José Bonifácio,,,,,,,,,,,,,,,,,,,,,,,,,,,,,,,Dia,,,,,,,,,,,,,,,,,,,,,,,,,,,,,,,,,,,,,,,,,,,,,,,,,,,,,,,,,,,,,,,,,,,,,,,,,,,,,,,,,,,,,,,,,,,,,,,,,,,,,,,,,,,,,,,,,,,,,,,,,,,,,,,,,,,,,,,
POINT (-46.7322242 -23.5358134),Shell Select,convenience,Shell Select,Q110716465,,,,,,,,,,,,,,,,,,,,,,,,,,,,,,,,,,,,,,,,,,,,,,,,,,,,,,,,,,,,,,,,,,,,,,,,,,,,,,,,,,,,,,,,,,,,,,,,,,,,,,,,,,,,,,,,,,,,,,,,,,,,,,,,,,,,,,,,,,,,,,,,,,,,,,,,,,,,,,,,,,,,,,,,,,,,,,,,
POINT (-46.6367217 -23.5488339),Carrefour Express,convenience,Carrefour Express,Q2940190,,,,,fr:Carrefour Express,,São Paulo,17,01011-000,Rua São Bento,,,,,,,,,,,,,,,,,,,,,,,,,,,,,,,,,,,,,,,,,,,,,,,,,,,,,,,,,,,,,,,,,,,,,,,,,,,,,,,,,,,,,,,,,,,,,,,,,,,,,,,,,,,,,,,,,,,,,,,,,,,,,,,,,,,,,,,,,,,,,,,,,,,,,,,,,,,,,,,,,,,,,,
POINT (-46.6349017 -23.5468565),Carrefour Express,convenience,Carrefour Express,Q2940190,,,,,fr:Carrefour Express,,São Paulo,200,01012-000,Rua Álvares Penteado,,,,,,,,,,,,,,,,,,,,,,,,,,,,,,,,,,,,,,,,,,,,,,,,,,,,,,,,,,,,,,,,,,,,,,,,,,,,,,,,,,,,,,,,,,,,,,,,,,,,,,,,,,,,,,,,,,,,,,,,,,,,,,,,,,,,,,,,,,,,,,,,,,,,,,,,,,,,,,,,,,,,,,
POINT (-46.7049085 -23.5241305),Mini Extra,convenience,Mini Extra,Q5422131,,,,,pt:Extra (rede varejista),,São Paulo,29,05072-050,Praça Professor José Azevedo Antunes,,,,,,,,,,,,,,,,,,,,,,,,,,,,,,,,,,,,,,,,,,,,,,,,,,,,,,,,,,,,,,,,,,,,,,,,,,,,,,,,,,,,,,,,,,,,,,,,,,,,,,,,,,,,,,,,,,,,,,,,,,,,,,,,,,,,,,,,,,,,,,,,,,,,,,,,,,,,,,,,,,,,,,
POINT (-46.7031364 -23.5244874),Carrefour Express,convenience,Carrefour Express,Q2940190,,,,,fr:Carrefour Express,,São Paulo,342,05050-000,Rua Monteiro de Melo,,,,,,,,,,,,,,,,,,,,,,,,,,,,,,,,,,,,,,,,,,,,,,,,,,,,,,,,,,,,,,,,,,,,,,,,,,,,,,,,,,,,,,,,,,,,,,,,,,,,,,,,,,,,,,,,,,,,,,,,,,,,,,,,,,,,,,,,,,,,,,,,,,,,,,,,,,,,,,,,,,,,,,
POINT (-46.6553751 -23.666246),Nikkey,supermarket,,,,,,,,,,,,Avenida Cupecê,,,,,,,,,,,yes,yes,yes,,,,,,,,,,,,,,,,,,,,,,,,,,,,,,,,,,,,,,,,,,,,,,,,,,,,,,,,,,,,,,,,,,,,,,,,,,,,,,,,,,,,,,,,,,,,,,,,,,,,,,,,,,,,,,,,,,,,,,,,,,,,,,,,,,,,,,,,,,,,,,,,,,,,,,,,,
POINT (-46.6547995 -23.6665391),Dia,supermarket,Dia,Q925132,,,,,es:Supermercados DIA,,,,,,,,,,,,,,,,,,,,,,,,,,,,,,,,,,,,,,,,,,,,,,,,,,,,,,,,,,,,,,,,,,,,,,,,,,,,,,,,,,,,,,,,,,,,,,,,,,,,,,,,,,,,,,,,,,,,,,,,,,,,,,,,,,,,,,,,,,,,,,,,,,,,,,,,,,,,,,,,,,,,,,,,,,,
POINT (-46.6806356 -23.5619051),Oxxo,convenience,Oxxo,Q1342538,,,,24/7,,,São Paulo,924,05404-002,Rua Artur de Azevedo,,,,,,,,,,,,,,,,,,,,,,,,,,,,,,,,,,,,,,,,,,,,,,,,,,,,,,,,,,,,,,,,,,,,,,,,,,,,,,,,,,,,,,,,,,,,,,,,,,,,,,,,,,,,,,,,,,,,,,,,,,,,,,,,,,,,,,,,,,,,,,,,,,,,,,,,,,,,,,,,,,,,,,
POINT (-46.6901538 -23.6296853),Dia,supermarket,Dia,Q925132,,,,,es:Supermercados DIA,,,,,,,2024-05-28,,,,,,,,,,,,,,,,,,,,,,,,,,,,,,,,,,,,,,,,,,,,,,,,,,,,,,,,,,,,,,,,,,,,,,,,,,,,,,,,,,,,,,,,,,,,,,,,,,,,,,,,,,,,,,,,,,,,,,,,,,,,,,,,,,,,,,,,,,,,,,,,,,,,,,,,,,,,,,,,,,,,
POINT (-46.7328624 -23.6343711),Dia,supermarket,Dia,Q925132,,,,,,,,,,,,,,,,,,,,,,,,,,,,,,,,,,,,,,,,,,,,,,,,,,,,,,,,,,,,,,,,,,,,,,,,,,,,,,,,,,,,,,,,,,,,,,,,,,,,,,,,,,,,,,,,,,,,,,,,,,,,,,,,,,,,,,,,,,,,,,,,,,,,,,,,,,,,,,,,,,,,,,,,,,,,,,,,
POINT (-46.7152451 -23.4873864),Barbosa Supermercados,supermarket,,,,,,Mo-Su 08:00-22:00,,,,,,Avenida Benedito de Andrade,,,,,,,,,,,,,,,,,,,,,,,,,,,,,,,,,,,,,,,,,,,,,,,,,,,,,,,,,,,,,,,,,,,,,,,,,,,,,,,,,,,,,,,,,,,,,,,,,,,,,,,,,,,,,,,,,,,,,,,,,,,,,,,,,,,,,,,,,,,,,,,,,,,,,,,,,,,,,,,,,,,,,,
POINT (-46.6900764 -23.5493897),Minimart,convenience,,,,,,,,,São Paulo,321,05439-000,Rua Luminárias,,,,,,,,,,,,,,,,,,,,,,,,,,,,,,,,,,,,,,,,,,,,,,,,,,,,,,,,,,,,,,,,,,,,,,,,,,,,,,,,,,,,,,,,,,,,,,,,,,,,,,,,,,,,,,,,,,,,,,,,,,,,,,,,,,,,,,,,,,,,,,,,,,,,,,,,,,,,,,,,,,,,,,
POINT (-46.6357955 -23.538015),Futurama,supermarket,,,,,,"Mo-Sa 07:30-20:30; Su, PH 08:30-14:30",,,São Paulo,390,01033-000,Avenida Cásper Líbero,Santa Ifigênia,,,,,,,,,,,,,,,,,,,,,,,,,BR,,,,,,,,,,,,+55 11 3315-0874,http://www.superfuturama.com.br/,,,,,,,,,,,,,,,,,,,,,,yes,yes,,,,,,,,,,,,,,,,,,,,,,,,,,,,,,,,,,,,,,,,,,,,,,,,,,,,,,,,,,,,,,,,,,,,,,,,,,,,,,,,,,,,,,,,,,,,,,,,,,,,,,,,
POINT (-46.6942159 -23.5695789),,convenience,,,,,,,,,São Paulo,466,05422-020,Rua dos Cariris,,,,,,,,,,,,,,,,,,,,,,,,,,,,,,,,,,,,,,,,,,,,,,,,,,,,,,,,,,,,,,,,,,,,,,,,,,,,,,,,,,,,,,,,,,,,,,,,,,,,,,,,,,,,,,,,,,,,,,,,,,,,,,,,,,,,,,,,,,,,,,,,,,,,,,,,,,,,,,,,,,,,,,
POINT (-46.6983251 -23.6334351),Extra,supermarket,Extra,Q5422131,,,,,,,,,,,,2023-08-31,,,,,,,,,,,,,,,,,,,,,,,,,,,,,,,,,,,,,,,,,,,,,,,,,,,,,,,,,,,,,,,,,,,,,,,,,,,,,,,,,,,,,,,,,,,,,,,,,,,,,,,,,,,,,,,,,,,,,,,,,,,,,,,,,,,,,,,,,,,,,,,,,,,,,,,,,,,,,,,,,,,,
POINT (-46.6557424 -23.4803181),Bettos,convenience,,,,,,,,,,,,,,,,,,,,,,,,,,,,,,,,,,,,,,,,,,,,,,,,,,,,,,,,,,,,,,,,,,,,,,,,,,,,,,,,,,,,,,,,,,,,,,,,,,,,,,,,,,,,,,,,,,,,,,,,,,,,,,,,,,,,,,,,,,,,,,,,,,,,,,,,,,,,,,,,,,,,,,,,,,,,,,,,,,
POINT (-46.6450405 -23.5385346),,supermarket,,,,,,,,,São Paulo,,,Avenida Duque de Caxias,Campos Elíseos,,,,,,,,,,,,,,,,,,,,,,,,,BR,,,,,,,,,,,,,,,,,,,,,,,,,,,,,,,,,,,,,,,,,,,,,,,,,,,,,,,,,,,,,,,,,,,,,,,,,,,,,,,,,,,,,,,,,,,,,,,,,,,,,,,,,,,,,,,,,,,,,,,,,,,,,,,,,,,,,,,,,,,,
POINT (-46.6840486 -23.6121789),Pão de Açúcar,supermarket,Pão de Açúcar,Q3411543,,,,,,,,554,,Avenida Padre Antônio José dos Santos,,,,,,,,,,,,,,,,,,,,,,,,,,,,,,,,,,,,,,,,,,,,,,,,,,,,,,,,,,,,,,,,,,,,,,,,,,,,,,,,,,,,,,,,,,,,,,,,,,,,,,,,,,,,,,,,,,,,,,,,,,,,,,,,,,,,,,,,,,,,,,,,,,,,,,,,,,,,,,,,,,,,,,
POINT (-46.5838051 -23.4332801),Mercadinho JP,supermarket,,,,,,,,,São Paulo,801,02365-000,Estrada da Cachoeira,Jardim São João,,,,,,,,,,,,,,+55 11 96096-5813,,,,,,,,,,,,,,,,,,,,,SP,,,,,,,,,,,,,,,,,,,,,,,,,,,,,,,,,,,,,,,,,,,,,,,,,,,,,,,,,,,,,,,,,,,,,,,,,,,,,,,,,,,,,,,,,,,,,,,,,,,,,,,,,,,,,,,,,,,,,,,,,,,,,,,,,,
POINT (-46.3924105 -23.5475653),Mercado Teixeira,supermarket,,,,,,Mo-Sa 07:00-12:00,,,São Paulo,462,08450-460,Rua Francisco Nunes Cubas,Jardim Fanganiello,,,,,,,,,,,,,,,,,,,,,,,,,,,,,,,,,,,,,,,,,,,,,,,,,,,,,,,,,,,,,,,,,,,,,,,,,,,,,,,,,,,,,,,,,,,,,,,,,,,,,,,,,,,,,,,,,,,,,,,,,,,,,,,,,,,,,,,,,,,,,,,,,,,,,,,,,,,,,,,,,,,,,
POINT (-46.6419869 -23.6465715),Dia,supermarket,Dia,Q925132,,,,,es:Supermercados DIA,,,,,,,,,,,,,,,,,,,,,,,,,,,,,,,,,,,,,,,,,,,,,,,,,,,,,,,,,,,,,,,,,,,,,,,,,,,,,,,,,,,,,,,,,,,,,,,,,,,,,,,,,,,,,,,,,,,,,,,,,,,,,,,,,,,,,,,,,,,,,,,,,,,,,,,,,,,,,,,,,,,,,,,,,,,
POINT (-46.6529203 -23.5416895),,convenience,,,,,,,,,São Paulo,513,01224-001,Rua Jaguaribe,,,,,,,,,,,,,,,,,,,,,,,,,,,,,,,,,,,,,,,,,,,,,,,,,,,,,,,,,,,,,,,,,,,,,,,,,,,,,,,,,,,,,,,,,,,,,,,,,,,,,,,,,,,,,,,,,,,,,,,,,,,,,,,,,,,,,,,,,,,,,,,,,,,,,,,,,,,,,,,,,,,,,,
POINT (-46.6526368 -23.5416974),Mini,convenience,,,,,,,,,São Paulo,477,01224-001,Rua Jaguaribe,,,,,,,,,,,,,,,,,,,,,,,,,,,,,,,,,,,,,,,,,,,,,,,,,,,,,,,,,,,,,,,,,,,,,,,,,,,,,,,,,,,,,,,,,,,,,,,,,,,,,,,,,,,,,,,,,,,,,,,,,,,,,,,,,,,,,,,,,,,,,,,,,,,,,,,,,,,,,,,,,,,,,,
POINT (-46.6570484 -23.5770635),ampm,convenience,ampm,Q306960,,,,,en:Ampm,,,,,,,,,,,,,,,,,,,,,,,,,,,,,,,,,,,,,,,,,,,,,,,,,,,,,,,,,,,,,,,,,,,,,,,,,,,,,,,,,,,,,,,,,,,,,,,,,,,,,,,,,,,,,,,,,,,,,,,,,,,,,,,,,,,,,,,,,,,,,,,,,,,,,,,,,,,,,,,,,,,,,,,,,,,
POINT (-46.6507093 -23.6018711),BR Mania,convenience,BR Mania,,,,,,,,,,,,,,,,,,,,,,,,,,,,,,,,,,,,,,,,,,,,,,,,,,,,,,,,,,,,,,,,,,,,,,,,,,,,,,,,,,,,,,,,,,,,,,,,,,,,,,,,,,,,,,,,,,,,,,,,,,,,,,,,,,,,,,,,,,,,,,,,,,,,,,,,,,,,,,,,,,,,,,,,,,,,,,,,,
POINT (-46.6546354 -23.6563004),Ayumi,supermarket,,,,,,,,,,,,,,,,,,,,,,,,,,,,,,,,,,,,,,,,,,,,,,,,,,,,,,,,,,,,,,,,,,,,,,,,,,,,,,,,,,,,,,,,,,,,,,,,,,,,,,,,,,,,,,,,,,,,,,,,,,,,,,,,,,,,,,,,,,,,,,,,,,,,,,,,,,,,,,,,,,,,,,,,,,,,,,,,,,
POINT (-46.6672507 -23.7557399),Boizão,supermarket,,,,,,,,,,,,Rua Pedro Escobar,,,,,,,,,Sned,,,,,,,,,,,,,,,,,,,,,,,,,,,,,,,,,,,,,,,,,,,,,,,,,,,,,,,,,,,,,,,,,,,,,,,,,,,,,,,,,,,,,,,,,,,,,,,,,,,,,,,,,,,,,,,,,,,,,,,,,,,,,,,,,,,,,,,,,,,,,,,,,,,,,,,,,,,,,
POINT (-46.6216636 -23.5698922),Dia,supermarket,Dia,Q925132,,,,,es:Supermercados DIA,,,,,,,,,,,yes,,,,,,,,,,,,,,,,,,,,,,,,,,,,no,,,,,,,,,,,,,,,,,,,,,,,,,,,,,,,,,,,,,,,,,,,,,,,,,,,,,,,,,,,,,,,,,,,,,,,,,,,,,,,,,,,,,,,,,,,,,,,,,,,,,,,,,,,,,,,,,,,,,,,,,,,,,,,,,,,,
POINT (-46.6319539 -23.562406),Dia,supermarket,Dia,Q925132,,,,,es:Supermercados DIA,,,,,,,,,,,,,,,,,,,,,,,,,,,,,,,,,,,,,,,,,,,,,,,,,,,,,,,,,,,,,,,,,,,,,,,,,,,,,,,,,,,,,,,,,,,,,,,,,,,,,,,,,,,,,,,,,,,,,,,,,,,,,,,,,,,,,,,,,,,,,,,,,,,,,,,,,,,,,,,,,,,,,,,,,,,
POINT (-46.5952641 -23.4981637),ampm,convenience,ampm,Q306960,,,,24/7,en:Ampm,,,,,,,,,,,,,,,,,,,,,,,,,,,,,,,,,,,,,,,,,,,,,,,,,,,,,,,,,,,,,,,,,,,,,,,,,,,,,,,,,,,,,,,,,,,,,,,,,,,,,,,,,,,,,,,,,,,,,,,,,,,,,,,,,,,,,,,,,,,,,,,,,,,,,,,,,,,,,,,,,,,,,,,,,,,
POINT (-46.60265 -23.5921558),Hirota Lino Coutinho,supermarket,,,,,,,,,,,,,,,,,,,,,,,,,,,,,,,,,,,,,,,,,,,,,,,,,,,,,,,,,,,,,,,,,,,,,,,,,,,,,,,,,,,,,,,,,,,,,,,,,,,,,,,,,,,,,,,,,,,,,,,,,,,,,,,,,,,,,,,,,,,,,,,,,,,,,,,,,,,,,,,,,,,,,,,,,,,,,,,,,,
POINT (-46.6791022 -23.5630588),Americanas Express,convenience,Americanas Express,Q3064093,,,,,,,São Paulo,203,05413-020,Rua Henrique Schaumann,,,,,,,,,,,,,,,,,,,,,,,,,,,,,,,,,,,,,,,,,,,,,,,,,,,,,,,,,,,,,,,,,,,,,,,,,,,,,,,,,,,,,,,,,,,,,,,,,,,,,,,,,,,,,,,,,,,,,,,,,,,,,,,,,,,,,,,,,,,,,,,,,,,,,,,,,,,,,,,,,,,,,,
POINT (-46.6353786 -23.5890448),Carrefour Express,convenience,Carrefour Express,Q2940190,,,,,fr:Carrefour Express,,,,,,,,,,,,,,,,,,,,,,,,,,,,,,,,,,,,,,,,,,,,,,,,,,,,,,,,,,,,,,,,,,,,,,,,,,,,,,,,,,,,,,,,,,,,,,,,,,,,,,,,,,,,,,,,,,,,,,,,,,,,,,,,,,,,,,,,,,,,,,,,,,,,,,,,,,,,,,,,,,,,,,,,,,,
POINT (-46.6251616 -23.5311095),,convenience,,,,,,,,,São Paulo,57,03033-030,Rua Afonso Arinos,,,,,,,,,,,,,,,,,,,,,,,,,,,,,,,,,,,,,,,,,,,,,,,,,,,,,,,,,,,,,,,,,,,,,,,,,,,,,,,,,,,,,,,,,,,,,,,,,,,,,,,,,,,,,,,,,,,,,,,,,,,,,,,,,,,,,,,,,,,,,,,,,,,,,,,,,,,,,,,,,,,,,,
POINT (-46.6439519 -23.6279028),Carrefour Express,convenience,Carrefour Express,Q2940190,,,,,fr:Carrefour Express,,,,,Avenida Jabaquara,,,,,,,,,,,yes,yes,,,,,yes,yes,,,,,,,,,,,,,,,,,,,,,,,,,,,,,,,,,,,,,,,,,,,,,,,,,,,,,,,,,,,,,,,,,,,,,,,,,,,,,,,,,,,,,,,,,,,,,,,,,,,,,,,,,,,,,,,,,,,,,,,,,,,,,,,,,,,,,,,,,,,,,,,,,,,,
POINT (-46.3951204 -23.5901378),,convenience,,,,,,,,,,,,,,,,,,,,,,,,,,,,,,,,,,,,,,,,,,,,,,,,,,,,,,,,,,,,,,,,,,,,,,,,,,,,,,,,,,,,,,,,,,,,,,,,,,,,,,,,,,,,,,,,,,,,,,,,,,,,,,,,,,,,,,,,,,,,,,,,,,,,,,,,,,,,,,,,,,,,,,,,,,,,,,,,,,
POINT (-46.6497752 -23.5736198),Bella São Joaquim,supermarket,,,,,,,,,,,,,,,,,,yes,,,,,,,,,,,,,,,,,,,,,,,,,,,,,,,,,,,,,,,,,,,,,,,,,,,,,,,,,,,,,,,,,,,,,,,,,,,,,,,,,,,,,,,,,,,,,,,,,,,,,,,,,,,,,,,,,,,,,,,,,,,,,,,,,,,,,,,,,,,,,,,,,,,,,,,,,,,,,,,,
POINT (-46.6504512 -23.5522041),Mercado Frei Caneca,supermarket,,,,,,08:00-22:00,,,São Paulo,284,01307-000,Rua Frei Caneca,,2024-08-11,,,,,,,CompreBem,,,,,,,,,,,,,,,,,,,,,,,,,,,,,,,,,,,,,,,,,,,,,,,,,,,,,,,,,,,,,,,,,,,,,,,,,,,,,,,,,,,,,,,,,,,,,,,,,,,,,,,,,,,,,,,,,,,,,,,,,,,,,,,,,,,,,,,,,,,,,,,,,,,,,,,,,,,,,
POINT (-46.6923362 -23.5677896),Futurama,supermarket,,,,,,,,,São Paulo,1518,05422-002,Rua dos Pinheiros,,,,,,,,,,,,,,,,,,,,,,,,,,,,,,,,,,,,,,,,,,,,,,,,,,,,,,,,,,,,,,,,,,,,,,,,,,,,,,,,,,,,,,,,,,,,,,,,,,,,,,,,,,,,,,,,,,,,,,,,,,,,,,,,,,,,,,,,,,,,,,,,,,,,,,,,,,,,,,,,,,,,,,
POINT (-46.6909446 -23.5680272),Americanas Express,convenience,Americanas Express,Q3064093,,,,,,,São Paulo,1376,05422-002,Rua dos Pinheiros,,,,,,,,,,,,,yes,,,,yes,yes,,,,,,,,,,,,,,,,,,,,,,,,,,,,,,,,,,,,,,,,,,,,,,,,,,,,,,,,,,,,,,,,,,,,,,,,,,,,,,,,,,,,,,,,,,,,,,,,,,,,,,,,,,,,,,,,,,,,,,,,,,,,,,,,,,,,,,,,,,,,,,,,,,,,
POINT (-46.6923831 -23.5672164),Futurama,supermarket,,,,,,,,,,,,,,,,,,,,,,,,,,,,,,,,,,,,,,,,,,,,,,,,,,,,,,,,,,,,,,,,,service,,,,,,,,,,,,,,,,,,,,,,,,,,,,,,,,,,,,,,,,,,,,,,,,,,,,,,,,,,,,,,,,,,,,,,,,,,,,,,,,,,,,,,,,,,,,,,,,,,,,,,,,,,,,,,,,,
POINT (-46.5666095 -23.5232605),ampm,convenience,ampm,Q306960,,,,,,,,,,Avenida Morvan Dias de Figueiredo,,,,,,,,,,,,,,,,,,,,,,,,,,,,,,,,,,,,,,,,,,,,,,,,,,,,,,,,,,,,,,,,,,,,,,,,,,,,,,,,,,,,,,,,,,,,,,,,,,,,,,,,,,,,,,,,,,,,,,,,,,,,,,,,,,,,,,,,,,,,,,,,,,,,,,,,,,,,,,,,,,,,,,
POINT (-46.575913 -23.5269466),,convenience,,,,BR Mania,BR Mania,,,,,,,,,,,,,,,,,,,,,,,,,,,,,,,,,,,,,,,,,,,,,,,,,,,,,,,,,,,,,,,,,,,,,,,,,,,,,,,,,,,,,,,,,,,,,,,,,,,,,,,,,,,,,,,,,,,,,,,,,,,,,,,,,,,,,,,,,,,,,,,,,,,,,,,,,,,,,,,,,,,,,,,,,,,,,
POINT (-46.6300821 -23.5880704),Minuto Pão de Açúcar,supermarket,,,,,,Mo-Sa 07:00-22:00; Su 08:00-20:00,,,,,,,,,,,,,,,,,,,,,,,,,,,,,,,,,,,2025-10-26,,,,,,,,,,,,,,,,,,,,,,,,,,,,,,,,,,,,,,,,,,,,,,,,,,,,,,,,,,,,,,,,,,,,,,,,,,,,,,,,,,,,,,,,,,,,,,,,,,,,,,,,,,,,,,,,,,,,,,,,,,,,,,,,,,,,,,,,,
POINT (-46.633198 -23.5799382),,convenience,,,,,,,,,,,,,,,,,,,,,,,,,,,,,,,,,,,,,,,,,,,,,,,,,,,,,,,,,,,,,,,,,,,,,,,,,,,,,,,,,,,,,,,,,,,,,,,,,,,,,,,,,,,,,,,,,,,,,,,,,,,,,,,,,,,,,,,,,,,,,,,,,,,,,,,,,,,,,,,,,,,,,,,,,,,,,,,,,,
POINT (-46.5549888 -23.520522),Shell Select,convenience,,,,,,,,,,,,,,,,,,,,,,,,,,,,,,,,,,,,,,,,,,,,,,,,,,,,,,,,,,,,,,,,,,,,,,,,,,,,,,,,,,,,,,,,,,,,,,,,,,,,,,,,,,,,,,,,,,,,,,,,,,,,,,,,,,,,,,,,,,,,,,,,,,,,,,,,,,,,,,,,,,,,,,,,,,,,,,,,,,
POINT (-46.6278866 -23.5532852),Extra,supermarket,Extra,Q5422131,,,,Mo-Sa 07:00-22:00; Su 06:00-22:00,pt:Extra (rede varejista),,,90,,Rua Glicerio,,,,,,,,,,https://www.extra.com.br/,,,,,,,,,,,,,,,,,,,,,,,,,,,,,,,,,,,,,,,,,,,,,,,,,,,,,,,,,,,,,,,,,,,,,,,,,,,,,,,,,,,,,,,,,,,,,,,,,,,,,,,,,,,,,,,,,,,,,,,,,,,,,,,,,,,,,,,,,,,,,,,,,,,,,,,,,,,,
POINT (-46.6837485 -23.6228899),Dia,supermarket,Dia,Q925132,,,,,es:Supermercados DIA,,,,,,,,,,,,,,,https://www.dia.com.br/,,,,,,,,,,,,,,,,,,,,,,,,,,,,,,,,,,,,,,,,,,,,,,,,,,,,,,,,,,,,,,,,,,,,,,,,,,,,,,,,,,,,,,,,,,,,,,,,,,,,,,,,,,,,,,,,,,,,,,,,,,,,,,,,,,,,,,,,,,,,,,,,,,,,,,,,,,,,
POINT (-46.6079257 -23.524311),,convenience,,,,,,,,,,,,,,,,,,,,,,,,,,,,,,,,,,,,,,,,,,,,,,,,,,,,,,,,,,,,,,,,,,,,,,,,,,,,,,,,,,,,,,,,,,,,,,,,,,,,,,,,,,,,,,,,,,,,,,,,,,,,,,,,,,,,,,,,,,,,,,,,,,,,,,,,,,,,,,,,,,,,,,,,,,,,,,,,,,
POINT (-46.6047617 -23.5238786),,convenience,,,,,,,,,,,,,,,,,,,,,,,,,,,,,,,,,,,,,,,,,,,,,,,,,,,,,,,,,,,,,,,,,,,,,,,,,,,,,,,,,,,,,,,,,,,,,,,,,,,,,,,,,,,,,,,,,,,,,,,,,,,,,,,,,,,,,,,,,,,,,,,,,,,,,,,,,,,,,,,,,,,,,,,,,,,,,,,,,,
POINT (-46.6107125 -23.5301135),Dona Clara,convenience,,,,,,,,,São Paulo,883,03026-001,Rua Silva Teles,,,,,,,,,,,,,,,,,,,,,,,,,,,,,,,,,,,,,,,,,,,,,,,,,,,,,,,,,,,,,,,,,,,,,,,,,,,,,,,,,,,,,,,,,,,,,,,,,,,,,,,,,,,,,,,,,,,,,,,,,,,,,,,,,,,,,,,,,,,,,,,,,,,,,,,,,,,,,,,,,,,,,,
POINT (-46.6841834 -23.5646241),Quitanda São Paulo,convenience,,,,,,,,,São Paulo,159,05415-050,Rua Mateus Grou,,,,,,yes,,,,,,,,,,,,,,,,,,,,,,,,,,,,,,,,,,,,,,,,,,,,,,,,,,,,,,,,,,,,,,,,,,,,,,,,,,,,,,,,,,,,,,,,,,,,,,,,,,,,,,,,,,,,,,,,,,,,,,,,,,,,,,,,,,,,,,,,,,,,,,,,,,,,,,,,,,,,,,,,
POINT (-46.6866081 -23.5673093),Mini Extra,convenience,Mini Extra,Q5422131,,,,,,,São Paulo,919,05422-011,Rua dos Pinheiros,,2023-11-28,,,,yes,,,,,,,,,,,,,,,,,,,,,,,,,,,,,,,,,,,,,,,,,,,,,,,,,,,,,,,,,,,,,,,,,,,,,,,,,,,,,,,,,,,,,,,,,,,,,,,,,,,,,,,,,,,,,,,,,,,,,,,,,,,,,,,,,,,,,,,,,,,,,,,,,,,,,,,,,,,,,,,,
POINT (-46.6640552 -23.5616656),Oxxo,convenience,Oxxo,Q1342538,,,,,,,São Paulo,2282,01412-000,Rua Augusta,,,,,,,,,,,,,,,,,,,,,,,,,,,,,,,,,,,,,,,,,,,,,,,,,,,,,,,,,,,,,,,,,,,,,,,,,,,,,,,,,,,,,,,,,,,,,,,,,,,,,,,,,,,,,,,,,,,,,,,,,,,,,,,,,,,,,,,,,,,,,,,,,,,,,,,,,,,,,,,,,,,,,,
POINT (-46.6753346 -23.5561771),Carrefour Express,convenience,Carrefour Express,Q2940190,,,,,fr:Carrefour Express,,São Paulo,474,05406-000,Rua Teodoro Sampaio,,,,,,,,,,,,,,,,,,,,,,,,,,,,,,,,,,,,,,,,,,381188033176762,,,,,,,,,,,,,,,,,,,,,,,,,,,,,,,,,,,,,,,,,,,,,,,,,,,,,,,,,,,,,,,,,,,,,,,,,,,,,,,,,,,,,,,,,,,,,,,,,,,,,,,,,,,,,,,,,,,,,,,,,,,,
POINT (-46.5655076 -23.4716905),BR,convenience,BR,Q4836468,,,,,pt:Vibra Energia,Mania,,,,,,,,,,,,,,,,,,,,,,,,,,,,,,,,,,,,,,,,,,,,,,,,,,,,,,,,,,,,,,,,,,,,,,,,,,,,,,,,,,,,,,,,,,,,,,,,,,,,,,,,,,,,,,,,,,,,,,,,,,,,,,,,,,,,,,,,,,,,,,,,,,,,,,,,,,,,,,,,,,,,,,,,,,
POINT (-46.6765626 -23.556913),Kucho's,convenience,,,,,,,,,São Paulo,630,05406-000,Rua Teodoro Sampaio,,,,,,,,,,,,,,,,,,,,,,,,,,,,,,,,,,,,,,,,,,,,,,,,,,,,,,,,,,,,,,,,,,,,,,,,,,,,,,,,,,,,,,,,,,,,,,,,,,,,,,,,,,,,,,,,,,,,,,,,,,,,,,,,,,,,,,,,,,,,,,,,,,,,,,,,,,,,,,,,,,,,,,
POINT (-46.6767524 -23.5577167),Carrefour Express,convenience,Carrefour Express,Q2940190,,,,,,,São Paulo,522,05410-000,Rua Alves Guimarães,,,,,,,,,,,,,,,,,,,,,,,,,,,,,,,,,,,,,,,,,,,,,,,,,,,,,,,,,,,,,,,,,,,,,,,,,,,,,,,,,,,,,,,,,,,,,,,,,,,,,,,,,,,,,,,,,,,,,,,,,,,,,,,,,,,,,,,,,,,,,,,,,,,,,,,,,,,,,,,,,,,,,,
POINT (-46.6733769 -23.5604581),St. Marche Rebouças,convenience,,,,,,Su 08:00-22:00; Mo-Sa 07:00-22:00,,,São Paulo,80,05402-000,Rua Capote Valente,,,,,,,,,,,,,,,,,,,,,,,,,,,,,,,Saint Marche,,,,,,,,,,,,,,,,,,,,,,,,,,,,,,,,,,,,,,,,,,,,,,,,,,,,,,,,,,,,,,,,,,,,,,,,,,,,,,,,,,,,,,,,,,,,,,,,,,,,,,,,,,,,,,,,,,,,,,,,,,,,,,,,,,,,,,,
POINT (-46.6774713 -23.5608749),Minuto Pão de Açucar,convenience,,,,,,,,,São Paulo,509,05412-001,Rua João Moura,,,,,,,,,,,,,,,,,,,,,,,,,,,,,,,,,,,,,,,,,,,,,,,,,,,,,,,,,,,,,,,,,,,,,,,,,,,,,,,,,,,,,,,,,,,,,,,,,,,,,,,,,,,,,,,,,,,,,,,,,,,,,,,,,,,,,,,,,,,,,,,,,,,,,,,,,,,,,,,,,,,,,,
POINT (-46.6042464 -23.5284697),Mercado Sublime,convenience,,,,,,,,,São Paulo,169,03022-000,Rua Paulo Andrighetti,,,,,,,,,,,,,,,,,,,,,,,,,,,,,,,,,,,,,,,,,,,,,,,,,,,,,,,,,,,,,,,,,,,,,,,,,,,,,,,,,,,,,,,,,,,,,,,,,,,,,,,,,,,,,,,,,,,,,,,,,,,,,,,,,,,,,,,,,,,,,,,,,,,,,,,,,,,,,,,,,,,,,,
POINT (-46.7369456 -23.6584045),Loja Multiprat-k,supermarket,,,,,,,,,São Paulo,32,05820-200,Rua Nova do Tuparoquera,Novo Santo Amaro,,,,,,,,,,,,,,,,,,,,,,,,,,,,,,,,,,,,,,,,,,,,,,,,,,,,,,,,,,,,,,,,,,,,,,,,,,,,,,,,,,,,,,,,,,,,,,,,,,,,,,,,,,,,,,,,,,,,,,,,,,,,,,,,,,,,,,,,,,,,,,,,,,,,,,,,,,,,,,,,,,,,,
POINT (-46.7429343 -23.6730897),Supermercado Piraporinha,supermarket,,,,,,,,,,,,,,,,,,,,,,,,,,,,,,,,,,,,,,,,,,,,,,,,,,,,,,,,,,,,,,,,,,,,,,,,,,,,,,,,,,,,,,,,,,,,,,,,,,,,,,,,,,,,,,,,,,,,,,,,,,,,,,,,,,,,,,,,,,,,,,,,,,,,,,,,,,,,,,,,,,,,,,,,,,,,,,,,,,
POINT (-46.5854038 -23.4938213),Emporio Medeiros,convenience,,,,,,Mo-Sa 08:00-20:00; Su 08:00-13:00,,,São Paulo,156,02214-000,Rua Crispim Duarte,,,,,,,,,,,,,,,,,,,,,,,,,,,,,,,,,,,,,,,,,,,,,,,,,,,,,,,,,,,,,,,,,,,,,,,,,,,,,,,,,,,,,,,,,,,,,,,,,,,,,,,,,,,,,,,,,,,,,,,,,,,,,,,,,,,,,,,,,,,,,,,,,,,,,,,,,,,,,,,,,,,,,,
POINT (-46.7218741 -23.4471848),,convenience,,,,,,,,,,,,,,,,,,,,,,,,,,,,,,,,,,,,,,,,,,,,,,,,,,,,,,,,,,,,,,,,,,,,,,,,,,,,,,,,,,,,,,,,,,,,,,,,,,,,,,,,,,,,,,,,,,,,,,,,,,,,,,,,,,,,,,,,,,,,,,,,,,,,,,,,,,,,,,,,,,,,,,,,,,,,,,,,,,
POINT (-46.3877749 -23.5218199),Supermercado Nagumo,supermarket,,,,,,,,,São Paulo,3222,08140-000,Rua Tibúrcio de Souza,,,,,,,,,,,,,,,,,,,,,,,,,,,,,,,,,,,,,,,,,,,,,,,,,,,,,,,,,,,,,,,,,,,,,,,,,,,,,,,,,,,,,,,,,,,,,,,,,,,,,,,,,,,,,,,,,,,,,,,,,,,,,,,,,,,,,,,,,,,,,,,,,,,,,,,,,,,,,,,,,,,,,,
POINT (-46.4098093 -23.5833173),Hipermercado Extra,supermarket,Hipermercado Extra,Q5422131,,,,,,,São Paulo,74,08490-490,Avenida Souza Ramos,Cidade Tiradentes,,,,,,,,Extra,,,,,,,,,,,,,,,,,,,,,,,,,,,,,,,,,,,,,,,,,,,,,,,,,,,,,,,,,,,,,,,,,,,,,,,,,,,,,,,,,,,,,,,,,,,,,,,,,,,,,,,,,,,,,,,,,,,,,,,,,,,,,,,,,,,,,,,,,,,,,,,,,,,,,,,,,,,,,
POINT (-46.4452037 -23.569472),Carrefour,supermarket,Carrefour,Q217599,,,,,,,São Paulo,,,Avenida Jacu-Pêssego,Itaquera,,,,,,,,,,,,,,,,,,,,,,,,,,,,,,,,,,,,,,,,,,,,,,,,,,,,,,,,,,,,,,,,,,,,,,,,,,,,,,,,,,,,,,,,,,,,,,,,,,,,,,,,,,,,,,,,,,,,,,,,,,,,,,,,,,,,,,,,,,,,,,,,,,,,,,,,,,,,,,,,,,,,,
POINT (-46.5018761 -23.5931177),Supermercado Baronesa,supermarket,,,,,,,,,São Paulo,326,03933-070,Rua Pedrinópolis,Jardim São Gabriel,,,,,,,,,,,,,,,,,,,,,,,,,,,,,,,,,,,,,,,,,,,,,,,,,,,,,,,,,,,,,,,,,,,,,,,,,,,,,,,,,,,,,,,,,,,,,,,,,,,,,,,,,,,,,,,,,,,,,,,,,,,,,,,,,,,,,,,,,,,,,,,,,,,,,,,,,,,,,,,,,,,,,
POINT (-46.5161958 -23.5991882),Nagumo,supermarket,,,,,,Mo-Su 08:00-20:00,,,São Paulo,8708,03988-000,Avenida Sapopemba,Jardim Grimaldi,,,,,,,,,,,,,,,,,,,,,,,,,,,,,,,,,,,,,,,,,,,,,,,,,,,,,,,,,,,,,,,,,,,,,,,,,,,,,,,,,,,,,,,,,,,,,,,,,,,,,,,,,,,,,,,,,,,,,,,,,,,,,,,,,,,,,,,,,,,,,,,,,,,,,,,,,,,,,,,,,,,,,
POINT (-46.5113041 -23.6023742),Assaí Atacadista,supermarket,Assaí Atacadista,Q28679415,,,,Mo-Su 07:00-22:00,,,São Paulo,9250,03988-000,Avenida Sapopemba,Jardim Planalto,,,,,,,,,,,,,,,,,,,,,,,,,,,,,,,,,,,,,,,,,,,,yes,,,,,,,,,,,,,,,,,,,,,,,,,,,,,,,,,,,,,,,,,,,,,,,,,,,,,,,,,,,,,,,,,,,,,,,,,,,,,,,,,,,,,,,,,,,,,,,,,,,,,,,,,,,,,,,,,,,,,,,,,
POINT (-46.5175174 -23.5976514),Bem Barato,supermarket,,,,,,Mo-Sa 08:00-20:00; Su 08:00-18:00,,,São Paulo,77,03922-000,Rua Benedito Jacinto Mendes,Jardim Grimaldi,,,,,,,,,,,,,,,,,,,,,,,,,,,,,,,,,,,,,,,,,,,,,,,,,,,,,,,,,,,,,,,,,,,,,,,,,,,,,,,,,,,,,,,,,,,,,,,,,,,,,,,,,,,,,,,,,,,,,,,,,,,,,,,,,,,,,,,,,,,,,,,,,,,,,,,,,,,,,,,,,,,,,
POINT (-46.7098651 -23.6528401),Carrefour Express,convenience,Carrefour Express,Q2940190,,,,,,,,,,,,,,,,,,,,,,,,,,,,,,,,,,,,,,,,,,,,,,,,,,,,,,,,,,,,,,,,,,,,,,,,,,,,,,,,,,,,,,,,,,,,,,,,,,,,,,,,,,,,,,,,,,,,,,,,,,,,,,,,,,,,,,,,,,,,,,,,,,,,,,,,,,,,,,,,,,,,,,,,,,,,,,,,
POINT (-46.6868935 -23.5626611),Oxxo,convenience,Oxxo,Q1342538,,,,24/7,,,São Paulo,455,05416-010,Rua Fradique Coutinho,,,,,,,,,,,,,,,,,,,,,,,,,,,,,,,,,,,,,,,,,,,,,,,,,,,,,,,,,,,,,,,,,,,,,,,,,,,,,,,,,,,,,,,,,,,,,,,,,,,,,,,,,,,,,,,,,,,,,,,,,,,,,,,,,,,,,,,,,,,,,,,,,,,,,,,,,,,,,,,,,,,,,,
POINT (-46.6645396 -23.5327698),Dia,supermarket,,,,,,,,,,,,,,,,,,,,,,,,,,,,,,,,,,,,,,,,,,,,,,,,,,,,,,,,,,,,,,,,,,,,,,,,,,,,,,,,,,,,,,,,,,,,,,,,,,,,,,,,,,,,,,,,,,,,,,,,,,,,,,,,,,,,,,,,,,,,,,,,,,,,,,,,,,,,,,,,,,,,,,,,,,,,,,,,,,
POINT (-46.706212 -23.6328),Carrefour Express,supermarket,,,,,,Mo-Su 09:00-21:00,,,São Paulo,1100,04719-002,Rua Verbo Divino,Chácara Santo Antônio,2023-09-12,,,,,,,,,,,,,,,,,,,,,,,,,,,,,,,,,,,,,,,,,,,,,,,,,,,,,,,,,,,,,,,,,,,,,,,,,,,,,,,,,,,,,,,,,,,,,,,,,,,,,,,,,,,,,,,,,,,,,,,,,,,,,,,,,,,,,,,,,,,,,,,,,,,,,,,,,,,,,,,,,,,,
POINT (-46.7272152 -23.5736354),Supermercado Violeta,supermarket,,,,,,Mo-Sa 07:00-22:00; PH Su 08:00-21:30,,,São Paulo,60,05586-010,Rua Boturóca,,2025-07-29,,Mercado Violeta,,,,,,http://site.supermercadovioleta.com.br/,,,,,+55 11 3722-5640,,,,,,,,,,,,BR04742665000121,,,,,,,,,,https://www.facebook.com/violetasupermercados,,,,,,,,,contato@supermercadovioleta.com.br,,http://www.instagram.com/supermercadovioleta,,https://www.youtube.com/channel/UCFf_rcuS8Ut0D6tmcwKz3dg,,,,,,,,,,,,,Butantã,Vila Indiana,,,,,,,,,,,,,,,,,,,,,,,,,,,,,,,,,,,,,,,,,,,,,,,,,,,,,,,,,,,,,,,,,,,,,,,,,,,,,,,,,,,,,,,,,,,,,,,,,,,,,,
POINT (-46.6919124 -23.566111),Carrefour Express,convenience,Carrefour Express,Q2940190,,,,,,,São Paulo,2490,05406-200,Rua Teodoro Sampaio,,,,,,,,,,,,,,,,,,,,,,,,,,,,,,,,,,,,,,,,,,,,,,,,,,,,,,,,,,,,,,,,,,,,,,,,,,,,,,,,,,,,,,,,,,,,,,,,,,,,,,,,,,,,,,,,,,,,,,,,,,,,,,,,,,,,,,,,,,,,,,,,,,,,,,,,,,,,,,,,,,,,,,
POINT (-46.6904091 -23.5654495),Oxxo,convenience,Oxxo,Q1342538,,,,24/7,,,São Paulo,521,05419-000,Avenida Pedroso de Morais,,2025-07-05,,,,,,,,,,,,,,,,,,,,,,,,,,,,,,,,,,,,,,,,,,,,,,,,,,,,,,,,,,,,,,,,,,,,,,,,,,,,,,,,,,,,,,,,,,,,,,,,,,,,,,,,,,,,,,,,,,,,,,,,,,,,,,,,,,,,,,,,,,,,,,,,,,,,,,,,,,,,,,,,,,,,
POINT (-46.6381941 -23.6653263),,supermarket,,,,,,,,,,,,,,,,,,,,,,,,,,,,,,,,,,,,,,,,,,,,,,,,,,,,,,,,,,,,,,,,,,,,,,,,,,,,,,,,,,,,,,,,,,,,,,,,,,,,,,,,,,,,,,,,,,,,,,,,,,,,,,,,,,,,,,,,,,,,,,,,,,,,,,,,,,,,,,,,,,,,,,,,,,,,,,,,,,
POINT (-46.6380325 -23.6630278),,supermarket,,,,,,,,,,,,,,,,,,,,,,,,,,,,,,,,,,,,,,,,,,,,,,,,,,,,,,,,,,,,,,,,,,,,,,,,,,,,,,,,,,,,,,,,,,,,,,,,,,,,,,,,,,,,,,,,,,,,,,,,,,,,,,,,,,,,,,,,,,,,,,,,,,,,,,,,,,,,,,,,,,,,,,,,,,,,,,,,,,
POINT (-46.6358836 -23.6694655),Moreira,supermarket,,,,,,Mo-Fr 08:00-17:00,,,,,,,,,,,,,,,,,,,,,,,,,,,,,,,,,,,,,,,,,,,,,,,,,,,,,,,,,,,,,,,,,,,,,,,,,,,,,,,,,,,,,,,,,,,,,,,,,,,,,,,,,,,,,,,,,,,,,,,,,,,,,,,,,,,,,,,,,,,,,,,,,,,,,,,,,,,,,,,,,,,,,,,,,,,,
POINT (-46.6688701 -23.6065475),Dia,supermarket,Dia,Q925132,,,,,es:Supermercados DIA,,,,,,,,,,,,,,,,,,,,,,,,,,,,,,,,,,,,,,,,,,,,,,,,,,,,,,,,,,,,,,,,,,,,,,,,,,,,,,,,,,,,,,,,,,,,,,,,,,,,,,,,,,,,,,,,,,,,,,,,,,,,,,,,,,,,,,,,,,,,,,,,,,,,,,,,,,,,,,,,,,,,,,,,,,,
POINT (-46.6821087 -23.5627764),,convenience,,,,,,,,,,,,,,,,,,limited,,,,,,,,,,,,,,,,,,,,,,,,,,,,,,,,,,,,,,,,,,,,,,,,,,,,,,,,,,,,,,,,,,,,,,,,,,,,,,,,,,,,,,,,,,,,,,,,,,,,,,,,,,,,,,,,,,,,,,,,,,,,,,,,,,,,,,,,,,,,,,,,,,,,,,,,,,,,,,,,
POINT (-46.6816142 -23.5626659),Hawai,convenience,,,,,,,,,,,,,,,,,,no,,,,,,,,,,,,,,,,,,,,,,,,,,,,,,,,,,,,,,,,,,,,,,,,,,,,,,,,,,,,,,,,,,,,,,,,,,,,,,,,,,,,,,,,,,,,,,,,,,,,,,,,,,,,,,,,,,,,,,,,,,,,,,,,,,,,,,,,,,,,,,,,,,,,,,,,,,,,,,,,
POINT (-46.5876638 -23.5769794),Natural da Praça,convenience,,,,,,,,,São Paulo,59,03127-010,Praça Visconde de Sousa Fontes,,,,,,,,,,,,,,,,,,,,,,,,,,,,,,,,,,,,,,,,,,,,,,,,,,,,,,,,,,,,,,,,,,,,,,,,,,,,,,,,,,,,,,,,,,,,,,,,,,,,,,,,,,,,,,,,,,,,,,,,,,,,,,,,,,,,,,,,,,,,,,,,,,,,,,,,,,,,,,,,,,,,,,
POINT (-46.5659305 -23.5412349),Mercadinho Happy Familia,convenience,,,,,,,,,São Paulo,782,03314-000,Rua Vilela,,,,,,,,,,,,,,,+55 11 2092-6165,,,,,,,,,,,,,,,,,,,,,,,,,,,,,,,,,,,,,,,,,,,,,,,,,,,,,,,,,,,,,,,,,,,,,,,,,,,,,,,,,,,,,,,,,,,,,,,,,,,,,,,,,,,,,,,,,,,,,,,,,,,,,,,,,,,,,,,,,,,,,,,,,,,,,,,
POINT (-46.5054722 -23.5903066),,convenience,,,,,,,,,,,,,,,,,,,,,,,,,,,,,,,,,,,,,,,,,,,,,,,,,,,,,,,,,,,,,,,,,,,,,,,,,,,,,,,,,,,,,,,,,,,,,,,,,,,,,,,,,,,,,,,,,,,,,,,,,,,,,,,,,,,,,,,,,,,,,,,,,,,,,,,,,,,,,,,,,,,,,,,,,,,,,,,,,,
POINT (-46.4610755 -23.6243529),Rossi,supermarket,,,,,,,,,,,,,,,,,,,,,,,,,,,,,,,,,,,,,,,,,,,,,,,,,,,,,,,,,,,,,,,,,,,,,,,,,,,,,,,,,,,,,,,,,,,,,,,,,,,,,,,,,,,,,,,,,,,,,,,,,,,,,,,,,,,,,,,,,,,,,,,,,,,,,,,,,,,,,,,,,,,,,,,,,,,,,,,,,,
POINT (-46.6488882 -23.58267),,convenience,,,,,,,,,,,,,,,,,,,,,,,,,,,,,,,,,,,,,,,,,,,,,,,,,,,,,,,,,,,,,,,,,,,,,,,,,,,,,,,,,,,,,,,,,,,,,,,,,,,,,,,,,,,,,,,,,,,,,,,,,,,,,,,,,,,,,,,,,,,,,,,,,,,,,,,,,,,,,,,,,,,,,,,,,,,,,,,,,,
POINT (-46.6560376 -23.533324),Gaspar Presentes,convenience,,,,,,,,,,,,,,,,,,,,,,,,,,,,,,,,,,,,,,,,,,,,,,,,,,,,,,,,,,,,,,,,,,,,,,,,,,,,,,,,,,,,,,,,,,,,,,,,,,,,,,,,,,,,,,,,,,,,,,,,,,,,,,,,,,,,,,,,,,,,,,,,,,,,,,,,,,,,,,,,,,,,,,,,,,,,,,,,,,
POINT (-46.6793191 -23.4651305),,convenience,,,,,,,,,,,,,,,,,,,,,,,,,,,,,,,,,,,,,,,,,,,,,,,,,,,,,,,,,,,,,,,,,,,,,,,,,,,,,,,,,,,,,,,,,,,,,,,,,,,,,,,,,,,,,,,,,,,,,,,,,,,,,,,,,,,,,,,,,,,,,,,,,,,,,,,,,,,,,,,,,,,,,,,,,,,,,,,,,,
POINT (-46.6397254 -23.5442192),Dia,supermarket,Dia,Q925132,,,,,es:Supermercados DIA,,,,,,,,,,,,,,,,,,,,,,,,,,,,,,,,,,,,,,,,,,,,,,,,,,,,,,,,,,,,,,,,,,,,,,,,,,,,,,,,,,,,,,,,,,,,,,,,,,,,,,,,,,,,,,,,,,,,,,,,,,,,,,,,,,,,,,,,,,,,,,,,,,,,,,,,,,,,,,,,,,,,,,,,,,,
POINT (-46.4783845 -23.5074308),BR Mania,convenience,BR Mania,Q116877912,,,,,,,,,,,,,,,,,,,,,,,,,,,,,,,,,,,,,,,,,,,,,,,,,,,,,,,,,,,,,,,,,,,,,,,,,,,,,,,,,,,,,,,,,,,,,,,,,,,,,,,,,,,,,,,,,,,,,,,,,,,,,,,,,,,,,,,,,,,,,,,,,,,,,,,,,,,,,,,,,,,,,,,,,,,,,,,,
POINT (-46.4749889 -23.505763),ampm,convenience,ampm,Q306960,,,,,en:Ampm,,,,,,,,,,,,,,,,,,,,,,,,,,,,,,,,,,,,,,,,,,,,,,,,,,,,,,,,,,,,,,,,,,,,,,,,,,,,,,,,,,,,,,,,,,,,,,,,,,,,,,,,,,,,,,,,,,,,,,,,,,,,,,,,,,,,,,,,,,,,,,,,,,,,,,,,,,,,,,,,,,,,,,,,,,,
POINT (-46.596661 -23.636597),Mercado Coelho & Silva,supermarket,,,,,,Mo-Sa 06:30-20:00,,,São Paulo,156,04180-030,Avenida Maria Estela,Jardim Maria Estela,,,,,,,,,,yes,yes,yes,,,,,,,,,,,,,,,,,,,,,,,,,,,,,,,,,,,,,,,,,,,,,,,,,,,,,,,,,,,,,,,,,,,,,,,,,,,,,,,,,,,,,,,,,,,,,,,,,,,,,,,,,,,,,,,,,,,,,,,,,,,,,,,,,,,,,,,,,,,,,,,,,,,,,,,,,
POINT (-46.6809314 -23.5522395),Emporio e Mercado Grão Nosso,convenience,,,,,,,,,São Paulo,325,05410-010,Rua Amália de Noronha,,,,,,,,,,,,,,,,,,,,,,,,,,,,,,,,,,,,,,,,,,,,,,,,,,,,,,,,,,,,,,,,,,,,,,,,,,,,,,,,,,,,,,,,,,,,,,,,,,,,,,,,,,,,,,,,,,,,,,,,,,,,,,,,,,,,,,,,,,,,,,,,,,,,,,,,,,,,,,,,,,,,,,
POINT (-46.6352504 -23.5549462),TOWA - Empório Oriental,convenience,,,,,,,,,São Paulo,113,01503-010,Praça da Liberdade,,,,,,,,,,,,,,,,,,,,,,,,,,,,,,,,,,,,,,,,,,,,,,,,,,,,,,,,,,,,,,,,,,,,,,,,,,,,,,,,,,,,,,,,,,,,,,,,,,,,,,,,,,,,,,,,,,,,,,,,,,,,,,,,,,,,,,,,,,,,,,,,,,,,,,,,,,,,,,,,,,,,,,
POINT (-46.6347813 -23.5554674),Korea Mart,convenience,,,,,,,,,São Paulo,41,01505-001,Rua dos Estudantes,,,,,,,,,,,,,,,,,,,,,,,,,,,,,,,,,,,,,,,,,,,,,,,,,,,,,,,,,,,,,,,,,,,,,,,,,,,,,,,,,,,,,,,,,,,,,,,,,,,,,,,,,,,,,,,,,,,,,,,,,,,,,,,,,,,,,,,,,,,,,,,,,,,,,,,,,,,,,,,,,,,,,,
POINT (-46.4058825 -23.5077431),Mini mercado Cajubá,supermarket,,,,,,,,,,,,,,,,,,,,,,,,,,,,,,,,,,,,,,,,,,,,,,,,,,,,,,,,,,,,,,,,,,,,,,,,,,,,,,,,,,,,,,,,,,,,,,,,,,,,,,,,,,,,,,,,,,,,,,,,,,,,,,,,,,,,,,,,,,,,,,,,,,,,,,,,,,,,,,,,,,,,,,,,,,,,,,,,,,
POINT (-46.5698674 -23.4805433),,supermarket,,,,,,,,,,,,,,,,,,,,,,,,,,,,,,,,,,,,,,,,,,,,,,,,,,,,,,,,,,,,,,,,,,,,,,,,,,,,,,,,,,,,,,,,,,,,,,,,,,,,,,,,,,,,,,,,,,,,,,,,,,,,,,,,,,,,,,,,,,,,,,,,,,,,,,,,,,,,,,,,,,,,,,,,,,,,,,,,,,
POINT (-46.4132186 -23.5208931),Supermercado Higas,supermarket,,,,,,,,,São Paulo,,,Rua José Maria Alves de Deus,Jardim Robru,,,,,,,,,,,,,,,,,,,,,,,,,,,,,,,,,,,,,,,,,,,,,,,,,,,,,,,,,,,,,,,,,,,,,,,,,,,,,,,,,,,,,,,,,,,,,,,,,,,,,,,,,,,,,,,,,,,,,,,,,,,,,,,,,,,,,,,,,,,,,,,,,,,,,,,,,,,,,,,,,,,,,
POINT (-46.6200959 -23.5924477),ampm,convenience,ampm,Q306960,,,,,en:Ampm,,,,,,,,,,,,,,,,,,,,,,,,,,,,,,,,,,,,,,,,,,,,,,,,,,,,,,,,,,,,,,,,,,,,,,,,,,,,,,,,,,,,,,,,,,,,,,,,,,,,,,,,,,,,,,,,,,,,,,,,,,,,,,,,,,,,,,,,,,,,,,,,,,,,,,,,,,,,,,,,,,,,,,,,,,,
POINT (-46.6209852 -23.5917888),St. Marche,supermarket,,,,,,,,,,,,,,,,,only,,,,,,,,,,,,,,,,,,,,,,,,,,,,,,,,,,,,,,,,,,,,,,,,,,,,,,,,,,,,,,,,,,,,,,,,,,,,,,,,,,,,,,,,,,,,,,,,,,,,,,,,,,,,,,,,,,,,,,,,,,,,,,,,,,,,,,,,,,,,,,,,,,,,,,,,,,,,,,,,,
POINT (-46.5632086 -23.5607313),Pão de Açúcar Anália Franco,supermarket,Pão de Açúcar,Q3411543,,,,Mo-Su 07:00-22:00,,,,,,,,,,,,,,,,,,,,,,,,,,,,,,,,,,,,,,,,,,,,,,,,,,,,,,,,,,,,,,,,,,,,,,,,,,,,,,,,,,,,,,,,,,,,,,,,,,,,,,,,,,,,,,,,,,,,,,,,,,,,,,,,,,,,,,,,,,,,,,,,,,,,,,,,,,,,,,,,,,,,,,,,,,,,
POINT (-46.6687614 -23.559058),,convenience,,,,,,,,,,,,,,,,,,,,,,,,,,,,,,,,,,,,,,,,,,,,,,,,,,,,,,,,,,,,,,,,,,,,,,,,,,,,,,,,,,,,,,,,,,,,,,,,,,,,,,,,,,,,,,,,,,,,,,,,,,,,,,,,,,,,,,,,,,,,,,,,,,,,,,,,,,,,,,,,,,,,,,,,,,,,,,,,,,
POINT (-46.671683 -23.5642363),ampm,convenience,ampm,Q306960,,,,,en:Ampm,,,,,,,,,,,,,,,,,,,,,,,,,,,,,,,,,,,,,,,,,,,,,,,,,,,,,,,,,,,,,,,,,,,,,,,,,,,,,,,,,,,,,,,,,,,,,,,,,,,,,,,,,,,,,,,,,,,,,,,,,,,,,,,,,,,,,,,,,,,,,,,,,,,,,,,,,,,,,,,,,,,,,,,,,,,
POINT (-46.5722371 -23.500381),Blue Point,convenience,,,,,,24/7,,,São Paulo,4932A,02135-002,Avenida Conceição,,,,,,,,,,,,,,,,,,,,,,,,,,,,,,,,,,,yes,,,,,,,,,,,,,,,,,,,,,,,,,,,,,,,,,,,,,,,,,,,,,,,,,,,,,,,,,,,,,,,,,,,,,,,,,,,,,,,,,,,,,,,,,,,,,,,,,,,,,,,,,,,,,,,,,,,,,,,,,,,,,,,,,,,
POINT (-46.6712148 -23.561278),Dia,supermarket,Dia,Q925132,,,,Mo-Su 07:00-21:00,,,,,,,,,,,,,,,,https://lojas.dia.com.br/,,,,,,,,,,,,,,,,,,,,,,,,,,,,,,,,,,,,,,,,,,,,,,,,,,,,,,,,,,,,,,,,,,,,,,,,,,,,,,,,,,,,,,,,,,,,,,,,,,,,,,,,,,,,,,,,,,,,,,,,,,,,,,,,,,,,,,,,,,,,,,,,,,,,,,,,,,,,
POINT (-46.6432718 -23.5685932),Camafeu Gourmet Cafeteria,supermarket,,,,,,,,,,,,,,,,,,,,,,,,,,,,,,,,,,,,,,,,,,,,,,,,,,,,,,,,,,,,,,,,,,,,,,,,,,,,,,,,,,,,,,,,,,,,,,,,,,,,,,,,,,,,,,,,,,,,,,,,,,,,,,,,,,,,,,,,,,,,,,,,,,,,,,,,,,,,,,,,,,,,,,,,,,,,,,,,,,
POINT (-46.6713758 -23.5603809),mambo,supermarket,,,,,,,,,,1001,,Avenida Rebouças,,,,,,,,,,,,,,,,,,,,,,,,,,,,,,,,,,,,,,,,,,,,,,,,,,,,,,,,,,,,,,,,,,,,,,,,,,,,,,,,,,,,,,,,,,,,,,,,,,,,,,,,,,,,,,,,,,,,,,,,,,,,,,,,,,,,,,,,,,,,,,,,,,,,,,,,,,,,,,,,,,,,,,
POINT (-46.6553321 -23.5486294),Empório Zilanna,supermarket,,,,,,,,,,,,,,,,,,,,,,,,,,,,,,,,,,,,,,,,,,,,,,,,,,,,,,,,,,,,,,,,,,,,,,,,,,,,,,,,,,,,,,,,,,,,,,,,,,,,,,,,,,,,,,,,,,,,,,,,,,,,,,,,,,,,,,,,,,,,,,,,,,,,,,,,,,,,,,,,,,,,,,,,,,,,,,,,,,
POINT (-46.6978643 -23.5702605),Mareloi,convenience,,,,,,,,,São Paulo,319,05424-140,Rua Butantã,,,,,,,,,,,,,,,,,,,,,,,,,,,,,,,,,,,,,,,,,,,,,,,,,,,,,,,,,,,,,,,,,,,,,,,,,,,,,,,,,,,,,,,,,,,,,,,,,,,,,,,,,,,,,,,,,,,,,,,,,,,,,,,,,,,,,,,,,,,,,,,,,,,,,,,,,,,,,,,,,,,,,,
POINT (-46.7001114 -23.566273),,convenience,,,,,,,,,São Paulo,564,05425-001,Rua Eugênio de Medeiros,,,,,,,,,,,,,,,,,,,,,,,,,,,,,,,,,,,,,,,,,,,,,,,,,,,,,,,,,,,,,,,,,,,,,,,,,,,,,,,,,,,,,,,,,,,,,,,,,,,,,,,,,,,,,,,,,,,,,,,,,,,,,,,,,,,,,,,,,,,,,,,,,,,,,,,,,,,,,,,,,,,,,,
POINT (-46.6914301 -23.570561),,convenience,,,,,,,,,,,,,,,,,,,,,,,,,,,,,,,,,,,,,,,,,,,,,,,,,,,,,,,,,,,,,,,,,,,,,,,,,,,,,,,,,,,,,,,,,,,,,,,,,,,,,,,,,,,,,,,,,,,,,,,,,,,,,,,,,,,,,,,,,,,,,,,,,,,,,,,,,,,,,,,,,,,,,,,,,,,,,,,,,,
POINT (-46.70113 -23.5736279),BR Mania,convenience,BR Mania,Q116877912,,,,,,,,,,,,,,,,,,,,,,,,,,,,,,,,,,,,,,,,,,,,,,,,,,,,,,,,,,,,,,,,,,,,,,,,,,,,,,,,,,,,,,,,,,,,,,,,,,,,,,,,,,,,,,,,,,,,,,,,,,,,,,,,,,,,,,,,,,,,,,,,,,,,,,,,,,,,,,,,,,,,,,,,,,,,,,,,
POINT (-46.6921946 -23.5681334),,convenience,,,,,,,,,,,,,,,,,,,,,,,,,,,,,,,,,,,,,,,,,,,,,,,,,,,,,,,,,,,,,,,,,,,,,,,,,,,,,,,,,,,,,,,,,,,,,,,,,,,,,,,,,,,,,,,,,,,,,,,,,,,,,,,,,,,,,,,,,,,,,,,,,,,,,,,,,,,,,,,,,,,,,,,,,,,,,,,,,,
POINT (-46.7152636 -23.4432016),Dona Diva,convenience,,,,,,,,,,,,,,,,,,,,,,,,,,,,,,,,,,,,,,,,,,,,,,,,,,,,,,,,,,,pmsp,,,,,,,,,,,,,,,,,,,,,,,,,,,,,,,,,,,,,,,,,,,,,,,,,,,,,,,,,,,,,,,,,,,,,,,,,,,,,,,,,,,,,,,,,,,,,,,,,,,,,,,,,,,,,,,,,,,,,,,
POINT (-46.6774544 -23.8686735),Novo Bom dia,supermarket,,,,,,08:00-21:00,,,,,,Estrada da Barragem,,,,,,,,,,,yes,yes,yes,,,,yes,yes,yes,yes,,yes,,yes,,,,,,,,,,,,,,,,,,,,,,,,,,,,,,,,,,,,,,,,,,,,,,,,,,,,,,,,,,,,,,,,,,,,,,,,,,,,,,,,,,,,,,,,,,,,,,,,,,,,,,,,,,,,,,,,,,,,,,,,,,,,,,,,,,,,,,,,,,,,,,
POINT (-46.6895865 -23.5528627),Oxxo,convenience,Oxxo,Q1342538,,,,,,,São Paulo,96,05435-030,Rua Purpurina,,,,,,,,,,,,,,,,,,,,,,,,,,,,,,,,,,,,,,,,,,,,,,,,,,,,,,,,,,,,,,,,,,,,,,,,,,,,,,,,,,,,,,,,,,,,,,,,,,,,,,,,,,,,,,,,,,,,,,,,,,,,,,,,,,,,,,,,,,,,,,,,,,,,,,,,,,,,,,,,,,,,,,
POINT (-46.6913285 -23.6549704),Shell Select,convenience,Shell Select,Q154950,,,,,en:Royal Dutch Shell,,,,,,,,,,,,,,,,,,,,,,,,,,,,,,,,,,,,,,,,,,,,,,,,,,,,,,,,,,,,,,,,,,,,,,,,,,,,,,,,,,,,,,,,,,,,,,,,,,,,,,,,,,,,,,,,,,,,,,,,,,,,,,,,,,,,,,,,,,,,,,,,,,,,,,,,,,,,,,,,,,,,,,,,,,,
POINT (-46.5649565 -23.4898808),,convenience,,,,,,,,,,,,,,,,,,,,,,,,,,,,,,,,,,,,,,,,,,,,,,,,,,,,,,,,,,,,,,,,,,,,,,,,,,,,,,,,,,,,,,,,,,,,,,,,,,,,,,,,,,,,,,,,,,,,,,,,,,,,,,,,,,,,,,,,,,,,,,,,,,,,,,,,,,,,,,,,,,,,,,,,,,,,,,,,,,
POINT (-46.6685618 -23.5614154),Tartuferia San Paolo,convenience,,,,,,,,,São Paulo,1906,01424-004,Alameda Lorena,,,,,,,,,,,,,,,,,,,,,,,,,,,,,,,,,,,,,,,,,,,,,,,,,,,,,,,,,,,,,,,,,,,,,,,,,,,,,,,,,,,,,,,,,,,,,,,,,,,,,,,,,,,,,,,,,,,,,,,,,,,,,,,,,,,,,,,,,,,,,,,,,,,,,,,,,,,,,,,,,,,,,,
POINT (-46.5995539 -23.5070049),ampm,convenience,ampm,Q306960,,,,,en:Ampm,,,,,,,,,,,,,,,,,,,,,,,,,,,,,,,,,,,,,,,,,,,,,,,,,,,,,,,,,,,,,,,,,,,,,,,,,,,,,,,,,,,,,,,,,,,,,,,,,,,,,,,,,,,,,,,,,,,,,,,,,,,,,,,,,,,,,,,,,,,,,,,,,,,,,,,,,,,,,,,,,,,,,,,,,,,
POINT (-46.5930422 -23.5221127),,convenience,,,,,,,,,São Paulo,711B,02113-011,Avenida Guilherme Cotching,Vila Maria,,,,,,,,,,,,,,,,,,,,,,,,,,,,,,,,,,,,,,,,,,,,,,,,,,,,,,,,,,,,,,,,,,,,,,,,,,,,,,,,,,,,,,,,,,,,,,,,,,,,,,,,,,,,,,,,,,,,,,,,,,,,,,,,,,,,,,,,,,,,,,,,,,,,,,,,,,,,,,,,,,,,,
POINT (-46.6877873 -23.5587629),BRmania,convenience,,,,,,,,,,,,,,,,,,,,,,,,,,,,,,,,,,,,,,,,,,,,,,,,,,,,,,,,,,,,,,,,,,,,,,,,,,,,,,,,,,,,,,,,,,,,,,,,,,,,,,,,,,,,,,,,,,,,,,,,,,,,,,,,,,,,,,,,,,,,,,,,,,,,,,,,,,,,,,,,,,,,,,,,,,,,,,,,,,
POINT (-46.6878959 -23.5607906),,convenience,,,,,,,,,,,,,,,,,,,,,,,,,,,,,,,,,,,,,,,,,,,,,,,,,,,,,,,,,,,,,,,,,,,,,,,,,,,,,,,,,,,,,,,,,,,,,,,,,,,,,,,,,,,,,,,,,,,,,,,,,,,,,,,,,,,,,,,,,,,,,,,,,,,,,,,,,,,,,,,,,,,,,,,,,,,,,,,,,,
POINT (-46.626112 -23.5446094),,convenience,,,,,,,,,,,,,,,,,,,,,,,,,,,,,,,,,,,,,,,,,,,,,,,,,,,,,,,,,,,,,,,,,,,,,,,,,,,,,,,,,,,,,,,,,,,,,,,,,,,,,,,,,,,,,,,,,,,,,,,,,,,,,,,,,,,,,,,,,,,,,,,,,,,,,,,,,,,,,,,,,,,,,,,,,,,,,,,,,,
POINT (-46.6673125 -23.5596812),Dia Market,supermarket,Dia Market,Q925132,,,,,es:Supermercados DIA,,São Paulo,3106,01416-000,Rua da Consolação,,,,,,,,,,,,,,,,,,,,,,,,,,,,,,,,,,,,,,,,,,,,,,,,,,,,,,,,,,,,,,,,,,,,,,,,,,,,,,,,,,,,,,,,,,,,,,,,,,,,,,,,,,,,,,,,,,,,,,,,,,,,,,,,,,,,,,,,,,,,,,,,,,,,,,,,,,,,,,,,,,,,,,
POINT (-46.6706459 -23.5600135),ampm,convenience,ampm,Q306960,,,,,en:Ampm,,,2171,,Alameda Lorena,,,,,,,,,,,,,,,,,,,,,,,,,,,,,,,,,,,,,,,,,,,,,,,,,,,,,,,,,,,,,,,,,,,,,,,,,,,,,,,,,,,,,,,,,,,,,,,,,,,,,,,,,,,,,,,,,,,,,,,,,,,,,,,,,,,,,,,,,,,,,,,,,,,,,,,,,,,,,,,,,,,,,,
POINT (-46.6053215 -23.6144065),M2,convenience,,,,,,,,,,,,Rua Vergueiro,,,,,,,,,Rede M2,,,,,,,,,,,,,,,,,,,,,,,,,,,,,,,,,,,,,,,,,,,,,,,,,,,,,,,,,,,,,,,,,,,,,,,,,,,,,,,,,,,,,,,,,,,,,,,,,,,,,,,,,,,,,,,,,,,,,,,,,,,,,,,,,,,,,,,,,,,,,,,,,,,,,,,,,,,,,
POINT (-46.6655579 -23.5996534),Mambo,supermarket,,,,,,,,,,,,,,,,,,,,,,,,,,,,,,,,,,,,,,,,,,,,,,,,,,,,,,,,,,,,,,,,,,,,,,,,,,,,,,,,,,,,,,,,,,,,,,,,,,,,,,,,,,,,,,,,,,,,,,,,,,,,,,,,,,,,,,,,,,,,,,,,,,,,,,,,,,,,,,,,,,,,,,,,,,,,,,,,,,
POINT (-46.6887704 -23.5476497),Estação dos Grãos,convenience,,,,,,,,,São Paulo,1025,05437-000,Rua Heitor Penteado,,,,,,,,,,,,,,,,,,,,,,,,,,,,,,,,,,,,,,,,,,,,,,,,,,,,,,,,,,,,,,,,,,,,,,,,,,,,,,,,,,,,,,,,,,,,,,,,,,,,,,,,,,,,,,,,,,,,,,,,,,,,,,,,,,,,,,,,,,,,,,,,,,,,,,,,,,,,,,,,,,,,,,
POINT (-46.6930714 -23.5552403),,convenience,,,,,,,,,São Paulo,535C,05435-030,Rua Purpurina,,,,,,,,,,,,,,,,,,,,,,,,,,,,,,,,,,,,,,,,,,,,,,,,,,,,,,,,,,,,,,,,,,,,,,,,,,,,,,,,,,,,,,,,,,,,,,,,,,,,,,,,,,,,,,,,,,,,,,,,,,,,,,,,,,,,,,,,,,,,,,,,,,,,,,,,,,,,,,,,,,,,,,
POINT (-46.6897384 -23.5723048),Carrefour Express,convenience,Carrefour Express,Q2940190,,,,,fr:Carrefour Express,,São Paulo,1709,01452-001,Avenida Brigadeiro Faria Lima,,2025-11-28,,,,,,,,,,,,,,,,,,,,,,,,,,,,,,,,,,,,,,,,,,,,,,,,,,,,,,,,,,,,,,,,,,,,,,,,,,,,,,,,,,,,,,,,,,,,,,,,,,,,,,,,,,,,,,,,,,,,,,,,,,,,,,,,,,,,,,,,,,,,,,,,,,,,,,,,,,,,,,,,,,,,
POINT (-46.6546443 -23.5486282),Mercado Extra,supermarket,Mercado Extra,Q5422131,,,,,pt:Extra (rede varejista),,São Paulo,567,01307-014,Rua Dona Antônia de Queirós,,,,,,,,,,,,,,,,,,,,,,,,,,,,,,,,,,,,,,,,,,,,,,,,,,,,,,,,,,,,,,,,,,,,,,,,,,,,,,,,,,,,,,,,,,,,,,,,,,,,,,,,,,,,,,,,,,,,,,,,,,,,,,,,,,,,,,,,,,,,,,,,,,,,,,,,,,,,,,,,,,,,,,
POINT (-46.6014464 -23.5006556),Supermercado Extra,supermarket,,,,,,Mo-Su 08:00-21:30,,,,,,Avenida Conceição,,,,,,,,,,,,,,,,,,,,,,,,,,,,,,,,,,,,,,,,,,,,,,,,,,,,,,,,,,,,,,,,,,,,,,,,,,,,,,,,,,,,,,,,,,,,,,,,,,,,,,,,,,,,,,,,,,,,,,,,,,,,,,,,,,,,,,,,,,,,,,,,,,,,,,,,,,,,,,,,,,,,,,
POINT (-46.5825536 -23.5854166),Dia,supermarket,Dia,Q925132,,,,Mo-Sa 08:00-20:00; Su 09:00-14:00,,,São Paulo,1144,03155-050,Avenida Professor Luiz Ignácio Anhaia Mello,Vila Prudente,2023-05-23,,,,,,,,,,,,,,,,,,,,,,,,,,,,,,,,,,,,,,,,,,,,,,,,,,,,,,,,,,,,,,,,,,,,,,,,,,,,,,,,,,,,,,,,,,,,,,,,,,,,,,,,,,,,,,,,,,,,,,,,,,,,,,,,,,,,,,,,,,,,,,,,,,,,,,,,,,,,,,,,,,,,
POINT (-46.5766162 -23.5900522),Extra Mini Mercado,supermarket,,,,,,Mo-Su 08:00-20:00,,,São Paulo,12,03140-050,Praça República Lituana,Vila Zelina,,,,,,,,,,,,,,,,,,,,,,,,,,,,,,,,,,,,,,,,,,,,,,,,,,,,,,,,,,,,,,,,,,,,,,,,,,,,,,,,,,,,,,,,,,,,,,,,,,,,,,,,,,,,,,,,,,,,,,,,,,,,,,,,,,,,,,,,,,,,,,,,,,,,,,,,,,,,,,,,,,,,,
POINT (-46.5760674 -23.5892826),Supermercado Yamauchi,supermarket,,,,,,"Mo-Sa 08:00-21:00, Su 08:00-15:00",,,São Paulo,245,03140-040,Rua Manaiás,Vila Zelina,,,,,,,,,,,,,,,,,,,,,,,,,,,,,,,,,,,,,,,,,,,,,,,,,,,,,,,,,,,,,,,,,,,,,,,,,,,,,,,,,,,,,,,,,,,,,,,,,,,,,,,,,,,,,,,,,,,,,,,,,,,,,,,,,,,,,,,,,,,,,,,,,,,,,,,,,,,,,,,,,,,,,
POINT (-46.6032704 -23.5134494),,convenience,,,,,,,,,,,,,,,,,,,,,,,,,,,,,,,,,,,,,,,,,,,,,,,,,,,,,,,,,,,,,,,,,,,,,,,,,,,,,,,,,,,,,,,,,,,,,,,,,,,,,,,,,,,,,,,,,,,,,,,,,,,,,,,,,,,,,,,,,,,,,,,,,,,,,,,,,,,,,,,,,,,,,,,,,,,,,,,,,,
POINT (-46.6508772 -23.5465329),Carrefour Express,convenience,Carrefour Express,Q2940190,,,,,fr:Carrefour Express,,São Paulo,257,01222-010,Rua Maria Antônia,,2024-08-12,,,,,,,,,,,,,,,,,,,,,,,,,,,,,,,,,,,,,,,,,,,,,,,,,,,,,,,,,,,,,,,,,,,,,,,,,,,,,,,,,,,,,,,,,,,,,,,,,,,,,,,,,,,,,,,,,,,,,,,,,,,,,,,,,,,,,,,,,,,,,,,,,,,,,,,,,,,,,,,,,,,,
POINT (-46.7316467 -23.5875076),ampm,convenience,ampm,Q306960,,,,,en:Ampm,,,,,,,,,,,,,,,,,,,,,,,,,,,,,,,,,,,,,,,,,,,,,,,,,,,,,,,,,,,,,,,,,,,,,,,,,,,,,,,,,,,,,,,,,,,,,,,,,,,,,,,,,,,,,,,,,,,,,,,,,,,,,,,,,,,,,,,,,,,,,,,,,,,,,,,,,,,,,,,,,,,,,,,,,,,
POINT (-46.6453535 -23.5400137),Pequeno mercado.,supermarket,,,,,,Mo-Su 09:00-21:00,,,,,,Largo do Arouche,,,,,,yes,,,,,yes,,,,,,yes,,,,,,,,,,,,,,,,,,,,,,,,,,,,,,,,,,,,,,,,,,,,,,,,no,,,,,,,,,,,,,,,,,,,,,,,,,,,,,,,,,,,,,,,,,,,,,,,,,,,,,,,,,,,,,,,,,,,,,,,,,,,,,,,,,,,,,,,,,,,,,,,,,,,,,
POINT (-46.6051646 -23.5088167),Shell,convenience,Shell,Q110716465,,,,,en:Royal Dutch Shell,,,,,,,,,,,,,,,,,,,,,,,,,,,,,,,,,,,,,,,,,,,,,,,,,,,,,,,,,,,,,,,,,,,,,,,,,,,,,,,,,,,,,,,,,,,,,,,,,,,,,,,,,,,,,,,,,,,,,,,,,,,,,,,,,,,,,,,,,,,,,,,,,,,,,,,,,,,,,,,,,,,,,,,,,,,
POINT (-46.6739367 -23.5903887),Pão de Açúcar,supermarket,Pão de Açúcar,Q3411543,,,,"Mo-Sa 06:00-22:00, Su 07:00-20:00",,,São Paulo,174,04544-000,Rua Doutor Alceu de Campos Rodrigues,Vila Nova Conceição,,,,,yes,,,Pão de Açúcar,https://www.paodeacucar.com.br/,yes,,,,,,yes,yes,,,,,,,,,,,,,,,,,,,,,,,,,,,,,,,,,,,,,,,,,,,,,,,,yes,,,,,,,,,,,,,,,,,,,,,,,,,,,,,,,,,,,,,,,,,,,,,,,,,,,,,,,,,,,,,,,,,,,,,,,,,,,,,,,,,,,,,,,,,,,,,,,,,,,,
POINT (-46.6438772 -23.5490604),KL,convenience,,,,,,,,,São Paulo,165,01050-000,Rua Martins Fontes,,,,,,,,,,,,,,,,,,,,,,,,,,,,,,,,,,,,,,,,,,,,,,,,,,,,,,,,,,,,,,,,,,,,,,,,,,,,,,,,,,,,,,,,,,,,,,,,,,,,,,,,,,,,,,,,,,,,,,,,,,,,,,,,,,,,,,,,,,,,,,,,,,,,,,,,,,,,,,,,,,,,,,
POINT (-46.737411 -23.5863669),,convenience,,,,,,,,,,,,,,,,,,,,,,,,,,,,,,,,,,,,,,,,,,,,,,,,,,,,,,,,,,,,,,,,,,,,,,,,,,,,,,,,,,,,,,,,,,,,,,,,,,,,,,,,,,,,,,,,,,,,,,,,,,,,,,,,,,,,,,,,,,,,,,,,,,,,,,,,,,,,,,,,,,,,,,,,,,,,,,,,,,
POINT (-46.6397948 -23.5394823),,convenience,,,,,,,,,São Paulo,344,01209-000,Rua Aurora,,,,,,,,,,,,,,,,,,,,,,,,,,,,,,,,,,,,,,,,,,,,,,,,,,,,,,,,,,,,,,,,,,,,,,,,,,,,,,,,,,,,,,,,,,,,,,,,,,,,,,,,,,,,,,,,,,,,,,,,,,,,,,,,,,,,,,,,,,,,,,,,,,,,,,,,,,,,,,,,,,,,,,
POINT (-46.6437084 -23.5402564),Mini Market Yu,convenience,,,,,,Mo-Sa 09:00-23:00; Su 10:00-22:00,,,São Paulo,1080,01036-100,Avenida São João,Campos Elíseos,,,,,yes,,,,,,,,,,,,,,,,,,,,,,,,,,,,,,,,,,,,,,,,,,,,,,,,,,,,,,,,,,,,,,,,,,,,,,,,,,,,,,,,,,,,,,,,,,,,,,,,,,,,,,,,,,,,,,,,,,,,,,,,,,,,,,,,,,,,,,,,,,,,,,,,,,,,,,,,,,,,,,,,
POINT (-46.5923342 -23.5446174),,convenience,,,,,,,,,São Paulo,3500,03302-000,Avenida Alcântara Machado,,,,,,,,,,,,,,,,,,,,,,,,,,,,,,,,,,,,,,,,,,,,,,,,,,,,,,,,,,,,,,,,,,,,,,,,,,,,,,,,,,,,,,,,,,,,,,,,,,,,,,,,,,,,,,,,,,,,,,,,,,,,,,,,,,,,,,,,,,,,,,,,,,,,,,,,,,,,,,,,,,,,,,
POINT (-46.5893268 -23.5421148),,convenience,,,,,,,,,São Paulo,176,03061-000,Rua Toledo Barbosa,,,,,,,,,,,,,,,,,,,,,,,,,,,,,,,,,,,,,,,,,,,,,,,,,,,,,,,,,,,,,,,,,,,,,,,,,,,,,,,,,,,,,,,,,,,,,,,,,,,,,,,,,,,,,,,,,,,,,,,,,,,,,,,,,,,,,,,,,,,,,,,,,,,,,,,,,,,,,,,,,,,,,,
POINT (-46.6061889 -23.5125068),,convenience,,,,,,,,,São Paulo,474A,,Avenida Joaquina Ramalho,,,,,,,,,,,,,,,,,,,,,,,,,,,,,,,,,,,,,,,,,,,,,,,,,,,,,,,,,,,,,,,,,,,,,,,,,,,,,,,,,,,,,,,,,,,,,,,,,,,,,,,,,,,,,,,,,,,,,,,,,,,,,,,,,,,,,,,,,,,,,,,,,,,,,,,,,,,,,,,,,,,,,,
POINT (-46.7897472 -23.5924491),Flamengo,supermarket,,,,,,,,,,,,,,,,,,,,,,,,,,,,,,,,,,,,,,,,,,,,,,,,,,,,,,,,,,,,,,,,,,,,,,,,,,,,,,,,,,,,,,,,,,,,,,,,,,,,,,,,,,,,,,,,,,,,,,,,,,,,,,,,,,,,,,,,,,,,,,,,,,,,,,,,,,,,,,,,,,,,,,,,,,,,,,,,,,
POINT (-46.7887877 -23.5952996),Kobal,supermarket,,,,,,,,,,,,,,,,,,,,,,,,,,,,,,,,,,,,,,,,,,,,,,,,,,,,,,,,,,,,,,,,,,,,,,,,,,,,,,,,,,,,,,,,,,,,,,,,,,,,,,,,,,,,,,,,,,,,,,,,,,,,,,,,,,,,,,,,,,,,,,,,,,,,,,,,,,,,,,,,,,,,,,,,,,,,,,,,,,
POINT (-46.7850181 -23.5934694),Paraná,supermarket,,,,,,,,,,,,,,,,,,,,,,,,,,,,,,,,,,,,,,,,,,,,,,,,,,,,,,,,,,,,,,,,,,,,,,,,,,,,,,,,,,,,,,,,,,,,,,,,,,,,,,,,,,,,,,,,,,,,,,,,,,,,,,,,,,,,,,,,,,,,,,,,,,,,,,,,,,,,,,,,,,,,,,,,,,,,,,,,,,
POINT (-46.7845898 -23.5989729),Rod & Raf,supermarket,,,,,,,,,,,,,,,,,,,,,,,,,,,,,,,,,,,,,,,,,,,,,,,,,,,,,,,,,,,,,,,,,,,,,,,,,,,,,,,,,,,,,,,,,,,,,,,,,,,,,,,,,,,,,,,,,,,,,,,,,,,,,,,,,,,,,,,,,,,,,,,,,,,,,,,,,,,,,,,,,,,,,,,,,,,,,,,,,,
POINT (-46.544561 -23.5896192),Shell Select,convenience,Shell Select,Q154950,,,,,en:Royal Dutch Shell,,São Paulo,326B,03264-040,Rua Roque Barbosa Lima,,,,,,,,,,,,,,,,,,,,,,,,,,,,,,,,,,,,,,,,,,,,,,,,,,,,,,,,,,,,,,,,,,,,,,,,,,,,,,,,,,,,,,,,,,,,,,,,,,,,,,,,,,,,,,,,,,,,,,,,,,,,,,,,,,,,,,,,,,,,,,,,,,,,,,,,,,,,,,,,,,,,,,
POINT (-46.6080391 -23.5149209),,convenience,,,,,,,,,São Paulo,171,02065-010,Avenida Joaquina Ramalho,,,,,,,,,Ipiranga,,,,,,,,,,,,,,,,,,,,,,,,,,,,,,,,,,,,,,,,,,,,,,,,,,,,,,,,,,,,,,,,,,,,,,,,,,,,,,,,,,,,,,,,,,,,,,,,,,,,,,,,,,,,,,,,,,,,,,,,,,,,,,,,,,,,,,,,,,,,,,,,,,,,,,,,,,,,,
POINT (-46.6170315 -23.4930509),Armazem Peter Paiva,convenience,,,,,,,,,São Paulo,561,02044-140,Rua Pedro Madureira,,,,,,,,,,,,,,,,,,,,,,,,,,,,,,,,,,,,,,,,,,,,,,,,,,,,,,,,,,,,,,,,,,,,,,,,,,,,,,,,,,,,,,,,,,,,,,,,,,,,,,,,,,,,,,,,,,,,,,,,,,,,,,,,,,,,,,,,,,,,,,,,,,,,,,,,,,,,,,,,,,,,,,
POINT (-46.6178232 -23.4938071),,convenience,,,,,,,,,São Paulo,403,02045-070,Rua Guajurus,,,,,,,,,,,,,,,,,,,,,,,,,,,,,,,,,,,,,,,,,,,,,,,,,,,,,,,,,,,,,,,,,,,,,,,,,,,,,,,,,,,,,,,,,,,,,,,,,,,,,,,,,,,,,,,,,,,,,,,,,,,,,,,,,,,,,,,,,,,,,,,,,,,,,,,,,,,,,,,,,,,,,,
POINT (-46.6313411 -23.4831841),,convenience,,,,,,,,,São Paulo,4400B,02402-600,Rua Voluntários da Pátria,,,,,,,,,,,,,,,,,,,,,,,,,,,,,,,,,,,,,,,,,,,,,,,,,,,,,,,,,,,,,,,,,,,,,,,,,,,,,,,,,,,,,,,,,,,,,,,,,,,,,,,,,,,,,,,,,,,,,,,,,,,,,,,,,,,,,,,,,,,,,,,,,,,,,,,,,,,,,,,,,,,,,,
POINT (-46.6379742 -23.619821),OXXO,convenience,OXXO,Q1342538,,,Panrico,24/7,,,São Paulo,161,04301-010,Avenida Miguel Estefno,,,,,,,,,,,,,,,,,,,,,,,,,,,,,,,,,,,,,,,,,,,,,,,,,,,,,,,,,,,,,,,,,,,bakery,,,,,,,,,,,,,,,,,,,,,,,,,,,,,,,,,,,,,,,,,,,,,,,,,,,,,,,,,,,,,,,,,,,,,,,,,,,,,,,,,,,,,,,,,,,,,,,,,,,
POINT (-46.6384434 -23.617328),Eden Produtos Naturais,supermarket,,,,,,,,,São Paulo,1423,04045-002,Avenida Jabaquara,,,,,only,,,,,,,,,,,,,,,,,,,,,,,,,,,,,,,,,,,,,,,,,,,,,,,,,,,,,,,,,,,,,,,fast_food,,,,,,,,,,,,,,,,,,,,,,,,,,,,,,,,,,,,,,,,,,,,,,,,,,,,,,,,,,,,,,,,,,,,,,,,,,,,,,,,,,,,,,,,,,,,,,,,,,
POINT (-46.6326124 -23.6209651),,convenience,,,,,,,,,São Paulo,741C,04301-010,Avenida Miguel Estefno,,,,,,,,,,,,,,,,,,,,,,,,,,,,,,,,,,,,,,,,,,,,,,,,,,,,,,,,,,,,,,,,,,,,,,,,,,,,,,,,,,,,,,,,,,,,,,,,,,,,,,,,,,,,,,,,,,,,,,,,,,,,,,,,,,,,,,,,,,,,,,,,,,,,,,,,,,,,,,,,,,,,,,
POINT (-46.5880938 -23.5776676),Emporium MR,convenience,,,,,,,,,São Paulo,145,03127-010,Praça Visconde de Sousa Fontes,,,,,,,,,,,,,,,,,,,,,,,,,,,,,,,,,,,,,,,,,,,,,,,,,,,,,,,,,,,,,,,,,,,,,,,,,,,,,,,,,,,,,,,,,,,,,,,,,,,,,,,,,,,,,,,,,,,,,,,,,,,,,,,,,,,,,,,,,,,,,,,,,,,,,,,,,,,,,,,,,,,,,,
POINT (-46.5877595 -23.5734198),ampm,convenience,ampm,Q306960,,,,,en:Ampm,,São Paulo,2630,03149-000,Avenida Paes de Barros,,,,,,,,,,,,,,,,,,,,,,,,,,,,,,,,,,,,,,,,,,,,,,,,,,,,,,,,,,,,,,,,,,,,,,,,,,,,,,,,,,,,,,,,,,,,,,,,,,,,,,,,,,,,,,,,,,,,,,,,,,,,,,,,,,,,,,,,,,,,,,,,,,,,,,,,,,,,,,,,,,,,,,
POINT (-46.6511052 -23.5801023),Supermercados Madrid,supermarket,,,,,,Mo-Sa 07:00-21:00; Su 08:00-15:00,,,,35,,Rua Tumiaru,,,,,,,,,,,,,,,,,,,,,,,,,,,,,,,,,,,,,,,,,,,,,,,,,,,,,,,,,,,,,,,,,,,,,yes,welcome,Madrid,,,,,,,,,,,,,,,,,,,,,,,,,,,,,,,,,,,,,,,,,,,,,,,,,,,,,,,,,,,,,,,,,,,,,,,,,,,,,,,,,,,,,,,,,,,,,,,
POINT (-46.6358216 -23.5365666),Casa do Norte Canaã,convenience,,,,,,,,,São Paulo,555,01033-001,Avenida Cásper Líbero,,,,,,,,,,,,,,,+55 11 4115-4092,,,,,,,,,,,,,,,,,,,,,,,,,,,,,,,,,,,,,,,,,,,,,,,,,,,,,,,,,,,,,,,,,,,,,,,,,,,,,,,,,,,,,,,,,,,,,,,,,,,,,,,,,,,,,,,,,,,,,,,,,,,,,,,,,,,,,,,,,,,,,,,,,,,,,,,
POINT (-46.64706 -23.5293018),Emporium Compre Facil,convenience,,,,,,,,,São Paulo,165,01218-011,Alameda Eduardo Prado,,,,,,,,,,,,,,,,,,,,,,,,,,,,,,,,,,,,,,,,,,,,,,,,,,,,,,,,,,,,,,,,,,,,,,,,,,,,,,,,,,,,,,,,,,,,,,,,,,,,,,,,,,,,,,,,,,,,,,,,,,,,,,,,,,,,,,,,,,,,,,,,,,,,,,,,,,,,,,,,,,,,,,
POINT (-46.6222415 -23.481734),ampm,convenience,ampm,Q306960,,,,,en:Ampm,,,,,Avenida Água Fria,,,,,,,,,,,,,,,,,,,,,,,,,,,,,,,,,,,,,,,,,,,,,,,,,,,,,,,,,,,,,,,,,,,,,,,,,,,,,,,,,,,,,,,,,,,,,,,,,,,,,,,,,,,,,,,,,,,,,,,,,,,,,,,,,,,,,,,,,,,,,,,,,,,,,,,,,,,,,,,,,,,,,,
POINT (-46.4955229 -23.5144279),,convenience,,,,,,,,,São Paulo,432,03890-000,Estrada de Mogi das Cruzes,,,,,,,,,,,,,,,,,,,,,,,,,,,,,,,,,,,,,,,,,,,,,,,,,,,,,,,,,,,,,,,,,,,,,,,,,,,,,,,,,,,,,,,,,,,,,,,,,,,,,,,,,,,,,,,,,,,,,,,,,,,,,,,,,,,,,,,,,,,,,,,,,,,,,,,,,,,,,,,,,,,,,,
POINT (-46.4959901 -23.5144828),Emporio de Produtos Naturais,convenience,,,,,,,,,São Paulo,378,03890-000,Estrada de Mogi das Cruzes,,,,,,,,,,,,,,,,,,,,,,,,,,,,,,,,,,,,,,,,,,,,,,,,,,,,,,,,,,,,,,,,,,,,,,,,,,,,,,,,,,,,,,,,,,,,,,,,,,,,,,,,,,,,,,,,,,,,,,,,,,,,,,,,,,,,,,,,,,,,,,,,,,,,,,,,,,,,,,,,,,,,,,
POINT (-46.6267554 -23.5684843),Minuto pão de açúcar,supermarket,,,,,,,,,,,,,,,,,,,,,,,,,,,,,,,,,,,,,,,,,,,,,,,,,,,,,,,,,,,,,,,,,,,,,,,,,,,,,,,,,,,,,,,,,,,,,,,,,,,,,,,,,,,,,,,,,,,,,,,,,,,,,,,,,,,,,,,,,,,,,,,,,,,,,,,,,,,,,,,,,,,,,,,,,,,,,,,,,,
POINT (-46.625979 -23.5682047),Frango fofinho,supermarket,,,,,,,,,,,,,,,,,,,,,,,,,,,,,,,,,,,,,,,,,,,,,,,,,,,,,,,,,,,,,,,,,,,,,,,,,,,,,,,,,,,,,,,,,,,,,,,,,,,,,,,,,,,,,,,,,,,,,,,,,,,,,,,,,,,,,,,,,,,,,,,,,,,,,,,,,,,,,,,,,,,,,,,,,,,,,,,,,,
POINT (-46.6843178 -23.5944758),Pão de Açúcar,supermarket,Pão de Açúcar,Q3411543,,,,Mo-Sa 09:00-20:00,pt:Pão de Açúcar (supermercado brasileiro),,São Paulo,81,04551-010,Rua Fidêncio Ramos,,,,,,yes,,,,,yes,,,,,,yes,,,,,,,,,,,,,,,,,,,,,,,,,,,,,,,,,,,,,,,,,,,,,,,,,,,,,,,,,,,,,,,,,,,,,,,,,,,,,,,,,,,,,,,,,,,,,,,,,,,,,,,,,,,,,,,,,,,,,,,,,,,,,,,,,,,,,,,,,,,,,,,,,,,,,
POINT (-46.6906483 -23.665634),Emporio Villa Natureba,supermarket,,,,,,09:00-19:00,,,São Paulo,1176,04686-001,Avenida Nossa Senhora do Sabará,Vila Isa,,,,,,,,,,,,,,,,,,,,,,,,,,,,,,,,,,,,,,,,,,,,,,,,,,,,,,,,,,,,,,,,,,,,,,,,,,,,,,,,,,,,,,,,,,,,,,,,,,,,,,,,,,,,,,,,,,,,,,,,,,,,,,,,,,,,,,,,,,,,,,,,,,,,,,,,,,,,,,,,,,,,,
POINT (-46.6941985 -23.5638732),Blue Point,convenience,,,,,,,,,São Paulo,591A,05426-200,Avenida Brigadeiro Faria Lima,,,,,,,,,,,,,,,,,,,,,,,,,,,,,,,,,,,,,,,,,,,,,,,,,,,,,,,,,,,,,,,,,,,,,,,,,,,,,,,,,,,,,,,,,,,,,,,,,,,,,,,,,,,,,,,,,,,,,,,,,,,,,,,,,,,,,,,,,,,,,,,,,,,,,,,,,,,,,,,,,,,,,,
POINT (-46.4894631 -23.5088206),Negreiros Supermercados - Ponte Rasa,supermarket,,,,,,,,,São Paulo,211,03881-100,Rua Agenor de Barros,Vila Ponte Rasa,,,,,,,,,,,,,,,,,,,,,,,,,,,,,,,,,,,,,,,,,,,,,,,,,,,,,,,,,,,,,,,,,,,,,,,,,,,,,,,,,,,,,,,,,,,,,,,,,,,,,,,,,,,,,,,,,,,,,,,,,,,,,,,,,,,,,,,,,,,,,,,,,,,,,,,,,,,,,,,,,,,,,
POINT (-46.6053352 -23.6180934),Nossa Vila,convenience,,,,,,,,,,,,Rua Vergueiro,Vila Firmiano Pinto,,,,,,,,,,,,,,,,,,,,,,,,,,,,,,,,,,,,,,,,,,,,,,,,,,,,,,,,,,,,,,,,,,,,,,,,,,,,,,,,,,,,,,,,,,,,,,,,,,,,,,,,,,,,,,,,,,,,,,,,,,,,,,,,,,,,,,,,,,,,,,,,,,,,,,,,,,,,,,,,,,,,,
POINT (-46.6918732 -23.5479097),Oxxo,convenience,Oxxo,Q1342538,,,,,,,São Paulo,1265L1,05435-001,Rua Harmonia,,,,,,,,,,,,,,,,,,,,,,,,,,,,,,,,,,,,,,,,,,,,,,,,,,,,,,,,,,,,,,,,,,,,,,,,,,,,,,,,,,,,,,,,,,,,,,,,,,,,,,,,,,,,,,,,,,,,,,,,,,,,,,,,,,,,,,,,,,,,,,,,,,,,,,,,,,,,,,,,,,,,,,
POINT (-46.6499422 -23.5569885),Mioni Mercado Superação,convenience,,,,,,,,,São Paulo,88A,01330-000,Rua Rocha,,,,,,,,,,,,,,,,,,,,,,,,,,,,,,,,,,,,,,,,,,,,,,,,,,,,,,,,,,,,,,,,,,,,,,,,,,,,,,,,,,,,,,,,,,,,,,,,,,,,,,,,,,,,,,,,,,,,,,,,,,,,,,,,,,,,,,,,,,,,,,,,,,,,,,,,,,,,,,,,,,,,,,
POINT (-46.4403075 -23.5188344),,supermarket,,,,,,,,,,,,,,,,,,,,,,,,,,,,,,,,,,,,,,,,,,,,,,,,,,,,,,,,,,,,,,,,,,,,,,,,,,,,,,,,,,,,,,,,,,,,,,,,,,,,,,,,,,,,,,,,,,,,,,,,,,,,,,,,,,,,,,,,,,,,,,,,,,,,,,,,,,,,,,,,,,,,,,,,,,,,,,,,,,
POINT (-46.6325877 -23.5648736),Empório do Velhinho,supermarket,,,,,,,,,,1352,,Conselheiro Furtado,,,,,,,,,,,,,,,,,,,,,,,,,,,,,,,,,,,,,,,,,,,,,,,,,,,,,,,,,,,,,,,,,,,,,,,,,,,,,,,,,,,,,,,,,,,,,,,,,,,,,,,,,,,,,,,,,,,,,,,,,,,,,,,,,,,,,,,,,,,,,,,,,,,,,,,,,,,,,,,,,,,,,,
POINT (-46.6317015 -23.5706461),Vila das Frutas,supermarket,,,,,,Mo-Sa 07:30-21:00; Su 08:00-21:00,,,,100,,Turmalina,,2025-10-03,,,,,,,,https://www.viladasfrutas.com.br,,,,,+55 11 3207-3539,,,,,,,,,,,,,,,,,,,,,,,,,,,,,,,,,,,,,,,,,,,,,,,,,,,,,,,,,,,,,,,,,,,,,,,,,,,,,,,,,,,,,,,,,,,,,,,,,,,,,,,,,,,,,,,,,,,,,,,,,,,,,,,,,,,,,,,,,,,,,,,,,,,,,,,
POINT (-46.633596 -23.4773565),SM Supermercado,supermarket,,,,,,,,,São Paulo,187,02420-000,Avenida Zumkeller,,,,,,,,,,,,,,,,,,,,,,,,,,,,,,,,,,,,,,,,,,,,,,,,,,,,,,,,,,,,,,,,,,,,,,,,,,,,,,,,,,,,,,,,,,,,,,,,,,,,,,,,,,,,,,,,,,,,,,,,,,,,,,,,,,,,,,,,,,,,,,,,,,,,,,,,,,,,,,,,,,,,,,
POINT (-46.6733646 -23.4812794),Violeta,supermarket,,,,,,,,,,,,,,,,,,,,,,,,,,,,,,,,,,,,,,,,,,,,,,,,,,,,,,,,,,,,,,,,,,,,,,,,,,,,,,,,,,,,,,,,,,,,,,,,,,,,,,,,,,,,,,,,,,,,,,,,,,,,,,,,,,,,,,,,,,,,,,,,,,,,,,,,,,,,,,,,,,,,,,,,,,,,,,,,,,
POINT (-46.701514 -23.5001561),,supermarket,,,,,,,,,,,,,,,,,,,,,,,,,,,,,,,,,,,,,,,,,,,,,,,,,,,,,,,,,,,,,,,,,,,,,,,,,,,,,,,,,,,,,,,,,,,,,,,,,,,,,,,,,,,,,,,,,,,,,,,,,,,,,,,,,,,,,,,,,,,,,,,,,,,,,,,,,,,,,,,,,,,,,,,,,,,,,,,,,,
POINT (-46.7064543 -23.5729547),Oxxo,convenience,Oxxo,Q1342538,,,,24/7,,,São Paulo,80,05510-020,Rua M.M.D.C.,,,,,,,,,,,,,,,,,,,,,,,,,,,,,,,,,,,,,,,,,,,,,,,,,,,,,,,,,,,,,,,,,,,,,,,,,,,,,,,,,,,,,,,,,,,,,,,,,,,,,,,,,,,,,,,,,,,,,,,,,,,,,,,,,,,,,,,,,,,,,,,,,,,,,,,,,,,,,,,,,,,,,,
POINT (-46.4860412 -23.5576405),Mercadinho Chico,convenience,,,,,,Mo-Fr 06:00-19:00; Sa 07:00-19:00; Su 07:00-13:00,,,São Paulo,285,03587-060,Rua Luís Percoré,Cidade Líder,,,,,,,,,,yes,,,,,,yes,yes,,,,,,,,,BR11.800.179/0001-88,,,,,,,,,,,,,,,,,,,,,,,,,,,,,,,,,,,,,,,,,,,,,,,,,,,,,,,,,,,,,,,,,,,,,,,,,,,,,,,,,,,,,,,,,,,,,,,,,,,,,,,,,,,,,,,,,,,,,,,,,,,,,,,,,,,,,,,,,,,
POINT (-46.38837 -23.517722),"Rua Tibúrcio De Souza, 2611",supermarket,,,,,,,,,,,,Rua Tibúrcio de Souza,,,,,,,,,higa´s,,,,,,,,,,,,,,,,,,,,,,,,,,,,,,,,Ref.: Rua Manuel Rodrigues Santiago/ Rua Maria Cecilia Correa -- Res. Nova Conquista,,,,,,,,,,,,,,,,,,,,,,,,,,,,,,,yes,350002393,bus_stop,SPTrans,Q7392689,N336-11;2008-10;2666-10;2666-21;2766-10;307C-10,,,,,,,,,,,,,,,,,,,,,,,,,,,,,,,,,,,,,,,,,,,,,,,,,,,,,,,,,,,,,,,,,,,,,,,,,,,,,,,,,,,,,,,,,
POINT (-46.6505328 -23.5512884),Mercado Saraiva,supermarket,,,,,,,,,São Paulo,470,01304-000,Rua Augusta,,,,,,,,,,,,,,,,,,,,,,,,,,,,,,,,,,,,,,,,,,,,,,,,,,,,,,,,,,,,,,,,,,,,,,,,,,,,,,,,,,,,,,,,,,,,,,,,,,,,,,,,,,,,,,,,,,,,,,,,,,,,,,,,,,,,,,,,,,,,,,,,,,,,,,,,,,,,,,,,,,,,,,
POINT (-46.6394586 -23.6188256),Shiawase,convenience,,,,,,Mo-Sa 07:30-19:30,,,São Paulo,1662,04046-300,Avenida Jabaquara,Saúde,,,,,,,,,,yes,,,,,,yes,yes,,,,,,,,,,,,,,,,,,,,,,,,,,,,,,,,,,,,,,,,,,,,,,,,,,,,,,,,,,,,,,,,,,,,,,,,,,,,,,,,,,,,,,,,,,,,,,,,,,,,,,,,,,,,,,,,,,,,,,,,,,,,,,,,,,,,,,,,,,,,,,,,,,,,
POINT (-46.6435977 -23.6148758),Supermercado Vila das Frutas,supermarket,,,,,,,,,São Paulo,589,04053-051,Alameda dos Guatás,Planalto Paulista,,,,only,yes,,,,https://www.viladasfrutas.com.br/,,,,,,,,,,,,,,,,,,,,,,,,,,,,,,,,,,,,,,,,,,,,,,,,,2020,,,,,,,,,,,,,,,,,,,,,,,,,,,,,,,,,,,,,,,,,,,,,,,,,,,,,,,,,,,,,,,,,,,,,,,,,,,,,,,,,,,,,,,,,,,,,,,,,,,,,,,,,,,
POINT (-46.6099027 -23.4902509),ampm,convenience,ampm,Q306960,,,,,en:Ampm,,São Paulo,27,02243-000,Rua Francisco Lipi,,,,,,,,,,,,,,,,,,,,,,,,,,,,,,,,,,,,,,,,,,,,,,,,,,,,,,,,,,,,,,,,,,,,,,,,,,,,,,,,,,,,,,,,,,,,,,,,,,,,,,,,,,,,,,,,,,,,,,,,,,,,,,,,,,,,,,,,,,,,,,,,,,,,,,,,,,,,,,,,,,,,,,
POINT (-46.7476453 -23.5595073),ampm,convenience,ampm,Q306960,,,,,en:Ampm,,São Paulo,4455,05339-003,Avenida Corifeu de Azevedo Marques,Vila Lajeado,,,,,,,,,,,,,,,,,,,,,,,,,,,,,,,,,,,,,,,,,,,,,,,,,,,,,,,,,,,,,,,,,,,,,,,,,,,,,,,,,,,,,,,,,,,,,,,,,,,,,,,,,,,,,,,,,,,,,,,,,,,,,,,,,,,,,,,,,,,,,,,,,,,,,,,,,,,,,,,,,,,,,
POINT (-46.5486197 -23.5424559),,convenience,,,,,,,,,São Paulo,1134,,Avenida Conselheiro Carrão,,,,,,,,,,,,,,,,,,,,,,,,,,,,,,,,,,,,,,,,,,,,,,,,,,,,,,,,,,,,,,,,,,,,,,,,,,,,,,,,,,,,,,,,,,,,,,,,,,,,,,,,,,,,,,,,,,,,,,,,,,,,,,,,,,,,,,,,,,,,,,,,,,,,,,,,,,,,,,,,,,,,,,
POINT (-46.6369246 -23.5031156),,convenience,,,,,,,,,São Paulo,2433 L1,02022-010,Avenida Brás Leme,,,,,,,,,,,,,,,,,,,,,,,,,,,,,,,,,,,,,,,,,,,,,,,,,,,,,,,,,,,,,,,,,,,,,,,,,,,,,,no,no,no,,,,,,,,,,,,,,,,,,,,,,,,,,,,,,,,,,,,,,,,,,,,,,,,,,,,,,,,,,,,,,,,,,,,,,,,,,,,,,,,,,,,,,
POINT (-46.4542829 -23.5964462),Nagumo Menor,supermarket,,,,,,07:00-21:00,,,São Paulo,3230,,Avenida Ragueb Chohfi,Parque Boa Esperança,,,,,,,,,,,,,,,,,,,,,,,,,,,,,,,,,,,,,,,,,,,,,,,,,,,,,,,,,,,,,,,,,,,,,,,,,,,,,,,,,,,,,,,,,,,,,,,,,,,,,,,,,,,,,,,,,,,,,,,,,,,,,,,,,,,,,,,,,,,,,,,,,,,,,,,,,,,,,,,,,,,,,
POINT (-46.5416438 -23.591501),Açai,convenience,,,,,,,,,São Paulo,6143C,03295-100,Avenida Professor Luiz Ignácio Anhaia Mello,,,,,,,,,,,,,,,,,,,,,,,,,,,,,,,,,,,,,,,,,,,,,,,,,,,,,,,,,,,,,,,,,,,,,,,,,,,,,,,,,,,,,,,,,,,,,,,,,,,,,,,,,,,,,,,,,,,,,,,,,,,,,,,,,,,,,,,,,,,,,,,,,,,,,,,,,,,,,,,,,,,,,,
POINT (-46.5417686 -23.5914279),Shell,convenience,Shell,Q110716465,,,,,en:Royal Dutch Shell,,São Paulo,6143B,03295-100,Avenida Professor Luiz Ignácio Anhaia Mello,,,,,,,,,,,,,,,,,,,,,,,,,,,,,,,,,,,,,,,,,,,,,,,,,,,,,,,,,,,,,,,,,,,,,,,,,,,,,,,,,,,,,,,,,,,,,,,,,,,,,,,,,,,,,,,,,,,,,,,,,,,,,,,,,,,,,,,,,,,,,,,,,,,,,,,,,,,,,,,,,,,,,,
POINT (-46.5799173 -23.5914564),,convenience,,,,,,,,,São Paulo,1359B,03133-200,Rua Ibitirama,,,,,,,,,,,,,,,,,,,,,,,,,,,,,,,,,,,,,,,,,,,,,,,,,,,,,,,,,,,,,,,,,,,,,,,,,,,,,,,,,,,,,,,,,,,,,,,,,,,,,,,,,,,,,,,,,,,,,,,,,,,,,,,,,,,,,,,,,,,,,,,,,,,,,,,,,,,,,,,,,,,,,,
POINT (-46.6690201 -23.4739281),Mais Baratoo,convenience,,,,,,,,,São Paulo,31,02882-010,Rua Francisco Calado,,,,,,,,,,,,,,,,,,,,,,,,,,,,,,,,,,,,,,,,,,,,,,,,,,,,,,,,,,,,,,,,,,,,,,,,,,,,,,,,,,,,,,,,,,,,,,,,,,,,,,,,,,,,,,,,,,,,,,,,,,,,,,,,,,,,,,,,,,,,,,,,,,,,,,,,,,,,,,,,,,,,,,
POINT (-46.6008533 -23.5259935),Blue Point,convenience,,,,,,,,,São Paulo,1400A,03021-000,Rua Catumbi,Belenzinho,,,,,,,,,,,,,,,,,,,,,,,,,,,,,,,,,,,,,,,,,,,,,,,,,,,,,,,,,,,,,,,,,,,,,,,,,,,,,,,,,,,,,,,,,,,,,,,,,,,,,,,,,,,,,,,,,,,,,,,,,,,,,,,,,,,,,,,,,,,,,,,,,,,,,,,,,,,,,,,,,,,,,
POINT (-46.6205585 -23.5440907),Br Mania,convenience,Br Mania,Q4836468,,,,,,,São Paulo,540A,03004-000,Rua do Gasômetro,,,,,,,,,,,,,,,,,,,,,,,,,,,,,,,,,,,,,,,,,,,,,,,,,,,,,,,,,,,,,,,,,,,,,,,,,,,,,,,,,,,,,,,,,,,,,,,,,,,,,,,,,,,,,,,,,,,,,,,,,,,,,,,,,,,,,,,,,,,,,,,,,,,,,,,,,,,,,,,,,,,,,,
POINT (-46.8063577 -23.935902),Mercadinhos Levino Pereira,convenience,,,,,,,,,,,,,,,,,,,,,,,,,,,,,,,,,,,,,,,,,,,,,,,,,,,,,,,,,,,,,,,,,,,,,,,,,,,,,,,,,,,,,,,,,,,,,,,,,,,,,,,,,,,,,,,,,,,,,,,,,,,,,,,,,,,,,,,,,,,,,,,,,,,,,,,,,,,,,,,,,,,,,,,,,,,,,,,,,,
POINT (-46.6146062 -23.5041382),BR,convenience,BR,Q4836468,,,,,pt:Vibra Energia,mania,,,,,,,,,,,,,,,,,,,,,,,,,,,,,,,,,,,,,,,,,,,,,,,,,,,,,,,,,,,,,,,,,,,,,,,,,,,,,,,,,,,,,,,,,,,,,,,,,,,,,,,,,,,,,,,,,,,,,,,,,,,,,,,,,,,,,,,,,,,,,,,,,,,,,,,,,,,,,,,,,,,,,,,,,,
POINT (-46.5838061 -23.5194478),ampm,convenience,ampm,Q306960,,,,,en:Ampm,,São Paulo,1230 L2,02119-001,Rua Magarinos Torres,Vila Maria,,,,,,,,,,,,,,,,,,,,,,,,,,,,,,,,,,,,,,,,,,,,,,,,,,,,,,,,,,,,,,,,,,,,,,,,,,,,,,,,,,,,,,,,,,,,,,,,,,,,,,,,,,,,,,,,,,,,,,,,,,,,,,,,,,,,,,,,,,,,,,,,,,,,,,,,,,,,,,,,,,,,,
POINT (-46.6346045 -23.5389885),Carrefour Express,convenience,Carrefour Express,Q2940190,,,,,fr:Carrefour Express,,São Paulo,163,01026-001,Avenida Senador Queirós,,,,,,,,,,,,,,,,,,,,,,,,,,,,,,,,,,,,,,,,,,,,,,,,,,,,,,,,,,,,,,,,,,,,,,,,,,,,,,,,,,,,,,,,,,,,,,,,,,,,,,,,,,,,,,,,,,,,,,,,,,,,,,,,,,,,,,,,,,,,,,,,,,,,,,,,,,,,,,,,,,,,,,
POINT (-46.5906809 -23.5471836),,convenience,,,,,,,,,São Paulo,1081,03173-010,Rua Siqueira Bueno,Quarta Parada,,,,,,,,,,,,,,,,,,,,,,,,,,,,,,,,,,,,,,,,,,,,,,,,,,,,,,,,,,,,,,,,,,,,,,,,,,,,,,,,,,,,,,,,,,,,,,,,,,,,,,,,,,,,,,,,,,,,,,,,,,,,,,,,,,,,,,,,,,,,,,,,,,,,,,,,,,,,,,,,,,,,,
POINT (-46.5925463 -23.5460153),BR,convenience,BR,Q4836468,,,,,pt:Vibra Energia,Mania,São Paulo,2,03172-080,Largo Ubirajara,Quarta Parada,,,,,,,,,,,,,,,,,,,,,,,,,,,,,,,,,,,,,,,,,,,,,,,,,,,,,,,,,,,,,,,,,,,,,,,,,,,,,,,,,,,,,,,,,,,,,,,,,,,,,,,,,,,,,,,,,,,,,,,,,,,,,,,,,,,,,,,,,,,,,,,,,,,,,,,,,,,,,,,,,,,,,
POINT (-46.5766131 -23.5626361),Shell Select,convenience,Shell Select,Q154950,,,,,en:Royal Dutch Shell,,São Paulo,74 L1,03188-030,Rua Diogo Lopes,Vila Regente Feijo,,,,,,,,,,yes,,,,,,yes,yes,,,,,,,,,,,,,,,,,,,,,,,,,,,,,,,,,,,,,,,,,,,,,,,,,,,,,,,,,,,,,,,,,,,,,,,,,,,,,,,,,,,,,,,,,,,,,,,,,,,,,,,,,,,,,,,,,,,,,,,,,,,,,,,,,,,,,,,,,,,,,,,,,,,,
POINT (-46.6461791 -23.4775362),Classe A,convenience,,,,,,,,,São Paulo,833,02435-061,Avenida Doutor Francisco Ranieri,,,,,,,,,,,,,,,,,,,,,,,,,,,,,,,,,,,,,,,,,,,,,,,,,,,,,,,,,,,,,,,,,,,,,,,,,,,,,,,,,,,,,,,,,,,,,,,,,,,,,,,,,,,,,,,,,,,,,,,,,,,,,,,,,,,,,,,,,,,,,,,,,,,,,,,,,,,,,,,,,,,,,,
POINT (-46.618503 -23.4863113),ampm,convenience,ampm,Q306960,,,,24/7,en:Ampm,,São Paulo,739,02331-001,Avenida Nova Cantareira,Tucuruvi,,,,,,,,,,,,,,,,,,,,,,,,,,,,,,,,,,,,,,,,,,,,,,,,,,,,,,,,,,,,,,,,,,,,,,,,,,,,,,,,,,,,,,,,,,,,,,,,,,,,,,,,,,,,,,,,,,,,,,,,,,,,,,,,,,,,,,,,,,,,,,,,,,,,,,,,,,,,,,,,,,,,,
POINT (-46.6317206 -23.5270072),Flor,convenience,,,,,,24/7,,,São Paulo,31,,Rua Zumbi dos Palmares,Bom Retiro,,,,,,,,,,,,,,,,,,,,,,,,,,,,,,,,,,,,,,,,,,,,,,,,,,,,,,,,,,,,,,,,,,,,,,,,,,,,,,,,,,,,,,,,,,,,,,,,,,,,,,,,,,,,,,,,,,,,,,,,,,,,,,,,,,,,,,,,,,,,,,,,,,,,,,,,,,,,,,,,,,,,,
POINT (-46.6300346 -23.5333331),Akash,convenience,,,,,,,,,São Paulo,317,01105-030,Rua Doutor Pedro Arbués,Luz,,,,,,,,,,,,,,,,,,,,,,,,,,,,,,,,,,,,,,,,,,,,,,,,,,,,,,,,,,,,,,,,,,,,,,,,,,,,,,,,,,,,,,,,,,,,,,,,,,,,,,,,,,,,,,,,,,,,,,,,,,,,,,,,,,,,,,,,,,,,,,,,,,,,,,,,,,,,,,,,,,,,,
POINT (-46.5698535 -23.5708276),BR,convenience,BR,Q4836468,,,,,pt:Vibra Energia,mania,São Paulo,1790 L3,03345-000,Avenida Sapopemba,Vila Regente Feijo,,,,,,,,,,,,,,,,,,,,,,,,,,,,,,,,,,,,,,,,,,,,,,,,,,,,,,,,,,,,,,,,,,,,,,,,,,,,,,,,,,,,,,,,,,,,,,,,,,,,,,,,,,,,,,,,,,,,,,,,,,,,,,,,,,,,,,,,,,,,,,,,,,,,,,,,,,,,,,,,,,,,,
POINT (-46.6859851 -23.5233571),,convenience,,,,,,,,,São Paulo,105,05041-060,Praça dos Inconfidentes,Agua Branca,,,,,,,,,,,,,,,,,,,,,,,,,,,,,,,,,,,,,,,,,,,,,,,,,,,,,,,,,,,,,,,,,,,,,,,,,,,,,,,,,,,,,,,,,,,,,,,,,,,,,,,,,,,,,,,,,,,,,,,,,,,,,,,,,,,,,,,,,,,,,,,,,,,,,,,,,,,,,,,,,,,,,
POINT (-46.6827422 -23.5351433),Empório Natureza em Grãos,convenience,,,,,,,,,São Paulo,800,05019-000,Rua Diana,Perdizes,,,,,,,,,,,,,,,,,,,,,,,,,,,,,,,,,,,,,,,,,,,,,,,,,,,,,,,,,,,,,,,,,,,,,,,,,,,,,,,,,,,,,,,,,,,,,,,,,,,,,,,,,,,,,,,,,,,,,,,,,,,,,,,,,,,,,,,,,,,,,,,,,,,,,,,,,,,,,,,,,,,,,
POINT (-46.706317 -23.5395558),Shell,convenience,Shell,Q154950,,,,,en:Royal Dutch Shell,,São Paulo,48,,Rua Alice Macuco Alves,,,,,,,,,,,,,,,,,,,,,,,,,,,,,,,,,,,,,,,,,,,,,,,,,,,,,,,,,,,,,,,,,,,,,,,,,,,,,,,,,,,,,,,,,,,,,,,,,,,,,,,,,,,,,,,,,,,,,,,,,,,,,,,,,,,,,,,,,,,,,,,,,,,,,,,,,,,,,,,,,,,,,,
POINT (-46.7135061 -23.5355046),Shell,convenience,Shell,Q110716465,,,,,en:Royal Dutch Shell,,São Paulo,,,Rua Cerro Corá,,,,,,,,,,,,,,,,,,,,,,,,,,,,,,,,,,,,,,,,,,,,,,,,,,,,,,,,,,,,,,,,,,,,,,,,,,,,,,,,,,,,,,,,,,,,,,,,,,,,,,,,,,,,,,,,,,,,,,,,,,,,,,,,,,,,,,,,,,,,,,,,,,,,,,,,,,,,,,,,,,,,,,
POINT (-46.6860586 -23.5007988),Shell,convenience,Shell,Q154950,,,,,en:Royal Dutch Shell,,São Paulo,500,02716-000,Avenida Inajar de Souza,Limão,,,,,,,,,,,,,,,,,,,,,,,,,,,,,,,,,,,,,,,,,,,,,,,,,,,,,,,,,,,,,,,,,,,,,,,,,,,,,,,,,,,,,,,,,,,,,,,,,,,,,,,,,,,,,,,,,,,,,,,,,,,,,,,,,,,,,,,,,,,,,,,,,,,,,,,,,,,,,,,,,,,,,
POINT (-46.5888075 -23.473459),,convenience,,,,,,,,,São Paulo,1792,02265-002,Avenida Guapira,,,,,,,,,,,,,,,,,,,,,,,,,,,,,,,,,,,,,,,,,,,,,,,,,,,,,,,,,,,,,,,,,,,,,,,,,,,,,,,,,,,,,,,,,,,,,,,,,,,,,,,,,,,,,,,,,,,,,,,,,,,,,,,,,,,,,,,,,,,,,,,,,,,,,,,,,,,,,,,,,,,,,,
POINT (-46.6493985 -23.5643307),Fast Store,convenience,,,,,,24/7,,,,,,,,,,,no,yes,no,0,,,,,,,,,,,,,,,,,,,,,,,,,,no,,,,,,,,,,,,,,,,,,,,,,,,,,,,,,,,,,,,,,,,,,,,,,,yes,customers,,,,,,,,,,,,,,,,,,,,,,,,,,,,,,,,,,,,,,,,,,,,,,,,,,,,,,,,,,,,,,,,,,,,,,,,,,,,,,,,,,,,
POINT (-46.6340525 -23.6268887),Monale Supermercado,supermarket,,,,,,,,,São Paulo,764,04304-001,Avenida Fagundes Filho,Vila Monte Alegre,,,,,,,,,,,,,,,,,,,,,,,,,,,,,,,,,,,,,,,,,,,,,,,,,,,,,,,,,,,,,,,,,,,,,,,,,,,,,,,,,,,,,,,,,,,,,,,,,,,,,,,,,,,,,,,,,,,,,,,,,,,,,,,,,,,,,,,,,,,,,,,,,,,,,,,,,,,,,,,,,,,,,
POINT (-46.6624591 -23.5786718),Atacado Suplemento,supermarket,,,,,,24/7,,,São Paulo,101;1,01431-000,Avenida Brasil,,2025-01-21,,AtacadoSuplemento.com.br,,yes,,,,https://www.atacadosuplemento.com.br/,yes,,,,+55 11 3280-0700,,yes,yes,,,,,,,,,,,,,,,,,,,,,,,Site online de suplementos alimentares com ofertas para compras no varejo e no atacado.,,,,,sac@atacadosuplemento.com.br,,https://www.instagram.com/atacado.suplemento/,,,,,,,,,,,,yes,,,,,,yes,,,,,,,,,,,,,,,,,warehouse,2025-01-22,BR,https://atacadosuplemento.com.br/wp-content/uploads/logo-atacadosuplemento.png,+55 11 95092-5417,www.AtacadoSuplemento.com.br,AtacadoSuplemento.com.br,yes,yes,2025-01-21,,,,,,,,,,,,,,,,,,,,,,,,,,,,,,,,,,,,,,,,,,,,,,,,,,,,,,,,,,,,,,,,,,,,,,,,,,
POINT (-46.697333 -23.6103465),Carrefour Express,convenience,Carrefour Express,Q2940190,,,,,,,,,,,,,,,,,,,,,,,,,,,,,,,,,,,,,,,,,,,,,,,,,,,,,,,,,,,,,,,,,,,,,,,,,,,,,,,,,,,,,,,,,,,,,,,,,,,,,,,,,,,,,,,,,,,,,,,,,,,,,,,,,,,,,,,,,,,,,,,,,,,,,,,,,,,,,,,,,,,,,,,,,,,,,,,,
POINT (-46.7204379 -23.5859637),Mercearia e Quitanda Maky,convenience,,,,,,,,,,,,,,,,,,,,,,,,,,,+55 11 3722 0794,,,,,,,,,,,,,,,,,,,,,,,,,,,,,,,,,,,,,,,,,,,,,,,,,,,,,,,,,,,,,,,,,,,,,,,,,,,,,,,,,,,,,,,,,,,,,,,,,,,,,,,,,,,,,,,,,,,,,,,,,,,,,,,,,,,,,,,,,,,,,,,,,,,,,,,
POINT (-46.6232347 -23.5754508),Hachiman Produtos Orientais,supermarket,,,,,,,,,,,,,,,,,,,,,,,,,,,,,,,,,,,,,,,,,,,,,,,,,,,,,,,,,,,,,,,,,,,,,,,,,,,,,,,,,,,,,,,,,,,,,,,,,,,,,,,,,,,,,,,,,,,,,,,,,,,,,,,,,,,,,,,,,,,,,,,,,,,,,,,,,,,,,,,,,,,,,,,,,,,,,,,,,,
POINT (-46.7032752 -23.6451323),Pão de Açúcar,supermarket,Pão de Açúcar,Q3411543,,,,,,Fresh,,,,,,,,,,,,,,,,,,,,,,,,,,,,,,,,,,,,,,,,,,,,,,,,,,,,,,,,,,,,,,,,,,,,,,,,,,,,,,,,,,,,,,,,,,,,,,,,,,,,,,,,,,,,,,,,,,,,,,,,,,,,,,,,,,,,,,,,,,,,,,,,,,,,,,,,,,,,,,,,,,,,,,,,,,
POINT (-46.6438501 -23.5756834),Master Supermercados,supermarket,,,,,,,,,,,,,,,,,,,,,,,,,,,,,,,,,,,,,,,,,,,,,,,,,,,,,,,,,,,,,,,,,,,,,,,,,,,,,,,,,,,,,,,,,,,,,,,,,,,,,,,,,,,,,,,,,,,,,,,,,,,,,,,,,,,,,,,,,,,,,,,,,,,,,,,,,,,,,,,,,,,,,,,,,,,,,,,,,,
POINT (-46.6527817 -23.554209),Master,supermarket,,,,,,,,,,,,,,,,,,,,,,https://delivery.mastersupermercados.com.br/,,,,,,,,,,,,,,,,,,,,,,,,,,,,,,,,,,,,,,,,,,,,,,,,,,,,,,,,,,,,,,,,,,,,,,,,,,,,,,,,,,,,,,,,,,,,,,,,,,,,,,,,,,,,,,,,,,,,,,,,,,,,,,,,,,,,,,,,,,,,,,,,,,,,,,,,,,,,
POINT (-46.6420234 -23.5480554),Carrefour Express,convenience,Carrefour Express,Q2940190,,,,,,,,,,,,,,,,,,,,,,,,,,,,,,,,,,,,,,,,,,,,,,,,,,,,,,,,,,,,,,,,,,,,,,,,,,,,,,,,,,,,,,,,,,,,,,,,,,,,,,,,,,,,,,,,,,,,,,,,,,,,,,,,,,,,,,,,,,,,,,,,,,,,,,,,,,,,,,,,,,,,,,,,,,,,,,,,
POINT (-46.660934 -23.5703545),Carrefour,supermarket,Carrefour,Q217599,,,,,,,,,,,,,,,,,,,,,,,,,,,,,,,,,,,,,,,,,,,,,,,,,,,,,,,,,,,,,,,,,,,,,,,,,,,,,,,,,,,,,,,,,,,,,,,,,,,,,,,,,,,,,,,,,,,,,,,,,,,,,,,,,,,,,,,,,,,,,,,,,,,,,,,,,,,,,,,,,,,,,,,,,,,,,,,,
POINT (-46.5196556 -23.5000495),Mercado Laticinios Cantera,supermarket,,,,,,,,,,,,,,,,,,,,,,,,,,,,,,,,,,,,,,,,,,,,,,,,,,,,,,,,,,,,,,,,,,,,,,,,,,,,,,,,,,,,,,,,,,,,,,,,,,,,,,,,,,,,,,,,,,,,,,,,,,,,,,,,,,,,,,,,,,,,,,,,,,,,,,,,,,,,,,,,,,,,,,,,,,,,,,,,,,
POINT (-46.6614375 -23.4631092),Giga Atacado - Cachoeirinha,supermarket,,,,,,Mo-Su 07:00-22:00,,,São Paulo,900,026171-110,Rua Koshun Takara,Vila Dionisia,,,,,,,,Giga,,yes,,,,+55 11 39339974,,yes,yes,,,,,,,,,,,,,,,,,,,,,,,,,,,,,,,,,,,,,,,,,,,,,,,,,,,,,,,,,,,,,,,,,,,,,,,,,yes,,,,,,,,,,,,,,,,,,,,,,,,,,,,,,,,,,,,,,,,,,,,,,,,,,,,,,,,,,,,,,,,,,,,,,,,,,,
POINT (-46.6639143 -23.6096873),,convenience,,,,,,,,,,,,,,,,,,,,,,,,,,,,,,,,,,,,,,,,,,,,,,,,,,,,,,,,,,,,,,,,,,,,,,,,,,,,,,,,,,,,,,,,,,,,,,,,,,,,,,,,,,,,,,,,,,,,,,,,,,,,,,,,,,,,,,,,,,,,,,,,,,,,,,,,,,,,,,,,,,,,,,,,,,,,,,,,,,
POINT (-46.7112238 -23.6292099),Carrefour,supermarket,Carrefour,Q217599,,,,,fr:Carrefour (enseigne),hypermarket,,,,Avenida das Nações Unidas,,,,,,,,1,Groupe Carrefour,,,,,Carrefour Granja Julieta,,,,,,,,,,,,,,,,,,,,,,,,,,,,,,,,,,,,,Q3117359,fr:Groupe Carrefour,,,,,,,,,,,,,,,,,,,,,,,,,,,,,,,,,,,,,,,,,,,,,,,,,,,,,,,,,,,,,,,,,,,,,,,,,,,,,,,,,,,,,,,,,,,,,,,,,,,,,,,,,,,,,,,,,,
POINT (-46.6546703 -23.567507),Oxxo,convenience,Oxxo,Q1342538,,,,,,,,737,,Alameda Campinas,,,,,,,,,,,,,,,,,,,,,,,,,,,,,,,,,,,,,,,,,,,,,,,,,,,,,,,,,,,,,,,,,,,,,,,,,,,,,,,,,,,,,,,,,,,,,,,,,,,,,,,,,,,,,,,,,,,,,,,,,,,,,,,,,,,,,,,,,,,,,,,,,,,,,,,,,,,,,,,,,,,,,,
POINT (-46.6378594 -23.5275204),Oxxo,convenience,Oxxo,Q1342538,,,,24/7,,,São Paulo,428,01123-040,Rua Guarani,Bom Retiro,,,,,,,,,,,,,,,,,,,,,,,,,,,,,,,,,,,,,,,,,,,,,,https://www.oxxo.plusoftdtm.com/relacionamento/,,,,,,,,,,,,,,,,,,,,,,,,,,,,,,,,,,,,,,,,,,,,,,,,,,,,,,,,,,,,,,,,,,,,,,,,,,,,,,,,,,,,,,,,,,,,,,,,,,,,,,,,,,,,,,,,,,,,,,,
POINT (-46.6211462 -23.503967),Blue Point,convenience,,,,,,,,,,,,,,,,,,,,,,,,,,,,,,,,,,,,,,,,,,,,,,,,,,,,,,,,,,,,,,,,,,,,,,,,,,,,,,,,,,,,,,,,,,,,,,,,,,,,,,,,,,,,,,,,,,,,,,,,,,,,,,,,,,,,,,,,,,,,,,,,,,,,,,,,,,,,,,,,,,,,,,,,,,,,,,,,,,
POINT (-46.6392733 -23.5357054),RS Musical,convenience,,,,,,,,,,46,,Rua General Osório,,,,,,,,,,,,,,,,,,,,,,,,,,,,,,,,,,,,,,,,,,,,,,,,,,,,,,,,,,,,,,,,,,,,,,,,,,,,,,,,,,,,,,,,,,,,,,,,,,,,,,,,,,,,,,,,,,,,,,,,,,,,,,,,,,,,,,,,,,,,,,,,,,,,,,,,,,,,,,,,,,,,,,
POINT (-46.6479567 -23.6037103),Armazém Organicos,supermarket,,,,,,,,,,2076,,Rua Luis Góis,,,,,only,,,,,,,,,,,,,,,,,,,,,,,,,,,,,,,,,,,,,,,,,,,,,,,,,,,,,,,,,,,,,,,,,,,,,,,,,,,,,,,,,,,,,,,,,,,,,,,,,,,,,,,,,,,,,,,,,,,,,,,,,,,,,,,,,,,,,,,,,,,,,,,,,,,,,,,,,,,,,,,,,
POINT (-46.6442354 -23.6038702),Empório Cereália de Produtos Naturais,supermarket,,,,,,,,,,1692,,Rua Luis Góis,,,,,,,,,,,,,,,,,,,,,,,,,,,,,,,,,,,,,,,,,,,,,,,,,,,,,,,,,,,,,,,,,,,,,,,,,,,,,,,,,,,,,,,,,,,,,,,,,,,,,,,,,,,,,,,,,,,,,,,,,,,,,,,,,,,,,,,,,,,,,,,,,,,,,,,,,,,,,,,,,,,,,,
POINT (-46.6855004 -23.5647452),Oxxo,convenience,Oxxo,Q1342538,,,,"PH,Mo-Su 00:00-24:00",,,,,,,,,,,,no,,,,,,,,,,,,,,,,,,,,,,,,,,,,,,,,,,,,,,,,,,,,,,,,,,,,,,,,,,,,,,,,,,,,,,,,,,,,,,,,,,,,,,,,,,,,,,,,,,,,,,,,,,,,,,,,,,,,,,,,,,,,,,,,,,,,,,,,,,,,,,,,,,,,,,,,,,,,,,,,
POINT (-46.6403012 -23.634051),Carrefour Express,convenience,Carrefour Express,Q2940190,,,,"Mo-Sa 00:00-24:00,So - 22:00",,,Sao Paulo,179,04310-040,Rua Guatapará,Vila Guarani,2025-02-13,,,,yes,,0,Carrefour Express Guatapará,,,,,,,,yes,yes,,yes,,yes,,,,,,no,,,,,,,,,,,,,,,,,,,survey,,,,,,,,,,,,,,,,,,yes,,,,,,,,,,,,,,,,no,,,,,,,,,,,,yes,yes,no,yes,,,,,,,,,,,,,,,,,,,,,,,,,,,,,,,,,,,,,,,,,,,,,,,,,,,,,,,,,,,,,,,,,,,,,,
POINT (-46.4765608 -23.5380664),Shell,convenience,Shell,Q110716465,,,,,,,São Paulo,952,,Avenida Águia de Haia,,,,,,,,,,,,,,,,,,,,,,,,,,,,,,,,,,,,,,,,,,,,,,,,,,,,,,,,,,,,,,,,,,,,,,,,,,,,,,,,,,,,,,,,,,,,,,,,,,,,,,,,,,,,,,,,,,,,,,,,,,,,,,,,,,,,,,,,,,,,,,,,,,,,,,,,,,,,,,,,,,,,,,
POINT (-46.5689799 -23.5865986),Sacolão da Fartura,supermarket,,,,,,,,,,,,,,2023-06-04,,,,yes,,,,,,,,,,,,,,yes,,yes,,,,,,,,,,,yes,,,,,,,,Horti-fruti e mercado,,,,,,,,,,,,,,,,,,,,,,,,,,,,,,,,,,,,,,,,,,,,,,,,,,,,,,,,,,,,,,,,,,,,,,,,,,,,,,,,,,,,,,,,,,,,,,,,,,,,,,,,,,,,,,,,,,,,,,,,,,,,,
POINT (-46.6614496 -23.5594595),Empório Daruma,supermarket,,,,,,,,,,,,,,2023-06-19,,,,yes,,,,,,,,,,,,,,,,,,,,,,,,,,,,,,,,,,,,,,,,,,,,,,,,,,,,,,,,,,,,,,,,,,,,,,,,,,,,,,,,,,,,,,,,,,,0-5,,,,,,,,,,,,,,,,,,,,,,,,,,,,,,,,,,,,,,,,,,,,,,,,,,,,,,,,,,,,,,,,,,,,,
POINT (-46.6349815 -23.5779153),Minuto Pão de Açúcar,supermarket,Pão de Açúcar,Q3411543,,,,"Mo-Sa 07:00-22:00; Su,PH 08:00-20:00",,,,,,,,2025-04-17,,,,yes,,,,,,,,,,,,,,,,,,,,,,,2025-04-17,,,,,,,,,,,,,,,,,,,,,,,,,,,,,,,,,,,,,,,,,,,,,,,,,,,,,,,,,,,,,,,,,,,,,,,,,,,,,,,,,,,,,,,,,,,,,,,,,,,,,,,,,,,,,,,,,,,,,,,,,,,,,,,,,,,,,,,,,
POINT (-46.6394613 -23.5777048),Oxxo,convenience,Oxxo,Q1342538,,,,,,,,,,,,2023-06-20,,,,,,,,,,,,,,,,,,,,,,,,,,,,,,,,,,,,,,,,,,,,,,,,,,,,,,,,,,,,,,,,,,,,,,,,,,,,,,,,,,,,,,,,,,,,,,,,,,,,,,,,,,,,,,,,,,,,,,,,,,,,,,,,,,,,,,,,,,,,,,,,,,,,,,,,,,,,,,,,,,,,
POINT (-46.6434424 -23.5845998),Oxxo,convenience,Oxxo,Q1342538,,,,,,,,,,,,2023-06-20,,,,,,,,,,,,,,,,,,,,,,,,,,,,,,,,,,,,,,,,,,,,,,,,,,,,,,,,,,,,,,,,,,,,,,,,,,,,,,,,,,,,,,,,,,,,,,,,,,,,,,,,,,,,,,,,,,,,,,,,,,,,,,,,,,,,,,,,,,,,,,,,,,,,,,,,,,,,,,,,,,,,
POINT (-46.6362459 -23.5570409),Mercado Extra,supermarket,Mercado Extra,Q5422131,,,,,,,,,,,,,,,,,,,,,,,,,,,,,,,,,,,,,,,,,,,,,,,,,,,,,,,,,,,,,,,,,,,,,,,,,,,,,,,,,,,,,,,,,,,,,,,,,,,,,,,,,,,,,,,,,,,,,,,,,,,,,,,,,,,,,,,,,,,,,,,,,,,,,,,,,,,,,,,,,,,,,,,,,,,,,,,,
POINT (-46.6872577 -23.5660539),Oxxo,convenience,Oxxo,Q1342538,,,,,,,,,,,,,,,,,,,,,,,,,,,,,,,,,,,,,,,,,,,,,,,,,,,,,,,,,,,,,,,,,,,,,,,,,,,,,,,,,,,,,,,,,,,,,,,,,,,,,,,,,,,,,,,,,,,,,,,,,,,,,,,,,,,,,,,,,,,,,,,,,,,,,,,,,,,,,,,,,,,,,,,,,,,,,,,,
POINT (-46.6752671 -23.5555683),Kazu Dooces,supermarket,,,,,,,,,,,,,,,,,,,,,,,,,,,,,,,,,,,,,,,,,,,,,,,,,,,,,,,,,,,,,,,,,,,,,,,,,,,,,,,,,,,,,,,,,,,,,,,,,,,,,,,,,,,,,,,,,,,,,,,,,,,,,,,,,,,,,,,,,,,,,,,,,,,,,,,,,,,,,,,,,,,,,,,,,,,,,,,,,,
POINT (-46.6330848 -23.572632),Koa Food Market,convenience,,,,,,"Mo-Sa 09:00-22:00; Su,PH 09:00-21:00",,,,690,,Avenida da Aclimação,,,,,,,,,,https://www.instagram.com/koafoodmarket/,,,,,+55 (11) 3275-3002,,,,,,,,,,,,,,,,,,,,,,,,,,,,,,,,,,,,,,,,,,,,,,,,,,,,,,,,,,,,,,,,,,,,,,,,,,,,,,,,,,,,,,,,,,,,,,,,,,,,,,,,,,,,,,,,,,,,,,,,,,,,,,,,,,,,,,,,,,,,,,,,,,,,,,,
POINT (-46.6342988 -23.575551),Meiwa,convenience,,,,,,Mo-Sa 08:00-20:00; Su 08:30-13:30,,,,16,,Rua Batista Cepelos,,,,,,,,,,,,,,,+55 11 3207-9564,,,,,,,,,,,,,,,,,,,,,,,,,,,,,,,,,,,,,,,,,,,,,,,,,,,,,,,,,,,,,,,,,,,,,,,,,,,,,,,,,,,,,,,,,,,,,,,,,,,,,,,,,,,,,,,,,,,,,,,,,,,,,,,,,,,,,,,,,,,,,,,,,,,,,,,
POINT (-46.6751331 -23.4598398),Rede plus,supermarket,,,,,,,,,,,,,,,,,,,,,,,,,,,,,,,,,,,,,,,,,,,,,,,,,,,,,,,,,,,,,,,,,,,,,,,,,,,,,,,,,,,,,,,,,,,,,,,,,,,,,,,,,,,,,,,,,,,,,,,,,,,,,,,,,,,,,,,,,,,,,,,,,,,,,,,,,,,,,,,,,,,,,,,,,,,,,,,,,,
POINT (-46.797268 -23.7214603),Realeza,supermarket,,,,,,,,,,,,,,,,,,,,,,,,,,,,,,,,,,,,,,,,,,,,,,,,,,,,,,,,,,,,,,,,,,,,,,,,,,,,,,,,,,,,,,,,,,,,,,,,,,,,,,,,,,,,,,,,,,,,,,,,,,,,,,,,,,,,,,,,,,,,,,,,,,,,,,,,,,,,,,,,,,,,,,,,,,,,,,,,,,
POINT (-46.6983859 -23.6356167),OXXO,convenience,OXXO,Q1342538,,,,24/7,,,,643,,Rua Alexandre Dumas,,,,,,,,,,,,,,,,,,,,,,,,,,,,,,,,,,,,,,,,,,,,,,,,,,,,,,,,,,,,,,,,,,,,,,,,,,,,,,,,,,,,,,,,,,,,,,,,,,,,,,,,,,,,,,,,,,,,,,,,,,,,,,,,,,,,,,,,,,,,,,,,,,,,,,,,,,,,,,,,,,,,,,
POINT (-46.6958722 -23.6391186),OXXO,convenience,OXXO,Q1342538,,,,24/7,,,,,,,,,,,,,,,,,,,,,,,,,,,,,,,,,,,,,,,,,,,,,,,,,,,,,,,,,,,,,,,,,,,,,,,,,,,,,,,,,,,,,,,,,,,,,,,,,,,,,,,,,,,,,,,,,,,,,,,,,,,,,,,,,,,,,,,,,,,,,,,,,,,,,,,,,,,,,,,,,,,,,,,,,,,,
POINT (-46.6728332 -23.5607564),St. Marche,supermarket,,,,,,,,,,,,,,,,,,,,,,,,,,,,,,,,,,,,,,,,,,,,,,,,,,,,,,,,,,,,,,,,,,,,,,,,,,,,,,,,,,,,,,,,,,,,,,,,,,,,,,,,,,,,,,,,,,,,,,,,,,,,,,,,,,,,,,,,,,,,,,,,,,,,,,,,,,,,,,,,,,,,,,,,,,,,,,,,,,
POINT (-46.6309644 -23.5568474),Marcos & Lu Mercadinho,convenience,,,,,,,,,São Paulo,197,01513-000,Rua São Paulo,,,,,,,,,,,,,,,,,,,,,,,,,,,,,,,,,,,,,,,,,,,,,,,,,,,,,,,,,,,,,,,,,,,,,,,,,,,,,,,,,,,,,,,,,,,,,,,,,,,,,,,,,,,,,,,,,,,,,,,,,,,,,,,,,,,,,,,,,,,,,,,,,,,,,,,,,,,,,,,,,,,,,,
POINT (-46.6285115 -23.6204837),Vila das Frutas,supermarket,,,,,,,,,,,,,,,,,,,,,,,,,,,,,,,,,,,,,,,,,,,,,,,,,,,,,,,,,,,,,,,,,,,,,,,,,,,,,,,,,,,,,,,,,,,,,,,,,,,,,,,,,,,,,,,,,,,,,,,,,,,,,,,,,,,,,,,,,,,,,,,,,,,,,,,,,,,,,,,,,,,,,,,,,,,,,,,,,,
POINT (-46.6321113 -23.6171043),DIA Supermercado,supermarket,Dia,Q925132,,,,,,,São Paulo,364,04145-030,Rua Visconde de Inhaúma,Vila da Saúde,,,,,,,,,,,,,,,,,,,,,,,,,,,,,,,,,,,,,,,,,,,,,,,,,,,,,,,,,,,,,,,,,,,,,,,,,,,,,,,,,,,,,,,,,,,,,,,,,,,,,,,,,,,,,,,,,,,,,,,,,,,,,,,,,,,,,,,,,,,,,,,,,,,,,,,,,,,,,,,,,,,,,
POINT (-46.4000464 -23.6080953),Mercado Lucy Dantas,convenience,,,,,,Mo-Sa 08:00-20:30; Su 08:00-13:30,,,,564,08471-533,Rua Francisco José Viana,,,,,,,,,,,,,,,,,,,,,,,,,,,,,,,,,,,,,,,,Mercado Lucidantas,,,,,,,,,,,,,,,,,,,,,,,,,,,,,,,,,,,,,,,,,,,,,,,,,,,,,,,,,,,,,,,,,,,,,,,,,,,,,,,,,,,,,,,,,,,,,,,,,,,,,,,,,,,,,,,,,,,,,,,,,,,,,,
POINT (-46.4113151 -23.5800126),Magic Doces,convenience,,,,,,Mo-Sa 08:00-18:00; Su 08:00-13:00,,,,103,08490-490,Avenida Souza Ramos,,,,,,,,,,,,,,,,,,,,,,,,,,,,wlan,,,,,,,,,,,,Magic Doces (Artigos de festa e confeitaria),,,,,,,,,,,,,,,,,,,,,,,,,,,,,,,,,,,,,,,,,,,,,,,,,,,,,,,,,,,,,,,,,,,,,,,,,,,,,,,,,,,,,,,,,,,,,,,,,,,,,,,,,,,,,,,,,,,,,,,,,,,,,,
POINT (-46.4004171 -23.6079453),Martins & Santos,convenience,,,,,,Mo-Sa 08:00-21:00; Su 08:00-16:00,,,,14,08471-560,Rua Antônio Venosa,,,,,,,,,,,,,,,,,,,,,,,,,,,,,,,,,,,,,,,,,,,,,,,,,,,,,,,,,,,,,,,,,,,,,,,,,,,,,,,,,,,,,,,,,,,,,,,,,,,,,,,,,,,,,,,,,,,,,,,,,,,,,,,,,,,,,,,,,,,,,,,,,,,,,,,,,,,,,,,,,,,,,,
POINT (-46.6870213 -23.5621922),Cia dos doces,convenience,,,,,,,,,,,,,,,,,,,,,,,,,,,,,,,,,,,,,,,,,,,,,,,,,,,,,,,,,,,,,,,,,,,,,,,,,,,,,,,,,,,,,,,,,,,,,,,,,,,,,,,,,,,,,,,,,,,,,,,,,,,,,,,,,,,,,,,,,,,,,,,,,,,,,,,,,,,,,,,,,,,,,,,,,,,,,,,,,,
POINT (-46.5322033 -23.6101211),Mercado Imperador,supermarket,,,,,,de domimgo à domingo das 08:00 as 20:00,,,,,,Rua Ana Clara,,,,,,,,,,,,,,,,,,,,,,,,,,,,,,,,,,,,,,,,,,,,,,,,,,,,,,,,,,,,,,,,,,,,,,,,,,,,,,,,,,,,,,,,,,,,,,,,,,,,,,,,,,,,,,,,,,,,,,,,,,,,,,,,,,,,,,,,,,,,,,,,,,,,,,,,,,,,,,,,,,,,,,
POINT (-46.5300157 -23.6111471),Mercadinho jóia,supermarket,,,,,,de domingo á domingo das 07:00 ás 20:00,,,,,,Rua Ana Clara,,,,,,,,,,,,,,,,,,,,,,,,,,,,,,,,,,,,,,,,,,,,,,,,,,,,,,,,,,,,,,,,,,,,,,,,,,,,,,,,,,,,,,,,,,,,,,,,,,,,,,,,,,,,,,,,,,,,,,,,,,,,,,,,,,,,,,,,,,,,,,,,,,,,,,,,,,,,,,,,,,,,,,
POINT (-46.688641 -23.5278615),Oxxo,convenience,,,,,,,,,,,,,,,,,,,,,,,,,,,,,,,,,,,,,,,,,,,,,,,,,,,,,,,,,,,,,,,,,,,,,,,,,,,,,,,,,,,,,,,,,,,,,,,,,,,,,,,,,,,,,,,,,,,,,,,,,,,,,,,,,,,,,,,,,,,,,,,,,,,,,,,,,,,,,,,,,,,,,,,,,,,,,,,,,,
POINT (-46.6893467 -23.5645651),Americanas express,convenience,,,,,,,,,,,,,,2025-12-25,,,,,,,,,,,,,,,,,,,,,,,,,,,,,,,,,,,,,,,,,,,,,,,,,,,,,,,,,,,,,,,,,,,,,,,,,,,,,,,,,,,,,,,,,,,,,,,,,,,,,,,,,,,,,,,,,,,,,,,,,,,,,,,,,,,,,,,,,,,,,,,,,,,,,,,,,,,,,,,,,,,,
POINT (-46.6918564 -23.5653545),Gaivota,supermarket,,,,,,,,,,,,,,,,,,,,,,,,,,,,,,,,,,,,,,,,,,,,,,,,,,,,,,,,,,,,,,,,,,,,,,,,,,,,,,,,,,,,,,,,,,,,,,,,,,,,,,,,,,,,,,,,,,,,,,,,,,,,,,,,,,,,,,,,,,,,,,,,,,,,,,,,,,,,,,,,,,,,,,,,,,,,,,,,,,
POINT (-46.7260663 -23.6130646),Supermercado Nova Central,supermarket,,,,,,,,,,,,,,,,,,,,,,,,,,,,,,,,,,,,,,,,,,,,,,,,,,,,,,,,,,,,,,,,,,,,,,,,,,,,,,,,,,,,,,,,,,,,,,,,,,,,,,,,,,,,,,,,,,,,,,,,,,,,,,,,,,,,,,,,,,,,,,,,,,,,,,,,,,,,,,,,,,,,,,,,,,,,,,,,,,
POINT (-46.6881341 -23.5481907),Oxxo,convenience,Oxxo,Q1342538,,,,,,,,,,,,,,,,,,,,,,,,,,,,,,,,,,,,,,,,,,,,,,,,,,,,,,,,,,,,,,,,,,,,,,,,,,,,,,,,,,,,,,,,,,,,,,,,,,,,,,,,,,,,,,,,,,,,,,,,,,,,,,,,,,,,,,,,,,,,,,,,,,,,,,,,,,,,,,,,,,,,,,,,,,,,,,,,
POINT (-46.6689622 -23.5463888),Pão de Açúcar,supermarket,Pão de Açúcar,Q3411543,,,,,,,,,,,,2025-12-23,,,,,,,,,,,,,,,,,,,,,,,,,,,,,,,,,,,,,,,,,,,,,,,,,,,,,,,,,,,,,,,,,,,,,,,,,,,,,,,,,,,,,,,,,,,,,,,,,,,,,,,,,,,,,,,,,,,,,,,,,,,,,,,,,,,,,,,,,,,,,,,,,,,,,,,,,,,,,,,,,,,,
POINT (-46.6571064 -23.5360843),Oxxo,convenience,Oxxo,Q1342538,,,,,,,,,,,,,,,,,,,,,,,,,,,,,,,,,,,,,,,,,,,,,,,,,,,,,,,,,,,,,,,,,,,,,,,,,,,,,,,,,,,,,,,,,,,,,,,,,,,,,,,,,,,,,,,,,,,,,,,,,,,,,,,,,,,,,,,,,,,,,,,,,,,,,,,,,,,,,,,,,,,,,,,,,,,,,,,,
POINT (-46.6569203 -23.5359302),Dia,supermarket,Dia,Q925132,,,,,,,,,,,,,,,,,,,,,,,,,,,,,,,,,,,,,,,,,,,,,,,,,,,,,,,,,,,,,,,,,,,,,,,,,,,,,,,,,,,,,,,,,,,,,,,,,,,,,,,,,,,,,,,,,,,,,,,,,,,,,,,,,,,,,,,,,,,,,,,,,,,,,,,,,,,,,,,,,,,,,,,,,,,,,,,,
POINT (-46.6609847 -23.5538636),Oxxo,convenience,Oxxo,Q1342538,,,,,,,,,,,,,,,,,,,,,,,,,,,,,,,,,,,,,,,,,,,,,,,,,,,,,,,,,,,,,,,,,,,,,,,,,,,,,,,,,,,,,,,,,,,,,,,,,,,,,,,,,,,,,,,,,,,,,,,,,,,,,,,,,,,,,,,,,,,,,,,,,,,,,,,,,,,,,,,,,,,,,,,,,,,,,,,,
POINT (-46.6610132 -23.5543753),Carrefour Express,convenience,Carrefour Express,Q2940190,,,,,,,,,,,,,,,,,,,,,,,,,,,,,,,,,,,,,,,,,,,,,,,,,,,,,,,,,,,,,,,,,,,,,,,,,,,,,,,,,,,,,,,,,,,,,,,,,,,,,,,,,,,,,,,,,,,,,,,,,,,,,,,,,,,,,,,,,,,,,,,,,,,,,,,,,,,,,,,,,,,,,,,,,,,,,,,,
POINT (-46.5588653 -23.6052391),Mercadinho Nantai,supermarket,,,,,,,,,São Paulo,50,,Rua Mata Machado,Vila California,,,,,,,,,,,,,,,,,,,,,,,,,,,,,,,,,,,,,,,,,,,,,,,,,,,,,,,,,,,,,,,,,,,,,,,,,,,,,,,,,,,,,,,,,,,,,,,,,,,,,,,,,,,,,,,,,,,,,,,,,,,,,,,,,,,,,,,,,,,,,,,,,,,,,,,,,,,,,,,,,,,,,
POINT (-46.7466059 -23.517859),,convenience,,,,,,,,,,,,,,,,,,,,,,,,,,,,,,,,,,,,,,,,,,,,,,,,,,,,,,,,,,,,,,,,,,,,,,,,,,,,,,,,,,,,,,,,,,,,,,,,,,,,,,,,,,,,,,,,,,,,,,,,,,,,,,,,,,,,,,,,,,,,,,,,,,,,,,,,,,,,,,,,,,,,,,,,,,,,,,,,,,
POINT (-46.7459378 -23.5174834),,convenience,,,,,,,,,São Paulo,2052,05118-100,Avenida Marginal Direita do Tietê,,,,,,,,,,,,,,,,,,,,,,,,,,,,,,,,,,,,,,,,,,,,,,,,,,,,,,,,,,,,,,,,,,,,,,,,,,,,,,,,,,,,,,,,,,,,,,,,,,,,,,,,,,,,,,,,,,,,,,,,,,,,,,,,,,,,,,,,,,,,,,,,,,,,,,,,,,,,,,,,,,,,,,
POINT (-46.6871299 -23.5582119),Oxxo,convenience,Oxxo,Q1342538,,,,,,,,,,,,,,,,,,,,,,,,,,,,,,,,,,,,,,,,,,,,,,,,,,,,,,,,,,,,,,,,,,,,,,,,,,,,,,,,,,,,,,,,,,,,,,,,,,,,,,,,,,,,,,,,,,,,,,,,,,,,,,,,,,,,,,,,,,,,,,,,,,,,,,,,,,,,,,,,,,,,,,,,,,,,,,,,
POINT (-46.6043542 -23.5833591),Minuto Pão de Açúcar,convenience,Minuto Pão de Açúcar,Q3411543,,,,,,,,,,,,,,,,,,,,,,,,,,,,,,,,,,,,,,,,,Minuto Pão de Açúcar,,,,,,,,,,,,,,,,,,,,,,,,,,,,,,,,,,,,,,,,,,,,,,,,,,,,,,,,,,,,,,,,,,,,,,,,,,,,,,,,,,,,,,,,,,,,,,,,,,,,,,,,,,,,,,,,,,,,,,,,,,,,,,,,,,,,,,,
POINT (-46.6497173 -23.5310595),Armazém do Campo,supermarket,,,,,,Mo-Sa 09:00-19:00,,,São Paulo,499,01218-012,Alameda Eduardo Prado,Campos Elíseos,,,,yes,,,,,https://armazemdocampo.shop/,yes,,,,,,yes,yes,,,,,,,,,,,,,,,,,,,,,,,Loja de produtos da reforma agrária (orgânicos e/ou agricultura familiar). Serve almoço aos sábados (tem opção vegana).,,,,,,,,,,,,,,,,,,,yes,,,,,,,,,,,,,,,,,,,,,,,,,,,,,,,,,,,,,,yes,yes,yes,,,,,,,,,,,,,,,,,,,,,,,,,,,,,,,,,,,,,,,,,,,,,,,,,,,,,,,,,,,,,,,,,,
POINT (-46.6515515 -23.5224072),,convenience,,,,,,,,,,,,,,,,,,,,,,,,,,,,,,,,,,,,,,,,,,,,,,,,,,,,,,,,,,,,,,,,,,,,,,,,,,,,,,,,,,,,,,,,,,,,,,,,,,,,,,,,,,,,,,,,,,,,,,,,,,,,,,,,,,,,,,,,,,,,,,,,,,,,,,,,,,,,,,,,,,,,,,,,,,,,,,,,,,
POINT (-46.5706552 -23.5113488),,convenience,,,,,,,,,,,,,,,,,,,,,,,,,,,,,,,,,,,,,,,,,,,,,,,,,,,,,,,,,,,,,,,,,,,,,,,,,,,,,,,,,,,,,,,,,,,,,,,,,,,,,,,,,,,,,,,,,,,,,,,,,,,,,,,,,,,,,,,,,,,,,,,,,,,,,,,,,,,,,,,,,,,,,,,,,,,,,,,,,,
POINT (-46.6742991 -23.5615674),,convenience,,,,,,24/7,,,,,,,,,,,,,,,,,,,,,,,,,,,,,,,,,,,,,,,,,,,,,,,,,,,,,,,,,,,,,,,,,,,,,,,,,,,,,,,,,,,,,,,,,,,,,,,,,,,,,,,,,,,,,,,,,,,,,,,,,,,,,,,,,,,,,,,,,,,,,,,,,,,,,,,,,,,,,,,,,,,,,,,,,,,,
POINT (-46.6954413 -23.5711683),,convenience,,,,,,,,,,,,,,,,,,,,,,,,,,,,,,,,,,,,,,,,,,,,,,,,,,,,,,,,,,,,,,,,,,,,,,,,,,,,,,,,,,,,,,,,,,,,,,,,,,,,,,,,,,,,,,,,,,,,,,,,,,,,,,,,,,,,,,,,,,,,,,,,,,,,,,,,,,,,,,,,,,,,,,,,,,,,,,,,,,
POINT (-46.6337408 -23.5998545),Oxxo,convenience,Oxxo,Q1342538,,,,,,,,,,Rua Loefgren,,,,,,,,,,,,,,,,,,,,,,,,,,,,,,,,,,,,,,,,,,,,,,,,,,,,,,,,,,,,,,,,,,,,,,,,,,,,,,,,,,,,,,,,,,,,,,,,,,,,,,,,,,,,,,,,,,,,,,,,,,,,,,,,,,,,,,,,,,,,,,,,,,,,,,,,,,,,,,,,,,,,,,
POINT (-46.676041 -23.5153337),ampm,convenience,ampm,Q306960,,,,,,,,,,,,,,,,,,,,,,,,,,,,,,,,,,,,,,,,,,,,,,,,,,,,,,,,,,,,,,,,,,,,,,,,,,,,,,,,,,,,,,,,,,,,,,,,,,,,,,,,,,,,,,,,,,,,,,,,,,,,,,,,,,,,,,,,,,,,,,,,,,,,,,,,,,,,,,,,,,,,,,,,,,,,,,,,
POINT (-46.6498438 -23.5512812),Carrefour Express,convenience,Carrefour Express,Q2940190,,,,,,,,,,,,,,,,,,,,,,,,,,,,,,,,,,,,,,,,,,,,,,,,,,,,,,,,,,,,,,,,,,,,,,,,,,,,,,,,,,,,,,,,,,,,,,,,,,,,,,,,,,,,,,,,,,,,,,,,,,,,,,,,,,,,,,,,,,,,,,,,,,,,,,,,,,,,,,,,,,,,,,,,,,,,,,,,
POINT (-46.6662509 -23.5557691),,convenience,,,,,,,,,,,,,,,,,,,,,,,,,,,,,,,,,,,,,,,,,,,,,,,,,,,,,,,,,,,,,,,,,,,,,,,,,,,,,,,,,,,,,,,,,,,,,,,,,,,,,,,,,,,,,,,,,,,,,,,,,,,,,,,,,,,,,,,,,,,,,,,,,,,,,,,,,,,,,,,,,,,,,,,,,,,,,,,,,,
POINT (-46.6979032 -23.5653072),,convenience,,,,,,,,,,,,,,,,,,,,,,,,,,,,,,,,,,,,,,,,,,,,,,,,,,,,,,,,,,,,,,,,,,,,,,,,,,,,,,,,,,,,,,,,,,,,,,,,,,,,,,,,,,,,,,,,,,,,,,,,,,,,,,,,,,,,,,,,,,,,,,,,,,,,,,,,,,,,,,,,,,,,,,,,,,,,,,,,,,
POINT (-46.6780747 -23.5553839),A vendinha,convenience,,,,,,,,,,,,,,,,,,,,,,,,,,,,,,,,,,,,,,,,,,,,,,,,,,,,,,,,,,,,,,,,,,,,,,,,,,,,,,,,,,,,,,,,,,,,,,,,,,,,,,,,,,,,,,,,,,,,,,,,,,,,,,,,,,,,,,,,,,,,,,,,,,,,,,,,,,,,,,,,,,,,,,,,,,,,,,,,,,
POINT (-46.6369402 -23.5584099),Supermercado Amigos,supermarket,,,,,,,,,,,,,,,,,,,,,,,,,,,,,,,,,,,,,,,,,,,,,,,,,,,,,,,,,,,,,,,,,,,,,,,,,,,,,,,,,,,,,,,,,,,,,,,,,,,,,,,,,,,,,,,,,老友记超市,,,,,,,,,,,,,,,,,,,,,,,,,,,,,,,,,,,,,,,,,,,,,,,,,,,,,,,,,,,,,,,,,
POINT (-46.6464843 -23.5508262),Sacolão Avanhandava,supermarket,,,,,,,,,,,,,,,,,,,,,,,,,,,,,,,,,,,,,,,,,,,,,,,,,,,,,,,,,,,,,,,,,,,,,,,,,,,,,,,,,,,,,,,,,,,,,,,,,,,,,,,,,,,,,,,,,,,,,,,,,,,,,,,,,,,,,,,,,,,,,,,,,,,,,,,,,,,,,,,,,,,,,,,,,,,,,,,,,,
POINT (-46.6944194 -23.6099164),Carrefour Express,convenience,Carrefour Express,Q2940190,,,,,,,,,,,,,,,,,,,,,,,,,,,,,,,,,,,,,,,,,,,,,,,,,,,,,,,,,,,,,,,,,,,,,,,,,,,,,,,,,,,,,,,,,,,,,,,,,,,,,,,,,,,,,,,,,,,,,,,,,,,,,,,,,,,,,,,,,,,,,,,,,,,,,,,,,,,,,,,,,,,,,,,,,,,,,,,,
POINT (-46.6486578 -23.5481559),Shell Select,convenience,Shell Select,Q110716465,,,,,,,,,,,,,,,,,,,,,,,,,,,,,,,,,,,,,,,,,,,,,,,,,,,,,,,,,,,,,,,,,,,,,,,,,,,,,,,,,,,,,,,,,,,,,,,,,,,,,,,,,,,,,,,,,,,,,,,,,,,,,,,,,,,,,,,,,,,,,,,,,,,,,,,,,,,,,,,,,,,,,,,,,,,,,,,,
POINT (-46.6564319 -23.5427521),Multicoisas,convenience,,,,,,,,,,,,,,,,,,,,,,,,,,,,,,,,,,,,,,,,,,,,,,,,,,,,,,,,,,,,,,,,,,,,,,,,,,,,,,,,,,,,,,,,,,,,,,,,,,,,,,,,,,,,,,,,,,,,,,,,,,,,,,,,,,,,,,,,,,,,,,,,,,,,,,,,,,,,,,,,,,,,,,,,,,,,,,,,,,
POINT (-46.6555241 -23.5543406),,convenience,,,,,,,,,,,,,,,,,,,,,,,,,,,,,,,,,,,,,,,,,,,,,,,,,,,,,,,,,,,,,,,,,,,,,,,,,,,,,,,,,,,,,,,,,,,,,,,,,,,,,,,,,,,,,,,,,,,,,,,,,,,,,,,,,,,,,,,,,,,,,,,,,,,,,,,,,,,,,,,,,,,,,,,,,,,,,,,,,,
POINT (-46.6352874 -23.5546186),Meisim Mercearia,convenience,,,,,,,,,São Paulo,83,01503-010,Praça da Liberdade,,,,,,,,,,,,,,,,,,,,,,,,,,,,,,,,,,,,,,,,,,,,,,,,,,,,,,,,,,,,,,,,,,,,,,,,,,,,,,,,,,,,,,,,,,,,,,,,,,,,,,,,,,,,,,,,,,,,,,,,,,,,,,,,,,,,,,,,,,,,,,,,,,,,,,,,,,,,,,,,,,,,,,
POINT (-46.6357663 -23.5544603),Casa Mart,convenience,,,,,,,,,,,,,,,,,,,,,,,,,,,,,,,,,,,,,,,,,,,,,,,,,,,,,,,,,,,,,,,,,,,,,,,,,,,,,,,,,,,,,,,,,,,,,,,,,,,,,,,,,,,,,,,,,,,,,,,,,,,,,,,,,,,,,,,,,,,,,,,,,,,,,,,,,,,,,,,,,,,,,,,,,,,,,,,,,,
POINT (-46.6535242 -23.5540231),Oxxo,convenience,Oxxo,Q1342538,,,,,,,,,,,,,,,,,,,,,,,,,,,,,,,,,,,,,,,,,,,,,,,,,,,,,,,,,,,,,,,,,,,,,,,,,,,,,,,,,,,,,,,,,,,,,,,,,,,,,,,,,,,,,,,,,,,,,,,,,,,,,,,,,,,,,,,,,,,,,,,,,,,,,,,,,,,,,,,,,,,,,,,,,,,,,,,,
POINT (-46.6557216 -23.5542863),,convenience,,,,,,,,,,,,,,,,,,,,,,,,,,,,,,,,,,,,,,,,,,,,,,,,,,,,,,,,,,,,,,,,,,,,,,,,,,,,,,,,,,,,,,,,,,,,,,,,,,,,,,,,,,,,,,,,,,,,,,,,,,,,,,,,,,,,,,,,,,,,,,,,,,,,,,,,,,,,,,,,,,,,,,,,,,,,,,,,,,
POINT (-46.6567313 -23.5549546),Augusta sacolão e mercado,supermarket,,,,,,,,,,,,,,,,,,,,,,,,,,,,,,,,,,,,,,,,,,,,,,,,,,,,,,,,,,,,,,,,,,,,,,,,,,,,,,,,,,,,,,,,,,,,,,,,,,,,,,,,,,,,,,,,,,,,,,,,,,,,,,,,,,,,,,,,,,,,,,,,,,,,,,,,,,,,,,,,,,,,,,,,,,,,,,,,,,
POINT (-46.6088254 -23.6251005),Dia,supermarket,Dia,Q925132,,,,,,,,,,,,,,,,,,,,,,,,,,,,,,,,,,,,,,,,,,,,,,,,,,,,,,,,,,,,,,,,,,,,,,,,,,,,,,,,,,,,,,,,,,,,,,,,,,,,,,,,,,,,,,,,,,,,,,,,,,,,,,,,,,,,,,,,,,,,,,,,,,,,,,,,,,,,,,,,,,,,,,,,,,,,,,,,
POINT (-46.6079845 -23.6228071),OXXO,convenience,OXXO,Q1342538,,,,,,,,,,,,,,,,,,,,,,,,,,,,,,,,,,,,,,,,,,,,,,,,,,,,,,,,,,,,,,,,,,,,,,,,,,,,,,,,,,,,,,,,,,,,,,,,,,,,,,,,,,,,,,,,,,,,,,,,,,,,,,,,,,,,,,,,,,,,,,,,,,,,,,,,,,,,,,,,,,,,,,,,,,,,,,,,
POINT (-46.6554173 -23.5537271),,convenience,,,,,,,,,,,,,,,,,,,,,,,,,,,,,,,,,,,,,,,,,,,,,,,,,,,,,,,,,,,,,,,,,,,,,,,,,,,,,,,,,,,,,,,,,,,,,,,,,,,,,,,,,,,,,,,,,,,,,,,,,,,,,,,,,,,,,,,,,,,,,,,,,,,,,,,,,,,,,,,,,,,,,,,,,,,,,,,,,,
POINT (-46.655594 -23.5487407),,convenience,,,,,,,,,,,,,,,,,,,,,,,,,,,,,,,,,,,,,,,,,,,,,,,,,,,,,,,,,,,,,,,,,,,,,,,,,,,,,,,,,,,,,,,,,,,,,,,,,,,,,,,,,,,,,,,,,,,,,,,,,,,,,,,,,,,,,,,,,,,,,,,,,,,,,,,,,,,,,,,,,,,,,,,,,,,,,,,,,,
POINT (-46.6666437 -23.5641607),Dia Market,supermarket,Dia Market,Q925132,,,,,,,,,,,,,,,,,,,,,,,,,,,,,,,,,,,,,,,,,,,,,,,,,,,,,,,,,,,,,,,,,,,,,,,,,,,,,,,,,,,,,,,,,,,,,,,,,,,,,,,,,,,,,,,,,,,,,,,,,,,,,,,,,,,,,,,,,,,,,,,,,,,,,,,,,,,,,,,,,,,,,,,,,,,,,,,,
POINT (-46.6570676 -23.6542395),Mercado HF,convenience,,,,,,,,,,,,,,,,,,,,,,,,,,,,,,,,,,,,,,,,,,,,,,,,,,,,,,,,,,,,,,,,,,,,,,,,,,,,,,,,,,,,,,,,,,,,,,,,,,,,,,,,,,,,,,,,,,,,,,,,,,,,,,,,,,,,,,,,,,,,,,,,,,,,,,,,,,,,,,,,,,,,,,,,,,,,,,,,,,
POINT (-46.6941003 -23.633909),Oxxo,convenience,,,,,,,,,,,,,,,,,,,,,,,,,,,,,,,,,,,,,,,,,,,,,,,,,,,,,,,,,,,,,,,,,,,,,,,,,,,,,,,,,,,,,,,,,,,,,,,,,,,,,,,,,,,,,,,,,,,,,,,,,,,,,,,,,,,,,,,,,,,,,,,,,,,,,,,,,,,,,,,,,,,,,,,,,,,,,,,,,,
POINT (-46.6366415 -23.5294088),Supermercado Otugui,supermarket,,,,,,Mo-Sa 08:30-19:00; Su 09:00-15:00,,,São Paulo,251,01123-001,Rua Três Rios,Bom Retiro,,,,,yes,,,,https://www.otuguishop.com.br/,,,,,+55 (11) 3326-1419,,,,,,,,,,,,,,,,,,,,,,,,,,,,,,,,,,,,,,,,,,,,,,,,,,,,,,,,,,,,,,,,,,,,,,,,,,,,,,,,,,,,,,,,,,,,,,,,,,,,,,,,,,,,,,,,,,,,,,,,,,,,,,,,,,,,,,,,,,,,,,,,,,,,,,,
POINT (-46.6430798 -23.7038065),Mercadinho do Alemão,supermarket,,,,,,Mo-Su 09:00-21:00,,,São Paulo,97,04474-270,Rua dos Calangos,,,,,,,,,,,,,,,,,,,,,,,,,,,,,,,,,,,,,,,,,,,,,,,,,,,,,,,,,,,,,,,,,,,,,,,,,,,,,,,,,,,,,,,,,,,,,,,,,,,,,,,,,,,,,,,,,,,,,,,,,,,,,,,,,,,,,,,,,,,,,,,,,,,,,,,,,,,,,,,,,,,,,,
POINT (-46.5849997 -23.4570366),Mercadinho Julimais,convenience,,,,,,07:00-22:00,,,São Paulo - SP,11,02281-265,Rua Mário Lago,Jardim Filhos da Terra,,,,,,,,,,yes,,,,,,yes,yes,,,,,,,,,,,,,,,,,,,,,,,,,,,,,,,,,,,,,,,,,,,,,,,,,,,,,,,,,,,,,,,,,,,,,,,,,,,,,,,,,,,,,,,,,,,,,,,,,,,,,,,,,,,,,,,,,,,,,,,,,,,,,,,,,,,,,,,,,,,,,,,,,,,,
POINT (-46.7635081 -23.6954156),Supermercado Cercadão,supermarket,,,,,,Segunda a Sábado: 8h às 22h Domingos e Feriados: 8h às 20h,,,São Paulo,2181,04941-175,Estr. da Baronesa,Parque Bologne,,,,,,,,,,,,,,11 4858-3723,,,,,,,,,,,,,,,,,,,,,,,,,,,,,,,,,,,,,,,,,,,,,,,,,,,,,,,,,,,,,,,,,,,,,,,,,,,,,,,,,,,,,,,,,,,,,,,,,,,,,,,,,,,,,,,,,,,,,,,,,,,,,,,,,,,,,,,,,,,,,,,,,,,,,,,
POINT (-46.6622994 -23.6034146),Carrefour Express,convenience,Carrefour Express,Q2940190,,,,,,,,,,,,,,,,,,,,,,,,,,,,,,,,,,,,,,,,,,,,,,,,,,,,,,,,,,,,,,,,,,,,,,,,,,,,,,,,,,,,,,,,,,,,,,,,,,,,,,,,,,,,,,,,,,,,,,,,,,,,,,,,,,,,,,,,,,,,,,,,,,,,,,,,,,,,,,,,,,,,,,,,,,,,,,,,
POINT (-46.6987458 -23.6256366),Oxxo,convenience,Oxxo,Q1342538,,,,24/7,,,,,,,,,,,,,,,,,,,,,,,,,,,,,,,,,,,,,,,,,,,,,,,,,,,,,,,,,,,,,,,,,,,,,,,,,,,,,,,,,,,,,,,,,,,,,,,,,,,,,,,,,,,,,,,,,,,,,,,,,,,,,,,,,,,,,,,,,,,,,,,,,,,,,,,,,,,,,,,,,,,,,,,,,,,,
POINT (-46.4801235 -23.6122877),Comercial Esperança,supermarket,,,,,,08:00-22:00,,,São Paulo,13309,,Avenida Sapopemba,,,,,,,,,,,,,,,,,,,,,,,,,,,,,,,,,,,,,,,,,,,,,,,,,,,,,,,,,,,,,,,,,,,,,,,,,,,,,,,,,,,,,,,,,,,,,,,,,,,,,,,,,,,,,,,,,,,,,,,,,,,,,,,,,,,,,,,,,,,,,,,,,,,,,,,,,,,,,,,,,,,,,,
POINT (-46.4939817 -23.6117807),Da Praça,supermarket,,,,,,,,,São Paulo,127,,Avenida João Rodrigues Ruiz,Jardim Sapopemba,,,,,,,,,,,,,,,,,,,,,,,,,,,,,,,,,,,,,,,,,,,,,,,,,,,,,,,,,,,,,,,,,,,,,,,,,,,,,,,,,,,,,,,,,,,,,,,,,,,,,,,,,,,,,,,,,,,,,,,,,,,,,,,,,,,,,,,,,,,,,,,,,,,,,,,,,,,,,,,,,,,,,
POINT (-46.7507807 -23.404637),ampm,convenience,ampm,Q306960,,,,,,,,,,Avenida Doutor Sylvio de Campos,,,,,,,,,,,,,,,,,,,,,,,,,,,,,,,,,,,,,,,,,,,,,,,,,,,,,,,,,,,,,,,,,,,,,,,,,,,,,,,,,,,,,,,,,,,,,,,,,,,,,,,,,,,,,,,,,,,,,,,,,,,,,,,,,,,,,,,,,,,,,,,,,,,,,,,,,,,,,,,,,,,,,,
POINT (-46.6612516 -23.5540676),Dia,supermarket,Dia,Q925132,,,,,,,,,,,,,,,,,,,,,,,,,,,,,,,,,,,,,,,,,,,,,,,,,,,,,,,,,,,,,,,,,,,,,,,,,,,,,,,,,,,,,,,,,,,,,,,,,,,,,,,,,,,,,,,,,,,,,,,,,,,,,,,,,,,,,,,,,,,,,,,,,,,,,,,,,,,,,,,,,,,,,,,,,,,,,,,,
POINT (-46.6138751 -23.6553377),Mercado Zoosafari,supermarket,,,,,,"Mo-Sa 07:00-21:00; Su,PH 09:00-14:30",,,,6305,,Avenida do Cursino,,,,,,,,,,,,,,,+55 11 2334 1121,,,,,,,,,,,,,,,,,,,,,,,,,,,,,,,,,,,,,,,,,,,,,,,,,,,,,,,,,,,,,,,,,,,,,,,,+55 11 96513 2201,,,,,,,,,,,,,,,,,,,,,,,,,,,,,,,,,,,,,,,,,,,,,,,,,,,,,,,,,,,,,,,,,,,,,,,,,,,,,,,
POINT (-46.6351007 -23.5893592),Oxxo,convenience,Oxxo,Q1342538,,,,,,,,,,,,,,,,,,,,,,,,,,,,,,,,,,,,,,,,,,,,,,,,,,,,,,,,,,,,,,,,,,,,,,,,,,,,,,,,,,,,,,,,,,,,,,,,,,,,,,,,,,,,,,,,,,,,,,,,,,,,,,,,,,,,,,,,,,,,,,,,,,,,,,,,,,,,,,,,,,,,,,,,,,,,,,,,
POINT (-46.6450153 -23.5502158),Oxxo,convenience,Oxxo,Q1342538,,,,,,,,,,,,,,,,,,,,,,,,,,,,,,,,,,,,,,,,,,,,,,,,,,,,,,,,,,,,,,,,,,,,,,,,,,,,,,,,,,,,,,,,,,,,,,,,,,,,,,,,,,,,,,,,,,,,,,,,,,,,,,,,,,,,,,,,,,,,,,,,,,,,,,,,,,,,,,,,,,,,,,,,,,,,,,,,
POINT (-46.7375491 -23.6312838),Zaffari,supermarket,,Q5155379,,,,,,,,,,,,,,,,,,,,,,,,,,,,,,,,,,,,,,,,,,,,,,,,,,,,,,,,,,,,,,,,,,,,,,,,,,,,,,,,,,,,,,,,,,,,,,,,,,,,,,,,,,,,,,,,,,,,,,,,,,,,,,,,,,,,,,,,,,,,,,,,,,,,,,,,,,,,,,,,,,,,,,,,,,,,,,,,
POINT (-46.6879237 -23.5612756),Oxxo,convenience,Oxxo,Q1342538,,,,,,,,,,,,,,,,,,,,,,,,,,,,,,,,,,,,,,,,,,,,,,,,,,,,,,,,,,,,,,,,,,,,,,,,,,,,,,,,,,,,,,,,,,,,,,,,,,,,,,,,,,,,,,,,,,,,,,,,,,,,,,,,,,,,,,,,,,,,,,,,,,,,,,,,,,,,,,,,,,,,,,,,,,,,,,,,
POINT (-46.6494987 -23.5739469),Oxxo,convenience,Oxxo,Q1342538,,,,,,,,,,,,,,,,,,,,,,,,,,,,,,,,,,,,,,,,,,,,,,,,,,,,,,,,,,,,,,,,,,,,,,,,,,,,,,,,,,,,,,,,,,,,,,,,,,,,,,,,,,,,,,,,,,,,,,,,,,,,,,,,,,,,,,,,,,,,,,,,,,,,,,,,,,,,,,,,,,,,,,,,,,,,,,,,
POINT (-46.6488404 -23.545489),Oxxo,convenience,Oxxo,Q1342538,,,,"Mo-Su,PH 00:00-00:00",,,,,,,,,,,,,,,,,,,,,,,,,,,,,,,,,,,,,,,,,,,,,,,,,,,,,,,,,,,,,,,,,,,,,,,,,,,,,,,,,,,,,,,,,,,,,,,,,,,,,,,,,,,,,,,,,,,,,,,,,,,,,,,,,,,,,,,,,,,,,,,,,,,,,,,,,,,,,,,,,,,,,,,,,,,,
POINT (-46.6405338 -23.5420362),Mini Extra,convenience,Mini Extra,Q5422131,,,,,,,,,,,,,,,,,,,,,,,,,,,,,,,,,,,,,,,,,,,,,,,,,,,,,,,,,,,,,,,,,,,,,,,,,,,,,,,,,,,,,,,,,,,,,,,,,,,,,,,,,,,,,,,,,,,,,,,,,,,,,,,,,,,,,,,,,,,,,,,,,,,,,,,,,,,,,,,,,,,,,,,,,,,,,,,,
POINT (-46.6426059 -23.5444735),Oxxo,convenience,Oxxo,Q1342538,,,,24/7,,,,,,,,,,,,,,,,,,,,,,,,,,,,,,,,,,,,,,,,,,,,,,,,,,,,,,,,,,,,,,,,,,,,,,,,,,,,,,,,,,,,,,,,,,,,,,,,,,,,,,,,,,,,,,,,,,,,,,,,,,,,,,,,,,,,,,,,,,,,,,,,,,,,,,,,,,,,,,,,,,,,,,,,,,,,
POINT (-46.6382318 -23.6220514),Pão de Açúcar,supermarket,Pão de Açúcar,Q3411543,,,,,,Minuto,São Paulo,273,04302-010,Rua Biobedas,Parque Imperial,,,,,,,,Pão de Açúcar,,,,,,,,,,,,,,,,,,,,,,,,,,,,,,,,,,,,,,,,,,,,,,,,,,,,,,,,,,,,,,,,,,,,,,,,,,,,,,,,,,,,,,,,,,,,,,,,,,,,,,,,,,,,,,,,,,,,,,,,,,,,,,,,,,,,,,,,,,,,,,,,,,,,,,,,,,,,,
POINT (-46.6759627 -23.6270621),Pão de Açúcar,supermarket,,,,,,,,,São Paulo,300,04608-010,Avenida Jornalista Roberto Marinho,Brooklin,,,,,,,,,,,,,,,,,,,,,,,,,,,,,,,,,,,,,,,,,,,,,,,,,,,,,,,,,,,,,,,,,,,,,,,,,,,,,,,,,,,,,,,,,,,,,,,,,,,,,,,,,,,,,,,,,,,,,,,,,,,,,,,,,,,,,,,,,,,,,,,,,,,,,,,,,,,,,,,,,,,,,
POINT (-46.6554042 -23.5571791),,convenience,,,,,,,,,,,,,,,,,,,,,,,,,,,,,,,,,,,,,,,,,,,,,,,,,,,,,,,,,,,,,,,,,,,,,,,,,,,,,,,,,,,,,,,,,,,,,,,,,,,,,,,,,,,,,,,,,,,,,,,,,,,,,,,,,,,,,,,,,,,,,,,,,,,,,,,,,,,,,,,,,,,,,,,,,,,,,,,,,,
POINT (-46.6524367 -23.5525372),,convenience,,,,,,,,,,,,,,,,,,,,,,,,,,,,,,,,,,,,,,,,,,,,,,,,,,,,,,,,,,,,,,,,,,,,,,,,,,,,,,,,,,,,,,,,,,,,,,,,,,,,,,,,,,,,,,,,,,,,,,,,,,,,,,,,,,,,,,,,,,,,,,,,,,,,,,,,,,,,,,,,,,,,,,,,,,,,,,,,,,
POINT (-46.6972832 -23.5409054),Oxxo,convenience,Oxxo,Q1342538,,,,,,,,,,,,,,,,,,,,,,,,,,,,,,,,,,,,,,,,,,,,,,,,,,,,,,,,,,,,,,,,,,,,,,,,,,,,,,,,,,,,,,,,,,,,,,,,,,,,,,,,,,,,,,,,,,,,,,,,,,,,,,,,,,,,,,,,,,,,,,,,,,,,,,,,,,,,,,,,,,,,,,,,,,,,,,,,
POINT (-46.6464791 -23.5411576),,convenience,,,,,,,,,,,,,,,,,,,,,,,,,,,,,,,,,,,,,,,,,,,,,,,,,,,,,,,,,,,,,,,,,,,,,,,,,,,,,,,,,,,,,,,,,,,,,,,,,,,,,,,,,,,,,,,,,,,,,,,,,,,,,,,,,,,,,,,,,,,,,,,,,,,,,,,,,,,,,,,,,,,,,,,,,,,,,,,,,,
POINT (-46.6464959 -23.5412334),,convenience,,,,,,,,,,,,,,,,,,,,,,,,,,,,,,,,,,,,,,,,,,,,,,,,,,,,,,,,,,,,,,,,,,,,,,,,,,,,,,,,,,,,,,,,,,,,,,,,,,,,,,,,,,,,,,,,,,,,,,,,,,,,,,,,,,,,,,,,,,,,,,,,,,,,,,,,,,,,,,,,,,,,,,,,,,,,,,,,,,
POINT (-46.6502957 -23.4758452),Mercado Arouquense,supermarket,,,,,,,,,São Paulo,,02430-002,Rua Conselheiro Moreira de Barros,Lauzane Paulista,,,,,,,,,,,,,,,,,,,,,,,,,,,,,,,,,,,,,,,,,,,,,,,,,,,,,,,,,,,,,,,,yes,,,,,,,,,,,,,,,,,,,,,,,,,,,,,,,,,,,,,,,,,,,,,,,,,,,,,,,,,,,,,,,,,,,,,,,,,,,,,,,,,,,,,,,,,,,,,,,,,,,,,
POINT (-46.6804219 -23.5593986),Carrefour Express,convenience,Carrefour Express,Q2940190,,,,,,,,,,,,,,,,,,,,,,,,,,,,,,,,,,,,,,,,,,,,,,,,,,,,,,,,,,,,,,,,,,,,,,,,,,,,,,,,,,,,,,,,,,,,,,,,,,,,,,,,,,,,,,,,,,,,,,,,,,,,,,,,,,,,,,,,,,,,,,,,,,,,,,,,,,,,,,,,,,,,,,,,,,,,,,,,
POINT (-46.6815553 -23.5600727),Dia,supermarket,Dia,Q925132,,,,,,,,,,,,,,,,,,,,,,,,,,,,,,,,,,,,,,,,,,,,,,,,,,,,,,,,,,,,,,,,,,,,,,,,,,,,,,,,,,,,,,,,,,,,,,,,,,,,,,,,,,,,,,,,,,,,,,,,,,,,,,,,,,,,,,,,,,,,,,,,,,,,,,,,,,,,,,,,,,,,,,,,,,,,,,,,
POINT (-46.6559399 -23.5542092),Zé do pito,convenience,,,,,,,,,,,,,,,,,,,,,,,,,,,,,,,,,,,,,,,,,,,,,,,,,,,,,,,,,,,,,,,,,,,,,,,,,,,,,,,,,,,,,,,,,,,,,,,,,,,,,,,,,,,,,,,,,,,,,,,,,,,,,,,,,,,,,,,,,,,,,,,,,,,,,,,,,,,,,,,,,,,,,,,,,,,,,,,,,,
POINT (-46.611892 -23.568442),,convenience,,,,,,,,,,,,,,,,,,,,,,,,,,,,,,,,,,,,,,,,,,,,,,,,,,,,,,,,,,,,,,,,,,,,,,,,,,,,,,,,,,,,,,,,,,,,,,,,,,,,,,,,,,,,,,,,,,,,,,,,,,,,,,,,,,,,,,,,,,,,,,,,,,,,,,,,,,,,,,,,,,,,,,,,,,,,,,,,,,
POINT (-46.6964592 -23.6325665),Oxxo,convenience,,,,,,,,,,,,,,,,,,,,,,,,,,,,,,,,,,,,,,,,,,,,,,,,,,,,,,,,,,,,,,,,,,,,,,,,,,,,,,,,,,,,,,,,,,,,,,,,,,,,,,,,,,,,,,,,,,,,,,,,,,,,,,,,,,,,,,,,,,,,,,,,,,,,,,,,,,,,,,,,,,,,,,,,,,,,,,,,,,
POINT (-46.5403212 -23.5919855),Oxxo,convenience,Oxxo,Q1342538,,,,,,,,,,Avenida Vila Ema,,,,,,,,,,,,,,,,,,,,,,,,,,,,,,,,,,,,,,,,,,,,,,,,,,,,,,,,,,,,,,,,,,,,,,,,,,,,,,,,,,,,,,,,,,,,,,,,,,,,,,,,,,,,,,,,,,,,,,,,,,,,,,,,,,,,,,,,,,,,,,,,,,,,,,,,,,,,,,,,,,,,,,
POINT (-46.6487864 -23.508046),St marche,supermarket,,,,,,,,,,,,,,,,,,,,,,,,,,,,,,,,,,,,,,,,,,,,,,,,,,,,,,,,,,,,,,,,,,,,,,,,,,,,,,,,,,,,,,,,,,,,,,,,,,,,,,,,,,,,,,,,,,,,,,,,,,,,,,,,,,,,,,,,,,,,,,,,,,,,,,,,,,,,,,,,,,,,,,,,,,,,,,,,,,
POINT (-46.6524458 -23.5093786),Pomar da Vila,supermarket,,,,,,,,,,,,,,,,,,,,,,,,,,,,,,,,,,,,,,,,,,,,,,,,,,,,,,,,,,,,,,,,,,,,,,,,,,,,,,,,,,,,,,,,,,,,,,,,,,,,,,,,,,,,,,,,,,,,,,,,,,,,,,,,,,,,,,,,,,,,,,,,,,,,,,,,,,,,,,,,,,,,,,,,,,,,,,,,,,
POINT (-46.6394236 -23.5013145),Dia,supermarket,,,,,,,,,,,,,,,,,,,,,,,,,,,,,,,,,,,,,,,,,,,,,,,,,,,,,,,,,,,,,,,,,,,,,,,,,,,,,,,,,,,,,,,,,,,,,,,,,,,,,,,,,,,,,,,,,,,,,,,,,,,,,,,,,,,,,,,,,,,,,,,,,,,,,,,,,,,,,,,,,,,,,,,,,,,,,,,,,,
POINT (-46.6483006 -23.4999916),Dia,supermarket,Dia,Q925132,,,,,,,,,,,,,,,,,,,,,,,,,,,,,,,,,,,,,,,,,,,,,,,,,,,,,,,,,,,,,,,,,,,,,,,,,,,,,,,,,,,,,,,,,,,,,,,,,,,,,,,,,,,,,,,,,,,,,,,,,,,,,,,,,,,,,,,,,,,,,,,,,,,,,,,,,,,,,,,,,,,,,,,,,,,,,,,,
POINT (-46.647693 -23.499857),Mini Extra,convenience,Mini Extra,Q5422131,,,,,,,,,,,,,,,,,,,,,,,,,,,,,,,,,,,,,,,,,,,,,,,,,,,,,,,,,,,,,,,,,,,,,,,,,,,,,,,,,,,,,,,,,,,,,,,,,,,,,,,,,,,,,,,,,,,,,,,,,,,,,,,,,,,,,,,,,,,,,,,,,,,,,,,,,,,,,,,,,,,,,,,,,,,,,,,,
POINT (-46.6433472 -23.4986218),Monarca,convenience,,,,,,,,,,,,,,,,,,,,,,,,,,,,,,,,,,,,,,,,,,,,,,,,,,,,,,,,,,,,,,,,,,,,,,,,,,,,,,,,,,,,,,,,,,,,,,,,,,,,,,,,,,,,,,,,,,,,,,,,,,,,,,,,,,,,,,,,,,,,,,,,,,,,,,,,,,,,,,,,,,,,,,,,,,,,,,,,,,
POINT (-46.6464168 -23.4996278),Gold Prime,supermarket,,,,,,,,,,,,,,,,,,,,,,,,,,,,,,,,,,,,,,,,,,,,,,,,,,,,,,,,,,,,,,,,,,,,,,,,,,,,,,,,,,,,,,,,,,,,,,,,,,,,,,,,,,,,,,,,,,,,,,,,,,,,,,,,,,,,,,,,,,,,,,,,,,,,,,,,,,,,,,,,,,,,,,,,,,,,,,,,,,
POINT (-46.6451612 -23.4951404),Nippon Center,convenience,,,,,,,,,,,,,,,,,,,,,,,,,,,,,,,,,,,,,,,,,,,,,,,,,,,,,,,,,,,,,,,,,,,,,,,,,,,,,,,,,,,,,,,,,,,,,,,,,,,,,,,,,,,,,,,,,,,,,,,,,,,,,,,,,,,,,,,,,,,,,,,,,,,,,,,,,,,,,,,,,,,,,,,,,,,,,,,,,,
POINT (-46.7149586 -23.6657871),Sirvase,convenience,,,,,,,,,,,,,,,,,,,,,,,,,,,,,,,,,,,,,,,,,,,,,,,,,,,,,,,,,,,,,,,,,,,,,,,,,,,,,,,,,,,,,,,,,,,,,,,,,,,,,,,,,,,,,,,,,,,,,,,,,,,,,,,,,,,,,,,,,,,,,,,,,,,,,,,,,,,,,,,,,,,,,,,,,,,,,,,,,,
POINT (-46.5774031 -23.5600418),,convenience,,,,,,,,,,,,,,,,,,,,,,,,,,,,,,,,,,,,,,,,,,,,,,,,,,,,,,,,,,,,,,,,,,,,,,,,,,,,,,,,,,,,,,,,,,,,,,,,,,,,,,,,,,,,,,,,,,,,,,,,,,,,,,,,,,,,,,,,,,,,,,,,,,,,,,,,,,,,,,,,,,,,,,,,,,,,,,,,,,
POINT (-46.577138 -23.5587562),,convenience,,,,,,,,,,,,,,,,,,,,,,,,,,,,,,,,,,,,,,,,,,,,,,,,,,,,,,,,,,,,,,,,,,,,,,,,,,,,,,,,,,,,,,,,,,,,,,,,,,,,,,,,,,,,,,,,,,,,,,,,,,,,,,,,,,,,,,,,,,,,,,,,,,,,,,,,,,,,,,,,,,,,,,,,,,,,,,,,,,
POINT (-46.6694402 -23.6075868),minuto Pão de Açúcar,convenience,,,,,,,,,,,,,,,,,,,,,,,,,,,,,,,,,,,,,,,,,,,,,,,,,,,,,,,,,,,,,,,,,,,,,,,,,,,,,,,,,,,,,,,,,,,,,,,,,,,,,,,,,,,,,,,,,,,,,,,,,,,,,,,,,,,,,,,,,,,,,,,,,,,,,,,,,,,,,,,,,,,,,,,,,,,,,,,,,,
POINT (-46.6777324 -23.6172241),Hirota Food,supermarket,,,,,,,,,São Paulo,265,,Rua Vieira de Morais,Campo Belo,,,,,,,,,,,,,,,,,,,,,,,,,,,,,,,,,,,,,,,,,,,,,,,,,,,,,,,,,,,,,,,,,,,,,,,,,,,,,,,,,,,,,,,,,,,,,,,,,,,,,,,,,,,,,,,,,,,,,,,,,,,,,,,,,,,,,,,,,,,,,,,,,,,,,,,,,,,,,,,,,,,,,
POINT (-46.5065603 -23.5243733),ampm,convenience,ampm,Q306960,,,,,,,,,,,,,,,,,,,,,,,,,,,,,,,,,,,,,,,,,,,,,,,,,,,,,,,,,,,,,,,,,,,,,,,,,,,,,,,,,,,,,,,,,,,,,,,,,,,,,,,,,,,,,,,,,,,,,,,,,,,,,,,,,,,,,,,,,,,,,,,,,,,,,,,,,,,,,,,,,,,,,,,,,,,,,,,,
POINT (-46.675465 -23.58292),Oxxo,convenience,Oxxo,Q1342538,,,,,,,,,,,,,,,,,,,,,,,,,,,,,,,,,,,,,,,,,,,,,,,,,,,,,,,,,,,,,,,,,,,,,,,,,,,,,,,,,,,,,,,,,,,,,,,,,,,,,,,,,,,,,,,,,,,,,,,,,,,,,,,,,,,,,,,,,,,,,,,,,,,,,,,,,,,,,,,,,,,,,,,,,,,,,,,,
POINT (-46.7212969 -23.5851154),VIP 1000,convenience,,,,,,,,,,,,,,,,,,,,,,,,,,,,,,,,,,,,,,,,,,,,,,,,,,,,,,,,,,,,,,,,,,,,,,,,,,,,,,,,,,,,,,,,,,,,,,,,,,,,,,,,,,,,,,,,,,,,,,,,,,,,,,,,,,,,,,,,,,,,,,,,,,,,,,,,,,,,,,,,,,,,,,,,,,,,,,,,,,
POINT (-46.7276402 -23.6008005),Mercado Extra,supermarket,Mercado Extra,Q5422131,,,,,,,,,,,,,,,,,,,,,,,,,,,,,,,,,,,,,,,,,,,,,,,,,,,,,,,,,,,,,,,,,,,,,,,,,,,,,,,,,,,,,,,,,,,,,,,,,,,,,,,,,,,,,,,,,,,,,,,,,,,,,,,,,,,,,,,,,,,,,,,,,,,,,,,,,,,,,,,,,,,,,,,,,,,,,,,,
POINT (-46.7128874 -23.6060764),Shell Select,convenience,Shell Select,Q124359752,,,,,,,,,,,,,,,,,,,,,,,,,,,,,,,,,,,,,,,,,,,,,,,,,,,,,,,,,,,,,,,,,,,,,,,,,,,,,,,,,,,,,,,,,,,,,,,,,,,,,,,,,,,,,,,,,,,,,,,,,,,,,,,,,,,,,,,,,,,,,,,,,,,,,,,,,,,,,,,,,,,,,,,,,,,,,,,,
POINT (-46.7208253 -23.5945091),ampm,convenience,ampm,Q306960,,,,,,,,,,,,,,,,,,,,,,,,,,,,,,,,,,,,,,,,,,,,,,,,,,,,,,,,,,,,,,,,,,,,,,,,,,,,,,,,,,,,,,,,,,,,,,,,,,,,,,,,,,,,,,,,,,,,,,,,,,,,,,,,,,,,,,,,,,,,,,,,,,,,,,,,,,,,,,,,,,,,,,,,,,,,,,,,
POINT (-46.7206251 -23.5856064),Mercado Guedala,convenience,,,,,,,,,,,,,,,,,,,,,,,,,,,,,,,,,,,,,,,,,,,,,,,,,,,,,,,,,,,,,,,,,,,,,,,,,,,,,,,,,,,,,,,,,,,,,,,,,,,,,,,,,,,,,,,,,,,,,,,,,,,,,,,,,,,,,,,,,,,,,,,,,,,,,,,,,,,,,,,,,,,,,,,,,,,,,,,,,,
POINT (-46.6294936 -23.4509435),Empório Bom Gosto,supermarket,,,,,,Mo-Su 07:00-18:00,,,,,,Rua Fructuoso Vianna,Vila Rosa,,,,,,,,Renato,,,,,,,,,,,,,,,,,,,,,,,,,,,,,,,,,,,,,,,,,,,,,,,,,,,,,,,,,,,,,,,,,,,,,,,,,,,,,,,,,,,,,,,,,,,,,,,,,,,,,,,,,,,,,,,,,,,,,,,,,,,,,,,,,,,,,,,,,,,,,,,,,,,,,,,,,,,,,
POINT (-46.6495946 -23.5267738),Mercado e Rotisserie da Barra,convenience,,,,,,Mo-Sa 07:00-22:00/ Su 07:00-18:00,,,São Paulo,127,01135-020,Rua Cônego Vicente Miguel Marino,Barra Funda,,,,,,,,,,yes,,,,,,yes,yes,,,,,,,,,,,,,,,,,,,,,,,,,,,,,,,,,,,,,,,,,,,,,,,,,,,,,,,,,,,,,,,,,,,,,,,,,,,,,,,,,,,,,,,,,,,,,,,,,,,,,,,,,,,,,,,,,,,,,,,,,,,,,,,,,,,,,,,,,,,,,,,,,,,,
POINT (-46.7123558 -23.5817035),Empório Morato,supermarket,,,,,,,,,,,,,,,,,,,,,,,,,,,,,,,,,,,,,,,,,,,,,,,,,,,,,,,,,,,,,,,,,,,,,,,,,,,,,,,,,,,,,,,,,,,,,,,,,,,,,,,,,,,,,,,,,,,,,,,,,,,,,,,,,,,,,,,,,,,,,,,,,,,,,,,,,,,,,,,,,,,,,,,,,,,,,,,,,,
POINT (-46.7121294 -23.5822129),BR Mania,convenience,BR Mania,Q116877912,,,,,,,,,,,,,,,,,,,,,,,,,,,,,,,,,,,,,,,,,,,,,,,,,,,,,,,,,,,,,,,,,,,,,,,,,,,,,,,,,,,,,,,,,,,,,,,,,,,,,,,,,,,,,,,,,,,,,,,,,,,,,,,,,,,,,,,,,,,,,,,,,,,,,,,,,,,,,,,,,,,,,,,,,,,,,,,,
POINT (-46.7424707 -23.5936009),EntrePosto,convenience,,,,,,,,,,,,,,,,,,,,,,,,,,,,,,,,,,,,,,,,,,,,,,,,,,,,,,,,,,,,,,,,,,,,,,,,,,,,,,,,,,,,,,,,,,,,,,,,,,,,,,,,,,,,,,,,,,,,,,,,,,,,,,,,,,,,,,,,,,,,,,,,,,,,,,,,,,,,,,,,,,,,,,,,,,,,,,,,,,
POINT (-46.7559396 -23.5447179),Mercado Extra,supermarket,Mercado Extra,Q5422131,,,,,pt:Extra (rede varejista),,,,,,,,,,,,,,,,,,,,,,,,,,,,,,,,,,,,,,,,,,,,,,,,,,,,,,,,,,,,,,,,,,,,,,,,,,,,,,,,,,,,,,,,,,,,,,,,,,,,,,,,,,,retail,,,,,,,,,,,,,,,,,,,,,,,,,,,,,,,,,,,,,,,,,,,,,,,,,,,,,,,,,,,,,,,,
POINT (-46.7434091 -23.5464963),Mercadinho do Naldo,supermarket,,,,,,,,,São Paulo,,,Rua Assum Preto,Jaguaré,,,,,,,,,,,,,,,,,,,,,,,,,,,,,,,,,,,,,,,,,,,,,,,,,,,,,,,,,,,,,,,,,,,,,,,,,,,,,,,,,,,,,,,,,,,,,,,,,,,,,,,,,,,,,,,,,,,,,,,,,,,,,,,,,,,,,,,,,,,,,,,,,,,,,,,,,,,,,,,,,,,,,
POINT (-46.7434772 -23.5413992),Mercado do Cobra,convenience,,,,,,,,,São Paulo,,,Rua Catalunha,Jaguaré,,,,,,,,,,,,,,,,,,,,,,,,,,,,,,,,,,,,,,,,,,,,,,,,,,,,,,,,,,,,,,,,,,,,,,,,,,,,,,,,,,,,,,,,,,,,,,,,,,,,,,,,,,,,,,,,,,,,,,,,,,,,,,,,,,,,,,,,,,,,,,,,,,,,,,,,,,,,,,,,,,,,,
POINT (-46.7933051 -23.7335113),Ayumi Supermercados,supermarket,,,,,,,,,,,,Avenida José Estima Filho,,,,,,,,,,,,,,,,,,,,,,,,,,,,,,,,,,,,,,,,,,,,,,,,,,,,,,,,,,,,,,,,,,,,,,,,,,,,,,,,,,,,,,,,,,,,,,,,,,,,,,,,,,,,,,,,,,,,,,,,,,,,,,,,,,,,,,,,,,,,,,,,,,,,,,,,,,,,,,,,,,,,,,
POINT (-46.7474516 -23.5011563),Mercado Mix GM,convenience,,,,,,,,,São Paulo,696,05136-000,Avenida Elísio Cordeiro de Siqueira,Jardim Santo Elias,,,,,,,,,,,,,,+55 11 96598-7568,,,,,,,,,,,,,,,,,,,,,,,,,,,,,,,,,,,,,,,,,,,,,,,,,,,,,,,,,,,,,,,,,,,,,,,,,,,,,,,,,,,,,,,,,,,,,,,,,,,,,,,,,,,,,,,,,,,,,,,,,,,,,,,,,,,,,,,,,,,,,,,,,,,,,,,
POINT (-46.751524 -23.5842106),Supermercado La Barca,supermarket,,,,,,,,,,,,,,,,,,,,,,,,,,,,,,,,,,,,,,,,,,,,,,,,,,,,,,,,,,,,,,,,,,,,,,,,,,,,,,,,,,,,,,,,,,,,,,,,,,,,,,,,,,,,,,,,,,commercial,,,,,,,,,,,,,,,,,,,,,,,,,,,,,,,,,,,,,,,,,,,,,,,,,,,,,,,,,,,,,,,,
POINT (-46.7033121 -23.6309548),,convenience,,,,,,,,,,,,,,,,,,,,,,,,,,,,,,,,,,,,,,,,,,,,,,,,,,,,,,,,,,,,,,,,,,,,,,,,,,,,,,,,,,,,,,,,,,,,,,,,,,,,,,,,,,,,,,,,,,,,,,,,,,,,,,,,,,,,,,,,,,,,,,,,,,,,,,,,,,,,,,,,,,,,,,,,,,,,,,,,,,
POINT (-46.6975777 -23.7268677),Poupaki Atacadista,supermarket,,,,,,,,,,,,,,,,,,,,,,,,,,,,,,,,,,,,,,,,,,,,,,,,,,,,,,,,,,,,,,,,,,,,,,,,,,,,,,,,,,,,,,,,,,,,,,,,,,,,,,,,,,,,,,,,,,,,,,,,,,,,,,,,,,,,,,,,,,,,,,,,,,,,,,,,,,,,,,,,,,,,,,,,,,,,,,,,,,
POINT (-46.6934412 -23.7365231),Ricoy Supermercados,supermarket,,,,,,,,,,,,,,,,,,,,,,,,,,,,,,,,,,,,,,,,,,,,,,,,,,,,,,,,,,,,,,,,,,,,,,,,,,,,,,,,,,,,,,,,,,,,,,,,,,,,,,,,,,,,,,,,,,,,,,,,,,,,,,,,,,,,,,,,,,,,,,,,,,,,,,,,,,,,,,,,,,,,,,,,,,,,,,,,,,
POINT (-46.695031 -23.7374368),Dia,supermarket,Dia,Q925132,,,,,,,,,,,,,,,,,,,,,,,,,,,,,,,,,,,,,,,,,,,,,,,,,,,,,,,,,,,,,,,,,,,,,,,,,,,,,,,,,,,,,,,,,,,,,,,,,,,,,,,,,,,,,,,,,,,,,,,,,,,,,,,,,,,,,,,,,,,,,,,,,,,,,,,,,,,,,,,,,,,,,,,,,,,,,,,,
POINT (-46.6885226 -23.7337188),JD Ideal Supermercados,supermarket,,,,,,,,,,,,,,,,,,,,,,,,,,,,,,,,,,,,,,,,,,,,,,,,,,,,,,,,,,,,,,,,,,,,,,,,,,,,,,,,,,,,,,,,,,,,,,,,,,,,,,,,,,,,,,,,,,,,,,,,,,,,,,,,,,,,,,,,,,,,,,,,,,,,,,,,,,,,,,,,,,,,,,,,,,,,,,,,,,
POINT (-46.7013074 -23.68952),Dia,supermarket,Dia,Q925132,,,,,,,,,,,,,,,,,,,,,,,,,,,,,,,,,,,,,,,,,,,,,,,,,,,,,,,,,,,,,,,,,,,,,,,,,,,,,,,,,,,,,,,,,,,,,,,,,,,,,,,,,,,,,,,,,,,,,,,,,,,,,,,,,,,,,,,,,,,,,,,,,,,,,,,,,,,,,,,,,,,,,,,,,,,,,,,,
POINT (-46.6952301 -23.6785421),Assaí Atacadista,supermarket,Assaí Atacadista,Q28679415,,,,,,,,,,,,,,,,,,,,,,,,,,,,,,,,,,,,,,,,,,,,,,,,,,,,,,,,,,,,,,,,,,,,,,,,,,,,,,,,,,,,,,,,,,,,,,,,,,,,,,,,,,,,,,,,,,,,,,,,,,,,,,,,,,,,,,,,,,,,,,,,,,,,,,,,,,,,,,,,,,,,,,,,,,,,,,,,
POINT (-46.7002499 -23.6734037),Roldão Atacadista,supermarket,,,,,,,,,,,,,,,,,,,,,,,,,,,,,,,,,,,,,,,,,,,,,,,,,,,,,,,,,,,,,,,,,,,,,,,,,,,,,,,,,,,,,,,,,,,,,,,,,,,,,,,,,,,,,,,,,,,,,,,,,,,,,,,,,,,,,,,,,,,,,,,,,,,,,,,,,,,,,,,,,,,,,,,,,,,,,,,,,,
POINT (-46.6884604 -23.6824525),Hirota Food Express,convenience,,,,,,,,,,,,,,,,,,,,,,,,,,,,,,,,,,,,,,,,,,,,,,,,,,,,,,,,,,,,,,,,,,,,,,,,,,,,,,,,,,,,,,,,,,,,,,,,,,,,,,,,,,,,,,,,,,,,,,,,,,,,,,,,,,,,,,,,,,,,,,,,,,,,,,,,,,,,,,,,,,,,,,,,,,,,,,,,,,
POINT (-46.683199 -23.6803236),Extra Mercado,supermarket,,,,,,,,,,,,,,,,,,,,,,,,,,,,,,,,,,,,,,,,,,,,,,,,,,,,,,,,,,,,,,,,,,,,,,,,,,,,,,,,,,,,,,,,,,,,,,,,,,,,,,,,,,,,,,,,,,,,,,,,,,,,,,,,,,,,,,,,,,,,,,,,,,,,,,,,,,,,,,,,,,,,,,,,,,,,,,,,,,
POINT (-46.4920946 -23.6127609),Supermercado Sapopemba,supermarket,,,,,,,,,São Paulo,12047,,Avenida Sapopemba,Jd. Sapopemba,,,,,,,,,,,,,,,,,,,,,,,,,,,,,,,,,,,,,,,,,,,,,,,,,,,,,,,,,,,,,,,,,,,,,,,,,,,,,,,,,,,,,,,,,,,,,,,,,,,,,,,,,,,,,,,,,,,,,,,,,,,,,,,,,,,,,,,,,,,,,,,,,,,,,,,,,,,,,,,,,,,,,
POINT (-46.635463 -23.5452571),Oxxo,convenience,Oxxo,Q1342538,,,,24/7,,,São Paulo,512,01009-000,Rua Líbero Badaró,Centro Histórico de São Paulo,,,,,,,,,,yes,,,,,,yes,yes,,,,,,,,,,,,,,,,,,,,,,,,,,,,,,,,,,,,,,,,,,yes,,,,,,,,,,,,,,,,,,,,,,,,,,,,,,,,,,,,,,,,,,,,,,,,,,,,,,,,,,,,,,,,,,,,,,,,,,,,,,,,,,,,,,,,,,,,,,,,,,,,,,,,,,
POINT (-46.6338078 -23.5447113),Oxxo,convenience,Oxxo,Q1342538,,,,,,,São Paulo,344,01014-000,Rua Boa Vista,Centro Histórico de São Paulo,,,,,,,,,,,,,,,,,,,,,,,,,,,,,,,,,,,,,,,,,,,,,,,,,,,,,,,,,,,,,,,,,,,,,,,,,,,,,,,,,,,,,,,,,,,,,,,,,,,,,,,,,,,,,,,,,,,,,,,,,,,,,,,,,,,,,,,,,,,,,,,,,,,,,,,,,,,,,,,,,,,,,
POINT (-46.6344815 -23.5487269),Oxxo,convenience,Oxxo,Q1342538,,,,24/7,,,São Paulo,78,01002-000,Rua Direita,Sé,,,,,,,,,,yes,,,,,,yes,yes,,,,,,,,,,,,,,,,,,,,,,,,,,,,,,,,,,,,,,,,,,yes,,,,,,,,,,,,,,,,,,,,,,,,,,,,,,,,,,,,,,,,,,,,,,,,,,,,,,,,,,,,,,,,,,,,,,,,,,,,,,,,,,,,,,,,,,,,,,,,,,,,,,,,,,
POINT (-46.6572178 -23.555499),Carrefour Express,convenience,Carrefour Express,Q2940190,,,,,,,,,,,,,,,,,,,,,,,,,,,,,,,,,,,,,,,,,,,,,,,,,,,,,,,,,,,,,,,,,,,,,,,,,,,,,,,,,,,,,,,,,,,,,,,,,,,,,,,,,,,,,,,,,,,,,,,,,,,,,,,,,,,,,,,,,,,,,,,,,,,,,,,,,,,,,,,,,,,,,,,,,,,,,,,,
POINT (-46.7418353 -23.6714992),Extra,supermarket,Extra,,,,,,,,São Paulo,,04905-000,Estrada M'Boi Mirim,Jardim das Flores,,,,,,,,GPA,,,,,,,,,,,,,,,,,,,,,Q5422131,,,,,,,,,,,,,,,,,pmsp,,,,,,,,,,,,,,,,,,,,,,,,,,,,,,,,,,,,,,,,,,,,,,,,,,,,,,,,,,,,,,,,,,,,,,,,,,,,,,,,,,,,,,,,,,,,,,,,,,,,,,,,,,,,,,,,,,,,,,,
POINT (-46.7376531 -23.5903733),Dia,supermarket,Dia,Q925132,,,,Mo-Fr 07:00-21:00,,Supermercados,São Paulo,,05533-000,Avenida Eliseu de Almeida,Jardim Peri Peri,,,,,,,,,,yes,,,,,,yes,yes,,,,,,,,,,,,,,,,,,,,,,,,,,,,,,,,,,,,,,,,,,,,,,,,,,,,,,,,,,,,,,,,,,,,,,,,,yes,,,,,,,,,,,,,,,,,,,,,,,,,,,,,,,,,,,,,,,,,,,,,,,,,,,,,,,,,,,,,,,,,,,,,,,,,,,
POINT (-46.6870741 -23.5129352),Mercado do Gaúcho,convenience,,,,,,Mo-Fr 06:00-02:00; PH off,,,,,,Rua Capitão Francisco Teixeira Nogueira,,,,,,yes,,,Gaúcho,,,,,,,,,,,,,,,,,,,,,,,,,,,,,,,,,,,,,,,,,,,,,,,,,,,,,,,,,,,,,,,,,,,,,,,,,,,,,,+55 11 96171 2074,,,,,,,,,,,,,,,,,,,,,,,,,,,,,,,,,,,,,,,,,,,,,,,,,,,,,,,,,,,,,,,,,,,,,,,,,,,,,,,
POINT (-46.4430031 -23.5775471),,convenience,,,,,,,,,,,,,,,,,,,,,,,,,,,,,,,,,,,,,,,,,,,,,,,,,,,,,,,,,,,,,,,,,,,,,,,,,,,,,,,,,,,,,,,,,,,,,,,,,,,,,,,,,,,,,,,,,,,,,,,,,,,,,,,,,,,,,,,,,,,,,,,,,,,,,,,,,,,,,,,,,,,,,,,,,,,,,,,,,,
POINT (-46.4423508 -23.584803),,convenience,,,,,,,,,,,,,,,,,,,,,,,,,,,,,,,,,,,,,,,,,,,,,,,,,,,,,,,,,,,,,,,,,,,,,,,,,,,,,,,,,,,,,,,,,,,,,,,,,,,,,,,,,,,,,,,,,,,,,,,,,,,,,,,,,,,,,,,,,,,,,,,,,,,,,,,,,,,,,,,,,,,,,,,,,,,,,,,,,,
POINT (-46.6601184 -23.5592336),Carrefour Express,convenience,Carrefour Express,Q2940190,,,,,,,,,,,,2025-05-27,,,,,,,,,,,,,,,,,,,,,,,,,,,,,,,,,,,,,,,,,,,,,,,,,,,,,,,,,,,,,,,,,,,,,,,,,,,,,,,,,,,,,,,,,,,,,,,,,,,,,,,,,,,,,,,,,,,,,,,,,,,,,,,,,,,,,,,,,,,,,,,,,,,,,,,,,,,,,,,,,,,,
POINT (-46.4453038 -23.5935789),,convenience,,,,,,,,,,,,,,,,,,,,,,,,,,,,,,,,,,,,,,,,,,,,,,,,,,,,,,,,,,,,,,,,,,,,,,,,,,,,,,,,,,,,,,,,,,,,,,,,,,,,,,,,,,,,,,,,,,,,,,,,,,,,,,,,,,,,,,,,,,,,,,,,,,,,,,,,,,,,,,,,,,,,,,,,,,,,,,,,,,
POINT (-46.7169591 -23.5893797),Galena Market,supermarket,,,,,,,,,,,,,,,,,only,,,,,,,,,,,,,,,,,,,,,,,,,,,,,,,,,,,,,,,,,,,,,,,,,,,,,,,,,,,,,,,,,,,,,,,,,,,,,,,,,,,,,,,,,,,,,,,,,,,,,,,,,,,,,,,,,,,,,,,,,,,,,,,,,,,,,,,,,,,,,,,,,,,,,,,,,,,,,,,,,
POINT (-46.6708453 -23.5390143),Oxxo,convenience,,,,,,,,,,,,,,,,,,,,,,,,,,,,,,,,,,,,,,,,,,,,,,,,,,,,,,,,,,,,,,,,,,,,,,,,,,,,,,,,,,,,,,,,,,,,,,,,,,,,,,,,,,,,,,,,,,,,,,,,,,,,,,,,,,,,,,,,,,,,,,,,,,,,,,,,,,,,,,,,,,,,,,,,,,,,,,,,,,
POINT (-46.5949734 -23.5409172),,convenience,,,,,,,,,,,,,,,,,,,,,,,,,,,,,,,,,,,,,,,,,,,,,,,,,,,,,,,,,,,,,,,,,,,,,,,,,,,,,,,,,,,,,,,,,,,,,,,,,,,,,,,,,,,,,,,,,,,,,,,,,,,,,,,,,,,,,,,,,,,,,,,,,,,,,,,,,,,,,,,,,,,,,,,,,,,,,,,,,,
POINT (-46.665361 -23.523951),Oxxo,convenience,,,,,,24/7,,,,217,,Rua Doutor Bento Teobaldo Ferraz,,,,,,,,,,,,,,,,,,,,,,,,,,,,,,,,,,,,,,,,,,,,,,,,,,,,,,,,,,,,,,,,,,,,,,,,,,,,,,,,,,,,,,,,,,,,,,,,,,,,,,,,,,,,,,,,,,,,,,,,,,,,,,,,,,,,,,,,,,,,,,,,,,,,,,,,,,,,,,,,,,,,,,
POINT (-46.6410418 -23.522598),Sepermercado,supermarket,,,,,,,,,,,,,,,,,,,,,,,,,,,,,,,,,,,,,,,,,,,,,,,,,,,,,,,,,,,,,,,,,,,,,,,,,,,,,,,,,,,,,,,,,,,,,,,,,,,,,,,,,,,,,,,,,,,,,,,,,,,,,,,,,,,,,,,,,,,,,,,,,,,,,,,,,,,,,,,,,,,,,,,,,,,,,,,,,,
POINT (-46.6321349 -23.574388),Empório La Granola,supermarket,,,,,,Tu-Fr 09:00-19:00; Sa 09:00-18:00; Su 09:00-14:00,,,,,,,,2025-10-03,,,only,,,,,,,,,,+55 11 2532-0857,,,,,,,,,,,,,,,,,,,,,,,,,,,,,,,,,,,,,,,,,,,,,,,,,,,,,,,,,,,,,,,,,,,,,,,,,,,,,,,,,,,,,,,,,,,,,,,,,,,,,,,,,,,,,,,,,,,,,,,,,,,,,,,,,,,,,,,,,,,,,,,,,,,,,,,
POINT (-46.723277 -23.5878624),Shell Select,convenience,,,,,,,,,,,,,,,,,,,,,,,,,,,,,,,,,,,,,,,,,,,,,,,,,,,,,,,,,,,,,,,,,,,,,,,,,,,,,,,,,,,,,,,,,,,,,,,,,,,,,,,,,,,,,,,,,,,,,,,,,,,,,,,,,,,,,,,,,,,,,,,,,,,,,,,,,,,,,,,,,,,,,,,,,,,,,,,,,,
POINT (-46.6560674 -23.6734738),Mercadinho do Edson,convenience,,,,,,,,,,,,,,,,,,,,,,,,,,,,,,,,,,,,,,,,,,,,,,,,,,,,,,,,,,,,,,,,,,,,,,,,,,,,,,,,,,,,,,,,,,,,,,,,,,,,,,,,,,,,,,,,,,,,,,,,,,,,,,,,,,,,,,,,,,,,,,,,,,,,,,,,,,,,,,,,,,,,,,,,,,,,,,,,,,
POINT (-46.6560453 -23.6737673),Distribuidora Aliança,convenience,,,,,,,,,,,,,,,,,,,,,,,,,,,,,,,,,,,,,,,,,,,,,,,,,,,,,,,,,,,,,,,,,,,,,,,,,,,,,,,,,,,,,,,,,,,,,,,,,,,,,,,,,,,,,,,,,,,,,,,,,,,,,,,,,,,,,,,,,,,,,,,,,,,,,,,,,,,,,,,,,,,,,,,,,,,,,,,,,,
POINT (-46.6574733 -23.5249484),Mini extra,convenience,,,,,,,,,,922,,Rua do Bosque,,,,,,,,,,,,,,,,,,,,,,,,,,,,,,,,,,,,,,,,,,,,,,,,,,,,,,,,,,,,,,,,,,,,,,,,,,,,,,,,,,,,,,,,,,,,,,,,,,,,,,,,,,,,,,,,,,,,,,,,,,,,,,,,,,,,,,,,,,,,,,,,,,,,,,,,,,,,,,,,,,,,,,
POINT (-46.6370573 -23.5291333),Mercado extra,convenience,,,,,,,,,,,,,,,,,,,,,,,,,,,,,,,,,,,,,,,,,,,,,,,,,,,,,,,,,,,,,,,,,,,,,,,,,,,,,,,,,,,,,,,,,,,,,,,,,,,,,,,,,,,,,,,,,,,,,,,,,,,,,,,,,,,,,,,,,,,,,,,,,,,,,,,,,,,,,,,,,,,,,,,,,,,,,,,,,,
POINT (-46.6441986 -23.5240636),Oxxo,convenience,,,,,,,,,,,,,,,,,,,,,,,,,,,,,,,,,,,,,,,,,,,,,,,,,,,,,,,,,,,,,,,,,,,,,,,,,,,,,,,,,,,,,,,,,,,,,,,,,,,,,,,,,,,,,,,,,,,,,,,,,,,,,,,,,,,,,,,,,,,,,,,,,,,,,,,,,,,,,,,,,,,,,,,,,,,,,,,,,,
POINT (-46.6235515 -23.5037974),Mercado,convenience,,,,,,,,,,282,,,,,,,,,,,,,,,,,,,,,,,,,,,,,,,,,,,,,,,,,,,,,,,,,,,,,,,,,,,,,,,,,,,,,,,,,,,,,,,,,,,,,,,,,,,,,,,,,,,,,,,,,,,,,,,,,,,,,,,,,,,,,,,,,,,,,,,,,,,,,,,,,,,,,,,,,,,,,,,,,,,,,,,,
POINT (-46.6463514 -23.5250776),,convenience,,,,,,,,,,,,,,,,,,,,,,,,,,,,,,,,,,,,,,,,,,,,,,,,,,,,,,,,,,,,,,,,,,,,,,,,,,,,,,,,,,,,,,,,,,,,,,,,,,,,,,,,,,,,,,,,,,,,,,,,,,,,,,,,,,,,,,,,,,,,,,,,,,,,,,,,,,,,,,,,,,,,,,,,,,,,,,,,,,
POINT (-46.6234439 -23.5008685),Oxxo,convenience,,,,,,24/7,,,,,,,,,,,,,,,,,,,,,,,,,,,,,,,,,,,,,,,,,,,,,,,,,,,,,,,,,,,,,,,,,,,,,,,,,,,,,,,,,,,,,,,,,,,,,,,,,,,,,,,,,,,,,,,,,,,,,,,,,,,,,,,,,,,,,,,,,,,,,,,,,,,,,,,,,,,,,,,,,,,,,,,,,,,,
POINT (-46.6649709 -23.6739863),Ayumi Supermercados,supermarket,,,,,,,,,,,,,,,,,,,,,,,,,,,,,,,,,,,,,,,,,,,,,,,,,,,,,,,,,,,,,,,,,,,,,,,,,,,,,,,,,,,,,,,,,,,,,,,,,,,,,,,,,,,,,,,,,,,,,,,,,,,,,,,,,,,,,,,,,,,,,,,,,,,,,,,,,,,,,,,,,,,,,,,,,,,,,,,,,,
POINT (-46.5754316 -23.5380252),,convenience,,,,,,,,,,,,,,,,,,,,,,,,,,,,,,,,,,,,,,,,,,,,,,,,,,,,,,,,,,,,,,,,,,,,,,,,,,,,,,,,,,,,,,,,,,,,,,,,,,,,,,,,,,,,,,,,,,,,,,,,,,,,,,,,,,,,,,,,,,,,,,,,,,,,,,,,,,,,,,,,,,,,,,,,,,,,,,,,,,
POINT (-46.6271625 -23.5002115),,convenience,,,,,,,,,,,,,,,,,,,,,,,,,,,,,,,,,,,,,,,,,,,,,,,,,,,,,,,,,,,,,,,,,,,,,,,,,,,,,,,,,,,,,,,,,,,,,,,,,,,,,,,,,,,,,,,,,,,,,,,,,,,,,,,,,,,,,,,,,,,,,,,,,,,,,,,,,,,,,,,,,,,,,,,,,,,,,,,,,,
POINT (-46.6308691 -23.5002817),Oxxo,convenience,,,,,,24/7,,,,,,,,,,,,,,,,,,,,,,,,,,,,,,,,,,,,,,,,,,,,,,,,,,,,,,,,,,,,,,,,,,,,,,,,,,,,,,,,,,,,,,,,,,,,,,,,,,,,,,,,,,,,,,,,,,,,,,,,,,,,,,,,,,,,,,,,,,,,,,,,,,,,,,,,,,,,,,,,,,,,,,,,,,,,
POINT (-46.6304921 -23.5022679),Oxxo,convenience,,,,,,24/7,,,,,,,,,,,,,,,,,,,,,,,,,,,,,,,,,,,,,,,,,,,,,,,,,,,,,,,,,,,,,,,,,,,,,,,,,,,,,,,,,,,,,,,,,,,,,,,,,,,,,,,,,,,,,,,,,,,,,,,,,,,,,,,,,,,,,,,,,,,,,,,,,,,,,,,,,,,,,,,,,,,,,,,,,,,,
POINT (-46.6258287 -23.5031021),Zapith,convenience,,,,,,,,,,,,,,,,,,,,,,,,,,,,,,,,,,,,,,,,,,,,,,,,,,,,,,,,,,,,,,,,,,,,,,,,,,,,,,,,,,,,,,,,,,,,,,,,,,,,,,,,,,,,,,,,,,,,,,,,,,,,,,,,,,,,,,,,,,,,,,,,,,,,,,,,,,,,,,,,,,,,,,,,,,,,,,,,,,
POINT (-46.6138753 -23.5005917),Roldao atacadista,supermarket,,,,,,Mo-Sa 07:00-22:00; Su 08:00-18:00,,,,1555,,Avenida General Ataliba Leonel,,,,,,,,,,https://roldao.com.br/,,,,,,,,,,,,,,,,,,,,,,,,,,,,,,,,,,,,,,,,,,,,,,,,,,,,,,,,,,,,,,,,,,,,,,,,,,,,,,,,,,,,,,,,,,,,,,,,,,,,,,,,,,,,,,,,,,,,,,,,,,,,,,,,,,,,,,,,,,,,,,,,,,,,,,,,,,,,
POINT (-46.7102395 -23.5789502),Recanto Supermercado e Hortifruti,supermarket,,,,,,,,,,,,,,,,,,,,,,,,,,,,,,,,,,,,,,,,,,,,,,,,,,,,,,,,,,,,,,,,,,,,,,,,,,,,,,,,,,,,,,,,,,,,,,,,,,,,,,,,,,,,,,,,,,,,,,,,,,,,,,,,,,,,,,,,,,,,,,,,,,,,,,,,,,,,,,,,,,,,,,,,,,,,,,,,,,
POINT (-46.6340153 -23.5589615),,convenience,,,,,,,,,,,,,,,,,,,,,,,,,,,,,,,,,,,,,,,,,,,,,,,,,,,,,,,,,,,,,,,,,,,,,,,,,,,,,,,,,,,,,,,,,,,,,,,,,,,,,,,,,,,,,,,,,,,,,,,,,,,,,,,,,,,,,,,,,,,,,,,,,,,,,,,,,,,,,,,,,,,,,,,,,,,,,,,,,,
POINT (-46.6261155 -23.5096863),Cayates,convenience,,,,,,,,,,,,,,,,,,,,,,,,,,,,,,,,,,,,,,,,,,,,,,,,,,,,,,,,,,,,,,,,,,,,,,,,,,,,,,,,,,,,,,,,,,,,,,,,,,,,,,,,,,,,,,,,,,,,,,,,,,,,,,,,,,,,,,,,,,,,,,,,,,,,,,,,,,,,,,,,,,,,,,,,,,,,,,,,,,
POINT (-46.6383998 -23.5603762),Carrefour,convenience,,,,,,,,,,,,,,,,,,,,,,,,,,,,,,,,,,,,,,,,,,,,,,,,,,,,,,,,,,,,,,,,,,,,,,,,,,,,,,,,,,,,,,,,,,,,,,,,,,,,,,,,,,,,,,,,,,,,,,,,,,,,,,,,,,,,,,,,,,,,,,,,,,,,,,,,,,,,,,,,,,,,,,,,,,,,,,,,,,
POINT (-46.6452012 -23.5624432),,convenience,,,,,,,,,,,,,,,,,,,,,,,,,,,,,,,,,,,,,,,,,,,,,,,,,,,,,,,,,,,,,,,,,,,,,,,,,,,,,,,,,,,,,,,,,,,,,,,,,,,,,,,,,,,,,,,,,,,,,,,,,,,,,,,,,,,,,,,,,,,,,,,,,,,,,,,,,,,,,,,,,,,,,,,,,,,,,,,,,,
POINT (-46.6449094 -23.5624322),,convenience,,,,,,,,,,,,,,,,,,,,,,,,,,,,,,,,,,,,,,,,,,,,,,,,,,,,,,,,,,,,,,,,,,,,,,,,,,,,,,,,,,,,,,,,,,,,,,,,,,,,,,,,,,,,,,,,,,,,,,,,,,,,,,,,,,,,,,,,,,,,,,,,,,,,,,,,,,,,,,,,,,,,,,,,,,,,,,,,,,
POINT (-46.6347779 -23.5610205),Jjotas,convenience,,,,,,,,,,,,,,,,,,,,,,,,,,,,,,,,,,,,,,,,,,,,,,,,,,,,,,,,,,,,,,,,,,,,,,,,,,,,,,,,,,,,,,,,,,,,,,,,,,,,,,,,,,,,,,,,,,,,,,,,,,,,,,,,,,,,,,,,,,,,,,,,,,,,,,,,,,,,,,,,,,,,,,,,,,,,,,,,,,
POINT (-46.6336351 -23.5592567),Mercado ana,convenience,,,,,,,,,,,,,,,,,,,,,,,,,,,,,,,,,,,,,,,,,,,,,,,,,,,,,,,,,,,,,,,,,,,,,,,,,,,,,,,,,,,,,,,,,,,,,,,,,,,,,,,,,,,,,,,,,,,,,,,,,,,,,,,,,,,,,,,,,,,,,,,,,,,,,,,,,,,,,,,,,,,,,,,,,,,,,,,,,,
POINT (-46.6339154 -23.5606051),,convenience,,,,,,,,,,,,,,,,,,,,,,,,,,,,,,,,,,,,,,,,,,,,,,,,,,,,,,,,,,,,,,,,,,,,,,,,,,,,,,,,,,,,,,,,,,,,,,,,,,,,,,,,,,,,,,,,,,,,,,,,,,,,,,,,,,,,,,,,,,,,,,,,,,,,,,,,,,,,,,,,,,,,,,,,,,,,,,,,,,
POINT (-46.626383 -23.5060304),Gaspar presents,convenience,,,,,,Mo-Sa 08:00-19:30; Su 08:00-14:00,,,,1643,,Rua Voluntários da Pátria,,,,,,,,,,,,,,,01122513008,,,,,,,,,,,,,,,,,,,,,,,,,,,,,,,,,,,,,,,,,,,,,,,,,,,,,,,,,,,,,,,,,,,,,,,,,,,,,,,,,,,,,,,,,,,,,,,,,,,,,,,,,,,,,,,,,,,,,,,,,,,,,,,,,,,,,,,,,,,,,,,,,,,,,,,
POINT (-46.6340789 -23.5607214),,convenience,,,,,,,,,,,,,,,,,,,,,,,,,,,,,,,,,,,,,,,,,,,,,,,,,,,,,,,,,,,,,,,,,,,,,,,,,,,,,,,,,,,,,,,,,,,,,,,,,,,,,,,,,,,,,,,,,,,,,,,,,,,,,,,,,,,,,,,,,,,,,,,,,,,,,,,,,,,,,,,,,,,,,,,,,,,,,,,,,,
POINT (-46.6332207 -23.5601207),Oxxo,convenience,,,,,,24/7,,,,,,,,,,,,,,,,,,,,,,,,,,,,,,,,,,,,,,,,,,,,,,,,,,,,,,,,,,,,,,,,,,,,,,,,,,,,,,,,,,,,,,,,,,,,,,,,,,,,,,,,,,,,,,,,,,,,,,,,,,,,,,,,,,,,,,,,,,,,,,,,,,,,,,,,,,,,,,,,,,,,,,,,,,,,
POINT (-46.6970805 -23.4941791),Freguesia,supermarket,,,,,,,,,,,,,,,,,,,,,,,,,,,,,,,,,,,,,,,,,,,,,,,,,,,,,,,,,,,,,,,,,,,,,,,,,,,,,,,,,,,,,,,,,,,,,,,,,,,,,,,,,,,,,,,,,,,,,,,,,,,,,,,,,,,,,,,,,,,,,,,,,,,,,,,,,,,,,,,,,,,,,,,,,,,,,,,,,,
POINT (-46.6452595 -23.5519592),Mini extra,convenience,,,,,,,,,,,,,,,,,,,,,,,,,,,,,,,,,,,,,,,,,,,,,,,,,,,,,,,,,,,,,,,,,,,,,,,,,,,,,,,,,,,,,,,,,,,,,,,,,,,,,,,,,,,,,,,,,,,,,,,,,,,,,,,,,,,,,,,,,,,,,,,,,,,,,,,,,,,,,,,,,,,,,,,,,,,,,,,,,,
POINT (-46.6470591 -23.5530719),Oxxo,convenience,,,,,,,,,,,,,,,,,,,,,,,,,,,,,,,,,,,,,,,,,,,,,,,,,,,,,,,,,,,,,,,,,,,,,,,,,,,,,,,,,,,,,,,,,,,,,,,,,,,,,,,,,,,,,,,,,,,,,,,,,,,,,,,,,,,,,,,,,,,,,,,,,,,,,,,,,,,,,,,,,,,,,,,,,,,,,,,,,,
POINT (-46.6451671 -23.5320408),,convenience,,,,,,,,,,,,,,,,,,,,,,,,,,,,,,,,,,,,,,,,,,,,,,,,,,,,,,,,,,,,,,,,,,,,,,,,,,,,,,,,,,,,,,,,,,,,,,,,,,,,,,,,,,,,,,,,,,,,,,,,,,,,,,,,,,,,,,,,,,,,,,,,,,,,,,,,,,,,,,,,,,,,,,,,,,,,,,,,,,
POINT (-46.6468106 -23.5330867),Oxxo,convenience,,,,,,,,,,,,,,,,,,,,,,,,,,,,,,,,,,,,,,,,,,,,,,,,,,,,,,,,,,,,,,,,,,,,,,,,,,,,,,,,,,,,,,,,,,,,,,,,,,,,,,,,,,,,,,,,,,,,,,,,,,,,,,,,,,,,,,,,,,,,,,,,,,,,,,,,,,,,,,,,,,,,,,,,,,,,,,,,,,
POINT (-46.6108146 -23.5899782),Shell,convenience,Shell,Q110716465,,,,,,,,,,,,,,,,,,,,,,,,,,,,,,,,,,,,,,,,,,,,,,,,,,,,,,,,,,,,,,,,,,,,,,,,,,,,,,,,,,,,,,,,,,,,,,,,,,,,,,,,,,,,,,,,,,,,,,,,,,,,,,,,,,,,,,,,,,,,,,,,,,,,,,,,,,,,,,,,,,,,,,,,,,,,,,,,
POINT (-46.6347811 -23.5001688),,convenience,,,,,,,,,,906,,Rua Alfredo Pujol,,,,,,,,,,,,,,,,,,,,,,,,,,,,,,,,,,,,,,,,,,,,,,,,,,,,,,,,,,,,,,,,,,,,,,,,,,,,,,,,,,,,,,,,,,,,,,,,,,,,,,,,,,,,,,,,,,,,,,,,,,,,,,,,,,,,,,,,,,,,,,,,,,,,,,,,,,,,,,,,,,,,,,
POINT (-46.6328919 -23.555696),Mercado Gaijin,convenience,,,,,,,,,,319,,Rua Conselheiro Furtado,,,,,,,,,,,,,,,,,,,,,,,,,,,,,,,,,,,,,,,,,,,,,,,,,,,,,,,,,,,,,,,,,,,,,,,,,,,,,,,,,,,,,,,,,,,,,,,,,,,,,,,,,,,,,,,,,,,,,,,,,,,,,,,,,,,,,,,,,,,,,,,,,,,,,,,,,,,,,,,,,,,,,,
POINT (-46.4697094 -23.5402152),Extra,supermarket,,,,,,"Mo-Su,PH 08:00-22:00",,,,,,,,,,,,,,,,,,,,,,,,,,,,,,,,,,,,,,,,,,,,,,,,,,,,,,,,,,,,,,,,,,,,,,,,,,,,,,,,,,,,,,,,,,,,,,,,,,,,,,,,,,,,,,,,,,,,,,,,,,,,,,,,,,,,,,,,,,,,,,,,,,,,,,,,,,,,,,,,,,,,,,,,,,,,
POINT (-46.6961173 -23.5225666),Oxxo,convenience,,,,,,,,,,,,,,,,,,,,,,,,,,,,,,,,,,,,,,,,,,,,,,,,,,,,,,,,,,,,,,,,,,,,,,,,,,,,,,,,,,,,,,,,,,,,,,,,,,,,,,,,,,,,,,,,,,,,,,,,,,,,,,,,,,,,,,,,,,,,,,,,,,,,,,,,,,,,,,,,,,,,,,,,,,,,,,,,,,
POINT (-46.6346464 -23.5638277),Mini extra,convenience,,,,,,,,,,,,,,,,,,,,,,,,,,,,,,,,,,,,,,,,,,,,,,,,,,,,,,,,,,,,,,,,,,,,,,,,,,,,,,,,,,,,,,,,,,,,,,,,,,,,,,,,,,,,,,,,,,,,,,,,,,,,,,,,,,,,,,,,,,,,,,,,,,,,,,,,,,,,,,,,,,,,,,,,,,,,,,,,,,
POINT (-46.6363295 -23.5654386),Oxxo,convenience,,,,,,,,,,,,,,,,,,,,,,,,,,,,,,,,,,,,,,,,,,,,,,,,,,,,,,,,,,,,,,,,,,,,,,,,,,,,,,,,,,,,,,,,,,,,,,,,,,,,,,,,,,,,,,,,,,,,,,,,,,,,,,,,,,,,,,,,,,,,,,,,,,,,,,,,,,,,,,,,,,,,,,,,,,,,,,,,,,
POINT (-46.6400503 -23.5733033),Oxxo,convenience,,,,,,24/7,,,,,,,,,,,,,,,,,,,,,,,,,,,,,,,,,,,,,,,,,,,,,,,,,,,,,,,,,,,,,,,,,,,,,,,,,,,,,,,,,,,,,,,,,,,,,,,,,,,,,,,,,,,,,,,,,,,,,,,,,,,,,,,,,,,,,,,,,,,,,,,,,,,,,,,,,,,,,,,,,,,,,,,,,,,,
POINT (-46.6407236 -23.5536414),VMarché Vegan Market,supermarket,,,,,,,,,,,,,,,,,,,,,,,,,,,,,,,,,,,,,,,,,,,,,,,,,,,,,,,,,,,,,,,,,,,,,,,,,,,,,,,,,,,,,,,,,,,,,,,,,,,,,,,,,,,,,,,,,,,,,,,,,,,,,,,,,,,,,,,,,,,,,,,,,,,,,,,,,,,,,,,,,,,,,,,,,,,,,,,,,,
POINT (-46.6111937 -23.4979982),,convenience,,,,,,,,,,1970,,Avenida General Ataliba Leonel,,,,,,,,,,,,,,,,,,,,,,,,,,,,,,,,,,,,,,,,,,,,,,,,,,,,,,,,,,,,,,,,,,,,,,,,,,,,,,,,,,,,,,,,,,,,,,,,,,,,,,,,,,,,,,,,,,,,,,,,,,,,,,,,,,,,,,,,,,,,,,,,,,,,,,,,,,,,,,,,,,,,,,
POINT (-46.6036667 -23.4843851),,convenience,,,,,,,,,,,,,,,,,,,,,,,,,,,,,,,,,,,,,,,,,,,,,,,,,,,,,,,,,,,,,,,,,,,,,,,,,,,,,,,,,,,,,,,,,,,,,,,,,,,,,,,,,,,,,,,,,,,,,,,,,,,,,,,,,,,,,,,,,,,,,,,,,,,,,,,,,,,,,,,,,,,,,,,,,,,,,,,,,,
POINT (-46.6098954 -23.4787709),Trimais,supermarket,,,,,,,,,,2200,,Avenida Nova Cantareira,,,,,,,,,,,,,,,,,,,,,,,,,,,,wlan,,,,,,,,,,,,,,,,,,,,,,,,,,,,,,,,,,,,,,,,,,,,,,,,,,,,,,,,,,,,,,,,,,,,,,,,,,,,,,,,,,,,,,,,,,,,,,,,,,,,,,,,,,,,,,,,,,,,,,,,,,,,,,,,,,,,,,,,,,
POINT (-46.6029045 -23.4805145),Carrefour express,convenience,,,,,,,,,,566,,Avenida Doutor Antônio Maria Laet,,,,,,,,,,,,,,,,,,,,,,,,,,,,,,,,,,,,,,,,,,,,,,,,,,,,,,,,,,,,,,,,,,,,,,,,,,,,,,,,,,,,,,,,,,,,,,,,,,,,,,,,,,,,,,,,,,,,,,,,,,,,,,,,,,,,,,,,,,,,,,,,,,,,,,,,,,,,,,,,,,,,,,
POINT (-46.6250392 -23.5035735),,convenience,,,,,,,,,,,,,,,,,,,,,,,,,,,,,,,,,,,,,,,,,,,,,,,,,,,,,,,,,,,,,,,,,,,,,,,,,,,,,,,,,,,,,,,,,,,,,,,,,,,,,,,,,,,,,,,,,,,,,,,,,,,,,,,,,,,,,,,,,,,,,,,,,,,,,,,,,,,,,,,,,,,,,,,,,,,,,,,,,,
POINT (-46.6890544 -23.5302941),Supermercado Cavalo de Ouro,supermarket,,,,,,,,,São Paulo,791,,Dr. Augusto de Miranda,Vila Pompeia,2026-01-08,,,,,,,,,,,,,+55 11 3473 1525,,,,,,,,,,,,,,,,,,,,,,,,,,,,,,,,,,,,,,,,,,,,,,,,,,,,,,,,,,,,,,,,,,,,,,,,,,,,,,,,,,,,,,,,no,,,,,,,,,,,,,,,,,,,,,,,,,,,,,,,,,,,,,,,,,,,,,,,,,,,,,,,,,,,,,,,
POINT (-46.4832109 -23.5482611),,convenience,,,,,,,,,São Paulo,151A,03590-060,Avenida Padre Estanislau de Campos,,,,,,,,,,,,,,,,,,,,,,,,,,,,,,,,,,,,,,,,,,,,,,,,,,,,,,,,,,,,,,,,,,,,,,,,,,,,,,,,,,,,,,,,,,,,,,,,,,,,,,,,,,,,,,,,,,,,,,,,,,,,,,,,,,,,,,,,,,,,,,,,,,,,,,,,,,,,,,,,,,,,,,
POINT (-46.6866507 -23.5134416),Mercado JM,supermarket,,,,,,,,,,,,,,,,,,,,,,,,,,,,,,,,,,,,,,,,,,,,,,,,,,,,,,,,,,,,,,,,,,,,,,,,,,,,,,,,,,,,,,,,,,,,,,,,,,,,,,,,,,,,,,,,,,,,,,,,,,,,,,,,,,,,,,,,,,,,,,,,,,,,,,,,,,,,,,,,,,,,,,,,,,,,,,,,,,
POINT (-46.686715 -23.5130198),Quitanda do Mineiro,supermarket,,,,,,,,,,,,,,,,,,,,,,,,,,,,,,,,,,,,,,,,,,,,,,,,,,,,,,,,,,,,,,,,,,,,,,,,,,,,,,,,,,,,,,,,,,,,,,,,,,,,,,,,,,,,,,,,,,,,,,,,,,,,,,,,,,,,,,,,,,,,,,,,,,,,,,,,,,,,,,,,,,,,,,,,,,,,,,,,,,
POINT (-46.6260937 -23.5678234),Oxxo,convenience,,,,,,,,,,,,,,,,,,,,,,,,,,,,,,,,,,,,,,,,,,,,,,,,,,,,,,,,,,,,,,,,,,,,,,,,,,,,,,,,,,,,,,,,,,,,,,,,,,,,,,,,,,,,,,,,,,,,,,,,,,,,,,,,,,,,,,,,,,,,,,,,,,,,,,,,,,,,,,,,,,,,,,,,,,,,,,,,,,
POINT (-46.6269021 -23.5687738),,convenience,,,,,,,,,,,,,,,,,,,,,,,,,,,,,,,,,,,,,,,,,,,,,,,,,,,,,,,,,,,,,,,,,,,,,,,,,,,,,,,,,,,,,,,,,,,,,,,,,,,,,,,,,,,,,,,,,,,,,,,,,,,,,,,,,,,,,,,,,,,,,,,,,,,,,,,,,,,,,,,,,,,,,,,,,,,,,,,,,,
POINT (-46.617481 -23.5629648),,convenience,,,,,,,,,,,,,,,,,,,,,,,,,,,,,,,,,,,,,,,,,,,,,,,,,,,,,,,,,,,,,,,,,,,,,,,,,,,,,,,,,,,,,,,,,,,,,,,,,,,,,,,,,,,,,,,,,,,,,,,,,,,,,,,,,,,,,,,,,,,,,,,,,,,,,,,,,,,,,,,,,,,,,,,,,,,,,,,,,,
POINT (-46.6190181 -23.5636378),,supermarket,,,,,,,,,,,,,,,,,,,,,,,,,,,,,,,,,,,,,,,,,,,,,,,,,,,,,,,,,,,,,,,,,,,,,,,,,,,,,,,,,,,,,,,,,,,,,,,,,,,,,,,,,,,,,,,,,,,,,,,,,,,,,,,,,,,,,,,,,,,,,,,,,,,,,,,,,,,,,,,,,,,,,,,,,,,,,,,,,,
POINT (-46.6196612 -23.5633275),,supermarket,,,,,,,,,,,,,,,,,,,,,,,,,,,,,,,,,,,,,,,,,,,,,,,,,,,,,,,,,,,,,,,,,,,,,,,,,,,,,,,,,,,,,,,,,,,,,,,,,,,,,,,,,,,,,,,,,,,,,,,,,,,,,,,,,,,,,,,,,,,,,,,,,,,,,,,,,,,,,,,,,,,,,,,,,,,,,,,,,,
POINT (-46.6198682 -23.5632986),,convenience,,,,,,,,,,,,,,,,,,,,,,,,,,,,,,,,,,,,,,,,,,,,,,,,,,,,,,,,,,,,,,,,,,,,,,,,,,,,,,,,,,,,,,,,,,,,,,,,,,,,,,,,,,,,,,,,,,,,,,,,,,,,,,,,,,,,,,,,,,,,,,,,,,,,,,,,,,,,,,,,,,,,,,,,,,,,,,,,,,
POINT (-46.627891 -23.5705317),,convenience,,,,,,,,,,,,,,,,,,,,,,,,,,,,,,,,,,,,,,,,,,,,,,,,,,,,,,,,,,,,,,,,,,,,,,,,,,,,,,,,,,,,,,,,,,,,,,,,,,,,,,,,,,,,,,,,,,,,,,,,,,,,,,,,,,,,,,,,,,,,,,,,,,,,,,,,,,,,,,,,,,,,,,,,,,,,,,,,,,
POINT (-46.624089 -23.5019276),,convenience,,,,,,,,,,,,,,,,,,,,,,,,,,,,,,,,,,,,,,,,,,,,,,,,,,,,,,,,,,,,,,,,,,,,,,,,,,,,,,,,,,,,,,,,,,,,,,,,,,,,,,,,,,,,,,,,,,,,,,,,,,,,,,,,,,,,,,,,,,,,,,,,,,,,,,,,,,,,,,,,,,,,,,,,,,,,,,,,,,
POINT (-46.6246904 -23.5095724),,convenience,,,,,,,,,,,,,,,,,,,,,,,,,,,,,,,,,,,,,,,,,,,,,,,,,,,,,,,,,,,,,,,,,,,,,,,,,,,,,,,,,,,,,,,,,,,,,,,,,,,,,,,,,,,,,,,,,,,,,,,,,,,,,,,,,,,,,,,,,,,,,,,,,,,,,,,,,,,,,,,,,,,,,,,,,,,,,,,,,,
POINT (-46.6124399 -23.5082186),,convenience,,,,,,,,,,,,,,,,,,,,,,,,,,,,,,,,,,,,,,,,,,,,,,,,,,,,,,,,,,,,,,,,,,,,,,,,,,,,,,,,,,,,,,,,,,,,,,,,,,,,,,,,,,,,,,,,,,,,,,,,,,,,,,,,,,,,,,,,,,,,,,,,,,,,,,,,,,,,,,,,,,,,,,,,,,,,,,,,,,
POINT (-46.6402646 -23.5413176),,convenience,,,,,,,,,,,,,,,,,,,,,,,,,,,,,,,,,,,,,,,,,,,,,,,,,,,,,,,,,,,,,,,,,,,,,,,,,,,,,,,,,,,,,,,,,,,,,,,,,,,,,,,,,,,,,,,,,,,,,,,,,,,,,,,,,,,,,,,,,,,,,,,,,,,,,,,,,,,,,,,,,,,,,,,,,,,,,,,,,,
POINT (-46.6344289 -23.5462838),Kmart Express,convenience,,,,,,,,,São Paulo,14,01010-001,Rua do Comércio,Centro Histórico de São Paulo,,,,,,,,,,,,,,,,,,,,,,,,,,,,,,,,,,,,,,,,,,,,,,,,,,,,,,,,,,,,,,,,,,,,,,,,,,,,,,,,,,,,,,,,,,,,,,,,,,,,,,,,,,,,,,,,,,,,,,,,,,,,,,,,,,,,,,,,,,,,,,,,,,,,,,,,,,,,,,,,,,,,,
"POLYGON ((-46.6920387 -23.6558429, -46.6920199 -23.6556801, -46.6917865 -23.6555352, -46.6916303 -23.6555542, -46.691675 -23.6558786, -46.6916826 -23.6559338, -46.6918482 -23.6559117, -46.6918435 -23.6558767, -46.6920387 -23.6558429))",Pão de Açúcar,supermarket,Pão de Açúcar,Q3411543,,,,,pt:Pão de Açúcar (supermercado brasileiro),,São Paulo,120,,Rua Sócrates,Chácara Flora,,,,,,,,,,yes,yes,yes,,+55 11 5521-4560,,yes,yes,,,,,,,,,,,,,,,,,,,,,,,,,,,,,,,,,,,,,,,,,,,,,,,,,,,,,,,,,,,,,,,,,commercial,,,,,,,,,,,,,,,,,,,,,,,,,,,,,,,,,,,,,,,,,,,,,,,,,,,,,,,,,,,,,,,,,,,,,,,,,,,,,,,,,,,multipolygon
"POLYGON ((-46.5474047 -23.5944457, -46.5473279 -23.5944741, -46.5473224 -23.5944761, -46.5471969 -23.5945225, -46.547238 -23.5946149, -46.5473279 -23.594587, -46.5475056 -23.5945317, -46.547468 -23.5944222, -46.5474047 -23.5944457), (-46.5473279 -23.5945419, -46.5473087 -23.5945485, -46.5472958 -23.5945166, -46.5473187 -23.5945088, -46.5473279 -23.5945314, -46.5473316 -23.5945406, -46.5473279 -23.5945419), (-46.5474204 -23.5944869, -46.5474289 -23.5945085, -46.5473936 -23.5945204, -46.5473851 -23.5944988, -46.5474204 -23.5944869))",São Lucas Variedades,supermarket,,,,,,,,,,,,,,,,,,,,,,,,,,,,,,,,,,,,,,,,,,,,,,,,,,,,,,,,,,,pmsp,,,,,,,,,,,,,,,,,,,,,,,,,,,,,,,,,,,,yes,,,,,,,,,,,,,,,,,,,,,9.474,,,,,,,,,,,,,,,,,,,,,,,,,,,,,,,,,,,,,,,,,,,,,,,,,,,,,,,,,,,,,,multipolygon
"POLYGON ((-46.5186066 -23.5610916, -46.5157612 -23.5585386, -46.5155156 -23.5586201, -46.5150534 -23.5582086, -46.5149864 -23.5582712, -46.5149745 -23.558427, -46.5146877 -23.5586999, -46.5145449 -23.5586999, -46.5144859 -23.5587568, -46.5144311 -23.5588097, -46.5154856 -23.5603042, -46.5152442 -23.5604246, -46.5154682 -23.5607541, -46.5163822 -23.562153, -46.5164096 -23.5621187, -46.5164502 -23.562083, -46.5166216 -23.5619699, -46.5168013 -23.5619576, -46.5168477 -23.5620581, -46.517009 -23.5619758, -46.5175726 -23.5616884, -46.5182005 -23.5613682, -46.5184993 -23.5611923, -46.5185346 -23.5611635, -46.5186066 -23.5610916))",Carrefour,supermarket,Carrefour,Q217599,,,,,fr:Carrefour (enseigne),,,555,03453-000,Avenida Rio das Pedras,Jardim Aricanduva,,,,,,,,,,,,,,,,,,,,,,,,,,,,,,,,,,,,,,,,,,,,,,,,,,,,,,,,,,,,,,,,,,,,,,,,,,,,,,,,,,,,,,,,,,,,,,,,,,,,,,,,,,,,,,,,,,,,,wall,,,,,,,,,,,,,,,,,,,,,,,,,,,,,,,,,,,,,,,,,,,,,,,,multipolygon
"POLYGON ((-46.50999 -23.5884628, -46.5100622 -23.5881561, -46.5092331 -23.587981, -46.5090229 -23.5879564, -46.5088977 -23.5891749, -46.5088774 -23.5893729, -46.5088774 -23.589411, -46.5093239 -23.5893486, -46.509563 -23.5892781, -46.5097189 -23.5892322, -46.5097833 -23.5891953, -46.5098148 -23.5891566, -46.5098409 -23.5890964, -46.50999 -23.5884628))",Supermecardo Naguno,supermarket,,,,,,Mo-Sa 08:30-21:00; Su 08:30-14:00; PH 08:30-14:00,,,São Paulo,2905,03916-000,Avenida da Barreira Grande,Vila Bancária,,,,,,,,,https://www.nagumo.com.br,,,,,+55 11 4090-1650,,,,,,,,,,,,,,,,,,,,,,https://www.facebook.com/supermercadosnagumo,,,,,,,,,,,https://www.instagram.com/supermercados_nagumo,https://twitter.com/nagumo,https://www.youtube.com/channel/UCw84_S2C9HfcogPjrvko1nw,,,,,,,,,,,,,,,,,,,,,,,,,,,,,,,,,,,,,,,,,,,,,,,,,,,,,,,,,,,,,,,,,,,,wall,,,,,,,,,,,,,,,,,,,,,,,,,,,,,,,,,,,,,,,,,,,,,,,,multipolygon
"POLYGON ((-46.6724705 -23.6040866, -46.6723278 -23.6039327, -46.6722618 -23.6038545, -46.6722229 -23.6038127, -46.6719792 -23.6040003, -46.6719264 -23.6040425, -46.6720731 -23.6042021, -46.672116 -23.6042473, -46.6720716 -23.6042813, -46.672137 -23.6043465, -46.672327 -23.6042002, -46.6724478 -23.6041049, -46.6724705 -23.6040866))",Supermercado Vila das Frutas,supermarket,,,,,,,,,São Paulo,915,04514-103,Rua Tuim,Moema,,,,only,,,,,,,,,,,,,,,,,,,,,,,,,,,,,,,,,,,,,,,,,,,,,,,,,,,,,,,,,,,,,,,,,,,,,,,,,,,,,,,,,,,,,,,,,,,,,,,,,,,,,,,,,,,,,,,,,,,,,,,,,,,,,,,,,,,,,,,,,,,,,,,,,,,,,,,,,,,,,,,,,multipolygon
"POLYGON ((-46.6828999 -23.5492844, -46.682835 -23.549252, -46.6828112 -23.5492895, -46.6827697 -23.5493581, -46.6827481 -23.5493469, -46.6827141 -23.5494031, -46.6827336 -23.5494131, -46.6826921 -23.5494815, -46.6826499 -23.5495483, -46.6827684 -23.5495438, -46.6831294 -23.54953, -46.6831752 -23.549507, -46.6831917 -23.5494634, -46.6831847 -23.5494356, -46.6831441 -23.5494063, -46.6828999 -23.5492844))",Pão de Açúcar,supermarket,Pão de Açúcar,Q3411543,,,,Mo-Sa 07:00-22:00; Su 08:00-22:00,,,São Paulo,250,,Rua Heitor Penteado,,,,,,,,,,,,,,,,,,,,,,,,,,BR,,,,,,,,,,SP,https://www.facebook.com/paodeacucar,+55 11 3672-3103,http://www.paodeacucar.com/,,,,,,,,,,https://twitter.com/paodeacucar,https://www.youtube.com/user/videosPaodeAcucar,,,,,,,,,,,,,,,,,,,,,,,,,,,,,,,,,,,,,,,,,,,,,,,,,,,,,,,,,,,,,,,,,,,,,,,,,,,,,,,,,,,,,,,,,,,,,,,,,,,,,,,,,,,,,,,,,,,,multipolygon
"POLYGON ((-46.4859957 -23.5598595, -46.4859806 -23.5598219, -46.4859237 -23.5596692, -46.4858093 -23.5593621, -46.4857538 -23.5592131, -46.4852401 -23.5593631, -46.4852552 -23.5594046, -46.4854871 -23.5600037, -46.4858122 -23.5599115, -46.4859957 -23.5598595))",Higa'S Supermercado,supermarket,,,,,,,,,São Paulo,1179,03584-000,Avenida Osvaldo Valle Cordeiro,Jardim Brasilia,,,,,,,,,,,,,,,,,,,,,,,,,,,,,,,,,,,,,,,,,,,,,,,,,,,,,,,,,,,,,,,,,,,,,,,,,,,,,,,,,,,,,,,,,,,,,,,,,,,,,,,,,,,,,,,,,,,,,wall,,,,,,,,,,,,,,,,,,,,,,,,,,,,,,,,,,,,,,,,,,,,,,,,multipolygon
"POLYGON ((-46.4247869 -23.5426253, -46.4246289 -23.5423879, -46.4244492 -23.5421115, -46.4240236 -23.5414564, -46.4230208 -23.5399489, -46.4229961 -23.5399116, -46.4229526 -23.5398438, -46.4227657 -23.5399482, -46.4224674 -23.5402519, -46.4224276 -23.540296, -46.4223437 -23.5405797, -46.4223365 -23.5406374, -46.4237331 -23.5428206, -46.4237959 -23.5428563, -46.4238407 -23.5428928, -46.4238725 -23.5429111, -46.4239165 -23.5429614, -46.4239314 -23.5429961, -46.4242279 -23.5427296, -46.4243392 -23.5426881, -46.4244464 -23.5426849, -46.4246779 -23.542666, -46.4247869 -23.5426253))",Assaí Atacadista,supermarket,Assaí Atacadista,Q28679415,,,,,,,São Paulo,2671,08420-495,Estrada Itaquera-Guaianases,Guaianases,,,,,,,,,,,,,,,,,,,,,,,,,,,,,,,,,,,,,,,,,,,,yes,,,,,,,,,,,,,,,,,,,,,,,,,,,,,,,,,,,,,,,,,,,,,,,,,,,,,,,,,,,,,,,,,,,,,,,,,,,,,,,,,,,,,,,,,,,,,,,,,,,,,,,,,,,,,,,,,,,,,,,,,multipolygon
"POLYGON ((-46.4460079 -23.5499326, -46.4451058 -23.5496831, -46.44511 -23.5497642, -46.4451126 -23.5498157, -46.4451363 -23.550276, -46.4451556 -23.5506523, -46.4451593 -23.5507249, -46.445161 -23.550758, -46.4451627 -23.5508001, -46.445246 -23.5508002, -46.4452845 -23.5508007, -46.4459548 -23.550828, -46.4459642 -23.5506688, -46.4459671 -23.5506212, -46.4459729 -23.5505225, -46.4460079 -23.5499326))",Lopes Supermercado,supermarket,,,,,,,,,São Paulo,1980,,Rua Sabbado D'Ângelo,,,,,,,,,,,,,,,,,,,,,,,,,,,,,,,,,,,,,,,,,,,,,,,,,,,,,,,,,,,,,,,,,,,,,,,,,,,,,,,,,,,,,,,,,,,,,,,,,,,,,,,,,,,,,,,,,,,,,,,,,,,,,,,,,,,,,,,,,,,,,,,,,,,,,,,,,,,,,,,,,,,,,,multipolygon
"POLYGON ((-46.4375741 -23.5520385, -46.4377413 -23.5516214, -46.4371141 -23.5514107, -46.4367956 -23.5513037, -46.4367422 -23.5513065, -46.4366717 -23.5513457, -46.436668 -23.5514121, -46.4366784 -23.5515039, -46.4366832 -23.551546, -46.4366958 -23.5516572, -46.4367191 -23.5516677, -46.4367727 -23.5516859, -46.436746 -23.5517627, -46.4375741 -23.5520385))",Mercado Extra,supermarket,Mercado Extra,Q5422131,,,,,,,São Paulo,249,,Avenida Nagib Farah Maluf,Conj. Res. José Bonifácio,,,,,,,,,,,,,,,,,,,,,,,,,,,,,,,,,,,,,,,,,,,,,,,,,,,,,,,,,,,,,,,,,,,,,,,,,,,,,,,,,,,,,,,,,,,,,,,,,,,,,,,,,,,,,,,,,,,,,wall,,,,,,,,,,,,,,,,,,,,,,,,,,,,,,,,,,,,,,,,,,,,,,,,multipolygon
"POLYGON ((-46.4308109 -23.5100175, -46.4302335 -23.5098382, -46.4302125 -23.5098385, -46.4300733 -23.5098405, -46.4298305 -23.5104292, -46.430343 -23.5106082, -46.4307445 -23.5107484, -46.4307858 -23.5107484, -46.4310254 -23.510301, -46.4310418 -23.5102633, -46.4310772 -23.5101664, -46.4310949 -23.5100924, -46.4308109 -23.5100175))",Assaí Atacadista,supermarket,Assaí Atacadista,Q28679415,,,,,,,São Paulo,3077,08032-000,Avenida Nordestina,Vila Nova Curuça,,,,,,,,,,,,,,,,,,,,,,,,,,,,,,,,,,,,,,,,,,,,yes,,,,,,,,,,,,,,,,,,,,,,,,,,,,,,,,,,,,,,,,,,,,,,,,,,,,,,,,,,,,,,,,,,,,,,,,,wall,,,,,,,,,,,,,,,,,,,,,,,,,,,,,,,,,,,,,,,,,,,,,,,,multipolygon
"POLYGON ((-46.4885668 -23.5531633, -46.4885025 -23.553142, -46.4881377 -23.5529988, -46.4880788 -23.5529748, -46.4880043 -23.5529464, -46.4880349 -23.553876, -46.488109 -23.5538667, -46.4886461 -23.553812, -46.4885668 -23.5531633))",Assaí Atacadista,supermarket,Assaí Atacadista,Q28679415,,,,"Mo-Sa 07:00-22:00; Su,PH 08:00-18:00",,,São Paulo,190,03589-010,Avenida Sylvio Torres,Conjunto Habitacional Padre José de Anchieta,,,,,,,,Assaí,https://www.assai.com.br/,,,,,+55 11 3544-6450,,,,,,,,,,,BR,,,,,,,,,,,,+55 11 3544-6482,,,,,,,yes,televendas.itaquera@assai.com.br,,,,,,,,,,,,,,,,,,,,,,,,,,,,,,,,,,,,,,,,,,,,,,,,,,,,,,,,,,,,,,,,,,,,,,,,,,,,,,,,,,,,,,,,,,,,,,,,,,,,,,,,,,,,,,,,,,,,,,,,multipolygon
"POLYGON ((-46.5067114 -23.5639991, -46.5074781 -23.5629592, -46.5078722 -23.5632326, -46.5078986 -23.5632036, -46.5080407 -23.5630299, -46.507516 -23.5625811, -46.5072598 -23.5624315, -46.5070685 -23.5623156, -46.5067807 -23.5621773, -46.5065437 -23.5621403, -46.5064156 -23.5622159, -46.506218 -23.5624449, -46.5061809 -23.5624843, -46.5058744 -23.5628664, -46.5058014 -23.5629575, -46.505733 -23.5630556, -46.505647 -23.5632261, -46.5055347 -23.5635897, -46.505361 -23.5640183, -46.5052925 -23.5641881, -46.5052942 -23.5642669, -46.5053627 -23.5643521, -46.5055454 -23.5644078, -46.5056715 -23.5644462, -46.5058931 -23.5645136, -46.5062928 -23.5646353, -46.5067114 -23.5639991))",Assaí Atacadista,supermarket,Assaí Atacadista,Q28679415,,,,"Mo-Sa 07:00-22:00; Su,PH 08:-18:00",pt:Assaí Atacadista,,São Paulo,5555,03523-020,Avenida Aricanduva,Vila Matilde,,,,,,,,,https://www.assai.com.br/,,,,Assaí Aricanduva,+55 11 2723-2350,,,,,,,,,,,,,,,,,,,,,,,+55 11 2723-2351;+55 11 2723-2352,,,,,,,yes,loja144.televendas@assai.com.br,pmsp,,,,,,,,,,,,,,,,,,,,,,,,,,,,,,,,,,,,,,,,,,,,,,,,,,,,,,,,,,,,,,,,,,,,,,Loja 144,,,,,,,,,,,,,,,,,,,,,,,,,,,,,,,,,,,,,,,,,,,,,,,,,multipolygon
"POLYGON ((-46.7226146 -23.4484562, -46.722104 -23.4481054, -46.7220083 -23.4480397, -46.7220433 -23.4481823, -46.7220311 -23.448378, -46.7220113 -23.4484329, -46.7219656 -23.4485597, -46.7219116 -23.4485838, -46.7218576 -23.448608, -46.7218219 -23.4486304, -46.7217981 -23.4486822, -46.7217219 -23.4489044, -46.721709 -23.4489419, -46.7216853 -23.4490111, -46.7215482 -23.4494039, -46.7215466 -23.4494556, -46.7215695 -23.4495185, -46.7216137 -23.4495828, -46.7216747 -23.4497007, -46.7229612 -23.4499874, -46.7230584 -23.4499075, -46.7232292 -23.4499533, -46.7232843 -23.4496864, -46.7233558 -23.4495282, -46.7234045 -23.4493305, -46.723433 -23.4490011, -46.7231048 -23.4487465, -46.7226146 -23.4484562))",Assaí Atacadista,supermarket,Assaí Atacadista,Q28679415,,,,"PH,Mo-Sa 07:00-22:00; Su  08:00-20:00",,Assaí Jaraguá/Taipas,São Paulo,10535,02983-055,Avenida Raimundo Pereira de Magalhães,Jardim Lider,,,,,yes,,,,https://www.assai.com.br/,yes,,,,,,yes,yes,,,,,,,,,,,,,,,,,,,,,,,,,,,yes,,,,,,,,,,,,,,,,,,,,,,,,,,,,,,,,,,,,,,,,,,,,,,,,,,,yes,,,,,,,,,,,,,,,,,,,,,,,,,,yes,,,,,,,,,,,,,,,,,,,,,,,,,,,,,,,,,,,,,,,,,,,,multipolygon
"POLYGON ((-46.6693888 -23.603767, -46.6694905 -23.6036872, -46.6694861 -23.6036824, -46.669514 -23.6036601, -46.6695187 -23.6036651, -46.6695402 -23.6036482, -46.6695345 -23.6036421, -46.6695141 -23.6036205, -46.6695019 -23.6036302, -46.6694759 -23.6036027, -46.6693532 -23.6037008, -46.6693375 -23.6037134, -46.6693631 -23.6037401, -46.6693888 -23.603767))",Viva Empório,supermarket,,,,,,,,,,,,,,,,,,,,,,,,,,,,,,,,,,,,,,,,,,,,,,,,,,,,,,,,,,,pmsp,,,,,,,,,,,,,,,,,,,,,,,,,,,,,,,,,,,,yes,,,,,,,,,,,,,,,,,,,,,5.03;5.61,,,,,,,,,,,,,,,,,,,,,,,,,,,,,,,,,,,,,,,,,,,,,,,,,,,,,,,,,,,,,,multipolygon
"POLYGON ((-46.5755562 -23.5244141, -46.5753302 -23.5241397, -46.5751815 -23.5239612, -46.5749778 -23.5235695, -46.5728898 -23.5245546, -46.5726738 -23.5246565, -46.573304 -23.5251113, -46.5736393 -23.5253384, -46.5736567 -23.5253502, -46.5737235 -23.5254032, -46.5737391 -23.5254155, -46.5743625 -23.5253609, -46.5755717 -23.525309, -46.5756982 -23.5252106, -46.575723 -23.525071, -46.5757159 -23.5249088, -46.5756735 -23.5246978, -46.5755814 -23.5244447, -46.5755562 -23.5244141))",Atacadão,supermarket,Atacadão,Q2868739,,,,,en:Atacadão,,,,,,,,,,,,,,,,,,,,,,,,,,,,,,,,,,,,,,,,,,,,,,,,,,yes,,,,,,,,,,,,,,,,,,,,,,,,,,,,,,,,,,,,,,,,,,,,,,,,,,,,,,,,,,,,,,,,,,,,,,,,,,,,,,,,,,,,,,,,,,,,,,,,,,,,,,,,,,,,,,,,,,,,,,,,,multipolygon
"POLYGON ((-46.5769781 -23.5254288, -46.5774932 -23.5234823, -46.5777285 -23.5226332, -46.577162 -23.522475, -46.5767355 -23.5223023, -46.5763735 -23.522137, -46.5764542 -23.5219385, -46.5761969 -23.5218029, -46.5760881 -23.522002, -46.5753224 -23.5215766, -46.5748986 -23.5213113, -46.5745171 -23.5210152, -46.5743502 -23.5210731, -46.5743038 -23.5211634, -46.5738315 -23.5219297, -46.5739697 -23.5219993, -46.5741962 -23.5221166, -46.5743423 -23.5221966, -46.5744385 -23.5222651, -46.5745959 -23.5224344, -46.5748122 -23.5226732, -46.5748337 -23.5227168, -46.5748496 -23.5228082, -46.5748779 -23.5228736, -46.5748847 -23.5229618, -46.5749277 -23.52313, -46.5749843 -23.5233471, -46.5750738 -23.5235506, -46.5751848 -23.5237458, -46.5753852 -23.5240573, -46.575648 -23.5243553, -46.5757182 -23.5244581, -46.5757453 -23.5245193, -46.5758563 -23.5249762, -46.5759129 -23.5251485, -46.5759662 -23.5252067, -46.5760239 -23.5252461, -46.5761111 -23.5252721, -46.57617 -23.5252742, -46.5762459 -23.5252679, -46.5762878 -23.5252482, -46.5765118 -23.5252287, -46.5765991 -23.5253063, -46.5767578 -23.5254057, -46.5769112 -23.5254251, -46.5769781 -23.5254288))",Atacadão,supermarket,Atacadão,Q2868739,,,,,en:Atacadão,,,,,,,,,,,,,,,,,,,,,,,,,,,,,,,,,,,,,,,,,,,,,,,,,,yes,,,,,,,,,,,,,,,,,,,,,,,,,,,,,,,,,,,,,,,,,,,,,,,,,,,,,,,,,,,,,,,,,,,,,,,,,,,,,,,,,,,,,,,,,,,,,,,,,,,,,,,,,,,,,,,,,,,,,,,,,multipolygon
"POLYGON ((-46.4346944 -23.5973196, -46.4348535 -23.597086, -46.4350868 -23.5968694, -46.4356599 -23.596456, -46.4357047 -23.5964107, -46.4357016 -23.5963838, -46.4356553 -23.5963711, -46.4355132 -23.5963498, -46.4352822 -23.5962911, -46.4346218 -23.595986, -46.434231 -23.5966366, -46.4342094 -23.5966627, -46.4340518 -23.5974484, -46.4341738 -23.5974951, -46.4343608 -23.5972247, -46.4346944 -23.5973196))",Rossi Supermercado,supermarket,,,,,,,,,São Paulo,,,Avenida Ragueb Chohfi,,,,,,,,,,,,,,,,,,,,,,,,,,,,,,,,,,,,,,,,,,,,,,,,,,,,,,,,,,,,,,,,,,,,,,,,,,,,,,,,,,,,,,,,,,,,,,,,,,,,,,,,,,,,,,,,,,,,,,,,,,,,,,,,,,,,,,,,,,,,,,,,,,,,,,,,,,,,,,,,,,,,,,multipolygon
"POLYGON ((-46.6083048 -23.4721928, -46.6076418 -23.4729199, -46.6076476 -23.4729339, -46.6077352 -23.4730372, -46.6077874 -23.4730987, -46.6078998 -23.4733934, -46.6078758 -23.4734816, -46.6078854 -23.4735233, -46.6079104 -23.4734974, -46.6079571 -23.4734491, -46.6081946 -23.4732299, -46.6083782 -23.4733688, -46.6091099 -23.4724686, -46.6086664 -23.4721566, -46.6086017 -23.4722197, -46.6084087 -23.4720776, -46.6083048 -23.4721928))",Assaí Atacadista,supermarket,Assaí Atacadista,Q28679415,,,,,,,São Paulo,535,02340-000,Avenida Coronel Sezefredo Fagundes,,,,,,,,,,,,,,,,,,,,,,,,,,,,,,,,,,,,,,,,,,,,,yes,,,,,,,,,,,,,,,,,,,,,,,,,,,,,,,,,,,,,,,,,,,,,,,,,,,,,,,,,,,,,,,,,,,,,,,,,,,,,,,,,,,,,,,,,,,,,,,,,,,,,,,,,,,,,,,,,,,,,,,,,multipolygon
"POLYGON ((-46.56624 -23.4770305, -46.5662335 -23.4767762, -46.5662283 -23.4767356, -46.5662001 -23.4767401, -46.5661447 -23.4765648, -46.5660775 -23.4765868, -46.5658385 -23.4766652, -46.5659234 -23.4769088, -46.5658715 -23.4769122, -46.5658468 -23.4769165, -46.5658159 -23.4769218, -46.5657512 -23.4771226, -46.5662194 -23.4772003, -46.56624 -23.4770305))",Mota Supermercados,supermarket,,,,,,,,,São Paulo,2364,02235-001,Avenida Roland Garros,,,,,,,,,,,,,,,,,,,,,,,,,,,,,,,,,,,,,,,,,,,,,,,,,,,,,,,,,,,,,,,,,,,,,,,,,,,,,,,,,,,,,,,,,,,,,,,,,,,,,,,,,,,,,,,,,,,,,,,,,,,,,,,,,,,,,,,,,,,,,,,,,,,,,,,,,,,,,,,,,,,,,,multipolygon
"POLYGON ((-46.5788095 -23.5275249, -46.5780089 -23.527315, -46.5779619 -23.5273026, -46.577758 -23.5284372, -46.5776721 -23.5286329, -46.5777345 -23.5286934, -46.577824 -23.5288278, -46.5778982 -23.5289498, -46.5779678 -23.5290801, -46.5780007 -23.5291506, -46.5780466 -23.5292408, -46.5782304 -23.5296687, -46.5782915 -23.5298213, -46.5783194 -23.5298727, -46.5783513 -23.5298914, -46.5784041 -23.529889, -46.5784666 -23.5297995, -46.5788781 -23.5291655, -46.5791387 -23.5288088, -46.579292 -23.5280066, -46.5793608 -23.5276695, -46.5788095 -23.5275249))",Assaí Atacadista,supermarket,Assaí Atacadista,Q28679415,,,,,,,São Paulo,2000,03077-005,Avenida Condessa Elisabeth de Robiano,,,,,,,,,,,,,,,,,,,,,,,,,,,,,,,,,,,,,,,,,,,,,yes,,,,,,,,,,,,,,,,,,,,,,,,,,,,,,,,,,,,,,,,,,,,,,,,,,,,,,,,,,,,,,,,,,,,,,,,,,,,,,,,,,,,,,,,,,,,,,,,,,,,,,,,,,,,,,,,,,,,,,,,,multipolygon
"POLYGON ((-46.4740323 -23.611127, -46.4739473 -23.611139, -46.4739553 -23.611188, -46.4739156 -23.6111935, -46.4739044 -23.6111243, -46.4738773 -23.6111281, -46.47388 -23.611145, -46.4737887 -23.6111576, -46.4737965 -23.6112056, -46.4735147 -23.6112445, -46.4735322 -23.611352, -46.4734536 -23.6113629, -46.4734825 -23.6115405, -46.4735712 -23.6115282, -46.4735952 -23.611676, -46.4738798 -23.6116367, -46.4739792 -23.611622, -46.4739839 -23.6116666, -46.4745584 -23.6115796, -46.4747825 -23.6115486, -46.4747037 -23.6110944, -46.474486 -23.6111161, -46.4744106 -23.6111266, -46.4740872 -23.6111713, -46.4740795 -23.6111242, -46.4740323 -23.611127))",Assaí Atacadista,supermarket,Assaí Atacadista,Q28679415,,,,"Mo-Sa 07:00-22:00; Su,PH 08:00-18:00",pt:Assaí Atacadista,,São Paulo,58,08375-000,Avenida Ragueb Chohfi,São Mateus,,,,,,,,,,,,,,+55 11 2010 1200,,,,,,,,,,,BR,,,,,,,,,,,,,,,,,,,yes,,pmsp,,,,,,,,,,,,,,,,,,,,,,,,,,,,,,,,,,,,yes,,,,,,,,,,,,,,,,,,,,,9.0,,,,,,,,,,,,,,,,,,,,,,,,,,,,,,,,,,,,,,,,,,,,,,,,,,,,,,,,,,,,,,
"POLYGON ((-46.7278492 -23.5181393, -46.7275667 -23.5180858, -46.7275872 -23.5179966, -46.7272927 -23.5179408, -46.7272895 -23.5179551, -46.7272587 -23.5179339, -46.7272296 -23.5179206, -46.7271958 -23.5179095, -46.7271564 -23.5179011, -46.7271134 -23.5178983, -46.7270795 -23.5178999, -46.7270473 -23.5179052, -46.7270192 -23.5179136, -46.7269941 -23.5179243, -46.7269912 -23.5179255, -46.7269694 -23.5179357, -46.726987 -23.517951, -46.7269845 -23.5179597, -46.7269526 -23.5179545, -46.7269556 -23.5179412, -46.7269197 -23.5179342, -46.7269222 -23.5179219, -46.7267788 -23.5178927, -46.7267748 -23.5179066, -46.72674 -23.5178994, -46.7267351 -23.5179177, -46.7267076 -23.5179127, -46.7267121 -23.5178959, -46.7267274 -23.5178993, -46.7266947 -23.5178636, -46.7266721 -23.5178449, -46.72663 -23.5178175, -46.7265933 -23.5177997, -46.7265712 -23.5177923, -46.7265382 -23.5177845, -46.7265049 -23.5177796, -46.7264721 -23.5177783, -46.726442 -23.517779, -46.7264131 -23.5177824, -46.7263813 -23.5177875, -46.7260553 -23.5177243, -46.725993 -23.5179937, -46.7260482 -23.5180043, -46.7259832 -23.5182956, -46.7258995 -23.5182788, -46.7259108 -23.5182275, -46.7256241 -23.5181718, -46.7256118 -23.5182232, -46.7258063 -23.5182612, -46.7257398 -23.5185546, -46.7257894 -23.5185646, -46.7257667 -23.5186501, -46.7257158 -23.5186395, -46.7256953 -23.5187272, -46.7257612 -23.51874, -46.7257587 -23.5187476, -46.7262906 -23.5188493, -46.7263168 -23.5187365, -46.7265779 -23.5187856, -46.7265532 -23.5188954, -46.7267722 -23.5189377, -46.7267812 -23.5189037, -46.7268272 -23.5189119, -46.7268435 -23.5188368, -46.7270838 -23.5188822, -46.7270751 -23.5189171, -46.7270865 -23.5189195, -46.7270704 -23.5189845, -46.7271702 -23.5190032, -46.7271664 -23.519017, -46.7272495 -23.5190323, -46.7272661 -23.5189635, -46.7272821 -23.5189671, -46.7272661 -23.5190355, -46.7273268 -23.5190474, -46.7273467 -23.5189625, -46.7276508 -23.5190213, -46.7278492 -23.5181393))",Assaí Atacadista,supermarket,Assaí Atacadista,Q28679415,,,,,,,,,,,,,,,,,,,Assaí,,,,,,,,,,,,,,,,,,,,,,,,,,,,,,,,,,,,,,pmsp,,,,,,,,,,,,,,,,,,,,,,,,,,,,,,,,,,,,yes,,,,,,,,,,,,,,,,,,,,,9.566,,,,,,,,,,,,,,,,,,,,,,,,,,,,,,,,,,,,,,,,,,,,,,,,,,,,,,,,,,,,,,
"POLYGON ((-46.5637588 -23.546999, -46.5637554 -23.5469982, -46.5637567 -23.5469926, -46.5637826 -23.5468774, -46.5638099 -23.5468833, -46.5638358 -23.5467729, -46.5638533 -23.546698, -46.5638257 -23.546692, -46.563903 -23.5463632, -46.5638984 -23.5463622, -46.5639096 -23.5463179, -46.5635757 -23.5462521, -46.5635485 -23.5462663, -46.5634761 -23.5465756, -46.5635235 -23.5465851, -46.5635021 -23.5466765, -46.5634833 -23.5467566, -46.563436 -23.5467472, -46.5633593 -23.5470746, -46.5634123 -23.547119, -46.5637362 -23.5471888, -46.5637735 -23.5470312, -46.5637801 -23.5470035, -46.5637588 -23.546999))",Sonda Supermercados,supermarket,,,,,,,,,São Paulo,1000,03311-000,Rua Apucarana,,,,,,,,,,https://www.sondadelivery.com.br/,,,,,,,,,,,,,,,,,,,,,,,,,,,,,,,,,,,,,pmsp,,https://twitter.com/gruposonda,https://www.youtube.com/user/sondasupermercados,,,,,,,,,,,,,,,,,,,,,,,,,,,,,,,,,yes,,,,,,,,,,,,,,,,,,,,,12.73,2,Q10373286,pt:Sonda Supermercados,Sonda_Supermercados,,,,,,,,,,,,,,,,,,,,,,,,,,,,,,,,,,,,,,,,,,,,,,,,,,,,,,,,,,
"POLYGON ((-46.670876 -23.527349, -46.6710076 -23.5275534, -46.6709891 -23.5275632, -46.6710262 -23.5276219, -46.6710453 -23.5276118, -46.6710489 -23.5276175, -46.6710525 -23.5276153, -46.6710776 -23.5276247, -46.6711077 -23.5276278, -46.6711392 -23.5276263, -46.6711694 -23.5276213, -46.6711969 -23.5276114, -46.6712199 -23.5275983, -46.6712425 -23.5275804, -46.6712616 -23.5275604, -46.6712757 -23.5275338, -46.6715635 -23.5273762, -46.6715433 -23.527344, -46.6720921 -23.5270375, -46.6720901 -23.5270345, -46.6721398 -23.5270069, -46.6721211 -23.5269783, -46.6721115 -23.5269836, -46.6721072 -23.5269771, -46.6720672 -23.5269994, -46.6720275 -23.5269385, -46.6717614 -23.5265309, -46.6716935 -23.5264308, -46.6716754 -23.5264406, -46.6716618 -23.5264271, -46.6716506 -23.5264327, -46.6716371 -23.5264138, -46.6716429 -23.5264102, -46.6715383 -23.5262508, -46.6714756 -23.526286, -46.6715812 -23.5264464, -46.6715958 -23.5264383, -46.6716066 -23.5264548, -46.6715752 -23.5264732, -46.6715602 -23.5264499, -46.6714936 -23.5264869, -46.6715106 -23.5265106, -46.671475 -23.5265309, -46.6714309 -23.5265548, -46.671441 -23.5265707, -46.6711914 -23.5267087, -46.6712651 -23.5268201, -46.6711989 -23.5268564, -46.6707011 -23.527129, -46.6708351 -23.5273324, -46.6708484 -23.5273259, -46.6708658 -23.5273541, -46.670876 -23.527349))",Supermercado Sonda,supermarket,,,,,,Mo-Su 07:00-22:00,,,,,,,,,,,,limited,,,,,,,,,,,,,,,,,,,,,,,,,,,,,,,,,,,,,,,,,pmsp,,,,,,,,,,,,,,,,,,,,,,,,,,,,,,,,,,,,supermarket,,,,,,,,,,,,,,,,,,,,,,,,,,,,,,,,,,,,,,,,,,,,,,,,,,,,,,,,,,,,,,,,,,,,,,,,,,,,,,,,,,,
"POLYGON ((-46.5688328 -23.5441663, -46.5687141 -23.5446648, -46.5688768 -23.5446981, -46.5688654 -23.5447544, -46.5690534 -23.5447927, -46.5691306 -23.5444478, -46.5691157 -23.5444444, -46.5691654 -23.5442315, -46.5688328 -23.5441663))",Pão de Açúcar,supermarket,Pão de Açúcar,Q3411543,,,,,pt:Pão de Açúcar (supermercado brasileiro),,,,,,,,,,,,,,,,,,,,,,,,,,,,,,,,,,,,,,,,,,,,,,,,,,,,pmsp,,,,,,,,,,,,,,,,,,,,,,,,,,,,,,,,,,,,yes,,,,,,,,,,,,,,,,,,,,,13.159,,,,,,,,,,,,,,,,,,,,,,,,,,,,,,,,,,,,,,,,,,,,,,,,,,,,,,,,,,,,,,
"POLYGON ((-46.5599787 -23.5513345, -46.5600227 -23.5511558, -46.5597806 -23.5511076, -46.5597386 -23.5510992, -46.5597172 -23.5511885, -46.559696 -23.5512766, -46.5599787 -23.5513345))",Vip Supermercado,supermarket,,,,,,,,,São Paulo,1520,03312-001,Rua Monte Serrat,,,,,,,,,,,,,,,,,,,,,,,,,,,,,,,,,,,,,,,,,,,,,,,pmsp,,,,,,,,,,,,,,,,,,,,,,,,,,,,,,,,,,,,yes,,,,,,,,,,,,,,,,,,,,,13.72,,,,,,,,,,,,,,,,,,,,,,,,,,,,,,,,,,,,,,,,,,,,,,,,,,,,,,,,,,,,,,
"POLYGON ((-46.6268004 -23.6172194, -46.6271587 -23.6173522, -46.6272378 -23.6173863, -46.6272987 -23.6176546, -46.6273651 -23.6179475, -46.627522 -23.6186385, -46.6275508 -23.6189103, -46.6275261 -23.6189439, -46.6274874 -23.6189754, -46.627408 -23.6189805, -46.6266706 -23.6183168, -46.626424 -23.617278, -46.6268004 -23.6172194))",Carrefour,supermarket,Carrefour,Q217599,,,,Mo-Sa 07:00-22:00; Su 08:00-21:00,fr:Carrefour (enseigne),hypermarket,,,,,,,,,,,,,,,,,,Carrefour Imigrantes,,,,,,,,,,,,,,,,,,,,,,,,,,,,,,,,,,,,,,,,,,,,,,,,,,,,,,,,,,,,,,,,,,,,,supermarket,,,,,,,,,,,,,,,,,,,,,,3,,,,,,,,,,,,,,,,,,,,,,,,,,,,,,,,,,,,,,,,,,,,,,,,,,,,,,,,,,,,,
"POLYGON ((-46.6266289 -23.6182833, -46.6263742 -23.6181062, -46.6263422 -23.6180839, -46.6262008 -23.6179855, -46.6259564 -23.6179183, -46.6257602 -23.6178768, -46.6255634 -23.6178587, -46.6252278 -23.6178453, -46.6249029 -23.6178823, -46.6248526 -23.617735, -46.6249581 -23.6176534, -46.6255459 -23.6174617, -46.6263822 -23.6172876, -46.6266289 -23.6182833))",Carrefour,supermarket,Carrefour,Q217599,,,,Mo-Sa 07:00-22:00; Su 08:00-21:00,fr:Carrefour (enseigne),hypermarket,,,,,,,,,,,,,,,,,,Carrefour Imigrantes,,,,,,,,,,,,,,,,,,,,,,,,,,,,,,,,,,,,,,,,,,,,,,,,,,,,,,,,,,,,,,,,,,,,,supermarket,,,,,,,,,,,,,,,,,,,,,,2,,,,,,,,,,,,,,,,,,,,,,,,,,,,,,,,,,,,,,,,,,,,,,,,,,,,,,,,,,,,,
"POLYGON ((-46.6207418 -23.5884011, -46.6207569 -23.5884646, -46.6209111 -23.5884348, -46.6208358 -23.5881838, -46.620884 -23.5881707, -46.6208393 -23.5880377, -46.6207966 -23.58805, -46.620689 -23.5876791, -46.6206289 -23.5876899, -46.6206196 -23.5876613, -46.6201356 -23.5877814, -46.6201465 -23.5878116, -46.6200754 -23.5878329, -46.6202822 -23.5885325, -46.6205269 -23.588476, -46.6205275 -23.5884471, -46.6207418 -23.5884011))",Pão de Açúcar,supermarket,Pão de Açúcar,Q3411543,,,,24/7,pt:Pão de Açúcar (supermercado brasileiro),,São Paulo,,,Avenida Doutor Ricardo Jafet,,,,,,,,,,,,,,,,,,,,,,,,,,,,,,,,,,,,,,,,,,,,,,,,,,,,,,,,,,,,,,,,,,,,,,,,,,,,,,,,,,,supermarket,,,,,,,,,,,,,,,,,,,,,11.682,,,,,,,,,,,,,,,,,,,,,,,,,,,,,,,,,,,,,,,,,,,,,,,,,,,,,,,,,,,,,,
"POLYGON ((-46.5173146 -23.5165321, -46.5184764 -23.5159568, -46.5190242 -23.515698, -46.5196788 -23.5154032, -46.5198309 -23.5153709, -46.5199856 -23.5153773, -46.5202024 -23.5154654, -46.52031 -23.515576, -46.5203505 -23.5156177, -46.5204515 -23.5157916, -46.5187608 -23.5166612, -46.5182894 -23.5172417, -46.5182295 -23.5172258, -46.5181464 -23.5171065, -46.5179716 -23.5172294, -46.5179072 -23.5171691, -46.5178469 -23.5170965, -46.5176323 -23.5172269, -46.5172937 -23.5170025, -46.5172063 -23.5168704, -46.5171285 -23.5169171, -46.5171025 -23.5168328, -46.5173882 -23.5166612, -46.5173146 -23.5165321))",Assaí Atacadista,supermarket,Assaí Atacadista,Q28679415,,,,24/7,,,,,,,,,,,,,,,,,,,,,,,,,,,,,,,,,,,,,,,,,,,,,,,,,,,yes,,,,,,,,,,,,,,,,,,,,,,,,,,,,,,,,,,,,,,,,,,,,,,,,,,,,,,,,,,,,,,,,,,,,,,,,,,,,,,,,,,,,,,,,,,,,,,,,,,,,,,,,,,,,,,,,,,,,,,,,,
"POLYGON ((-46.7486035 -23.5570208, -46.7480707 -23.5574288, -46.7479173 -23.5576146, -46.7475914 -23.5577278, -46.7466205 -23.5576784, -46.7464724 -23.5575962, -46.7463567 -23.5575317, -46.7459368 -23.5573456, -46.7461097 -23.5570486, -46.7464676 -23.5564734, -46.7466098 -23.5565237, -46.7476407 -23.5565705, -46.7483775 -23.5566088, -46.7483664 -23.556877, -46.7486035 -23.5570208))",Assaí Atacadista,supermarket,Assaí Atacadista,Q28679415,,,,,pt:Extra (rede varejista),,,,,,,,,,,,,,,,,,,,,,,,,,,,,,,,,,,,,,,,,,,,,,,,,,,,,,,,,,,,,,,,,,,,,,,,,,,,,,,,,,,,,,,,yes,,,,,,,,,,,,,,,,,,,,,,,,,,,,,,,,,,,,,,,,,,,,,,,,,,,,,,,,,,,,,,,,,,,,,,,,,,,,,,,,,,,
"POLYGON ((-46.7393337 -23.4848116, -46.7385992 -23.4848677, -46.7386722 -23.4858972, -46.7390245 -23.4858776, -46.7390106 -23.4857077, -46.7391638 -23.485698, -46.7392083 -23.4856926, -46.7393158 -23.4856815, -46.7393165 -23.485773, -46.7396392 -23.485742, -46.7396152 -23.4855806, -46.7393618 -23.4855843, -46.739342 -23.4851304, -46.7395419 -23.4851213, -46.7393337 -23.4848116))",Atacadão Pirituba,supermarket,,,,,,,,,São Paulo,,05110-000,Avenida Mutinga,Pirituba,,,,,,,,Grupo Carrefour Brasil,,,,,,,,,,,,,,,,,,,,,,,,,,,,,,,,,,,,,,,,,,,,,,,,,,,,,,,,,,,,,,,,,,,,,,,,,,yes,,,,,,,,,,,,,,,,,,,,,14,,,,,,,,,,,,,,,,,,,,,,,,,,,,,,,,,,,,,,,,,,,,,,,,,,,,,,,,,,,,,,
"POLYGON ((-46.71672 -23.5059045, -46.7158496 -23.5054628, -46.7155443 -23.5059686, -46.7164147 -23.5064104, -46.71672 -23.5059045))",Pastorinho,supermarket,,,,,,Mo-Sa 07:00-22:00,,,São Paulo,1600,05145-000,Avenida Raimundo Pereira de Magalhães,Jardim Íris,,,,,,,,Pastorinho,,yes,,,,,,yes,yes,yes,yes,,yes,yes,yes,,,,,,,,,,,,,,,,,,,,,,,,,,,,,,,,,,,,,,,,,,,,,,,,,,,,,,,,,,,retail,,,,,,,yes,,,,,,,,,,,,,,,,,,,,,,,,,,,,,,,,,,,,,,,,,,,,,,,,,,,,,,,,,,,,,,,,,,,,,,,,,,,,
"POLYGON ((-46.6830553 -23.6806455, -46.6828329 -23.6803871, -46.683356 -23.6800233, -46.6835585 -23.6802675, -46.6830553 -23.6806455))",Mercado Extra,supermarket,Mercado Extra,Q5422131,,,,,pt:Extra (rede varejista),,São Paulo,,,Avenida Nossa Senhora do Sabará,,,,,,,,,,https://www.extra.com.br/,,,,,,,,,,,,,,,,,,,,,,,,,,,,,,,,,,,,,,,,,,,,,,,,,,,,,,,,,,,,,,,,,,,,,,,,,yes,,,,,,,,,,,,,,,,,,,,,,,,,,,,,,,,,,,,,,,,,,,,,,,,,,,,,,,,,,,,,,,,,,,,,,,,,,,,,,,,,,,
"POLYGON ((-46.6914495 -23.6301717, -46.6911595 -23.6297297, -46.6904449 -23.6301232, -46.6907349 -23.6305652, -46.6914495 -23.6301717))",Pão de Açúcar,supermarket,Pão de Açúcar,Q3411543,,,,,pt:Pão de Açúcar (supermercado brasileiro),,São Paulo,5494,,Avenida Santo Amaro,,,,,,,,,,,,,,,,,,,,,,,,,,,,,,,,,,,,,,,,,,,,,,,,,,,,,,,,,,,,,,,,,,,,,,,,,,,,,,,,,,,commercial,,,,,,,,,,,,,,,,,,,,,10,,,,,grey,flat,,,,,,,,,,,,,,,,,,,,,,,,,,,,,,,,,,,,,,,,,,,,,,,,,,,,,,,,
"POLYGON ((-46.7167766 -23.6284317, -46.7166716 -23.6282452, -46.7165195 -23.6280939, -46.7161722 -23.6277405, -46.7159937 -23.6275562, -46.7157682 -23.6274324, -46.7157486 -23.6265236, -46.71571 -23.6264859, -46.7156997 -23.6264258, -46.7157083 -23.6263964, -46.715736 -23.6263527, -46.7157337 -23.6257398, -46.7158823 -23.6257003, -46.7168874 -23.6256373, -46.7169302 -23.6254676, -46.7170507 -23.6255074, -46.7172212 -23.6253875, -46.7173431 -23.6253472, -46.7175291 -23.6253541, -46.7178768 -23.625385, -46.7178774 -23.6254092, -46.7178849 -23.6254518, -46.7178817 -23.6255196, -46.7182317 -23.6259149, -46.7183084 -23.6260159, -46.7183467 -23.6268548, -46.7182508 -23.6270701, -46.7180447 -23.6273907, -46.7179728 -23.6277113, -46.7169741 -23.6284106, -46.7168771 -23.6287136, -46.7168001 -23.6288506, -46.7168212 -23.6289741, -46.7169589 -23.6294631, -46.7168699 -23.6296961, -46.7168797 -23.6298239, -46.716823 -23.6297744, -46.7165618 -23.6295498, -46.7165542 -23.629403, -46.7166386 -23.6288596, -46.7167766 -23.6284317))",Pão de Açúcar,supermarket,Pão de Açúcar,Q3411543,,Extra,Extra,24/7,pt:Pão de Açúcar (supermercado brasileiro),,São Paulo,,,Avenida Major Sylvio de Magalhães Padilha,,,,,,,,,Pão de Açúcar,,,,,,,,,,,,,,,,,,,,,,,,,,,,,,,,,,,,,,,,,,,,,,,,,,,,,,,,,,,,,,,,,,,,,,,,,,,,,,,,,,,,,,,,,,,,,,,,,,,,,,Extra,,,,,,,,,,,,,,,,,,,,,,,,,,,,,,,,,,,,,,,,,,,,,,,,,,,,,,,
"POLYGON ((-46.5087098 -23.6099873, -46.5086648 -23.6099513, -46.5082999 -23.6102576, -46.5083383 -23.6102907, -46.5087728 -23.6104388, -46.5088445 -23.6104144, -46.5090373 -23.6102491, -46.5089918 -23.6102127, -46.5088552 -23.6101035, -46.5087867 -23.6100488, -46.5087098 -23.6099873))",Supermercado Nagumo - Parq. Santa Madalena,supermarket,,,,,,,,,,300,,Avenida Manuel Pimentel,,,,,,,,,,,yes,,,,,,yes,yes,,,,,,,,,,,,,,,,,,,,,,,,,,,,,pmsp,,,,,,,,,,,,,,,,,,,,,,,,,,,,,,,,,,,,retail,,,,,,,,,,,,,,,,,,,,,9.077,,,,,,,,,,,,,,,,,,,,,,,,,,,,,,,,,,,,,,,,,,,,,,,,,,,,,,,,,,,,,,
"POLYGON ((-46.6862937 -23.6260237, -46.6860867 -23.626173, -46.6861685 -23.6263104, -46.6861538 -23.6263545, -46.6861793 -23.6263961, -46.6862135 -23.62638, -46.6863067 -23.6264819, -46.6864034 -23.6264174, -46.6864331 -23.6264644, -46.6866194 -23.6263351, -46.6866558 -23.6263098, -46.6867027 -23.6262727, -46.6869017 -23.6260557, -46.6868557 -23.625981, -46.6868833 -23.625966, -46.6866749 -23.6256758, -46.6864661 -23.6253697, -46.6863984 -23.6253752, -46.6862985 -23.625243, -46.6860558 -23.6253865, -46.6861593 -23.625532, -46.6860533 -23.6255968, -46.6862937 -23.6260237))",Carrefour,supermarket,Carrefour,Q217599,,,,Mo-Sa 07:00-23:00; Su 08:00-22:00,fr:Carrefour (enseigne),hypermarket,,,,,,,,,,,,,Carrefour,,,,,Carrefour Brooklin,,,,,,,,,,,,,,,,,,,,,,,,,,,,,,,,,,,,,,,,,,,,,,,,,,,,,,,,,,,,,,,,,,,,,supermarket,,,,,,,,,,,,,,,,,,,,,,2,,,,,,,,,,,,,,,,,,,,,,,,,,,,,,,,,,,,,,,,,,,,,,,,,,,,,,,,,,,,,
"POLYGON ((-46.6740854 -23.6438701, -46.6740322 -23.6439095, -46.6739195 -23.6439866, -46.6731083 -23.6445174, -46.6738461 -23.6453496, -46.6739844 -23.6455216, -46.6746318 -23.6451102, -46.6744916 -23.6449618, -46.674866 -23.6446684, -46.6745729 -23.6442224, -46.6744164 -23.6443196, -46.6740854 -23.6438701))",Pão de Açúcar,supermarket,Pão de Açúcar,Q3411543,,,,,pt:Pão de Açúcar (supermercado brasileiro),,,,,Avenida Washington Luís,,,,,,yes,,,Pão de Açúcar,,yes,,yes,,,,yes,yes,,,,,,,,,,,,,,,,,,,,,,,,,,,,,,,,,,,,,,,,,,,,,,,,,,,,,,,,,,,,,,,,,,,,,,,,,,,,,,,,,,,,,,,,,,,,,,,,,,,,,,,,,,,,,,,,,,,,,,,,,,,,,,,,,,,,,,,,,,,,,,,,,,,,
"POLYGON ((-46.676783 -23.5873975, -46.6763924 -23.588644, -46.6760793 -23.588564, -46.6756389 -23.5880614, -46.6757997 -23.5875963, -46.6755768 -23.5875301, -46.6757021 -23.5871226, -46.676783 -23.5873975))",Mercado Extra,supermarket,Mercado Extra,Q5422131,,,,,pt:Extra (rede varejista),hypermarket,,,,,,,,,,yes,,,,,,,,,,,,,,,,,,,,,,,,,,,,,,,,,,,,,,,,,,,,,,,,,,,,,,,,,,,,,,,,,,,,,,,,,,,,,supermarket,,,,,,,,,,,,,,,,,,,,,,,,,,,,,,,,,,,,,,,,,,,,,,,,,,,,,,,,,,,,,,,,,,,,,,,,,,,,,,,,,,,
"POLYGON ((-46.6679884 -23.6279222, -46.668379 -23.6285887, -46.6671401 -23.6291979, -46.6665286 -23.6290421, -46.6663458 -23.6287303, -46.6679884 -23.6279222))",Assai Atacadista - Aeroporto,supermarket,Assai,Q28679415,,,Extra,,,,,,,,,,,,no,,,,Assai,,,,,,,,,,,,,,,,,,,wlan,,,,,,,,,,,,,,,,,yes,,,,,,,,,,,,,,,,,,,,,,,,,,,,,,,,,,,,,customers,supermarket,,,,,,,,,,,,,,,,,,,,,,,,,,,,,,,,,,,,,,,,,,,,,,,,,,,,,,,,,,,,,,,,,,,,,,,,,,,,,,,,,,,
"POLYGON ((-46.5590864 -23.5599462, -46.5593892 -23.5598509, -46.5594805 -23.5600946, -46.5604464 -23.5597906, -46.5603508 -23.5595354, -46.5606286 -23.559448, -46.5610405 -23.5605474, -46.559494 -23.5610342, -46.5590864 -23.5599462))",Carrefour Anália Franco,supermarket,Carrefour,Q217599,,,,,,,,1759,03550-100,Avenida Regente Feijó,,,,,,,,,,https://www.carrefour.com.br,,,,,,,,,,,,,,,,,,,,,,,,,,,https://www.facebook.com/CarrefourBR,,,,,,,,,,,https://instagram.com/carrefourbrasil,https://twitter.com/carrefourbrasil,https://www.youtube.com/user/carrefourbrasil,,,,,,,,,,,,,,Vila Regente Feijó,,,,,,,,,,,,,,,,,,,,,,,,,,,,,,,,,,,,,,,,,,,,,,,,,,,,,,,,,,,,,,,,,,,,,,,,,,,,,,,,,,,,,,,,,,,,,,,,,,,,,,
"POLYGON ((-46.6974301 -23.6386388, -46.6976342 -23.6385298, -46.6977744 -23.6384549, -46.6975355 -23.638108, -46.6974232 -23.6381722, -46.6972169 -23.63829, -46.6973007 -23.638427, -46.6973867 -23.6385677, -46.6974301 -23.6386388))",Natural da Terra Hortifruti Alto da Boa Vista,supermarket,,,,,,Mo-Su 07:30-22:00,,,,6618,04702-002,Avenida Santo Amaro,,,,,,yes,,,Natura da Terra Hortifruti,,,,,,,,yes,yes,,,,,,,,,,,,,,,,,,,,,http://www.naturaldaterra.com.br/,,,,,,,,,,,,,,,,,,,,,,,,,,,,,,,,,,,,,,,,,,,,supermarket,,,,,,,,,,,,,,,,,,,,,,,,,,,,,Hortifruti,,,,,,,,,,,,,,,,,,,,,,,,,,,,,,,,,,,,,,,,,,,,,,,,,,,,,,
"POLYGON ((-46.6959752 -23.6360189, -46.6958174 -23.636106, -46.6958132 -23.6361115, -46.6958139 -23.636116, -46.695837 -23.6361464, -46.6959978 -23.6360611, -46.6959752 -23.6360189))",Oxxo,convenience,Oxxo,Q1342538,,,,,,,São Paulo,6302,04702-002,Avenida Santo Amaro,,,,,,,,,,,,,,,,,,,,,,,,,,BR,,,,,,,,,,,,,,,,,,,,,,,,,,,,,,,,,,,,,,,,,,,,,,,,,,,,,,,,,,,,,,,,,,,,,,,,,,,,commercial,,,,,,,,,,,,,,,,,,,,,,,,,,,,,,,,,,,,,,,,,,,,,,,,,,,,,,,,,,,,,,,,
"POLYGON ((-46.7002839 -23.6941878, -46.7001422 -23.694627, -46.7005514 -23.6947377, -46.7008696 -23.6948271, -46.7008872 -23.6948294, -46.7009714 -23.6945606, -46.7011702 -23.6946186, -46.7012278 -23.6944343, -46.7008327 -23.6943297, -46.7008369 -23.6943162, -46.7007992 -23.6943063, -46.7008016 -23.6942988, -46.7007417 -23.6942831, -46.7007358 -23.6943019, -46.7006823 -23.6942877, -46.7006862 -23.6942749, -46.7006379 -23.6942622, -46.7006344 -23.6942731, -46.7005234 -23.6942437, -46.700526 -23.6942355, -46.7004797 -23.6942233, -46.7004771 -23.6942317, -46.7004004 -23.6942113, -46.7004034 -23.6942015, -46.7003569 -23.6941891, -46.7003517 -23.6942057, -46.7002839 -23.6941878))",Carrefour,supermarket,Carrefour,Q217599,,,,,,,,,,Avenida Interlagos,,,,,,,,,,,,,,,,,,,,,,,,,,,,,,,,,,,,,,,,,,,,,,,pmsp,,,,,,,,,,,,,,,,,,,,,,,,,,,,,,,,,,,,yes,,,,,,,,,,,,,,,,,,,,,5.99,,,,,,,,,,,,,,,,,,,,,,,,,,,,,,,,,,,,,,,,,,,,,,,,,,,,,,,,,,,,,,
"POLYGON ((-46.7553958 -23.486124, -46.755329 -23.4858998, -46.7555793 -23.4858611, -46.7556612 -23.4860429, -46.7553958 -23.486124))",Supermercado Suporte,supermarket,,,,,,,,,,,,,,,,,,,,,,,,,,,,,,,,,,,,,,,,,,,,,,,,,,,,,,,,,,,,,,,,,,,,,,,,,,,,,,,,,,,,,,,,,,,,,,,,,,,,,,,,,,,,,,,,,,,,,,,,,,,,,,,,,,,,,,,,,,,,,,,,,,,,,,,,,,,,,,,,,,,,,,,,,,,,,,,,,,
"POLYGON ((-46.7794496 -23.5845839, -46.7784752 -23.5844013, -46.7783131 -23.5852667, -46.7783822 -23.5852914, -46.7783376 -23.585454, -46.7781534 -23.5854245, -46.7781658 -23.5854941, -46.7782573 -23.5855057, -46.7781822 -23.5859091, -46.7782424 -23.5859146, -46.77821 -23.5861322, -46.7791172 -23.586278, -46.7792053 -23.5858068, -46.7793196 -23.5858207, -46.7793499 -23.5857368, -46.7792193 -23.5857215, -46.7793995 -23.5849181, -46.7794768 -23.5849326, -46.7795039 -23.5848559, -46.7793967 -23.5848312, -46.7794496 -23.5845839))",Carrefour,supermarket,Carrefour,Q217599,,,,,fr:Carrefour (enseigne),,,,,,,,,,,yes,,,,https://www.carrefour.com.br/,yes,,,,,,yes,yes,,,,,,,,,,,,,,,,,,,,,,,,,,,,,Bing;local knowledge,,,,,,,,,,,,,,,,,,,,,,,,,,,,,,,,,,,,commercial,,,,,,,,,,,,,yes,,,,,,,,,,,,,,,,,,,,,,,,,,,,,,,,,,,,,,,,,,,,,,,,,,,,,,,,,,,,,,,,,,,,,,
"POLYGON ((-46.7308533 -23.5808264, -46.7307573 -23.5810087, -46.7308308 -23.5810542, -46.7308483 -23.5810246, -46.7310343 -23.5811188, -46.7311117 -23.5809684, -46.7310237 -23.5809203, -46.7309223 -23.5808738, -46.7309296 -23.5808623, -46.7308533 -23.5808264))",Shell,convenience,Shell,Q110716465,,,,,en:Royal Dutch Shell,,São Paulo,2600,05593-090,Rua Azém Abdalla Azém,,,,,,,,,,,,,,,+55 11 3727-1476,,,,,,,,,,,,,,,,,,,,,,,,,,,,,,,,,,,,,,,,,,,,,,,,,,,,,fuel,,,,,,services,,,,,yes,,,,roof,,,,,,,,,,,,,,,,,,,,,4.714,,,,,,,,,yes,yes,yes,yes,,,,,,,,,,,,,,,,,,,,,,,,,,,,,,,,,,,,,,,,,,,,,,,,,,
"POLYGON ((-46.6270676 -23.5051583, -46.6270097 -23.5051537, -46.6269431 -23.5051485, -46.6267787 -23.5051356, -46.6267416 -23.5051327, -46.62667 -23.5051271, -46.6264179 -23.5051073, -46.6264132 -23.5052013, -46.6264082 -23.505301, -46.6264137 -23.5053015, -46.6267856 -23.5053374, -46.6267869 -23.5053375, -46.6270635 -23.5053793, -46.6270676 -23.5051583))",Pão de Açúcar,supermarket,Pão de Açúcar,Q3411543,,,,,pt:Pão de Açúcar (supermercado brasileiro),,São Paulo,1723,02011-300,Rua Voluntários da Pátria,Santana,,,,,,,,,,,,,,,,,,,,,,,,,,,,,,,,,,,,,,,,,,,,,,pmsp,,,,,,,,,,,,,,,,,,,,,,,,,,,,,,,,,,,,yes,,,,,,,,,,,,,,,,,,,,,10.929,,,,,,,,,,,,,,,,,,,,,,,,,,,,,,,,,,,,,,,,,,,,,,,,,,,,,,,,,,,,,,
"POLYGON ((-46.4692019 -23.502045, -46.4692019 -23.5020466, -46.4692002 -23.5020492, -46.4692019 -23.5020502, -46.4694001 -23.5021616, -46.4693198 -23.502283, -46.469451 -23.5023568, -46.4694535 -23.5023581, -46.4695771 -23.5021711, -46.4698328 -23.5023149, -46.4699147 -23.502191, -46.4699203 -23.5021942, -46.4699188 -23.5021964, -46.4699424 -23.5022097, -46.47027 -23.5017141, -46.470245 -23.5017001, -46.470244 -23.5017015, -46.4702397 -23.501699, -46.4703208 -23.5015764, -46.4697294 -23.5012439, -46.469688 -23.5013069, -46.4696615 -23.501292, -46.4696033 -23.5013805, -46.4696298 -23.5013954, -46.4695425 -23.5015283, -46.4695158 -23.5015134, -46.4694582 -23.501601, -46.4694682 -23.5016064, -46.4694282 -23.5016669, -46.4694185 -23.5016613, -46.4693959 -23.5016956, -46.469377 -23.5017243, -46.4694039 -23.5017393, -46.4693651 -23.5017985, -46.4693383 -23.5017835, -46.4692828 -23.5018676, -46.4693096 -23.5018827, -46.4692019 -23.502045))",,supermarket,,,,,,,,,,,,,,,,,,,,,,,,,,,,,,,,,,,,,,,,,,,,,,,,,,,,,,,,,,,pmsp,,,,,,,,,,,,,,,,,,,,,,,,,,,,,,,,,,,,yes,,,,,,,,,,,,,,,,,,,,,10.55,,,,,,,,,,,,,,,,,,,,,,,,,,,,,,,,,,,,,,,,,,,,,,,,,,,,,,,,,,,,,,
"POLYGON ((-46.6556322 -23.5128753, -46.6551206 -23.5137517, -46.6553178 -23.5138485, -46.6552039 -23.5140436, -46.6550067 -23.5139468, -46.6549714 -23.5140072, -46.6544456 -23.5137491, -46.6545159 -23.5136287, -46.6543729 -23.5135585, -46.6547038 -23.5129917, -46.6547442 -23.5130116, -46.6550038 -23.5125669, -46.6556322 -23.5128753))",Carrefour,supermarket,Carrefour,Q217599,,,,,,,,,,,,,,,,yes,,,,,,,,,,,,,,,,,,,,,,,,,,,,,,,,,,,,,,,,,,,,,,,,,,,,,,,,,,,,,,,,,,,,,,,,,,,,,supermarket,,,,,,,,,,,,,,,,,,,,,,,,,,,,,,,,,,,,,,,,,,,,,,,,,,,,,,,,,,,,,,,,,,,,,,,,,,,,,,,,,,,
"POLYGON ((-46.3985596 -23.5202441, -46.3985697 -23.5202132, -46.3986502 -23.5202354, -46.39875 -23.5199284, -46.3984734 -23.519852, -46.3983743 -23.5201571, -46.3984501 -23.5201786, -46.3984405 -23.5202112, -46.3985596 -23.5202441))",Mercado Soares,supermarket,,,,,,,,,,,,,,,,,,,,,,,,,,,,,,,,,,,,,,,,,,,,,,,,,,,,,,,,,,,pmsp,,,,,,,,,,,,,,,,,,,,,,,,,,,,,,,,,,,,supermarket,,,,,,,,,,,,,,,,,,,,,10.855,,,,,,,,,,,,,,,,,,,,,,,,,,,,,,,,,,,,,,,,,,,,,,,,,,,,,,,,,,,,,,
"POLYGON ((-46.4214346 -23.4930491, -46.4214394 -23.4930067, -46.4210662 -23.4929707, -46.4210574 -23.4930481, -46.4210005 -23.4930426, -46.4209919 -23.4931176, -46.4207671 -23.4930959, -46.4206859 -23.4938043, -46.4206969 -23.4938053, -46.4210553 -23.4938399, -46.4213637 -23.4938696, -46.4214575 -23.4930513, -46.4214346 -23.4930491))",Atacadão,supermarket,Atacadão,Q2868739,,,,,en:Atacadão,,,,,,,,,,,,,,,,,,,,,,,,,,,,,,,,,,,,,,,,,,,,,,,,,,,,pmsp,,,,,,,,,,,,,,,,,,,,,,,,,,,,,,,,,,,,yes,,,,,,,,,,,,,,,,,,,,,6.289,,,,,,,,,,,,,,,,,,,,,,,,,,,,,,,,,,,,,,,,,,,,,,,,,,,,,,,,,,,,,,
"POLYGON ((-46.4213637 -23.4938696, -46.4217531 -23.4939064, -46.4218475 -23.4930748, -46.4214586 -23.4930376, -46.4214575 -23.4930513, -46.4213637 -23.4938696))",Atacadão,supermarket,Atacadão,Q2868739,,,,,en:Atacadão,,,,,,,,,,,,,,,,,,,,,,,,,,,,,,,,,,,,,,,,,,,,,,,,,,,,pmsp,,,,,,,,,,,,,,,,,,,,,,,,,,,,,,,,,,,,yes,,,,,,,,,,,,,,,,,,,,,6.544,,,,,,,,,,,,,,,,,,,,,,,,,,,,,,,,,,,,,,,,,,,,,,,,,,,,,,,,,,,,,,
"POLYGON ((-46.6095813 -23.6177742, -46.6091156 -23.6174755, -46.6090657 -23.6175497, -46.6089497 -23.6174842, -46.608765 -23.6177588, -46.6088659 -23.6178326, -46.6086722 -23.6181415, -46.6091398 -23.6184097, -46.609463 -23.6180926, -46.6096005 -23.617875, -46.6095813 -23.6177742))",Assaí Atacadista,supermarket,Assaí Atacadista,Q28679415,,,,,pt:Assaí Atacadista,,São Paulo,29,04165-000,Rua Nossa Senhora das Mercês,Vila das Merces,,,,,,,,,https://www.assai.com.br/,,,,Assaí Tancredo Neves,,,,,,,,,,,,,,,,,,,,,,,,,,,,,,,yes,,,,,,,,,,,,,,,,,,,,,,,,,,,,,,,,,,,,,,supermarket,,,,,,,,,,,,,,,,,,,,,,,,,,,,,,,,,,Loja 137,,,,,,,,,,,,,,,,,,,,,,,,,,,,,,,,,,,,,,,,,,,,,,,,,
"POLYGON ((-46.4396108 -23.5397107, -46.4393842 -23.5392716, -46.4398329 -23.5386738, -46.4401839 -23.538876, -46.4396108 -23.5397107))",Ita,supermarket,,,,,,,,,,,,,,,,,,,,,,,,,,,,,,,,,,,,,,,,,,,,,,,,,,,,,,,,,,,,,,,,,,,,,,,,,,,,,,,,,,,,,,,,,,,,,,,,,,,,,,,,,,,,,,,,,,,,,,,,,,,,,,,,,,,,,,,,,,,,,,,,,,,,,,,,,,,,,,,,,,,,,,,,,,,,,,,,,,
"POLYGON ((-46.6027447 -23.461588, -46.6028451 -23.4619381, -46.6029561 -23.4623251, -46.6019809 -23.4625208, -46.6018978 -23.4625355, -46.6017372 -23.461807, -46.6021471 -23.4617776, -46.6024419 -23.4617253, -46.6027447 -23.461588))",Giga Atacado,supermarket,,,,,,,,,São Paulo,1980,,Avenida Coronel Sezefredo Fagundes,,,,,,,,,,,,,,,,,,,,,,,,,,,,,,,,,,,,,,,,,,,,,,,,,,,,,,,,,,,,,,,,,,,,,,,,,,,,,,,,,,,,,,,,,,,,,,,,,,,,,,,,,,,,,,,,,,,,,,,,,,,,,,,,,,,,,,,,,,,,,,,,,,,,,,,,,,,,,,,,,,,,,,
"POLYGON ((-46.582499 -23.4659151, -46.5816462 -23.4660608, -46.5821602 -23.4680053, -46.5815955 -23.4681142, -46.5811654 -23.4681971, -46.5811213 -23.4682056, -46.5803228 -23.4683595, -46.5798599 -23.4684489, -46.5802351 -23.4673908, -46.5803397 -23.4670864, -46.5805519 -23.466462, -46.5805855 -23.4663616, -46.5807748 -23.4655572, -46.5830099 -23.4656257, -46.5829868 -23.4658246, -46.5829378 -23.4658314, -46.582499 -23.4659151))",Hipermercado Bergamini,supermarket,,,,,,Mo-Sa 07:30-22:30; Su 07:30-22:00; PH 07:30-22:00,,,,431,,Avenida Luís Stamatis,,,,,,,,,,https://www.bergamini.comercial.ws/,,yes,yes,,+55 11 2249 8600,,yes,yes,,,,,,,,,,,,,,,,,,,,,,,,,,,,,,,,,,,,,,+55 11 2240 4960,,,,,,,,,,,,,,,,,,,,,,,,,,,,,,,,,,,,,,,,,,,,,,,,,,,,,,,,,,,,,,,,,,,,,,,,,,,,,,,,,,,,,,,,,,,,,,,,,,,,,,,,,,,,,,
"POLYGON ((-46.6190506 -23.5891215, -46.618297 -23.5894919, -46.6187597 -23.5902953, -46.6188909 -23.5902445, -46.6191012 -23.5905704, -46.6196962 -23.59027, -46.6196906 -23.5901978, -46.6196218 -23.590093, -46.619486 -23.5898709, -46.619571 -23.5898173, -46.6193771 -23.5894833, -46.6193223 -23.5895165, -46.6190506 -23.5891215))",Mercado Extra,supermarket,Mercado Extra,Q5422131,,,,07:00-22:00,pt:Extra (rede varejista),,São Paulo,,,Avenida Doutor Ricardo Jafet,,,,,,,,,Extra,https://www.extra.com.br/,,,,Extra Ricardo Jafet,,,,,,,,,,,,,,,,,,,,,,,,,,,,,,,,,pmsp,,,,Q5422131,,,,,,,,,,,,,,,,,,,,,,,,,,,,,,,,supermarket,,,,,,,,,,,,,,,,,,,,,10.98,2,,,,,,,,,,,,,,,,,,,,,,,,,,,,,,,,,,,,,,,,,,,,,,,,,,,,,,,,,,,,,
"POLYGON ((-46.6851024 -23.6219163, -46.6852161 -23.6220618, -46.6852635 -23.6220298, -46.6853749 -23.6221718, -46.6857095 -23.6225987, -46.6855289 -23.6227188, -46.6854601 -23.6227299, -46.6853789 -23.622743, -46.685314 -23.6227535, -46.6850583 -23.6227949, -46.685039 -23.6227925, -46.685019 -23.6227901, -46.6849349 -23.6226653, -46.6849223 -23.6226465, -46.6851006 -23.6225258, -46.6849828 -23.6223791, -46.6852032 -23.6222289, -46.6850102 -23.6219769, -46.685062 -23.6219429, -46.6851024 -23.6219163))",Pão de Açúcar Santo Amaro,supermarket,Pão de Açúcar,Q3411543,,,,,,,São Paulo,4530,04702-000,Avenida Santo Amaro,,,,,,,,,Pão de Açúcar,,,,,,,,,,,,,,,,,BR,,,,,,,,,,,,+55 11 5044 4975,http://www.paodeacucar.com.br/,,,,,,,,,,,,,,,,,,,,,,,,,,,,,,,,,,,,,,,,,,,,,,,,,,,,,,,,,,,,,,,,,,,,,,,,,,,,,,,,,,,,,,,,,,,,,,,,,,,,,,,,,,,,,,,,,,,,,,,,,,,,,,,
"POLYGON ((-46.6010882 -23.523015, -46.6010823 -23.5229721, -46.6010709 -23.5229383, -46.6008563 -23.5227065, -46.6006659 -23.522511, -46.5999844 -23.5217679, -46.5998787 -23.5216567, -46.5988474 -23.5205681, -46.5988608 -23.5203738, -46.5988462 -23.5203728, -46.5988287 -23.5203715, -46.5988207 -23.520371, -46.5987728 -23.5203702, -46.5983431 -23.5203627, -46.5978733 -23.5210817, -46.5978291 -23.5211493, -46.5974379 -23.5209302, -46.5974079 -23.5209835, -46.5973695 -23.521034, -46.5973949 -23.5210501, -46.5971401 -23.5214596, -46.5975507 -23.5218145, -46.5977021 -23.5219453, -46.5982908 -23.52257, -46.5989199 -23.5232442, -46.599371 -23.5237276, -46.5997083 -23.5240702, -46.5999034 -23.5239189, -46.5999355 -23.5238938, -46.6004458 -23.5234905, -46.6004916 -23.5234557, -46.6006457 -23.5233398, -46.6006759 -23.5233162, -46.6010882 -23.523015))",Carrefour,supermarket,Carrefour,Q217599,,,,24/7,fr:Carrefour (enseigne),,São Paulo,3351,02063-903,Avenida Morvan Dias de Figueiredo,Vila Guilherme,,,,,,,,Groupe Carrefour,,,,,,,,,,,,,,,,,,,wlan,,,,,,,,,,,,,,,,,,,,,,,Q3117359,fr:Groupe Carrefour,,,,,,,,,,,,,,,,,,,,,,,,,,,,,,,,,,,,,,,,,,,,,,,,,,retail,,,,,,,,,,,,,,,,wall,,,,,,,,,,,,,,,,,,,,,,,,,,,,,,,,,,,,,,,,,,,,,,,,
"POLYGON ((-46.6361706 -23.5933251, -46.6361169 -23.5933562, -46.6357033 -23.5933349, -46.6356776 -23.5936812, -46.6356963 -23.5937105, -46.6356966 -23.5937317, -46.6364178 -23.5937976, -46.6364039 -23.5935248, -46.6364015 -23.5933664, -46.6363747 -23.5933417, -46.6361706 -23.5933251))",Pastorinho Supermercados,supermarket,,,,,,,,,São Paulo,1999,04035-000,Rua Domingos de Morais,Vila Mariana,,,Supermercado Pastorinho,,,,,,https://pastorinho.com.br/,,,,,,,,,,,,,,,,,,,,,,,,,,,,+55 11 5904-0300,,,,,,,,,,,,,,,,,,,,,,,,,,,,,,,,,,,,,,,,,,,,,,,,,,,,,,,,,,,,,,,,,,,,,,,,,,,,,,,,,vmariana@pastorinho.com.br,,,,,,,,,,,,,,,,,,,,,,,,,,,,,,,,,,,,,,,,,,,,,,,
"POLYGON ((-46.6837733 -23.5250116, -46.6834607 -23.5251005, -46.6827574 -23.5253526, -46.6827224 -23.5253553, -46.6826956 -23.5253449, -46.6826693 -23.5253324, -46.6826507 -23.5253178, -46.6826341 -23.5252973, -46.6826252 -23.5252804, -46.6826234 -23.5252614, -46.6826189 -23.5252281, -46.6826304 -23.5251997, -46.6826431 -23.525179, -46.6826513 -23.5251589, -46.682688 -23.5251148, -46.6827651 -23.5250089, -46.6828436 -23.524917, -46.6829706 -23.5248085, -46.6831077 -23.5247185, -46.6833174 -23.5246022, -46.6835231 -23.5244953, -46.6836949 -23.5248198, -46.6837733 -23.5250116))",Sonda Supermercados,supermarket,,,,,,,,,São Paulo,155,05033-070,Rua Carlos Vicari,Vila Pompeia,,,,,,,,,,,,,,,,,,,,,,,,,,,,,,,,,,,,,,,,,,,,,,,,,,,,,,,,,,,,,,,,,,,,,,,,,,,,,,,,,,yes,,,,,,,,,,,,,,,,,,,,,12,,,,,,,,,,,,,,,,,,,,,,,,,,,,,,,,,,,,,,,,,,,,,,,,,,,,,,,,,,,,,,
"POLYGON ((-46.6488627 -23.4727628, -46.6488543 -23.4727968, -46.6489286 -23.4728854, -46.6490322 -23.4730092, -46.6491431 -23.4731403, -46.6491988 -23.4732067, -46.6492012 -23.4732056, -46.6493069 -23.4731542, -46.6493591 -23.4731015, -46.6494354 -23.473012, -46.6495564 -23.4730599, -46.6495646 -23.4730452, -46.6498686 -23.4731659, -46.6499295 -23.4731859, -46.6500064 -23.4730131, -46.6500405 -23.4729308, -46.6501168 -23.4727659, -46.6501319 -23.4727363, -46.6501604 -23.4726805, -46.6501629 -23.4726756, -46.6501932 -23.4726237, -46.6502314 -23.4725644, -46.650244 -23.4725701, -46.6502485 -23.4725611, -46.6502896 -23.4724956, -46.650303 -23.4724743, -46.6499209 -23.4723068, -46.6501367 -23.4720159, -46.6501913 -23.4720415, -46.6504026 -23.4721403, -46.6504522 -23.4721634, -46.6505686 -23.4722179, -46.6506185 -23.4721827, -46.6509372 -23.4719719, -46.6512424 -23.4716622, -46.6512871 -23.4715871, -46.6514669 -23.4712425, -46.6514037 -23.4712152, -46.6513539 -23.4711936, -46.6513464 -23.4711925, -46.6512918 -23.4711841, -46.6512435 -23.4711768, -46.6511834 -23.4711668, -46.6510612 -23.4711464, -46.6508726 -23.4710973, -46.6507931 -23.4710838, -46.650605 -23.471033, -46.6505675 -23.4710179, -46.6503857 -23.4709444, -46.650284 -23.4709015, -46.6502512 -23.4709232, -46.6502363 -23.4709444, -46.6501295 -23.4710965, -46.650003 -23.4712786, -46.64982 -23.4715352, -46.6496269 -23.4717871, -46.6490414 -23.4725416, -46.6488627 -23.4727628))",Andorinha Hiper Center,supermarket,,,,,,,,,São Paulo,,,Avenida Parada Pinto,,,,,,,,,,,,,,,,,,,,,,,,,,,,,,,,,,,,,,,,,,,,,,,,,,,,,,,,,,,,,,,,,,,,,,,,,,,,,,,,,,,,,,,,,,,,,,,,,,,,,,,,,,,,,,,,,,,,,,,,,,,,,,,,,,,,,,,,,,,,,,,,,,,,,,,,,,,,,,,,,,,,,,
"POLYGON ((-46.6011266 -23.5949648, -46.6011086 -23.5949678, -46.6011015 -23.5949672, -46.6010957 -23.5950234, -46.6011106 -23.5950246, -46.6011079 -23.5950511, -46.6013151 -23.5950689, -46.6013182 -23.5950384, -46.601309 -23.5950376, -46.6013166 -23.5949632, -46.6012701 -23.5949592, -46.6012712 -23.594949, -46.6011479 -23.5949384, -46.6011426 -23.5949515, -46.6011364 -23.5949588, -46.6011266 -23.5949648))",Oxxo,convenience,Oxxo,Q1342538,,,,,,,São Paulo,,,Rua Silva Bueno,Ipiranga,,,,,,,,,,,,,,,,,,,,,,,,,,,,,,,,,,,,,,,,,,,,,,pmsp,,,,,,,,,,,,,,,,,,,,,,,,,,,,,,,,,,,,yes,,,,,,,,,,,,,,,,,,,,,6.42,,,,,,,,,,,,,,,,,,,,,,,,,,,,,,,,,,,,,,,,,,,,,,,,,,,,,,,,,,,,,,
"POLYGON ((-46.6188875 -23.6186834, -46.6187293 -23.6189906, -46.6187481 -23.6190447, -46.618681 -23.6193691, -46.6181955 -23.6192757, -46.6183326 -23.6190063, -46.6182465 -23.6190176, -46.6181502 -23.6187827, -46.6187695 -23.6186588, -46.6188875 -23.6186834))",Vila das Frutas,supermarket,,,,,,,,,,,,,,,,,only,,,,,,,,,,,,,,,,,,,,,,,,,,,,,,,,,,,,,,,,,,,,,,,,,,,,,,,,,,,,,,,,,,,,,,,,,,,,,,,,,,,,,,,,,,,,,,,,,,,,,,,,,,,,,,,,,,,,,,,,,,,,,,,,,,,,,,,,,,,,,,,,,,,,,,,,,,,,,,,,,
"POLYGON ((-46.6574733 -23.5227643, -46.6566774 -23.5222051, -46.6564644 -23.5220457, -46.6575015 -23.5208128, -46.6575597 -23.5207818, -46.6576146 -23.5207818, -46.6576603 -23.5207977, -46.6577332 -23.520842, -46.6584962 -23.5216486, -46.6587709 -23.5219611, -46.6589195 -23.5221351, -46.6590415 -23.5222805, -46.6590573 -23.5223474, -46.6589984 -23.5224803, -46.6589613 -23.5225272, -46.6575408 -23.5227638, -46.6574733 -23.5227643))",Atacadão,supermarket,Atacadão,Q2868739,,,,"Mo-Su,PH 00:00-00:00",,,,,,Avenida Doutor Abraão Ribeiro,,,,,,,,,,,,,,,,,,,,,,,,,,,,,,,,,,,,,,,,,,,,,yes,,,,,,,,,,,,,,,,,,,,,,,,,,,,,,,,,,,,,,,,,,,,,,,,,,,,,,,,,,,,,,,,,,,,,,,,,,,,,,,,,,,,,,,,,,,,,,,,,,,,,,,,,,,,,,,,,,,,,,,,,
"POLYGON ((-46.5919664 -23.5833704, -46.5920223 -23.583393, -46.5920272 -23.5833933, -46.5920745 -23.5832954, -46.5921008 -23.5832402, -46.5921182 -23.5832035, -46.5921216 -23.5831984, -46.5921814 -23.5832226, -46.5921889 -23.5832246, -46.5921922 -23.5832222, -46.5922037 -23.583198, -46.5922762 -23.5832271, -46.5923092 -23.5832405, -46.5923136 -23.583238, -46.5923193 -23.583226, -46.592322 -23.5832213, -46.5923259 -23.5832229, -46.5925743 -23.5826879, -46.5926314 -23.5825648, -46.5926343 -23.5825587, -46.5926392 -23.5825574, -46.5926436 -23.5825547, -46.5927515 -23.582328, -46.5927603 -23.5823096, -46.592755 -23.5823064, -46.5927551 -23.5823013, -46.592793 -23.5822216, -46.5927893 -23.5822179, -46.5927029 -23.582183, -46.5926999 -23.5821867, -46.5926867 -23.5821813, -46.5926889 -23.5821765, -46.5926889 -23.5821734, -46.5926889 -23.5821699, -46.5926845 -23.582165, -46.5926715 -23.5821575, -46.5925929 -23.5821106, -46.5925807 -23.5821035, -46.5925738 -23.5821012, -46.5925666 -23.5821008, -46.5925595 -23.5821021, -46.5925531 -23.582105, -46.5925477 -23.5821095, -46.5925438 -23.5821151, -46.5925413 -23.5821213, -46.5925066 -23.582194, -46.5925034 -23.5822009, -46.5924979 -23.5822009, -46.5922918 -23.5821176, -46.5922871 -23.5821164, -46.592285 -23.5821159, -46.592012 -23.5821531, -46.5920078 -23.5821577, -46.591517 -23.5831887, -46.5919664 -23.5833704))",Sonda Supermercado,supermarket,,,,,,,,,,,,,,,,,,yes,,,Sonda,http://www.sonda.com.br/corporativo/lojas.php,,,,,+55 11 2132-0800,,,,,,,,,,,,,,,,,,,,,,,,,,,,,,,,pmsp,,,,,,,,,,,,,,,,,,,,,,,,,,,,,,,,,,,,supermarket,,,,,,,,,,,,,,,,,,,,,14.18,,,,,,,,,,,,,,,,,,,,,,,,,,,,,,,,,,,,,,,,,,,,,,,,,,,,,,,,,,,,,,
"POLYGON ((-46.760422 -23.581751, -46.7603317 -23.581684, -46.7602333 -23.5816672, -46.7602286 -23.5818418, -46.7602622 -23.581863, -46.760422 -23.581751))",Extra Fácil,supermarket,,,,,,,,,,,,,,,,,,,,,,,,,,,,,,,,,,,,,,,,,,,,,,,,,,,,,,,,,,,,,,,,,,,,,,,,,,,,,,,,,,,,,,,,,,,,,,,,,,,,,,,,,,,,,,,,,,,,,,,,,,,,,,,,,,,,,,,,,,,,,,,,,,,,,,,,,,,,,,,,,,,,,,,,,,,,,,,,,,
"POLYGON ((-46.7462953 -23.5801682, -46.746158 -23.5803558, -46.7459488 -23.5802427, -46.7461344 -23.5800404, -46.7462953 -23.5801682))",Piccin Supermercados,supermarket,,,,,,,,,,,,,,,,,,,,,,,,,,,,,,,,,,,,,,,,,,,,,,,,,,,,,,,,,,,,,,,,,,,,,,,,,,,,,,,,,,,,,,,,,,,,,,,,,,,,,,,,,,,,,,,,,,,,,,,,,,,,,,,,,,,,,,,,,,,,,,,,,,,,,,,,,,,,,,,,,,,,,,,,,,,,,,,,,,
"POLYGON ((-46.6001536 -23.5544123, -46.6001705 -23.5544226, -46.6021701 -23.5542091, -46.602138 -23.5539575, -46.6018662 -23.5539867, -46.601845 -23.5539706, -46.6018079 -23.5536482, -46.6017867 -23.5536498, -46.601766 -23.5534616, -46.6017358 -23.5534313, -46.6008546 -23.5535141, -46.600862 -23.5535694, -46.6007911 -23.5535745, -46.6007626 -23.5533034, -46.6000871 -23.553364, -46.600046 -23.5533882, -46.6001536 -23.5544123))",Assaí Atacadista,supermarket,Assaí Atacadista,Q28679415,,,,"Mo-Su,PH 06:00-24:00",,hypermarket,São Paulo,403,,Rua Javari,,,,Assai,,,,,Assaí,,,,,,,,,,,,,,,,,BR,,,,,,,,,,SP,,,,,,,,,,,,,,,,,,,,,,,,,,,,,,,,,,,,,,,,,,,,,,,supermarket,,,,,,,,,,,,,,,,,,,,,,,,,,,,,,,,,,,,,,,,,,,,,,,,,,,,,,,,,,,,,,,,,,,,,,,,,,,,,,,,,,,
"POLYGON ((-46.6385341 -23.4847442, -46.638512 -23.484783, -46.6384285 -23.4849298, -46.638568 -23.4849811, -46.6386813 -23.4847756, -46.6385891 -23.4847559, -46.6385341 -23.4847442))",Macarroni Balas e Doces,supermarket,,,,,,,,,,245,02431-000,Rua Francisco Bruno,,,,,,,,,,,,,,,+55 11 99726-4181,,,,,,,,,,,,,,,,,,,,,,,,,,,,,,,,pmsp,,,,,,,,,,,,,,,,,,,,,,,,,,,,,,,,,,,,supermarket,,,,,,,,,,,,,,,,,,,,,10.665,,,,,,,,,,,,,,,,,,,,,,,,,,,,,,,,,,,,,,,,,,,,,,,,,,,,,,,,,,,,,,
"POLYGON ((-46.687407 -23.5348246, -46.6875219 -23.5349893, -46.6872543 -23.5351528, -46.6871361 -23.5349898, -46.687407 -23.5348246))",St Marche,supermarket,,,,,,Mo-Sa 07:00-22:00; Su 08:00-22:00,,,São Paulo,974,05021-001,Rua Cotoxó,Perdizes,2025-12-29,,,,,,,,https://www.marche.com.br/,,,,,,,,,,,,,,,,,,,,,,,,,,,,,,,,,,,,,,,,,,,,,,,,,,,,,,,,,,,,,,,,,,,,,,,,,,,,,,,,,,,,,,,,,,,,,,,,,,,,,,,,,,,,,,,,,,,,,,,,,,,,,,,,,,,,,,,,,,,,,,,,,,,,,,,,,,,,
"POLYGON ((-46.413659 -23.4944926, -46.4135704 -23.4937309, -46.41239 -23.4938464, -46.4124098 -23.4940174, -46.4120907 -23.4940408, -46.4121564 -23.4946435, -46.4127702 -23.4945892, -46.4134177 -23.4945188, -46.413659 -23.4944926))",D’avó Itaim Paulista,supermarket,,,,,,"Mo-Sa 08:00-22:00; Su,PH 09:00-20:00",,,São Paulo,3333,08115-100,Avenida Marechal Tito,,,,,,,,,,https://davo.com.br/,yes,yes,yes,,+55 11 2563 2200,,yes,yes,,,,,,,,,,,,,,,,,,,,,,,,,,,,,,,,,,,,,,,,,,,,,,,,,,,,,,,,,,,,,,,,,supermarket,,,,,,,,,,,,,,,,,,,,,,3,,,,,,,,,,,,,,,,,,,,,,,,,,,,,,,,,,,,,,,,,,,,,,,,,,,,,,,,,,,,,
"POLYGON ((-46.4464586 -23.5603918, -46.4479024 -23.5603386, -46.4478574 -23.5593013, -46.4471983 -23.5593256, -46.4471943 -23.5592344, -46.4464096 -23.5592633, -46.4464586 -23.5603918))",Atacadão,supermarket,Atacadão,Q2868739,,,,,,,,,,,,,,,,,,,,,,,,,,,,,,,,,,,,,,,,,,,,,,,,,,,,,,,,,pmsp,,,,,,,,,,,,,,,,,,,,,,,,,,,,,,,,,,,,yes,,,,,,,,,,,,,,,,,,,,,10.165,,,,,,,,,,,,,,,,,,,,,,,,,,,,,,,,,,,,,,,,,,,,,,,,,,,,,,,,,,,,,,
"POLYGON ((-46.6739853 -23.5130875, -46.6756006 -23.5128887, -46.6756308 -23.5128703, -46.6756683 -23.5128425, -46.675695 -23.512821, -46.6757202 -23.5127907, -46.675753 -23.5127426, -46.6757767 -23.5126903, -46.6757815 -23.5126704, -46.675827 -23.5126648, -46.6757331 -23.5118787, -46.6757208 -23.5118633, -46.6750049 -23.5117427, -46.6750205 -23.5119716, -46.6742441 -23.5120615, -46.6742023 -23.5118905, -46.6739365 -23.5119282, -46.6738631 -23.5123584, -46.6739853 -23.5130875))",Carrefour,supermarket,Carrefour,Q217599,,,,,,,São Paulo,,,,,,,,,,,,,,,,,,,,,,,,,,,,,,,,,,,,,,,,,,,,,,,,,,,,,,,,,,,,,,,,,,,,,,,,,,,,,,,,,,,,,,retail,,,,,,,,,,,,,,,,,,,,,15,,,,,silver,flat,,,,,,,,,,,,,,,,,,,,,,,,,,,,,,,,,,,,,,,,,,,,,,,,,,,,,,,,
"POLYGON ((-46.5640682 -23.5823169, -46.5636616 -23.5822781, -46.5630574 -23.5822151, -46.563162 -23.581665, -46.5632927 -23.5816596, -46.5633923 -23.5816227, -46.5636939 -23.5814859, -46.5640482 -23.5814669, -46.5640682 -23.5823169))",Mercado Extra,supermarket,Mercado Extra,Q5422131,,,,,pt:Extra (rede varejista),,,,,,,,,,,,,,,,,,,,,,,,,,,,,,,,,,,,,,,,,,,,,,,,,,,,,,,,,,,,,,,,,,,,,,,,,,,,,,,,,,,,,,,,,,,,,,,,,,,,,,,,,,,,,,,,,,,,,,,,,,,,,,,,,,,,,,,,,,,,,,,,,,,,,,,,,,,,,,,,,,,,,,,,,,,
"POLYGON ((-46.7199972 -23.43606, -46.7189136 -23.4363699, -46.719031 -23.4367411, -46.7188088 -23.4367993, -46.7188374 -23.4368844, -46.7186266 -23.4369439, -46.718818 -23.4375144, -46.720341 -23.4370842, -46.7199972 -23.43606))",Atacadão,supermarket,Atacadão,Q2868739,,,,,en:Atacadão,,,11980,02938-000,Avenida Raimundo Pereira de Magalhães,Jardim Pirituba,,,,,,,,,,,,,,,,,,,,,,,,,,,,,,,,,,,,,,,,,,,,,,pmsp,,,,,,,,,,,,,,,,,,,,,,,,,,,,,,,,,,,,retail,,,,,,,,,,,,,,,,,,,,,11.906,,,,,,,,,,,,,,,,-1,,,,,,,,,,,,,,,,,,,,,,,,,,,,,,,,,,,,,,,,,,,,,,
"POLYGON ((-46.7220033 -23.4412867, -46.7219095 -23.4413517, -46.721517 -23.4416167, -46.7215209 -23.4416215, -46.7214963 -23.4416381, -46.7215945 -23.4417603, -46.7216145 -23.4417467, -46.7219121 -23.4421173, -46.722417 -23.4417761, -46.7223542 -23.4416979, -46.7226674 -23.4414863, -46.7223307 -23.4410669, -46.7220033 -23.4412867))",Sonda Supermercados,supermarket,,,,,,Mo-Su 07:00-22:00,,,,11333,,Avenida Raimundo Pereira de Magalhães,,,,,,,,,Sonda Supermercados,https://www.sondadelivery.com.br/,yes,,,,+55 11 3943 9000,,yes,yes,,,,,,,,,,,,,,,,,,,,,,,,,,,,,pmsp,,,,,,,,,,,,2012-01-27,,,,,,,,,,,,,,,,,,,,,,,,yes,,,,,,,,,,,,,,,,,,,,,11.48,,,,,,,,,,,,,,,,,Mo-Fr 08:00-21:00,yes,,,,,,,,,,,,,,,,,,,,,,,,,,,,,,,,,,,,,,,,,,,,
"POLYGON ((-46.7266859 -23.5330424, -46.7266555 -23.5330183, -46.7266297 -23.5329979, -46.726379 -23.53327, -46.7263726 -23.533265, -46.7263616 -23.5332769, -46.7263554 -23.533272, -46.7263203 -23.5333101, -46.7263978 -23.5333715, -46.7264091 -23.5333592, -46.7264094 -23.5333417, -46.7264917 -23.5332523, -46.7264964 -23.533256, -46.7265284 -23.5332212, -46.7265241 -23.5332179, -46.7266859 -23.5330424))",Supermercado Máximo,convenience,,,,,,,,,São Paulo,435,05302-041,Rua Brentano,Vila Leopoldina,,,,,,,,,,,,,,,,,,,,,,,,,,,,,,,,,,,,,,,,,,,,,,pmsp,,,,,,,,,,,,,,,,,,,,,,,,,,,,,,,,,,,,supermarket,,,,,,,,,,,,,,,,,,,,,4.416,,,,,,,,,,,,,,,,,,,,,,,,,,,,,,,,,,,,,,,,,,,,,,,,,,,,,,,,,,,,,,
"POLYGON ((-46.6859804 -23.5639986, -46.6863921 -23.5642402, -46.6863572 -23.5642897, -46.6863501 -23.5642998, -46.6863429 -23.56431, -46.686768 -23.5645429, -46.6867815 -23.5645233, -46.6868588 -23.5644114, -46.6869947 -23.5642146, -46.6874089 -23.5636147, -46.6874109 -23.5636022, -46.6874059 -23.5635877, -46.6870065 -23.5633513, -46.6868381 -23.5636033, -46.6867302 -23.5637504, -46.6866552 -23.5638576, -46.686252 -23.5636056, -46.6861622 -23.5637355, -46.6865695 -23.56398, -46.686475 -23.5641151, -46.6860721 -23.5638659, -46.6859804 -23.5639986))",Pão de Açúcar,supermarket,Pão de Açúcar,Q3411543,,,,Mo-Su 07:00-24:00,,,São Paulo,1933,05405-200,Rua Teodoro Sampaio,Pinheiros,,,,,yes,,,,,,,,,,,,,,,,,,,,BR,,,,,,,,,,,,+55 11 3087-3900,http://www.paodeacucar.com/,,,,,,,,,,,,,,,,,,,,,,,,,,,,,,,,,,,,,,,,,,,,,,,,,,,,,,,,,,,,,,,retail,,,,,,,,,,,,,,,,,,,,,,,,,,,,,,,,,,,,,,,,,,,,,,,,,,,,,,,,,,,,,,,,
"POLYGON ((-46.6926951 -23.4862618, -46.6929501 -23.4861273, -46.6932155 -23.4859529, -46.6930747 -23.4854104, -46.6929504 -23.4854492, -46.6928235 -23.4854868, -46.6927211 -23.4855326, -46.6926527 -23.4856159, -46.6925336 -23.4857463, -46.6925635 -23.485832, -46.6925825 -23.4860074, -46.6926722 -23.4862101, -46.6926951 -23.4862618))",Sonda,supermarket,,,,,,,,,,,,,,,,,,,,,,,,,,,,,,,,,,,,,,,,,,,,,,,,,,,,,,,,,,,,,,,,,,,,,,,,,,,,,,,,,,,,,,,,,,,,,,,yes,,,,,,,,,,,,,,,,,,,,,,,,,,,,,,,,,,,,,,,,,,,,,,,,,,,,,,,,,,,,,,,,,,,,,,,,,,,,,,,,,,,
"POLYGON ((-46.7176247 -23.491141, -46.7176491 -23.4912471, -46.7176345 -23.4913547, -46.7175825 -23.491452, -46.7174988 -23.4915285, -46.7173925 -23.4915758, -46.7172751 -23.4915888, -46.7171596 -23.491566, -46.7170584 -23.4915099, -46.7169827 -23.4914267, -46.7169408 -23.491326, -46.7169368 -23.4912184, -46.7169709 -23.4911153, -46.7170396 -23.491028, -46.7171354 -23.4909657, -46.717248 -23.4909352, -46.7173654 -23.4909398, -46.7174748 -23.490979, -46.7175644 -23.4910486, -46.7176247 -23.491141))",Mercado Municipal de Pirituba,supermarket,,,,,,,,,,,,,,,,,,,,,,,,,,,,,,,,,,,,,,,,,,,,,,,,,,,,,,,,,,,,,,,,,,,,,,,,,,,,,,,,marketplace,,,,,,,,,,,,,,,yes,,,,,,,,,,,,,,,,,,,,,18,,,,,,,,,,,,,,,,,,,,,,,,,,,,,,,,,,,,,,,,,,,,,,,,,,,,,,,,,,,,,,
"POLYGON ((-46.6055529 -23.5770127, -46.6055243 -23.5772465, -46.6057585 -23.5772706, -46.6057871 -23.5770368, -46.6055529 -23.5770127))",Mercado Canaverde,supermarket,,,,,,,,,,486,04202-020,Rua Tabor,,,,,,,,,,,,,,,,,,,,,,,,,,,,,,,,,,,,,,,,,,,,,,,,,,,,,,,,,,,,,,,,,,,,,,,,,,,,,,,,,,,,,,,,,,,,,,,,,,,,,,,,,,,,,,,,,,,,,,,,,,,,,,,,,,,,,,,,,,,,,,,,,,,,,,,,,,,,,,,,,,,,,,
"POLYGON ((-46.7251564 -23.6061247, -46.7247931 -23.6061608, -46.724856 -23.6066931, -46.7252194 -23.606657, -46.7251564 -23.6061247))",Supermercado Mambo,supermarket,,,,,,,,,,,,,,,,,,,,,,,,,,,,,,,,,,,,,,,,,,,,,,,,,,,,,,,,,,,Bing,,,,,,,,,,,,,,,,,,,,,,,,,,,,,,,,,,,,yes,,,,,,,,,,,,,,,,,,,,,,,,,,,,,,,,,,,,,,,,,,,,,,,,,,,,,,,,,,,,,,,,,,,,,,,,,,,,,,,,,,,
"POLYGON ((-46.7017249 -23.6113528, -46.7012767 -23.6112218, -46.7010916 -23.6117627, -46.7011424 -23.611828, -46.701521 -23.6119386, -46.7017249 -23.6113528))",Pão de Açúcar,supermarket,Pão de Açúcar,Q3411543,,,,,pt:Pão de Açúcar (supermercado brasileiro),,,,,,,,,,,,,,,paodeacucar.com.br,,,,,+55 0800 773 2624,,,,,,,,,,,,,,,,,,,,,,,,,,,,,,,,,,,,,,,,,,,,,,,,,,,,,,,,,,,,,,,,,,,,supermarket,,,,,,,,,,,,,,,,,,,,,,,,,,,,,,,,,,,,,,,,,,,,,,,,,,,,,,,,,,,,,,,,,,,,,,,,,,,,,,,,,,,
"POLYGON ((-46.4016968 -23.534325, -46.4021792 -23.5337782, -46.4017268 -23.5335772, -46.4013231 -23.5333591, -46.4010602 -23.5335967, -46.4010462 -23.5335213, -46.4008666 -23.5331846, -46.399681 -23.5339488, -46.3997731 -23.5342148, -46.3999696 -23.5342718, -46.4001453 -23.5340631, -46.4002132 -23.5340944, -46.4004652 -23.5341968, -46.4005685 -23.5341165, -46.4010603 -23.5341459, -46.4010755 -23.5340904, -46.4016968 -23.534325))",Supermercado Rossi,supermarket,,,,,,,,,São Paulo,1013,08451-000,Estrada do Lageado Velho,Lajeado,,,,,,,,,,,,,,,,,,,,,,,,,BR,,,,,,,,,,,,,,,,,,,,,,,,,,,,,,,,,,,,,,,,,,,,,,,,,,,,,,,,,,,,,,,,,,,,,,,,,,,,,,,,,,,,,,,,,,,,,,,,,,,,,,,,,,,,,,,,,,,,,,,,,,,,,,,,,,,,,,,,,,,,
"POLYGON ((-46.4086404 -23.5463166, -46.4087617 -23.5464383, -46.4087409 -23.5465093, -46.4089961 -23.5465654, -46.4089698 -23.5466657, -46.408721 -23.5466048, -46.4087009 -23.5466692, -46.4085875 -23.5466563, -46.4085292 -23.5466569, -46.4086203 -23.5469246, -46.407643 -23.5472381, -46.4077736 -23.5466466, -46.4078302 -23.5465688, -46.408308 -23.5464195, -46.4084921 -23.5463838, -46.4086404 -23.5463166))",Supermercado Rossi,supermarket,,,,,,,,,,,,Rua Aiui,,,,,,,,,,,,,,,,,,,,,,,,,,,,,,,,,,,,,,,,,,,,,,,,,,,,,,,,,,,,,,,,,,,,,,,,,,,,,,,,,,,,,,,,,,,,,,,,,,,,,,,,,,,,,,,,,,,,,,,,,,,,,,,,,,,,,,,,,,,,,,,,,,,,,,,,,,,,,,,,,,,,,,
"POLYGON ((-46.6950764 -23.5094626, -46.6950739 -23.5094264, -46.6949376 -23.5090861, -46.6945956 -23.5091465, -46.6941821 -23.5092263, -46.694226 -23.5093535, -46.6940856 -23.5093926, -46.6940643 -23.5093278, -46.6940573 -23.5093066, -46.6940392 -23.5092514, -46.6938118 -23.5092965, -46.6937633 -23.5094943, -46.6937465 -23.5096342, -46.6938142 -23.5098335, -46.6947467 -23.5095434, -46.6947446 -23.5095146, -46.6949893 -23.5094415, -46.6950764 -23.5094626))",Max Atacadista,supermarket,,,,,,,,Max Lapa,,700,,Rua Cenno Sbrighi,,,,,,,,,,,yes,yes,yes,,+55 11 3509 4956,,yes,yes,,,,,,,,,,,,,,,,,,,,,,,,,,,,,pmsp,,,,,,,,,,,,,,,,,,,,,,,,,,,,,,,,,,,,retail,,,,,,,,,,,,,,,,,,,,,11.929,,,,,,,,,,,,,,,,,,yes,,,,,,,,,,,,,,,,,,,,,,,,,,,,,,,,,,,,,,,,,,,,
"POLYGON ((-46.75095 -23.6855024, -46.7502412 -23.6853493, -46.7506826 -23.684811, -46.7510757 -23.6848991, -46.75095 -23.6855024))",Ricoy Supermercado,supermarket,,,,,,,,,São Paulo,3440,04916-000,Avenida Guarapiranga,Jardim Sao Joaquim,,,,,,,,,,,,,,,,,,,,,,,,,,,,,,,,,,,,,,,,,,,,,,,,,,,,,,,,,,,,,,,,,,,,,,,,,,,,,,,,,,yes,,,,,,,,,,,,,,,,,,,,,,,,,,,,,,,,,,,,,,,,,,,,,,,,,,,,,,,,,,,,,,,,,,,,,,,,,,,,,,,,,,,
"POLYGON ((-46.7358908 -23.6679049, -46.7359087 -23.6680589, -46.7359035 -23.6680594, -46.7359938 -23.668836, -46.7360097 -23.669006, -46.736794 -23.6689305, -46.7367972 -23.6689301, -46.7366876 -23.6679877, -46.7366847 -23.6679623, -46.7362958 -23.6680006, -46.7362802 -23.6678665, -46.7358908 -23.6679049))",Atacadão,supermarket,Atacadão,Q2868739,,,,,,,São Paulo,380,04905-020,Estrada M'Boi Mirim,Jardim Novo Santo Amaro,,,,,,,,,,,,,,,,,,,,,,,,,,,,,,,,,,,,,,,,,,,,,,pmsp,,,,,,,,,,,,,,,,,,,,,,,,,,,,,,,,,,,,retail,,,,,,,,,,,,,,,,,,,,,4.28,,,,,,,,,,,,,,,,,,,,,,,,,,,,,,,,,,,,,,,,,,,,,,,,,,,,,,,,,,,,,,
"POLYGON ((-46.7346448 -23.6430625, -46.7341125 -23.6429124, -46.7340693 -23.6429002, -46.7339157 -23.6428569, -46.7338924 -23.6429261, -46.7338235 -23.6429067, -46.7338924 -23.6427019, -46.73379 -23.642673, -46.7339007 -23.6423438, -46.7338332 -23.6423248, -46.7340364 -23.6417203, -46.7339873 -23.6417064, -46.7340512 -23.6415163, -46.7340037 -23.6415029, -46.7340279 -23.641431, -46.7341444 -23.6414639, -46.734196 -23.6413103, -46.7342432 -23.6413236, -46.7343066 -23.6411351, -46.734394 -23.6411597, -46.734464 -23.6409516, -46.73453 -23.6409702, -46.7345013 -23.6410555, -46.7352485 -23.6412662, -46.7352322 -23.6413148, -46.734657 -23.6430262, -46.7346448 -23.6430625))",Carrefour,supermarket,Carrefour,Q217599,,,,08:00-23:00,,,São Paulo,50,,Avenida Alberto Augusto Alves,,,,,,,,,,,,,,,,,,,,,,,,,,,,,,,,,,,,,,,,,,,,,,,,,,,,,,,,,,,,,,,,,,,,,,,,,,,,,,,,,,,yes,,,,,,,,,,,,,,,,,,,,,,,,,,,,,,,,,,,,,,,,,,,,,,,,,,,,,,,,,,,,,,,,,,,,,,,,,,,,,,,,,,,
"POLYGON ((-46.7738735 -23.6586095, -46.7743336 -23.659345, -46.7744696 -23.6592738, -46.7745166 -23.6589711, -46.7741901 -23.6584495, -46.7738735 -23.6586095))",Supermercado Lopes,supermarket,,,,,,,,,,,,,,,,,,,,,,,,,,,,,,,,,,,,,,,,,,,,,,,,,,,,,,,,,,,pmsp,,,,,,,,,,,,,,,,,,,,,,,,,,,,,,,,,,,,yes,,,,,,,,,,,,,,,,,,,,,11.1,2,,,,,,,,,,,,,,,,,,,,,,,,,,,,,,,,,,,,,,,,,,,,,,,,,,,,,,,,,,,,,
"POLYGON ((-46.6924131 -23.6853479, -46.6923191 -23.6854585, -46.6919614 -23.6858678, -46.6917972 -23.6860533, -46.6919707 -23.6861793, -46.6917504 -23.6864387, -46.6914658 -23.6862295, -46.6915168 -23.6861524, -46.6911255 -23.6858469, -46.6917587 -23.685084, -46.6918958 -23.6849739, -46.6924131 -23.6853479))",Atacadão,supermarket,Atacadão,Q2868739,,,,,,,,,,,,,,,,,,,,,,,,,,,,,,,,,,,,,,,,,,,,,,,,,,,,,,,,,,,,,,,,,,,,,,,,,,,,,,,,,,,,,,,,,,,,,yes,,,,,,,,,,,,,,,,,,,,,,,,,,,,,,,,,,,,,,,,,,,,,,,,,,,,,,,,,,,,,,,,,,,,,,,,,,,,,,,,,,,
"POLYGON ((-46.6963171 -23.6596254, -46.6960768 -23.6597314, -46.6958184 -23.6592828, -46.6960738 -23.6592113, -46.6963171 -23.6596254))",Rede Horti Mais,supermarket,,,,,,,,,São Paulo,275,,Avenida Nossa Senhora de Sabará,Jd. Bélgica,,,,,yes,,,,,,,,,,,,,,,,,,,,,,,,,,,,,,,,,,,,,,,,,,,,,,,,,,,,,,,,,,,,,,,,,,,,,,,,,,,,,yes,,,,,,,,,,,,,,,,,,,,,,,,,,,,,,,,,,,,,,,,,,,,,,,,,,,,,,,,,,,,,,,,,,,,,,,,,,,,,,,,,,,
"POLYGON ((-46.6931519 -23.6650354, -46.6929677 -23.6651316, -46.6928633 -23.6649639, -46.6925853 -23.665109, -46.6924742 -23.6649304, -46.6929364 -23.6646891, -46.6931519 -23.6650354))",Natural da Terra,supermarket,,,,,,,,,São Paulo,1018,04675-230,Avenida Engenheiro Alberto de Zagottis,Jardim Marajoara,,,,only,,,,,,,,,,,,,,,,,,,,,,,,,,,,,,,,,,,,,,,,,,,,,,,,,,,,,,,,,,,,,,,,,,,,,,,,,,,,,,yes,,,,,,,,,,,,,,,,,,,,,,,,,,,,,,,,,,,,,,,,,,,,,,,,,,,,,,,,,,,,,,,,,,,,,,,,,,,,,,,,,,,
"POLYGON ((-46.709702 -23.7489148, -46.709708 -23.748959, -46.7099142 -23.7489327, -46.7099083 -23.7488837, -46.7099918 -23.7488726, -46.7099906 -23.7488651, -46.71009 -23.7488518, -46.7100878 -23.7488382, -46.7101354 -23.7488318, -46.7101311 -23.7488039, -46.7101466 -23.7488019, -46.7101519 -23.7488348, -46.710134 -23.7488372, -46.7101354 -23.7488463, -46.7101903 -23.748839, -46.710228 -23.7487947, -46.710193 -23.7486054, -46.710102 -23.7486197, -46.7100665 -23.7484275, -46.7100118 -23.7484361, -46.7100067 -23.7484085, -46.7099985 -23.7484098, -46.7099964 -23.7483986, -46.7099371 -23.7484079, -46.7099389 -23.7484177, -46.7098939 -23.7484262, -46.7098867 -23.7483853, -46.7095621 -23.7484182, -46.7095589 -23.748406, -46.7095023 -23.7484109, -46.7095034 -23.748417, -46.7094404 -23.7484266, -46.7095107 -23.7488147, -46.7095295 -23.7488118, -46.7095534 -23.7489439, -46.7096022 -23.7489364, -46.7096011 -23.7489302, -46.709702 -23.7489148))",Sonda Supermercados,supermarket,,,,,,"Mo-Su,PH 07:00-22:00",,Cidade Dutra,,1433,04801-010,Avenida Senador Teotônio Vilela,,,,,,,,,,https://sondadelivery.com.br/delivery/LojasFisicas#,yes,yes,yes,,+55 11 2166 4600,,yes,yes,,,,,,,,,,,,,,,,,,,,,,,,,,,,,pmsp,,,,,,,,,,,,,,,,,,,,,,,,,,,,,,,,,,,,yes,,,,,,,,,,,,,,,,,,,,,5.08,,,,,,,,,,,,,,,,,,yes,,,,,,,,,,,,,,,,,,,,,,,,,,,,,,,,,,,,,,,,,,,,
"POLYGON ((-46.7196693 -23.7667125, -46.7185621 -23.7666886, -46.7184392 -23.7666859, -46.7184352 -23.7668402, -46.7180734 -23.7668324, -46.7180718 -23.7668925, -46.7180686 -23.7670188, -46.7180639 -23.767199, -46.7180603 -23.7673384, -46.7180569 -23.7674697, -46.7180536 -23.7675984, -46.7180507 -23.767711, -46.7180498 -23.7677452, -46.7180482 -23.7678055, -46.7180464 -23.7678763, -46.718046 -23.7678929, -46.7180438 -23.7679761, -46.7180411 -23.7680796, -46.7184466 -23.7680884, -46.7191488 -23.7681036, -46.7191548 -23.767871, -46.7194974 -23.7678785, -46.7195034 -23.767644, -46.7196451 -23.7676471, -46.7196693 -23.7667125))",Atacadão,supermarket,Atacadão,Q2868739,,,,,en:Atacadão,,São Paulo,,,Avenida Senador Teotônio Vilela,Balneário São José,,,,,,,,,,,,,,,,,,,,,,,,,,,,,,,,,,,,,,,,,,,,yes,,,,,,,,,,,,,,,,,,,,,,,,,,,,,,,,,,,,,,retail,,,,,,,,,,,,,,,,,,,,,,,,,,,,,,,,,,,,,,,,,,,,,,,,,,,,,,,,,,,,,,,,,,,,,,,,,,,,,,,,,,,
"POLYGON ((-46.7011279 -23.7256496, -46.7009771 -23.7255177, -46.70001 -23.7264547, -46.7005792 -23.7269471, -46.7006594 -23.7269393, -46.7013492 -23.7262635, -46.7016251 -23.725996, -46.7015926 -23.7259676, -46.7015448 -23.7260139, -46.7011279 -23.7256496))",Assaí Atacadista,supermarket,Assaí Atacadista,Q28679415,,,,,pt:Assaí Atacadista,,,,,,,,,,,,,,,,,,,,,,,,,,,,,,,,,,,,,,,,,,,,,,,,,,,,pmsp,,,,,,,,,,,,,,,,,,,,,,,,,,,,,,,,,,,,yes,,,,,,,,,,,,,,,,,,,,,6.09,,,,,,,,,,,,,,,,,,,,,,,,,,,,,,,,,,,,,,,,,,,,,,,,,,,,,,,,,,,,,,
"POLYGON ((-46.6008211 -23.5064254, -46.6007567 -23.5064451, -46.6007138 -23.5064032, -46.6006414 -23.5063688, -46.6005797 -23.5063737, -46.6000755 -23.5064451, -46.5997616 -23.5065262, -46.5998941 -23.5068611, -46.5999708 -23.507055, -46.6004048 -23.506904, -46.6007818 -23.5067722, -46.6008613 -23.5067451, -46.6008452 -23.5067107, -46.6008592 -23.5067032, -46.6009108 -23.5066854, -46.600923 -23.5066812, -46.600875 -23.5065606, -46.6008211 -23.5064254))",Sonda Supermercados,supermarket,,,,,,Mo-Sa 08:00-23:00; Su 08:00-22:00,,,São Paulo,1511,02071-012,Rua Maria Candida,,,,,,,,,,https://www.sondadelivery.com.br/,yes,yes,,,+55 11 2104-5700,,yes,yes,,,,,,,,BR,,,,,,,,,,SP,,,,,,,,,,,,,https://twitter.com/gruposonda,https://www.youtube.com/user/sondasupermercados,,,,,,,,,2009-12-20,,,,,,,,,,,,,,,,,,,,,,,,yes,,,,,,,,,,,,,,,,,,,,,21,2,Q10373286,pt:Sonda Supermercados,Sonda_Supermercados,silver,,,,,,,,,,,,,,,,,,,,,,,,,,,,,,,,,,,,,,,,,,,,,,,,,,,,,,,,,
"POLYGON ((-46.6071689 -23.5144231, -46.606458 -23.5147272, -46.6062461 -23.5143107, -46.6063539 -23.5142646, -46.606099 -23.5137636, -46.6059321 -23.513835, -46.605839 -23.5136521, -46.6066362 -23.513311, -46.6071528 -23.5143263, -46.6071256 -23.5143379, -46.6071689 -23.5144231))",Atacadao,supermarket,,,,,,Mo-Sa 06:00-23:00; Su 08:00-22:00,,,São Paulo,340,02065-000,Avenida Joaquina Ramalho,Vila Guilherme,,,,,,,,,,,,,,,,,,,,,,,,,,,,,,,,,,,,,,,,,,,,,,,,,,,,,,,,,,,,,,,,,,,,,,,,,,,,,,,,,,yes,,,,,,,,,,,,,,,,,,,,,22,,,,,silver,flat,,,,,,,,,,,,,,,,,,,,,,,,,,,,,,,,,,,,,,,,,,,,,,,,,,,,,,,,
"POLYGON ((-46.6403989 -23.5798055, -46.6401865 -23.5800621, -46.6401711 -23.5800803, -46.6403223 -23.5801865, -46.6403243 -23.5801879, -46.6403432 -23.580166, -46.6405276 -23.5799432, -46.6405522 -23.5799142, -46.6403989 -23.5798055))",Extra Supermercados,supermarket,Extra Supermercados,Q5422131,,,,,,,,,,,,,,,,yes,,,,,,,,,,,,,,,,,,,,,,,,,,,,,,,,,,,,,,,,,,,,,,,,,,,,,,,,,,,,,,,,,,,,,,,,,,,,,supermarket,,,,,,,,,,,,,,,,,,,,,4.722,,,,,,,,,,,,,,,,,,,,,,,,,,,,,,,,,,,,,,,,,,,,,,,,,,,,,,,,,,,,,,
"POLYGON ((-46.6698468 -23.646997, -46.6696651 -23.6469126, -46.6695775 -23.6470708, -46.6697592 -23.6471552, -46.6698468 -23.646997))",Pão de Açúcar,supermarket,Pão de Açúcar,Q3411543,,,,,,,,,,,,,,,,yes,,,,,,,,,,,,,,,,,,,,,,,,,,,,,,,,,,,,,,,,,,,,,,,,,,,,,,,,,,,,,,,,,,,,,,,,,,,,,yes,,,,,,,,,,,,,,,,,,,,,,,,,,,,,,,,,,,,,,,,,,,,,,,,,,,,,,,,,,,,,,,,,,,,,,,,,,,,,,,,,,,
"POLYGON ((-46.7614899 -23.570468, -46.7613686 -23.5703863, -46.761339 -23.5704301, -46.7612802 -23.5703905, -46.7613039 -23.5703553, -46.761166 -23.5702624, -46.76111 -23.5703455, -46.7614281 -23.5705597, -46.7614899 -23.570468))",,convenience,,,,,,,,,,,,,,,,,,,,,,,,,,,,,,,,,,,,,,,,,,,,,,,,,,,,,,,,,,,,,,,,,,,,,,,,,,,,,,,,,,,,,,,,,,,,,,,yes,,,,,,,,,,,,,,,,,,,,,,,,,,,,,,,,,,,,,,,,,,,,,,,,,,,,,,,,,,,,,,,,,,,,,,,,,,,,,,,,,,,
"POLYGON ((-46.4065208 -23.538527, -46.4071431 -23.5383598, -46.4073858 -23.5385184, -46.407607 -23.5387434, -46.4066683 -23.5389623, -46.4065208 -23.538527))",Supermercado Veran,supermarket,,,,,,,,,São Paulo,118,08450-000,Estrada do Lageado Velho,Guaianazes,,,,,,,,,,,,,,+55 11 2016-9595,,,,,,,,,,,,,,,,,,,,,,,,,,,,,,,,,,,,,,,,,,,,,,,,,,,,,,,,,,,,,,,,,,,,,,,,,,,,,,,,,,,,,,,,,,,,,,,,,,,,,,,,,,,,,,,,,,,,,,,,,,,,,,,,,,,,,,,,,,,,,,,,,,,,,,,
"POLYGON ((-46.3970177 -23.5263605, -46.3968774 -23.5265245, -46.3970214 -23.5266245, -46.3968321 -23.526795, -46.3970196 -23.5269409, -46.3965258 -23.5274656, -46.39646 -23.5274309, -46.3964198 -23.5274817, -46.396236 -23.5274105, -46.3962332 -23.5273706, -46.3956887 -23.5270553, -46.3963063 -23.526387, -46.3963466 -23.5264084, -46.3965264 -23.5262379, -46.3966814 -23.5263325, -46.3968257 -23.5261959, -46.3970177 -23.5263605))",Assaí Guaianases,supermarket,Assaí Atacadista,Q28679415,,,,"Mo-Sa 07:00-22:00; Su,PH 08:00-18:00",,,São Paulo,4031,08452-340,Estrada Dom João Néri,Guaianases,,,,,,,,Grupo Pão de Açúcar,https://www.assai.com.br/,,,,,,,,,,,,,,,,BR,,,,,,,,,,,,,,,,,,,yes,,,,,,,,,,,,,,,,,,,,,,,,,,,,,,,,,,,,,,yes,,,,,,,,,,,,,,,,,,,,,,,,,,,,,,,,,,,,,,,,,,,,,,,,,,,,,,,,,,,,,,,,,,,,,,,,,,,,,,,,,,,
"POLYGON ((-46.5716014 -23.4752676, -46.5715189 -23.4752321, -46.5714916 -23.4753004, -46.5714874 -23.4757823, -46.5714664 -23.4758309, -46.5717027 -23.475938, -46.5719268 -23.4760397, -46.5722029 -23.475528, -46.5721186 -23.4754882, -46.5717458 -23.4753122, -46.5717398 -23.4753271, -46.5717336 -23.4753244, -46.571724 -23.4753425, -46.5716784 -23.475324, -46.5716697 -23.4753303, -46.5716321 -23.4753136, -46.5716439 -23.4752935, -46.5715998 -23.4752705, -46.5716014 -23.4752676))",Supermercado Bergamini,supermarket,,,,,,,,,São Paulo,1765,02235-001,Avenida Roland Garros,Jardim Brasil,,,,,,,,,,,,,,,,,,,,,,,,,,,,,,,,,,,,,,,,,,,,,,pmsp,,,,,,,,,,,,,,,,,,,,,,,,,,,,,,,,,,,,supermarket,,,,,,,,,,,,,,,,,,,,,12.019,,,,,,,,,,,,,,,,,,,,,,,,,,,,,,,,,,,,,,,,,,,,,,,,,,,,,,,,,,,,,,
"POLYGON ((-46.4533473 -23.5308669, -46.4535247 -23.5305143, -46.4534525 -23.530294, -46.4532277 -23.5302177, -46.4530246 -23.5306234, -46.453083 -23.5307638, -46.4533473 -23.5308669))",Nagumo Supermercados,supermarket,,,,,,"Mo-Su,PH 07:00–22:00",,Pires do Rio - São Paulo,,4342,,Avenida Pires do Rio,,,,,,,,,,https://www.nagumo.com/,yes,,,,+55 11 2055 8960,,yes,yes,,,,,,,,,,,,,,,,,,,,,,,,,,,,,,,,,,,,,,,,,,,,,,,,,,,,,,,,,,,,,,,,,supermarket,,,,,,,,,,,,,,,,,,,,,,,,,,,,,,,,,,,,,,,,yes,,,,,,,,,,,,,,,,,,,,,,,,,,,,,,,,,,,,,,,,,,,
"POLYGON ((-46.7240547 -23.5724223, -46.7240124 -23.5725068, -46.7239734 -23.5725847, -46.7240145 -23.5726019, -46.7239649 -23.5727024, -46.7241367 -23.5727744, -46.7242877 -23.5728377, -46.7243167 -23.5728496, -46.7244379 -23.5725969, -46.724364 -23.5725667, -46.7243837 -23.5725258, -46.7241956 -23.5724462, -46.7240727 -23.5723942, -46.7240694 -23.5723928, -46.7240547 -23.5724223))",OBA Hortifruti,supermarket,,,,,,Mo-Sa 07:00-22:00; Su 07:00-20:00,,,São Paulo,1000,05582-000,Avenida Corifeu de Azevedo Marques,,,,,,,,,Grupo Fartura de Hortifrut LDTA,http://www.grupooba.com.br/sua-loja/?redir=0&l=13,,,,,+55 11 3723-5300,,,,,,,,,,,,BR04972092001013,,,,,,,,,,,,,,,,,,,delivery.butanta@redeoba.com.br,,,,,,,,,,,,,,,,,Butantã,,,,,,,,,,,,,,,,,,,,yes,,,,,,,,,,,,,,,,,,,,,6.3,1,,,,,,,,,,,,,,,,,,,,,,,,,,,,,,,,,,,,,,,,,,,,,,,,,,,,,,,,,,,,,
"POLYGON ((-46.6422625 -23.5828738, -46.6422359 -23.5828619, -46.642222 -23.5828557, -46.6421922 -23.5829099, -46.6421718 -23.5829471, -46.6421514 -23.5829841, -46.6425432 -23.5831478, -46.6425785 -23.5830873, -46.642599 -23.5830959, -46.6426013 -23.5830912, -46.6426272 -23.5831021, -46.642634 -23.5830474, -46.6424549 -23.5829634, -46.6423542 -23.5829162, -46.6423483 -23.5829135, -46.6422889 -23.5828856, -46.6422762 -23.5828799, -46.6422625 -23.5828738))",Dia,supermarket,Dia,Q925132,,,,Mo-Sa 08:00-21:00; Su 09:00-14:00,es:Supermercados DIA,,São Paulo,335,,Rua Humberto I,,,,,,yes,,,,,,,,,,,,,,,,,,,,BR,,,,,,,,,,São Paulo,,,https://dia.com.br/,,,,,,,,,,,,,,,,,,,,,,,,,,,,,,,,,,,,,,,,,,,,yes,,,,,,,,,,,,,,,,,,,,,4.898,,,,,,,,,,,,,,,,,,,,,,,,,,,,,,,,,,,,,,,,,,,,,,,,,,,,,,,,,,,,,,
"POLYGON ((-46.7106026 -23.5703906, -46.7105608 -23.5702797, -46.7105514 -23.5702548, -46.7104849 -23.5700784, -46.7104686 -23.570071, -46.7104591 -23.5700876, -46.7103804 -23.5701127, -46.7103739 -23.5701148, -46.7103513 -23.570122, -46.7103207 -23.5701318, -46.7102913 -23.5701412, -46.7101692 -23.5701802, -46.7102864 -23.5704915, -46.7103167 -23.5704818, -46.7104992 -23.5704236, -46.7106026 -23.5703906))",Supermercado Padrão,supermarket,,,,,,Mo-Sa 06:00-23:00; Su 07:00-22:00,,,São Paulo,652,,Avenida Vital Brasil,,,,,,,,,,,,,,,,,,,,,,,,,,,,,,,,,,,,São Paulo,,+55 11 3814-3321,http://www.supermercadopadrao.com.br,,,,,,,,,,,,,,,,,,,,,,,,,,,,,,,,,,,,,,,,,,,,supermarket,,,,,,,,,,,,,,,,,,,,,,,,,,,,,,,,,,,,,,,,,,,,,,,,,,,,,,,,,,,,,,,,,,,,,,,,,,,,,,,,,,,
"POLYGON ((-46.6397994 -23.6019105, -46.6395525 -23.6019125, -46.6395528 -23.601947, -46.639396 -23.6019482, -46.6393983 -23.6021868, -46.6394029 -23.6026742, -46.6395487 -23.6026731, -46.6395463 -23.6024213, -46.6398043 -23.6024192, -46.6398019 -23.6021702, -46.6397994 -23.6019105))",Supemercado Pão de Açúcar,supermarket,Pão de Açúcar,Q3411543,,,,,,,,,,,,,,,,yes,,,,,,,,,,,,,,,,,,,,,,,,,,,,,,,,,,,,,,,,,,,,,,,,,,,,,,,,,,,,,,,,,,,,,,,,,,,,,yes,,,,,,,,,,,,,,,,,,,,,,,,,,,,,,,,,,,,,,,,,,,,,,,,,,,,,,,,,,,,,,,,,,,,,,,,,,,,,,,,,,,
"POLYGON ((-46.643393 -23.586166, -46.6432575 -23.586118, -46.6432082 -23.5862295, -46.6433422 -23.5862761, -46.643393 -23.586166))",,supermarket,,,,,,,,,,,,,,,,,,yes,,,,,,,,,,,,,,,,,,,,,,,,,,,,,,,,,,,,,,,,,,,,,,,,,,,,,,,,,,,,,,,,,,,,,,,,,,,,,yes,,,,,,,,,,,,,,,,,,,,,,,,,,,,,,,,,,,,,,,,,,,,,,,,,,,,,,,,,,,,,,,,,,,,,,,,,,,,,,,,,,,
"POLYGON ((-46.6015243 -23.6172025, -46.6013982 -23.6172025, -46.601413 -23.6174752, -46.6013406 -23.6174777, -46.6013446 -23.6176129, -46.6015484 -23.6176104, -46.6015458 -23.6174703, -46.6015578 -23.6174691, -46.6015525 -23.6172209, -46.6015243 -23.6172025))",Joanin,supermarket,,,,,,,,,São Paulo,1781,04247-002,Rodovia Anchieta,,,,,,,,,,https://www.joanin.com.br/,yes,yes,yes,,+55 11 2940 3691,,yes,yes,,,,,,,,,,,,,,,,,,,,,,,,,,,,,,,,,,,,,,,,,,,,,,,,,,,,,,,,,,,,,,,,,supermarket,,,,,,,,,,,,,,,,,,,,,,,,,,,,,,,,,,,,,,,,,,,,,,,,,,,,,,,,,,,,,,,,,,,,,,,,,,,,,,,,,,,
"POLYGON ((-46.6445206 -23.477127, -46.6450825 -23.4773503, -46.6451139 -23.4772877, -46.6451317 -23.4772944, -46.6451927 -23.4771582, -46.6456279 -23.4773309, -46.6456428 -23.4772995, -46.645669 -23.4772442, -46.6458227 -23.4769193, -46.6458545 -23.4769351, -46.6458592 -23.4769257, -46.645788 -23.4767589, -46.6457143 -23.4766329, -46.6455481 -23.4763715, -46.6454739 -23.4762589, -46.6453744 -23.4761613, -46.6453901 -23.4761352, -46.6451921 -23.4760047, -46.6450318 -23.4759051, -46.644866 -23.4758773, -46.6448042 -23.4758639, -46.6446857 -23.4760164, -46.6448222 -23.4761108, -46.6447175 -23.4763336, -46.6446096 -23.4762913, -46.6445567 -23.4764131, -46.6444988 -23.4763905, -46.6443825 -23.4766486, -46.6443681 -23.4766439, -46.6442887 -23.4767881, -46.644224 -23.4769097, -46.6442651 -23.4769997, -46.6442878 -23.4770345, -46.6445206 -23.477127))",Trimais Supermercados,supermarket,,,,,,Mo-Sa 07:30-22:30; PH Su 08:00-20:00,,,Sao Paulo,834,,Avenida Doutor Francisco Ranieri,Lauzane Paulista,,,,,,,,,http://www.bergamais.com.br,,,,,+55 11 2234-8200,,,,,,,,,,,,,,,,,,,,,,,,,,,,,,,,pmsp,,,,,,,,,,,,,,,,,,,,,,,,,,,,,,,,,,,,yes,,,,,,,,,,,,,,,,,,,,,9.249,,,,,,,,,,,,,,,,,,,,,,,,,,,,,,,,,,,,,,,,,,,,,,,,,,,,,,,,,,,,,,
"POLYGON ((-46.6746744 -23.5317512, -46.6747852 -23.5315958, -46.6747966 -23.5316116, -46.6748305 -23.531591, -46.6748071 -23.5315585, -46.6746818 -23.531391, -46.674488 -23.5315123, -46.6745146 -23.5315464, -46.6745565 -23.5316, -46.6746103 -23.5316688, -46.6746573 -23.5317289, -46.6746744 -23.5317512))",Mambo Supermercado,supermarket,,,,,,,,,São Paulo,1205,05005-001,Rua Turiassu,Perdizes,,,,,,,,,,,,,,,,,,,,,,,,,,,,,,,,,,,,,,,,,,,,,,pmsp,,,,,,,,,,,,,,,,,,,,,,,,,,,,,,,,,,,,yes,,,,,,,,,,,,,,,,,,,,,12.22,,,,,,,,,,,,,,,,,,,,,,,,,,,,,,,,,,,,,,,,,,,,,,,,,,,,,,,,,,,,,,
"POLYGON ((-46.7565367 -23.5531199, -46.7566622 -23.5531651, -46.7566178 -23.5532686, -46.7564923 -23.5532233, -46.7565367 -23.5531199))",,convenience,,,,,,,,,,,,,,,,,,,,,,,,,,,,,,,,,,,,,,,,,,,,,,,,,,,,,,,,,,,,,,,,,,,,,,,,,,,,,,,,,,,,,,,,,,,,,,,yes,,,,,,,,,,,,,,,,,,,,,,,,,,,,,,,,,,,,,,,,,,,,,,,,,,,,,,,,,,,,,,,,,,,,,,,,,,,,,,,,,,,
"POLYGON ((-46.6410866 -23.4859033, -46.6410365 -23.4858696, -46.6410231 -23.4858605, -46.6409549 -23.4858159, -46.6409247 -23.4858558, -46.6407945 -23.4857664, -46.640695 -23.4858899, -46.6405915 -23.4860184, -46.6404879 -23.4861469, -46.6409353 -23.486453, -46.6411213 -23.4862215, -46.641153 -23.4862418, -46.641177 -23.4862116, -46.6412712 -23.486093, -46.6410819 -23.4859612, -46.6410962 -23.4859425, -46.6411367 -23.4859692, -46.6411298 -23.4859776, -46.6411648 -23.4859989, -46.6411705 -23.4859917, -46.6411824 -23.4859998, -46.641176 -23.4860098, -46.641263 -23.4860696, -46.6412599 -23.4860745, -46.6412978 -23.4861014, -46.6413258 -23.4860677, -46.6412791 -23.4860349, -46.6412167 -23.485991, -46.6411526 -23.4859458, -46.6411199 -23.4859228, -46.6411154 -23.4859228, -46.6410866 -23.4859033))",Mercado Extra,supermarket,Mercado Extra,Q5422131,,,,,pt:Extra (rede varejista),,São Paulo,2075,02430-000,Avenida Conselheiro Moreira de Barros,Lausanne Paulista,,,,,,,,,,,,,,,,,,,,,,,,,,,,,,,,,,,,,,,,,,,,,,pmsp,,,,,,,,,,,,,,,,,,,,,,,,,,,,,,,,,,,,,,,,,,,,,,,,,,,,,,,,,,,,,,,,,,,,,,,,,,,,,,,,,,,,,,,,,,,,,,,,,,,,,,,,,,,,,,,,,,,,,,,
"POLYGON ((-46.6460505 -23.4828571, -46.6459516 -23.482731, -46.6459303 -23.4827447, -46.6458979 -23.4827657, -46.6459939 -23.4828936, -46.6460505 -23.4828571))",Mercado Lausane,convenience,,,,,,,,,São Paulo,2840,02430-001,Avenida Conselheiro Moreira de Barros,Lauzane Paulista,,,,,,,,,,,,,,,,,,,,,,,,,,,,,,,,,,,,,,,,,,,,,,pmsp,,,,,,,,,,,,,,,,,,,,,,,,,,,,,,,,,,,,yes,,,,,,,,,,,,,,,,,,,,,7.0,,,,,,,,,,,,,,,,,,,,,,,,,,,,,,,,,,,,,,,,,,,,,,,,,,,,,,,,,,,,,,
"POLYGON ((-46.6367134 -23.6576927, -46.6362842 -23.6575158, -46.636236 -23.6576583, -46.6366732 -23.6578352, -46.6367134 -23.6576927))",Dia,supermarket,Dia,Q925132,,,,"Mo-Sa 08:00-21:00; Su,PH 08:00-14:00",es:Supermercados DIA,,São Paulo,3690,04325-000,Avenida Engenheiro Armando de Arruda Pereira,Jabaquara,,,,,,,,,https://dia.com.br/index.php,yes,yes,yes,,,,yes,yes,,,,,,,,,,,,,,,,,,,,,,,,,,,,,,,,,,,,,,,,,,,,,,,,,,,,,,,,,,,,,,,,,yes,,,,,,,,,,,,,,,,,,,,,,,,,,,,,,,,,,,,,,,,,,,,,,,,,,,,,,,,,,,,,,,,,,,,,,,,,,,,,,,,,,,
"POLYGON ((-46.6052849 -23.4863867, -46.6050754 -23.4865916, -46.6047992 -23.4863283, -46.6050337 -23.4861145, -46.6052849 -23.4863867))",Supermercado Mota,supermarket,,,,,,,,,São Paulo,3532,02242-001,Avenida General Ataliba Leonel,Parada Inglesa,,,,,,,,,,,,,,,,,,,,,,,,,,,,,,,,,,,,,,,,,,,,,,,,,,,,,,,,,,,,,,,,,,,,,,,,,,,,,,,,,,,,,,,,,,,,,,,,,,,,,,,,,,,,,,,,,,,,,,,,,,,,,,,,,,,,,,,,,,,,,,,,,,,,,,,,,,,,,,,,,,,,,
"POLYGON ((-46.7295049 -23.6469966, -46.7296339 -23.6469482, -46.7295363 -23.6467656, -46.7297543 -23.646661, -46.7297319 -23.6466149, -46.7297859 -23.6465872, -46.7295037 -23.6459851, -46.7294386 -23.6460223, -46.729341 -23.645784, -46.7278815 -23.6463873, -46.728223 -23.6470837, -46.7280609 -23.6471602, -46.7279815 -23.6471871, -46.727958 -23.6472682, -46.7280472 -23.6473196, -46.7282501 -23.647247, -46.7282653 -23.6472777, -46.7285998 -23.647143, -46.7287043 -23.6473329, -46.7295049 -23.6469966))",Assaí Atacadista,supermarket,Assaí Atacadista,Q28679415,,,,,,,São Paulo,,,Avenida Guido Calói,,,,,,,,,Cassino,,,,,,,,,,,,,,,,,,,,,,,,,,,,,,,,,,,,yes,,,,,,,,,,,,,,,,,,,,,,,,,,,,,,,,,,,,,,,,,,,,,,,,,,,,,,,,,,,,,,,,,,,,,,,,,,,,,,,,,,,,,,,,,,,,,,,,,,,,,,,,,,,,,,,,,,,,,,,,,
"POLYGON ((-46.7547113 -23.6745999, -46.7548996 -23.6752091, -46.7545959 -23.6752999, -46.7545605 -23.6751688, -46.7545348 -23.6751648, -46.7543728 -23.6747163, -46.7547113 -23.6745999))",Sonda Supermercado,supermarket,,,,,,Mo-Sa 08:00-22:00,,,São Paulo,2420,,Estrada M'Boi Mirim,Jardim Santa Margarida,,,,,,,,,http://satmosupermercado.com.br/loja4/home,,,,,+55 11 5514-7964;+55 11 5514-8850,,,,,,,,,,,,,,,,,,,,,,,,,,,,,,,recebimento.mboimirim@sonda.com.br,,,,,,,,,,,,,,,,,,,,,,,,,,,,,,,,,,,,,yes,,,,,,,,,,,,,,,,,,,,,,,,,,,,,,,,,,,,,,,,,,,,,,,,,,,,,,,,,,,,,,,,,,,,,,,,,,,,,,,,,,,
"POLYGON ((-46.7879341 -23.6721656, -46.7878463 -23.6721876, -46.7878376 -23.6721563, -46.7877362 -23.6721834, -46.7877473 -23.6722152, -46.7877696 -23.6722118, -46.7878525 -23.6723646, -46.7880091 -23.6726534, -46.7882566 -23.6726089, -46.7881247 -23.6723646, -46.7880074 -23.6721474, -46.7879341 -23.6721656))",Vencedor Atacadista,supermarket,,,,,,,,,,,,Estrada de Itapecerica,,,,,,,,,,,yes,yes,yes,,,,yes,yes,,,,,,,,,,,,,,,,,,,,,,,,,,,,,pmsp,,,,,,,,,,,,,,,,,,,,,,,,,,,,,,,,,,,,yes,,,,,,,,,,,,,,,,,,,,,18.69,,,,,,,,,,,,,,,,,,,,,,,,,,,,,,,,,,,,,,,,,,,,,,,,,,,,,,,,,,,,,,
"POLYGON ((-46.6751575 -23.5564561, -46.6751803 -23.5564251, -46.6751997 -23.5563987, -46.6752144 -23.5563785, -46.6752643 -23.5563106, -46.6752444 -23.5562987, -46.6752004 -23.5562725, -46.675169 -23.5563153, -46.6751298 -23.5563688, -46.6750945 -23.5564168, -46.6751575 -23.5564561))",Supermercado Luzita's,supermarket,,,,,,,,,,,,,,,,,,,,,,,,,,,,,,,,,,,,,,,,,,,,,,,,,,,,,,,,,,,,,,,,,,,,,,,,,,,,,,,,,,,,,,,,,,,,,,,yes,,,,,,,,,,,,,,,,,,,,,9.81,,,,,,,,,,,,,,,,,,,,,,,,,,,,,,,,,,,,,,,,,,,,,,,,,,,,,,,,,,,,,,
"POLYGON ((-46.7693552 -23.6826972, -46.7692163 -23.6827128, -46.7691041 -23.682878, -46.7689337 -23.6827796, -46.7688169 -23.6829828, -46.7691684 -23.683163, -46.769217 -23.6830924, -46.7693812 -23.6830809, -46.7693552 -23.6826972))",Satmo Supermercado,supermarket,,,,,,,,,,,,,,,,,,,,,,,,,,,,,,,,,,,,,,,,,,,,,,,,,,,,,,,,,,,,,,,,,,,,,,,,,,,,,,,,,,,,,,,,,,,,,,,,,,,,,,,,,,,,,,,,,,,,,,,,,,,,,,,,,,,,,,,,,,,,,,,,,,,,,,,,,,,,,,,,,,,,,,,,,,,,,,,,,,
"POLYGON ((-46.7704247 -23.6848081, -46.7704106 -23.6851222, -46.7707416 -23.6851348, -46.7707448 -23.6847019, -46.7704483 -23.6846751, -46.7704247 -23.6848081))",Extra,supermarket,Extra,Q5422131,,,,,pt:Extra (rede varejista),,São Paulo,4374,,Estrada do M'Boi Mirim,,,,,,,,,,,yes,yes,yes,,,,yes,yes,,,,,,,,,,,,,,,,,,,,,,,,,,,,,pmsp,,,,,,,,,,,,,,,,,,,,,,,,,,,,,,,,,,,,yes,,,,,,,,,,,,,,,,,,,,,11.08,,,,,,,,,,,,,,,,,,,,,,,,,,,,,,,,,,,,,,,,,,,,,,,,,,,,,,,,,,,,,,
"POLYGON ((-46.7640194 -23.5821104, -46.7638853 -23.5819239, -46.7639633 -23.5818735, -46.7640997 -23.582059, -46.7640194 -23.5821104))",,supermarket,,,,,,,,,,,,,,,,,,,,,,,,,,,,,,,,,,,,,,,,,,,,,,,,,,,,,,,,,,,,,,,,,,,,,,,,,,,,,,,,,,,,,,,,,,,,,,,yes,,,,,,,,,,,,,,,,,,,,,,,,,,,,,,,,,,,,,,,,,,,,,,,,,,,,,,,,,,,,,,,,,,,,,,,,,,,,,,,,,,,
"POLYGON ((-46.7723621 -23.5887662, -46.7722171 -23.5892973, -46.7720209 -23.589245, -46.7719475 -23.5892255, -46.7719225 -23.5892188, -46.7719626 -23.5890742, -46.7720236 -23.5890846, -46.7721021 -23.5888842, -46.772048 -23.5888668, -46.7722415 -23.5885705, -46.7722868 -23.5885983, -46.7722345 -23.5886837, -46.7722851 -23.5886977, -46.7722554 -23.5887482, -46.7723621 -23.5887662))",Supermercado Barbosa,supermarket,,,,,,,,,,,,,,,,,,,,,,,,,,,,,,,,,,,,,,,,,,,,,,,,,,,,,,,,,,,,,,,,,,,,,,,,,,,,,,,,,,,,,,,,,,,,,,,retail,,,,,,,,,,,,,,,,,,,,,,,,,,,,,,,,,,,,,,,,,,,,,,,,,,,,,,,,,,,,,,,,,,,,,,,,,,,,,,,,,,,
"POLYGON ((-46.7688462 -23.5895395, -46.7686619 -23.5896777, -46.7685265 -23.5895993, -46.768371 -23.5895098, -46.7685916 -23.5893684, -46.7686998 -23.5893008, -46.7688462 -23.5895395))",Supermercado Flamengo,supermarket,,,,,,,,,,,,,,,,,,,,,,,,,,,,,,,,,,,,,,,,,,,,,,,,,,,,,,,,,,,,,,,,,,,,,,,,,,,,,,,,,,,,,,,,,,,,,,,retail,,,,,,,,,,,,,,,,,,,,,,,,,,,,,,,,,,,,,,,,,,,,,,,,,,,,,,,,,,,,,,,,,,,,,,,,,,,,,,,,,,,
"POLYGON ((-46.7533942 -23.660906, -46.7533949 -23.6609069, -46.7534259 -23.6609508, -46.7534267 -23.6609519, -46.7534901 -23.6610415, -46.7535092 -23.6610685, -46.7535412 -23.6611136, -46.7535498 -23.6611258, -46.7535707 -23.6611553, -46.7536056 -23.6612045, -46.7536334 -23.6611845, -46.7536729 -23.6611517, -46.7537081 -23.6611064, -46.7537502 -23.661018, -46.7538091 -23.6608933, -46.7538302 -23.6608245, -46.7538544 -23.6607361, -46.7538585 -23.6606973, -46.7538336 -23.6606669, -46.7538229 -23.6606723, -46.7538152 -23.6606714, -46.7537789 -23.6606779, -46.7533942 -23.660906))",ayumi Supermercado,supermarket,,,,,,"Mo-Sa 08:00-21:00; Su,PH 08:00-15:00",,,São Paulo,178,05822020,Rua Cândido José Xavier,Parque Santo Antônio,,,,,,,,,http://satmo.com.br/loja3/index.html,,,,,+55 11 5514 7953,,,,,,,,,,,BR,,,,,,,,,,,,,,,,,,,,loja3@satmo.com.br,pmsp,,,,,,,,,,,,,,,,,,,,,,,,,,,,,,,,,,,,yes,,,,,,,,,,,,,,,,,,,,,12.67,,,,,,,,,,,,,,,faleconosco@satmo.com.br,,,,,,,,,,,,,,,,,,,,,,,,,,,,,,,,,,,,,,,,,,,,,,,
"POLYGON ((-46.4948666 -23.5513465, -46.495116 -23.5516809, -46.4942443 -23.552212, -46.4939171 -23.5517547, -46.4948666 -23.5513465))",Mercado Extra,supermarket,Mercado Extra,Q5422131,,,,,,,São Paulo,,,Avenida Professor Edgar Santos,,,,,,,,,,,,,,,,,,,,,,,,,,,,,,,,,,,,,,,,,,,,,,,,,,,,,,,,,,,,,,,,,,,,,,,,,,,,,,,,,,,yes,,,,,,,,,,,,,,,,,,,,,,,,,,,,,,,,,,,,,,,,,,,,,,,,,,,,,,,,,,,,,,,,,,,,,,,,,,,,,,,,,,,
"POLYGON ((-46.4931429 -23.5539402, -46.4927808 -23.554159, -46.4925179 -23.554127, -46.4924743 -23.5544105, -46.4924823 -23.5544335, -46.4924996 -23.5544494, -46.4925313 -23.5544664, -46.4925633 -23.5544702, -46.4932717 -23.5541861, -46.4931429 -23.5539402))",Chama Supermercado,supermarket,,,,,,,,,São Paulo,152,03584-000,Avenida Osvaldo Valle Cordeiro,Jardim Brasília,,,,,,,,,https://www.grupochama.com.br,,,,,+55 11 2742 2950,,,,,,,,,,,,,,,,,,,,,,,,,,,,,,,,,,,,,,,,,+55 11 2741 1734,,,,,,,,,,,,,,,,,,,,,,,,,,,yes,,,,,,,,,,,,,,,,,,,,,,,,,,,,,,,,,,,,,,,,,+55 11 98657-0498,,,,,,,,,,,,,,,,,,,,,,,,,,,,,,,,,,,,,,,,,,
"POLYGON ((-46.736382 -23.6583843, -46.7364854 -23.6585504, -46.7361457 -23.6587277, -46.7360424 -23.6585615, -46.736382 -23.6583843))",Supermercado Mais Brasil,supermarket,,,,,,,,,São Paulo,1653,05820-200,Rua Nova do Tuparoquera,Jardim São Luiís,,,,,,,,,,,,,,,,,,,,,,,,,,,,,,,,,,,,,,,,,,,,,,,,,,,,,,,,,,,,,,,,,,,,,,,,,,,,,,,,,,supermarket,,,,,,,,,,,,,,,,,,,,,,,,,,,,,,,,,,,,,,,,,,,,,,,,,,,,,,,,,,,,,,,,,,,,,,,,,,,,,,,,,,,
"POLYGON ((-46.6830847 -23.7673974, -46.6830644 -23.7675856, -46.6830419 -23.7677958, -46.6830947 -23.7678003, -46.6831345 -23.7678037, -46.6833263 -23.76782, -46.6833298 -23.7677872, -46.6833271 -23.767787, -46.6833319 -23.7677399, -46.6832967 -23.7677368, -46.6833321 -23.7674218, -46.683325 -23.7674208, -46.6833274 -23.7673973, -46.6832336 -23.7673888, -46.6832349 -23.7673766, -46.6831874 -23.7673729, -46.6831861 -23.7673839, -46.6831543 -23.767381, -46.683152 -23.7674036, -46.6830847 -23.7673974))",Ricoy Supermercado,supermarket,,,,,,,,,São Paulo,83,,Rua Benedita Martins Ramos,Jardim 3 Corações,,,,,,,,,,,,,,,,,,,,,,,,,,,,,,,,,,,,,,,,,,,,,,pmsp,,,,,,,,,,,,,,,,,,,,,,,,,,,,,,,,,,,,supermarket,,,,,,,,,,,,,,,,,,,,,4.62,,,,,,,,,,,,,,,,,,,,,,,,,,,,,,,,,,,,,,,,,,,,,,,,,,,,,,,,,,,,,,
"POLYGON ((-46.5931787 -23.4874301, -46.5929677 -23.487584, -46.593177 -23.4878315, -46.5933871 -23.4876779, -46.5931787 -23.4874301))",Mota Supermercado,supermarket,,,,,,,,,São Paulo,1380,,Avenida Júlio Buono,,,,,,,,,,http://www.motasupermercados.com.br,,,,,+55 11 2206-7676,,,,,,,,,,,,,,,,,,,,,,,,,,,,,,,,pmsp,,,,,,,,,,,,,,,,,,,,,,,,,,,,,,,,,,,,yes,,,,,,,,,,,,,,,,,,,,,6.959,,,,,,,,,,,,,,,,,,,,,,,,,,,,,,,,,,,,,,,,,,,,,,,,,,,,,,,,,,,,,,
"POLYGON ((-46.7644614 -23.679606, -46.7650653 -23.680107, -46.7653353 -23.679833, -46.7651974 -23.6797173, -46.7648404 -23.6794271, -46.7648922 -23.6793679, -46.7646736 -23.6791604, -46.7644583 -23.6793769, -46.7645491 -23.6794627, -46.7645339 -23.6794799, -46.764559 -23.6795039, -46.7644614 -23.679606))",Public,supermarket,,,,,,,,,São Paulo,,,Estrada M'Boi Mirim,Jardim das Flôres,,,,,,,,,,,,,,,,,,,,,,,,,,,,,,,,,,,,,,,,,,,,,,pmsp,,,,,,,,,,,,,,,,,,,,,,,,,,,,,,,,,,,,yes,,,,,,,,,,,,,,,,,,,,,8.49,,,,,,,,,,,,,,,,,,,,,,,,,,,,,,,,,,,,,,,,,,,,,,,,,,,,,,,,,,,,,,
"POLYGON ((-46.6211201 -23.5895255, -46.6204656 -23.5895599, -46.6204388 -23.5892403, -46.6203315 -23.5892551, -46.6203315 -23.5891764, -46.6210932 -23.5891223, -46.6211201 -23.5895255))",Supermercado Vila das Frutas,supermarket,,,love_hotel,,Motel Fashion,Mo-Su 07:30-22:00,,,São Paulo,1500,,Avenida Doutor Ricardo Jafet,Jardim Vila Mariana,,,,only,,,,,,,,,,,,,,,,,,,,,,,,,,,,,,,,,,,,,,,,,,,,,,,,,,,,,,,,,,,,,,,,,,,,,,,,,,,,,,,,,,,,,,,,,,,,,,,,,,,,,,,,,,,,,,,,,,,,,,,,motel,"Favor exportar os edifícios localizados dentro desta área para o OpenHistoricalMap antes de excluí-los do OSM, para que os dados referentes a estes edifícios possam ser salvos.",,,,,,,,,,,,,,,,,,,,,,,,,,,,,,,,,,,,,,,,
"POLYGON ((-46.701095 -23.6342491, -46.7010343 -23.6341694, -46.7009775 -23.6340948, -46.701198 -23.6339594, -46.701345 -23.6341604, -46.701095 -23.6342491))",Dia,supermarket,Dia,Q925132,,,,Mo-Sa 08:00-21:00; Su 09:00-14:00,,,São Paulo,963,04717-002,Rua Alexandre Dumas,,,,,,yes,,,,,,,,,,,yes,yes,,,,,,,,,,,,,,,,,,,,,,,,,,,,,,,,,,,,,,,,,,,,,,,,,,,,,,,,,,,,,,,,,yes,,,,,,,,,,,,,,,,,,,,,,,,,,,,,,,,,,,,,,,,,,,,,,,,,,,,,,,,,,,,,,,,,,,,,,,,,,,,,,,,,,,
"POLYGON ((-46.5893996 -23.5145036, -46.5893966 -23.5144999, -46.589345 -23.5144367, -46.5893424 -23.5144335, -46.58931 -23.5144563, -46.5892469 -23.5143741, -46.5891003 -23.5141831, -46.5889946 -23.5142542, -46.5888303 -23.5143646, -46.5889844 -23.5145595, -46.5889054 -23.5146147, -46.588953 -23.5146759, -46.5889618 -23.5146871, -46.5889946 -23.5147289, -46.5890161 -23.5147562, -46.5890605 -23.5147269, -46.5890472 -23.5147099, -46.5890502 -23.5147079, -46.5890495 -23.5147071, -46.589144 -23.5146462, -46.5892176 -23.5145977, -46.5892303 -23.514614, -46.5892327 -23.5146124, -46.5892347 -23.514611, -46.5892537 -23.5145988, -46.5892561 -23.5145972, -46.5892558 -23.514597, -46.5892419 -23.51458, -46.5892945 -23.5145457, -46.5893519 -23.5145083, -46.5893529 -23.5145076, -46.5893656 -23.514526, -46.589397 -23.5145053, -46.5893996 -23.5145036))",Extra,supermarket,Extra,Q5422131,,,,,pt:Extra (rede varejista),,São Paulo,784,02120-001,Rua Curuçá,,,,,,,,,,,,,,,,,,,,,,,,,,,,,,,,,,,,,,,,,,,,,,,pmsp,,,,,,,,,,,,,,,,,,,,,,,,,,,,,,,,,,,,yes,,,,,,,,,,,,,,,,,,,,,9.564,,,,,,,,,,,,,,,,,,,,,,,,,,,,,,,,,,,,,,,,,,,,,,,,,,,,,,,,,,,,,,
"POLYGON ((-46.4447681 -23.5255978, -46.4447307 -23.5256401, -46.444757 -23.5256597, -46.4447415 -23.5256772, -46.4446963 -23.5257282, -46.4444905 -23.5255749, -46.4444734 -23.5255622, -46.4445479 -23.525478, -46.4446358 -23.5255435, -46.4446594 -23.5255169, -46.4447681 -23.5255978))",Shell,convenience,Shell,Q154950,,,,,en:Royal Dutch Shell,,São Paulo,100,08240-360,Rua Rio Bom,,,,,,,,,,,,,,,,,,,,,,,,,,,,,,,,,,,,,,,,,,,,,,,,,,,,,,,,,,,,,,,,,,,,,,,,,,,,,,,,,,,yes,,,,,,,,,,,,,,,,,,,,,,,,,,,,,,,,,,,,,,,,,,,,metal,,,,,,,,,,,,,,,,,,,,,,,,,,,,,,,,,,,,,,,
"POLYGON ((-46.6397269 -23.5982226, -46.6397271 -23.5982046, -46.6396523 -23.5982039, -46.6396507 -23.5983728, -46.6397255 -23.5983734, -46.6397269 -23.5982226))",Mercado Extra,supermarket,Mercado Extra,Q5422131,,,,,pt:Extra (rede varejista),,,,,,,,,,,,,,,https://www.extra.com.br/,,,,,,,,,,,,,,,,,,,,,,,,,,,,,,,,,,,,,,,,,,,,,,,,,,,,,,,,,,,,,,,,,,,,,,,,,yes,,,,,,,,,,,,,,,,,,,,,4.38,,,,,,,,,,,,,,,,,,,,,,,,,,,,,,,,,,,,,,,,,,,,,,,,,,,,,,,,,,,,,,
"POLYGON ((-46.7380386 -23.5493636, -46.7379492 -23.5494405, -46.7380195 -23.5495091, -46.7379498 -23.5495691, -46.7380232 -23.5496408, -46.7382263 -23.5494661, -46.7381503 -23.5493918, -46.7381063 -23.5494297, -46.7380386 -23.5493636))",Shell,convenience,Shell,Q110716465,,,,,en:Royal Dutch Shell,,São Paulo,1470,05346-000,Avenida Jaguaré,Jaguaré,,,,,,,,,,,,,,,,,,,,,,,,,,,,,,,,,,,,,,,,,,,,,,,,,,,,,,,,,,,,,,,,,,,fuel,,,,,,,,,,,,,,,roof,,,,,,,,,,,,,,,,,,,,,5.5,,,,,,,,,,,,,,,,,,,,,,,metal,,,,,,,,,,,,,,,,,,,,,,,,,,,,,,,,,,,,,,,
"POLYGON ((-46.6358646 -23.6692742, -46.6357742 -23.6692064, -46.6359484 -23.6690116, -46.6360387 -23.6690794, -46.6358646 -23.6692742))",,convenience,,,,,,,,,,,,,,,,,,,,,,,,,,,,,,,,,,,,,,,,,,,,,,,,,,,,,,,,,,,,,,,,,,,,,,,,,,,,,,,,,,,,,,,,,,,,,,,yes,,,,,,,,,,,,,,,,,,,,,,,,,,,,,,,,,,,,,,,,,,,,,,,,,,,,,,,,,,,,,,,,,,,,,,,,,,,,,,,,,,,
"POLYGON ((-46.6250835 -23.5002915, -46.62508 -23.5002069, -46.6250787 -23.5001823, -46.6249237 -23.5001895, -46.6249312 -23.5003437, -46.625086 -23.5003386, -46.6250835 -23.5002915))",Petrobras,convenience,BR,Q4836468,,,,,,,São Paulo,,,Avenida Cruzeiro do Sul,,,,,,,,,,,,,,,,,,,,,,,,,,,,,,,,,,,,,,,,,,,,,,,pmsp,,,,,,,,,,,,,,,,,,,,,fuel,,,,,,,,,,,,,,,roof,,,,,,,,,,,,,,,,,,,,,6.763,,,,,,,,,,,,,,,,,,,,,,,metal,,,,,,,,,,,,,,,,,,,,,,,,,,,,,,,,,,,,,,,
"POLYGON ((-46.6599108 -23.5425038, -46.659947 -23.5424785, -46.6599321 -23.5424605, -46.6599653 -23.5424372, -46.6600462 -23.5425352, -46.6602636 -23.5423825, -46.6602491 -23.5423649, -46.6602907 -23.5423357, -46.6601249 -23.5421351, -46.6599061 -23.5422888, -46.6598874 -23.5423019, -46.6599214 -23.542343, -46.6598306 -23.5424068, -46.6599012 -23.5424922, -46.6599108 -23.5425038))",Pão de Açúcar,supermarket,Pão de Açúcar,Q3411543,,,,,pt:Pão de Açúcar (supermercado brasileiro),,São Paulo,846,01240-001,Rua Maranhão,Higienópolis,,,,,,,,,,yes,,,,,,,,,,,,,,,,,,,,,,,,,,,,,,,,,,,,,,,,,,,,,,,,,,,,,,,,,,,,,,,,,,,,,,,,supermarket,,,,,,,yes,,,,,,,,,,,,,,6.75,,,,,,,,,,,,,,,,,,,,,,,,,,,,,,,,,,,,,,,,,,,,,,,,,,,,,,,,,,,,,,
"POLYGON ((-46.6706489 -23.5825479, -46.670507 -23.5825345, -46.6703545 -23.5833146, -46.6705045 -23.5833566, -46.6705742 -23.5833083, -46.6705889 -23.5832008, -46.6706489 -23.5825479))",Pão de Açúcar,supermarket,Pão de Açúcar,Q3411543,,,,,pt:Pão de Açúcar (supermercado brasileiro),,São Paulo,,,Rua Joaquim Floriano,Itaim Bibi,,,,,,,,Pão de Açucar,,,,,,,,,,,,,,,,,,,,,,,,,,,,,,,,,,,,,,,,,,,,,,,,,,,,,,,,,,,,,,,,,,,,,,,,,,yes,,,,,,,,,,,,,,,,,,,,,,,,,,,,,,,,,,,,,,,,,,,,,,,,,,,,,,,,,,,,,,,,,,,,,,,,,,,,,,,,,,,
"POLYGON ((-46.5608619 -23.5376643, -46.5608408 -23.5377515, -46.5603222 -23.5376458, -46.5603433 -23.5375586, -46.5608619 -23.5376643))",,convenience,Ipiranga,Q2081136,,,,,,,São Paulo,4700,03314-030,Rua Melo Freire,Vila Carrão,,,,,,,,,,,,,,,,,,,,,,,,,,,,,,,,,,,,,,,,,,,,,,,,,,,,,,,,,,,,,,,,,,,fuel,,,,,,,,,,,,,,,roof,,,,,,,,,,,,,,,,,,,,,5,,,,,grey,,,,,yes,,,,,,,,,,,,,metal,yes,yes,,,,,,,,,,,,,,,,,,,,,,,,,,,,,,,,,,,,,
"POLYGON ((-46.6943416 -23.599888, -46.6942881 -23.5999058, -46.6943142 -23.5999717, -46.6942954 -23.5999779, -46.6943135 -23.6000237, -46.6942674 -23.600039, -46.6942784 -23.6000671, -46.6944783 -23.6000008, -46.6944467 -23.5999207, -46.6943652 -23.5999478, -46.6943416 -23.599888))",,convenience,Ale,Q9600717,,,,,,,São Paulo,304,04571-030,Rua Osvaldo Casimiro Müller,,,,,,,,,,,,,,,,,,,,,,,,,,,,,,,,,,,,,,,,,,,,,,,,,,,,,,,,,,,,,,,,,,,,fuel,,,,,,,,,,,,,,,roof,,,,,,,,,,,,,,,,,,,,,,,,,,,,,,,,,,,,,,,,,,,,metal,,,,,,,,,,,,,,,,,,,,,,,,,,,,,,,,,,,,,,,
"POLYGON ((-46.7433523 -23.5662892, -46.7431818 -23.566499, -46.7432459 -23.5665433, -46.7433377 -23.5664302, -46.7433349 -23.5664283, -46.7433541 -23.5664048, -46.7434714 -23.5664858, -46.7433644 -23.5666174, -46.7434404 -23.5666699, -46.7436069 -23.566465, -46.7433523 -23.5662892))",Shell,convenience,Shell,Q110716465,,,,,en:Royal Dutch Shell,,São Paulo,3480,05340-000,Avenida Corifeu de Azevedo Marques,Vila Butantã,,,,,,,,Auto Posto K2,,,,,,,,,,,,,,,,,,,,,,,,,,,,,,,,,,,,,,,,,,,,,,,,,,,,,,,,,,,fuel,,,,,,,,,,,,,,,roof,,,,,,,,,,,,,,,,,,,,,5.803,,,,,,,,,,,,,,,,,,,,,,,metal,,,yes,yes,no,,,,,,,,,,,,,,,,,,,,,,,,,,,,,,,,,,
"POLYGON ((-46.6992888 -23.5145246, -46.6993059 -23.5146125, -46.6995688 -23.5145609, -46.69955 -23.5144736, -46.6992888 -23.5145246))",,convenience,Shell,,,,,,,,São Paulo,850,,Avenida Ermano Marchetti,,,,,,,,,,,,,,,,,,,,,,,,,,,,,,,,,,,,,,,,,,,,,,,pmsp,,,,,,,,,,,,,,,,,,,,,fuel,,,,,,,,,,,,,,,roof,,,,,,,,,,,,,,,,,,,,,5.435,,,,,,,,,,,,,,,,,,,,,,,metal,,,,,,,,,,,,,,,,,,,,,,,,,,,,,,,,,,,,,,,
"POLYGON ((-46.7435194 -23.6086683, -46.7433606 -23.608826, -46.7434929 -23.6089459, -46.7436612 -23.6087883, -46.7435194 -23.6086683))",Shell,convenience,Shell,Q110716465,,,,,,,São Paulo,661,,Avenida Doutor Guilherme Dumont Vilares,,,,,,,,,,,,,,,,,,,,,,,,,,,,,,,,,,,,,,,,,,,,,,,,,,,,,,,,,,,,,,,,,,,,fuel,,,,,,,,,,,,,,,roof,,,,,,,,,,,,,,,,,,,,,,,,,,,,,,,,,,,,,,,,,,,,metal,,,,,,yes,,,,,,,,,,,,,,,,,,,,,,,,,,,,,,,,,
"POLYGON ((-46.7412127 -23.6122448, -46.7411667 -23.6125904, -46.7410422 -23.6125765, -46.7410882 -23.6122308, -46.7412127 -23.6122448))",,convenience,Ipiranga,Q2081136,,,,,pt:Ipiranga (empresa),,São Paulo,1151,05640-002,Avenida Doutor Guilherme Dumont Vilares,,,,,,,,,,,,,,,,,,,,,,,,,,,,,,,,,,,,,,,,,,,,,,,,,,,,,,,,,,,,,,,,,,,,fuel,,,,,,,,,,,,,,,roof,,,,,,,,,,,,,,,,,,,,,,,,,,,,,,,,yes,,,,,,,,,,,,metal,,,,,no,yes,,,,,,,,,,,,,,,,,,,,,,,,,,,,,,,,,
"POLYGON ((-46.6142464 -23.6557926, -46.6141671 -23.6558369, -46.6142607 -23.6559773, -46.6143399 -23.655933, -46.6142464 -23.6557926))",BR,convenience,BR,Q4836468,,,,,pt:Vibra Energia,,São Paulo,6467,04169-000,Avenida do Cursino,Vila Moraes,,,,,,,,,,,,,,+55 11 2332-4190,,,,,,,,,,,,,,,,,,,,,,,,,,,,,,,,,,,,,,,,,,,,,,,,,,,,,fuel,,,,,,,,,,,,,,,roof,,,,,,,,,,,,,,,,,,,,,,,,,,,,,,,,,,,,,,,,,,,,metal,,,,,,,,,,,,,,,,,,,,,,,,,,,,,,,,,,,,,,,
"POLYGON ((-46.7087676 -23.5523638, -46.7086774 -23.5523463, -46.7086749 -23.5523458, -46.7085775 -23.5523943, -46.7085933 -23.552441, -46.7085992 -23.5524739, -46.7084822 -23.5524892, -46.7084958 -23.5525706, -46.7084993 -23.5525946, -46.7085212 -23.5527471, -46.7089505 -23.5526934, -46.7089192 -23.5524937, -46.7089095 -23.5524291, -46.7089055 -23.5523906, -46.7087676 -23.5523638))",Pão de Açúcar,supermarket,Pão de Açúcar,Q3411543,,,,,pt:Pão de Açúcar (supermercado brasileiro),,,,,,,,,,,,,,,,,,,,,,,,,,,,,,,,,,,,,,,,,,,,,,,,,,,,pmsp,,,,,,,,,,,,,,,,,,,,,,,,,,,,,,,,,,,,yes,,,,,,,,,,,,,,,,,,,,,9.98,,,,,,,,,,,,,,,,,,,,,,,,,,,,,,,,,,,,,,,,,,,,,,,,,,,,,,,,,,,,,,
"POLYGON ((-46.7424929 -23.5936935, -46.7422731 -23.5935566, -46.7422147 -23.5936353, -46.7424345 -23.5937723, -46.7424929 -23.5936935))",Posto Urso Branco,convenience,Ale,Q9600717,,,,,,,São Paulo,3850,,Avenida Eliseu de Almeida,,,,,,,,,,,,,,,,,,,,,,,,,,,,,,,,,,,,,,,,,,,,,,,,,,,,,,,,,,,,,,,,,,,,fuel,,,,,,,,,,,,,,,roof,,,,,,,,,,,,,,,,,,,,,,,,,,,,,,,,,,,,,,,,,,,,metal,,,yes,yes,no,yes,,,,,,,,,,,,,,,,,,,,,,,,,,,,,,,,,
"POLYGON ((-46.7279378 -23.5102909, -46.7277777 -23.5104302, -46.7278337 -23.5104785, -46.7278617 -23.5104471, -46.7279254 -23.5105106, -46.728055 -23.510397, -46.7279378 -23.5102909))",Ipiranga,convenience,Ipiranga,Q2081136,,,,,,,São Paulo,534,05112-010,Rua Inácio Luis da Costa,,,,,,,,,,,,,,,,,,,,,,,,,,,,,,,,,,,,,,,,,,,,,,,,,,,,,,,,,,,,,,,,,,,,fuel,,,,,,,,,,,,,,,roof,,,,,,,,,,,,,,,,,,,,,,,,,,,,,,,yes,yes,,,,,,,,,,,,metal,,,yes,yes,no,,,,,,,,,,,,,,,,,,,,,,,,,,,,,,,,,,
"POLYGON ((-46.7328347 -23.5091255, -46.7328535 -23.5092091, -46.7326194 -23.5092551, -46.7324029 -23.5092976, -46.7322929 -23.5093321, -46.7322366 -23.5092706, -46.7323044 -23.5092432, -46.7324217 -23.5092091, -46.7328347 -23.5091255))",Rodoil,convenience,,,,,,,,,São Paulo,600,05120-000,Avenida Manuel Domingos Pinto,,,,,,,,,,,,,,,,,,,,,,,,,,,,,,,,,,,,,,,,,,,,,,,,,,,,,,,,,,,,,,,,,,,,fuel,,,,,,,,,,,,,,,roof,,,,,,,,,,,,,,,,,,,,,,,,,,,,,,,,,,,,,,,,,,,,metal,,,,,,,,,,,,,,,,,,,,,,,,,,,,,,,,,,,,,,,
"POLYGON ((-46.7101672 -23.5068366, -46.7098116 -23.5069248, -46.7098301 -23.5069874, -46.7101857 -23.5068992, -46.7101672 -23.5068366))",Shell Select,convenience,Shell Select,Q110716465,,,,,,,,,,,,,,,,,,,,,,,,,,,,,,,,,,,,,,,,,,,,,,,,,,,,,,,,,,,,,,,,,,,,,,,,,,,,,,,,,,,,,,,,,,,,,yes,,,,,,,,,,,,,,,,,,,,,,,,,,,,,,,,,,,,,,,,,,,,,,,,,,,,,,,,,,,,,,,,,,,,,,,,,,,,,,,,,,,
"POLYGON ((-46.5218791 -23.5220734, -46.5219211 -23.5227376, -46.521844 -23.5227451, -46.5218484 -23.5228097, -46.5216944 -23.5228325, -46.5216876 -23.5228606, -46.5209852 -23.5229152, -46.5209803 -23.5228829, -46.5206187 -23.5229054, -46.5205767 -23.5229085, -46.5205648 -23.5225716, -46.5207216 -23.5225655, -46.5207091 -23.522409, -46.5207822 -23.5224023, -46.5207719 -23.522233, -46.5208448 -23.5222261, -46.5208347 -23.5221577, -46.5210098 -23.522138, -46.5210232 -23.522137, -46.5210366 -23.522136, -46.5210513 -23.5221346, -46.5218791 -23.5220734))",Atacadão,supermarket,Atacadão,Q2868739,,Carrefour,Carrefour,Mo-Sa 07:00-22:00; Su 08:00-20:00,pt:Atacadão,,São Paulo,2521,03653-000,Avenida Amador Bueno da Veiga,Penha de França,,,,,,,,Carrefour,,,,,Atacadão Penha,+55 11 4004 8899,,,,,,,,,,,,,,,,,,,,,,,,,,,,,,yes,,,,,,,,,,,,,,,,,,,,,,,,,,,,,,,,,,,,,,supermarket,,,,,,,,,,,,,,,,,,,,,,2,,,,,,,,,,,,,,,,,,,,,,,,,,,,,Carrefour Penha,,,,,,,,,,,,,,,,,,,,,,,,,,,,,,,,
"POLYGON ((-46.6501882 -23.4708443, -46.6497431 -23.4714718, -46.6496907 -23.4715018, -46.6490229 -23.4712436, -46.6492116 -23.4703337, -46.6501882 -23.4708443))",Andorinha Hiper Center,supermarket,,,,,,,,,São Paulo,2262,,Avenida Parada Pinto,Lauzane Paulista,,,,,,,,,,,,,,,,,,,,,,,,,,,,,,,,,,,,,,,,,,,,,,,,,,,,,,,,,,,,,,,,,,,,,,,,,,,,,,,,,,,,,,,,,,,,,,,,,,,,,,,,,,,,,,,,,,,,,,,,,,,,,,,,,,,,,,,,,,,,,,,,,,,,,,,,,,,,,,,,,,,,,
"POLYGON ((-46.6581804 -23.6355491, -46.6580259 -23.6355417, -46.6580422 -23.6358471, -46.6583105 -23.6358434, -46.6583105 -23.6357819, -46.6583471 -23.6357577, -46.6583351 -23.6357427, -46.6583593 -23.6357223, -46.6581804 -23.6355491))",Extra,supermarket,Extra,Q5422131,,,,,pt:Extra (rede varejista),,,,,,,,,,,,,,,https://www.extra.com.br/,,,,,,,,,,,,,,,,,,,,,,,,,,,,,,,,,,,,,,,,,,,,,,,,,,,,,,,,,,,,,,,,,,,,,,,,,supermarket,,,,,,,,,,,,,,,,,,,,,,,,,,,,,,,,,,,,,,,,,,,,,,,,,,,,,,,,,,,,,,,,,,,,,,,,,,,,,,,,,,,
"POLYGON ((-46.7278618 -23.5703591, -46.7278717 -23.5702521, -46.7278746 -23.5702205, -46.7278782 -23.5701808, -46.7278525 -23.5701894, -46.7277496 -23.5702238, -46.7277275 -23.5702312, -46.7277127 -23.5702375, -46.7277023 -23.5702447, -46.7276931 -23.5702538, -46.7276896 -23.57026, -46.7276877 -23.5702653, -46.7276886 -23.5702721, -46.7276932 -23.5702866, -46.7277021 -23.5702996, -46.7277162 -23.5703095, -46.7278291 -23.5703544, -46.7278611 -23.5703671, -46.7278618 -23.5703591))",Empório São Pedro,supermarket,,,,,,Mo-Su 07:30-20:00,,,,,,,,,,,,,,,,,,,,,,,,,,,,,,,,,,,,,,,,,,,,,,,,,,,,,,,,,,,,,,,,,,,,,,,,,,,,,,,,,,,,,,,,,yes,,,,,,,,,,,,,,,,,,,,,6.31,,,,,,,,,,,,,,,,,,,,,,,,,,,,,,,,,,,,,,,,,,,,,,,,,,,,,,,,,,,,,,
"POLYGON ((-46.7276478 -23.5723767, -46.7276259 -23.5724576, -46.7276492 -23.572463, -46.7276427 -23.5724868, -46.7278663 -23.5725453, -46.7278636 -23.5725549, -46.7278997 -23.572563, -46.7279323 -23.5724418, -46.7276478 -23.5723767))",Instituto Baru,supermarket,,,,,,,,,,,,,,,,,only,,,,,,,,,,,,,,,,,,,,,,,,,,,,,,,,,,,,,,,,,,,https://www.instagram.com/institutobaru,,,,,,,,,,,,,,,,,,,,,,,,,,,,,,,,,,,yes,,,,,,,,,,,,,,,,,,,,,8.38,,,,,,,,,,,,,,,,,,,,,,,,,,,,,,,,,,,,,,,,,,,,,,,,,,,,,,,,,,,,,,
"POLYGON ((-46.6215101 -23.488045, -46.6214765 -23.488087, -46.6214046 -23.4881767, -46.6213997 -23.4881829, -46.6214167 -23.4881926, -46.6213642 -23.4882579, -46.6215576 -23.4883919, -46.6216421 -23.4882882, -46.6218115 -23.4883227, -46.6220187 -23.4880686, -46.6219668 -23.4880323, -46.6219341 -23.4880764, -46.6218726 -23.4880575, -46.6218684 -23.4880622, -46.6218322 -23.4880401, -46.6218239 -23.488051, -46.6216516 -23.4879321, -46.621543 -23.4880683, -46.6215281 -23.4880578, -46.6215101 -23.488045))",Pão de Açúcar,supermarket,Pão de Açúcar,Q3411543,,,,,pt:Pão de Açúcar (supermercado brasileiro),,São Paulo,240,02333-000,Avenida Nova Cantareira,Jardim São Paulo,,,,,,,,,,,,,,,,,,,,,,,,,,,,,,,,,,,,,,,,,,,,,,pmsp,,,,,,,,,,,,,,,,,,,,,,,,,,,,,,,,,,,,yes,,,,,,,,,,,,,,,,,,,,,8.334,,,,,,,,,,,,,,,,,,,,,,,,,,,,,,,,,,,,,,,,,,,,,,,,,,,,,,,,,,,,,,
"POLYGON ((-46.7453646 -23.5690438, -46.7452495 -23.5689662, -46.7452114 -23.5689406, -46.745164 -23.5689989, -46.7451176 -23.5690558, -46.7452793 -23.5691653, -46.7452832 -23.569168, -46.7452968 -23.5691508, -46.7454382 -23.5692457, -46.745504 -23.5691623, -46.7453517 -23.5690602, -46.7453646 -23.5690438))",Mini Mercado Extra,convenience,,,,,,,,,São Paulo,868,05359-000,Avenida Nossa Senhora de Assunção,Vila Butantã,,,,,,,,,,,,,,,,,,,,,,,,,,,,,,,,,,,,,,,,,,,,,,,,,,,,,,,,,,,,,,,,,,,,,,,,,,,,,,,,,,yes,,,,,,,,,,,,,,,,,,,,,8.841,,,,,,,,,,,,,,,,,,,,,,,,,,,,,,,,,,,,,,,,,,,,,,,,,,,,,,,,,,,,,,
"POLYGON ((-46.7313932 -23.5774828, -46.7314441 -23.5773936, -46.7314509 -23.5773817, -46.731367 -23.5773362, -46.7312941 -23.5774512, -46.7312967 -23.5774552, -46.7313541 -23.5774832, -46.7313398 -23.5775069, -46.7313443 -23.5775113, -46.7313541 -23.5775201, -46.7313642 -23.5775283, -46.7313664 -23.5775298, -46.7313932 -23.5774828))",Mercado São Francisco,supermarket,,,,,,,,,São Paulo,20,05591-060,Avenida Professor Lucas de Assunção,Vila Gomes,,,,,,,,,,,,,,,,,,,,,,,,,,,,,,,,,,,,,,,,,,,,,,,,,,,,,,,,,,,,,,,,,,,,,,,,,,,,,,,,,,yes,,,,,,,,,,,,,,,,,,,,,3.645,,,,,,,,,,,,,,,,,,,,,,,,,,,,,,,,,,,,,,,,,,,,,,,,,,,,,,,,,,,,,,
"POLYGON ((-46.6655769 -23.5644045, -46.6658047 -23.564204, -46.665752 -23.5641549, -46.6654873 -23.5643959, -46.6655225 -23.5644299, -46.6655347 -23.5644417, -46.6655769 -23.5644045))",Casa Santa Luzia,supermarket,,,,,,Mo-Sa 07:30-20:30,,,São Paulo,1471,01424-005,Alameda Lorena,,,,,,yes,,,,https://www.santaluzia.com.br/,,,,,+55 11 3897-5000,,,,,,,,,,,,,,,,,,,,,,,,,,,,,,,sac@santaluzia.com.br,,,,,,,,,,,,,,,,,,,,,,,,,,,,,,,,,,,,,yes,,,,,,,,,,,,,,,,,,,,,6.788,,,,,,,,,,,,,,,,,,,,,,,,,,,,,,,,,,,,,,,,,,,,,,,,,,,,,,,,,,,,,,
"POLYGON ((-46.668278 -23.5613381, -46.6682342 -23.5612954, -46.6681898 -23.561252, -46.6681198 -23.5613128, -46.6682746 -23.5614617, -46.6683906 -23.5615732, -46.6684279 -23.5615407, -46.6684583 -23.5615142, -46.6683224 -23.5613814, -46.668278 -23.5613381))",Carrefour Express,convenience,Carrefour Express,Q2940190,,,,,fr:Carrefour Express,,São Paulo,1884,01424-004,Alameda Lorena,,,,,,,,,,,,,,,,,,,,,,,,,,,,,,,,,,,,,,,,,,,,,,,,,,,,,,,,,,,,,,,,,,,,,,,,,,,,,,,,,,,yes,,,,,,,,,,,,,,,,,,,,,5.9,,,,,,,,,,,,,,,,,,,,,,,,,,,,,,,,,,,,,,,,,,,,,,,,,,,,,,,,,,,,,,
"POLYGON ((-46.6587993 -23.5527487, -46.658758 -23.5528143, -46.6588655 -23.5528841, -46.6588981 -23.5529053, -46.6589389 -23.5528679, -46.658938 -23.5528509, -46.6589375 -23.5528422, -46.658859 -23.5527891, -46.6587993 -23.5527487))",Oxxo,convenience,Oxxo,Q1342538,,,,,,,São Paulo,1937,01301-100,Rua da Consolação,,,,,,,,,,,,,,,,,,,,,,,,,,,,,,,,,,,,,,,,,,,,,,,,,,,,,,,,,,,,,,,,,,,,,,,,,,,,,,,,,,,retail,,,,,,,,,,,,,,,,,,,,,6.623,,,,,silver,flat,,,,,,,,,,,,,,,,,,,,,,,,,beige,,,,,,,,,,,,,,,,,,,,,,,,,,,,,,,
"POLYGON ((-46.654014 -23.5433909, -46.6540634 -23.5433903, -46.654065 -23.5434265, -46.6541717 -23.5434242, -46.6542843 -23.5434218, -46.6544196 -23.5434189, -46.6545012 -23.5434172, -46.6544957 -23.543278, -46.6540085 -23.5432904, -46.654014 -23.5433909))",Mambo Supermercados,supermarket,,,,,,,,,São Paulo,777,,Rua Martim Francisco,,,,,,,,,,,,,,,,,,,,,,,,,,,,,,,,,,,,,,,,,,,,,,,,,,,,,,,,,,,,,,,,,,,,,,,,,,,,,,,,,,,yes,,,,,,,,,,,,,,,,,,,,,7.82,,,,,,,,,,,,,,,,,,,,,,,,,,,,,,,,,,,,,,,,,,,,,,,,,,,,,,,,,,,,,,
"POLYGON ((-46.7917336 -23.6859541, -46.791401 -23.6858779, -46.7912749 -23.6862414, -46.7915163 -23.6863225, -46.7917336 -23.6859541))",,supermarket,,,,,,,,,São Paulo,1020,05879-000,Rua Feitiço da Vila,Valo Velho,,,,,,,,,,,,,,,,,,,,,,,,,,,,,,,,,,,,,,,,,,,,,,,,,,,,,,,,,,,,,,,,,,,,,,,,,,,,,,,,,,yes,,,,,,,,,,,,,,,,,,,,,,,,,,,,,,,,,,,,,,,,,,,,,,,,,,,,,,,,,,,,,,,,,,,,,,,,,,,,,,,,,,,
"POLYGON ((-46.647164 -23.5432007, -46.6466359 -23.5432193, -46.6466382 -23.5433117, -46.6466403 -23.5433983, -46.6466964 -23.5433973, -46.6470324 -23.5433912, -46.6471318 -23.5433894, -46.6471935 -23.5433883, -46.6472268 -23.5433877, -46.6472251 -23.5433158, -46.6472237 -23.543257, -46.6471935 -23.5432581, -46.6471916 -23.5432151, -46.6472226 -23.5432139, -46.6472223 -23.5431987, -46.6471814 -23.5432001, -46.647164 -23.5432007))",Mercado Extra,supermarket,Mercado Extra,Q5422131,,,,Mo-Sa 07:00-22:00; Th 08:00-21:00,,,São Paulo,172,01220-010,Rua Rego Freitas,,2024-03-23,,,,,,,Cia. Brasileira de Distribuição,,,,,,+55 11 3221-4354,,,,,,,,,,,,,,,,,,,,,,,+55 11 3221-4354,http://www.extra.com.br/,,,,,,,,,,,,,,,,,,,,,,,,,,,,,,,,,,,,,,,,,,,,yes,,,,,,,,,,,,,,,,,,,,,7.54,,,,,,,,,,,,,,,,,,,,,,,,,,,,,,,,,,,,,,,,,,,,,,,,,,,,,,,,,,,,,,
"POLYGON ((-46.6403769 -23.5389288, -46.6401072 -23.538766, -46.6400085 -23.5388987, -46.6402753 -23.5390665, -46.640301 -23.5390316, -46.6403264 -23.5389973, -46.6403519 -23.5389627, -46.6403769 -23.5389288))",Extra,supermarket,Extra,Q5422131,,,,,pt:Extra (rede varejista),,São Paulo,452,01206-000,Avenida Rio Branco,,,,,,,,,,,,,,,,,,,,,,,,,,,,,,,,,,,,,,,,,,,,,,,,,,,,,,,,,,,,,,,,,,,,,,,,,,,,,,,,,,,yes,,,,,,,,,,,,,,,,,,,,,6.29,,,,,,,,,,,,,,,,,,,,,,,,,,,,,,,,,,,,,,,,,,,,,,,,,,,,,,,,,,,,,,
"POLYGON ((-46.6407406 -23.5539898, -46.6407676 -23.5539937, -46.6407837 -23.553899, -46.6406426 -23.5538786, -46.6406383 -23.5538988, -46.6406199 -23.5539723, -46.6407168 -23.5539864, -46.6407406 -23.5539898))",Americanas Express,convenience,,,,,,,,,,,,,,,,,,,,,,,,,,,,,,,,,,,,,,,,,,,,,,,,,,,,,,,,,,,,,,,,,,,,,,,,,,,,,,,,,,,,,,,,,,,,,,,yes,,,,,,,,,,,,,,,,,,,,,5.658,,,,,,,,,,,,,,,,,,,,,,,,,,,,,,,,,,,,,,,,,,,,,,,,,,,,,,,,,,,,,,
"POLYGON ((-46.6503078 -23.5316037, -46.6502082 -23.5317352, -46.650176 -23.5317778, -46.6501474 -23.5318155, -46.6500866 -23.5318956, -46.6502075 -23.5319769, -46.6502375 -23.5319366, -46.650276 -23.531961, -46.6503127 -23.5319116, -46.6503415 -23.5319304, -46.6503916 -23.531963, -46.650434 -23.5319078, -46.6506684 -23.5316027, -46.6504286 -23.5314435, -46.6503253 -23.5315807, -46.6503178 -23.5315905, -46.6503078 -23.5316037))",Sacolão Campos Elíseos,supermarket,,,,,,,,,São Paulo,589,01218-012,Alameda Eduardo Prado,,,,,,,,,,http://sacolaocamposeliseos.com.br/,,,,,+55 11 3666-3455,,,,,,,,,,,,,,,,,,,,,,,,,,,,,,,contato@sacolaocamposeliseos.com.br,,,,,,,,,,,,,,,,,,,,,,,,,,,,,,,,,,,,,yes,,,,,,,,,,,,,,,,,,,,,10.97,,,,,silver,gabled,,,,,,,,,,,,,,,,,,,,,,,,,#ffc891,,,,,,,,,,,,,,,,,,,,,,,,,,,,,,,
"POLYGON ((-46.6536937 -23.5333237, -46.6537098 -23.533345, -46.6537465 -23.5333935, -46.6538143 -23.5333536, -46.6535899 -23.5330678, -46.6535644 -23.5330822, -46.6535297 -23.5331017, -46.6536458 -23.5332486, -46.6536399 -23.5332526, -46.6536674 -23.533289, -46.6536937 -23.5333237))",Mini Mercado Extra,supermarket,,,,,,"08:00-22:00, Su 10:00-18:00",,,São Paulo,118,01151-000,Rua Brigadeiro Galvão,Campos Elíseos,,,,,,,,,,,,,,,,,,,,,,,,,,,,,,,,,,,,,,,,,,,,,,,,,,,,,,,,,,,,,,,,,,,,,,,,,,,,,,,,,,yes,,,,,,,,,,,,,,,,,,,,,6.444,,,,,,,,,,,,,,,,,,,,,,,,,,,,,,,,,,,,,,,,,,,,,,,,,,,,,,,,,,,,,,
"POLYGON ((-46.6604759 -23.5314619, -46.6604683 -23.531473, -46.6607105 -23.531615, -46.6607157 -23.531618, -46.660777 -23.5315293, -46.6608116 -23.5314789, -46.6607787 -23.5314596, -46.6608086 -23.5314164, -46.6607795 -23.5313993, -46.6608091 -23.5313564, -46.6607793 -23.5313389, -46.6608087 -23.5312963, -46.6607793 -23.531279, -46.6608089 -23.531236, -46.6607778 -23.5312177, -46.6608073 -23.5311749, -46.660777 -23.5311572, -46.6608067 -23.5311142, -46.6607418 -23.5310762, -46.6604759 -23.5314619))",Extra,supermarket,,,,,,,,,,,,,,,,,,,,,,,,,,,,,,,,,,,,,,,,,,,,,,,,,,,,,,,,,,,,,,,,,,,,,,,,,,,,,,,,,,,,,,,,,,,,,,,yes,,,,,,,,,,,,,,,,,,,,,11.768,,,,,,,,,,,,,,,,,,,,,,,,,,,,,,,,,,,,,,,,,,,,,,,,,,,,,,,,,,,,,,
"POLYGON ((-46.6626235 -23.5357781, -46.6625781 -23.5356814, -46.6624386 -23.5357393, -46.6624077 -23.5357507, -46.6623701 -23.5357678, -46.6623072 -23.5357916, -46.6623448 -23.5358861, -46.6626166 -23.5357807, -46.6626235 -23.5357781))",Carrefour Express,convenience,Carrefour Express,Q2940190,,,,,,,São Paulo,1061,,Avenida Pacaembu,,,,,,,,,,,,,,,,,,,,,,,,,,,,,,,,,,,,,,,,,,,,,,,,,,,,,,,,,,,,,,,,,,,,,,,,,,,,,,,,,,,yes,,,,,,,,,,,,,,,,,,,,,5.936,,,,,,,,,,,,,,,,,,,,,,,,,,,,,,,,,,,,,,,,,,,,,,,,,,,,,,,,,,,,,,
"POLYGON ((-46.6562243 -23.5354938, -46.6560739 -23.5355346, -46.6559407 -23.5355662, -46.6559844 -23.5356278, -46.6563751 -23.5355262, -46.6563452 -23.535461, -46.6562846 -23.5354816, -46.6562243 -23.5354938))",Carrefour,convenience,Carrefour,Q217599,,,,,,,São Paulo,597,01230-001,Rua Doutor Albuquerque Lins,,,,,,,,,,,,,,,,,,,,,,,,,,,,,,,,,,,,,,,,,,,,,,,,,,,,,,,,,,,,,,,,,,,,,,,,,,,,,,,,,,,yes,,,,,,,,,,,,,,,,,,,,,6.069,,,,,,,,,,,,,,,,,,,,,,,,,,,,,,,,,,,,,,,,,,,,,,,,,,,,,,,,,,,,,,
"POLYGON ((-46.5868242 -23.4972096, -46.5868886 -23.4972686, -46.587004 -23.4974433, -46.5868278 -23.4975142, -46.5868188 -23.4975178, -46.5866713 -23.4975687, -46.5865699 -23.4974421, -46.586568 -23.4974399, -46.5868153 -23.4972293, -46.5868087 -23.4972228, -46.5868242 -23.4972096))",Mega Dias Supermercado,supermarket,,,,,,"Mo-Sa 08:00-21:00, Su 08:00-14:00",,,São Paulo,3072,02135-000,Avenida Conceição,,,,,,,,,,,,,,,,,,,,,,,,,,,,,,,,,,,,,,,,,,1294618428960605,,,,,,,,,,,,,,,,,,,,,,,,,,,,,,,,,,,,,,,,,shed,,,,,,,,,,,,,,,,,,,,,7.5,,,,,,,,,,,,,,,,,,,,+5511 9 3324-1945,,,,,,,,,,,,,,,,,,,,,,,,,,,,,,,,,,,,,,,,,,
"POLYGON ((-46.6543257 -23.554399, -46.6543077 -23.554441, -46.6544323 -23.5545047, -46.6544554 -23.5544666, -46.6544053 -23.5544405, -46.6543534 -23.5544134, -46.6543257 -23.554399))",Mercado Extra,supermarket,Mercado Extra,Q5422131,,,,Mo-Su 08:00-21:00,pt:Extra (rede varejista),,São Paulo,763,01307-001,Rua Frei Caneca,Bela Vista,,,,,,,,,,,,,,,,,,,,,,,,,,,,,,,,,,,,,,,,,,,,,,,,,,,,,,,,,,,,,,,,,,,,,,,,,,,,,,,,,,yes,,,,,,,,,,,,,,,,,,,,,4.594,,,,,,,,,,,,,,,,,,,,,,,,,,,,,,,,,,,,,,,,,,,,,,,,,,,,,,,,,,,,,,
"POLYGON ((-46.6490583 -23.551902, -46.6490243 -23.551891, -46.6489824 -23.5518774, -46.6489291 -23.5520156, -46.6488509 -23.5522183, -46.6489122 -23.5522377, -46.6489278 -23.5522426, -46.6489561 -23.5522515, -46.6490242 -23.5522736, -46.6490444 -23.5522801, -46.6490553 -23.5522525, -46.6489388 -23.5522142, -46.6489615 -23.5521554, -46.648975 -23.5521598, -46.6489958 -23.5521059, -46.6489802 -23.5521008, -46.6490123 -23.5520177, -46.6490285 -23.552023, -46.6490411 -23.5519903, -46.6490258 -23.5519853, -46.6490448 -23.5519361, -46.6490464 -23.5519328, -46.6490583 -23.551902))",Mini Extra,convenience,Mini Extra,Q5422131,,,,,,,,,,,,,,,,,,,,,,,,,,,,,,,,,,,,,,,,,,,,,,,,,,,,,,,,,,,,,,,,,,,,,,,,,,,,,,,,,,,,,,,,,,,,,yes,,,,,,,,,,,,,,,,,,,,,3.013,,,,,,,,,,,,,,,,,,,,,,,,,,,,,,,,,,,,,,,,,,,,,,,,,,,,,,,,,,,,,,
"POLYGON ((-46.6511071 -23.5530849, -46.6510622 -23.5531367, -46.6510931 -23.5531543, -46.6510893 -23.5531601, -46.651134 -23.5531856, -46.6511321 -23.5531884, -46.6511846 -23.5532184, -46.6511985 -23.5532251, -46.6512027 -23.5532188, -46.6512179 -23.5532275, -46.6512278 -23.5532127, -46.6512298 -23.5532138, -46.6512326 -23.5532096, -46.6513354 -23.5532683, -46.6513323 -23.5532728, -46.6512597 -23.5532314, -46.6512554 -23.5532378, -46.6512388 -23.5532283, -46.6512268 -23.5532461, -46.6512645 -23.5532668, -46.6513456 -23.5533114, -46.6513828 -23.5532595, -46.6512207 -23.5531737, -46.6512329 -23.5531567, -46.6511741 -23.5531232, -46.6511071 -23.5530849))",Oxxo,convenience,Oxxo,Q1342538,,,,,,,,,,,,,,,,,,,,,,,,,,,,,,,,,,,,,,,,,,,,,,,,,,,,,,,,,,,,,,,,,,,,,,,,,,,,,,,,,,,,,,,,,,,,,yes,,,,,,,,,,,,,,,,,,,,,7.933,,,,,,,,,,,,,,,,,,,,,,,,,,,,,,,,,,,,,,,,,,,,,,,,,,,,,,,,,,,,,,
"POLYGON ((-46.6410869 -23.5626118, -46.6409149 -23.5626533, -46.640853 -23.5626682, -46.6409742 -23.5631009, -46.6412076 -23.5630486, -46.6410869 -23.5626118))",Pão de Açúcar,supermarket,Pão de Açúcar,Q3411543,,,,,pt:Pão de Açúcar (supermercado brasileiro),,São Paulo,215,01322-010,Rua Pedroso,Bela Vista,,,,,,,,,,,,,,,,,,,,,,,,,,,,,,,,,,,,,,,,,,,,,,,,,,,,,,,,,,,,,,,,,,,,,,,,,,,,,,,,,,yes,,,,,,,,,,,,,,,,,,,,,10.281,,,,,,,,,,,,,,,,,,,,,,,,,,,,,,,,,,,,,,,,,,,,,,,,,,,,,,,,,,,,,,
"POLYGON ((-46.6027857 -23.4812354, -46.6028658 -23.4813727, -46.6029564 -23.4813252, -46.6028931 -23.481225, -46.6028881 -23.4812208, -46.6028534 -23.4812115, -46.6028467 -23.4812134, -46.6027955 -23.4812319, -46.6027857 -23.4812354))",Loja de Produtos Nordestinos,supermarket,,,,,,,,,,,,,,,,,,,,,,,,,,,,,,,,,,,,,,,,,,,,,,,,,,,,,,,,,,,pmsp,,,,,,,,,,,,,,,,,,,,,,,,,,,,,,,,,,,,supermarket,,,,,,,,,,,,,,,,,,,,,6.634,,,,,,,,,,,,,,,,,,,,,,,,,,,,,,,,,,,,,,,,,,,,,,,,,,,,,,,,,,,,,,
"POLYGON ((-46.6422538 -23.5749466, -46.6422709 -23.5749092, -46.6420379 -23.5748212, -46.6420062 -23.5748092, -46.6419559 -23.5749113, -46.6422225 -23.5750154, -46.6422489 -23.5749574, -46.6422538 -23.5749466))",Carrefour Express,convenience,Carrefour Express,Q2940190,,,,,,,,,,,,,,,,,,,,,,,,,,,,,,,,,,,,,,,,,,,,,,,,,,,,,,,,,,,,,,,,,,,,,,,,,,,,,,,,,,,,,,,,,,,,,yes,,,,,,,,,,,,,,,,,,,,,5.572,,,,,,,,,,,,,,,,,,,,,,,,,,,,,,,,,,,,,,,,,,,,,,,,,,,,,,,,,,,,,,
"POLYGON ((-46.6352692 -23.5872817, -46.6353058 -23.5873103, -46.6353385 -23.5871476, -46.6352892 -23.5871393, -46.6352779 -23.5871297, -46.635352 -23.5870499, -46.6353889 -23.5870103, -46.6354182 -23.5869786, -46.6352638 -23.5868556, -46.6351205 -23.5870759, -46.63511 -23.5871917, -46.6351344 -23.5871923, -46.6351984 -23.5872102, -46.6351946 -23.5872233, -46.6352692 -23.5872817))",Supermercado Vila das Frutas,supermarket,,,,,,,,Unidade Mariana,,38,,Avenida Professor Noé Azevedo,Vila Mariana,,,,only,,,,,https://www.viladasfrutas.com.br/,yes,,,,,,yes,yes,,,,,,,,,,,,,,,,,,,,,,,,,,,,,,,,,,,,,,,,,,,,,,,,,,,,,,,,,,,,,,,,,yes,,,,,,,,,,,,,,,,,,,,,3.96,,,,,,,,,,,,,,,,,,yes,,,,,,,,,,,,,,,,,,,,,,,,,,,,,,,,,,,,,,,,,,,,
"POLYGON ((-46.6271617 -23.5825737, -46.627208 -23.582576, -46.627259 -23.582579, -46.6273071 -23.5825819, -46.6273803 -23.5825862, -46.6273724 -23.5825721, -46.6273658 -23.5825613, -46.6273644 -23.5825589, -46.62736 -23.582546, -46.6273551 -23.5825332, -46.6273497 -23.5825207, -46.6273438 -23.5825085, -46.6273375 -23.5824967, -46.6273308 -23.5824853, -46.6273238 -23.5824743, -46.6273164 -23.5824639, -46.6273081 -23.5824548, -46.6273017 -23.5824519, -46.6272947 -23.5824499, -46.6272396 -23.582446, -46.6272326 -23.5824442, -46.627226 -23.5824412, -46.6272201 -23.5824372, -46.6272152 -23.5824322, -46.6272143 -23.582431, -46.6272106 -23.5824253, -46.6272081 -23.5824193, -46.6272083 -23.5824126, -46.6272093 -23.5824091, -46.6272097 -23.582403, -46.6272094 -23.5823963, -46.6272084 -23.5823896, -46.6272068 -23.582383, -46.6272055 -23.5823795, -46.6272044 -23.5823765, -46.6272015 -23.5823703, -46.6271979 -23.5823644, -46.6271937 -23.5823589, -46.627189 -23.5823537, -46.6271838 -23.5823489, -46.6271781 -23.5823446, -46.6271721 -23.5823408, -46.6271632 -23.582336, -46.6271568 -23.5823327, -46.6271447 -23.5823271, -46.6271393 -23.5823225, -46.6271351 -23.582317, -46.627132 -23.5823108, -46.6271303 -23.5823046, -46.6271275 -23.5822984, -46.6271225 -23.5822935, -46.6271148 -23.5822903, -46.6270569 -23.5822912, -46.6270594 -23.5824403, -46.6270602 -23.5824868, -46.6270613 -23.5825551, -46.6270615 -23.5825686, -46.6271617 -23.5825737))",Comprafácil Supermercado,supermarket,,,,,,,,,,,,,,,,,,,,,,,,,,,,,,,,,,,,,,,,,,,,,,,,,,,,,,,,,,,,,,,,,,,,,,,,,,,,,,,,,,,,,,,,,,,,,,,supermarket,,,,,,,,,,,,,,,,,,,,,4.202,,,,,,,,,,,,,,,,,,,,,,,,,,,,,,,,,,,,,,,,,,,,,,,,,,,,,,,,,,,,,,
"POLYGON ((-46.6381035 -23.5988164, -46.6382022 -23.5988165, -46.6382025 -23.5986514, -46.6381038 -23.5986512, -46.6381035 -23.5988164))",Carrefour Express,convenience,Carrefour Express,Q2940190,,,,,fr:Carrefour Express,,São Paulo,145,04039-030,Rua Pedro de Toledo,,,,,,,,,,,,,,,,,,,,,,,,,,,,,,,,,,,,,,,,,,,,,,,,,,,,,,,,,,,,,,,,,,,,,,,,,,,,,,,,,,,yes,,,,,,,,,,,,,,,,,,,,,4.21,,,,,,,,,,,,,,,,,,,,,,,,,,,,,,,,,,,,,,,,,,,,,,,,,,,,,,,,,,,,,,
"POLYGON ((-46.6275572 -23.5970904, -46.6274839 -23.5970957, -46.6274053 -23.5971028, -46.627404 -23.5971224, -46.6273827 -23.5971289, -46.6274147 -23.5973419, -46.6275951 -23.5973284, -46.6275572 -23.5970904))",Pão de Açúcar,supermarket,Pão de Açúcar,Q3411543,,,,,pt:Pão de Açúcar (supermercado brasileiro),,São Paulo,937,04121-000,Rua Santa Cruz,,,,,,,,,,,,,,,,,,,,,,,,,,,,,,,,,,,,,,,,,,,,,,,,,,,,,,,,,,,,,,,,,,,,,,,,,,,,,,,,,,,yes,,,,,,,,,,,,,,,,,,,,,5.36,,,,,,,,,,,,,,,,,,,,,,,,,,,,,,,,,,,,,,,,,,,,,,,,,,,,,,,,,,,,,,
"POLYGON ((-46.6346313 -23.597053, -46.6346302 -23.5970669, -46.6346267 -23.5971101, -46.6346408 -23.5971109, -46.6348096 -23.5971213, -46.6348145 -23.5970708, -46.6348053 -23.5970577, -46.6347707 -23.5970557, -46.6347685 -23.5970428, -46.6347633 -23.5970335, -46.6347539 -23.5970234, -46.6347429 -23.597018, -46.6347303 -23.5970181, -46.6346358 -23.5970144, -46.6346313 -23.597053))",Tabemashô Produtos Orientais,convenience,,,,,,Mo-Su 07:30-19:30,,,São Paulo,198,04122-000,Rua Santa Cruz,,2026-03-10,,,,,,,,,,,,,(11) 2768-3529,,,,,,,,,,,,,,2026-03-10,,,,,,,,,,,,,,,,,,,,,,,,,,,,,,,,,,,,,,,,,,,,,,,,,,,,,,yes,,,,,,,,,,,,,,,,,,,,,8.21,,,,,,,,,,,,,,,,,,,,,,,,,,,,,,,,,,,,,,,,,,,,,,,,,,,,,,,,,,,,,,
"POLYGON ((-46.6334965 -23.5708396, -46.6334379 -23.5709078, -46.6334382 -23.5709124, -46.6334549 -23.5709246, -46.6334535 -23.5709295, -46.6334444 -23.5709399, -46.6334438 -23.5709447, -46.6334552 -23.5709531, -46.6334602 -23.5709573, -46.6334196 -23.5710045, -46.6334154 -23.5710097, -46.6334325 -23.5710222, -46.6334336 -23.5710268, -46.6334201 -23.5710426, -46.6334226 -23.5710452, -46.6334389 -23.5710571, -46.6334348 -23.5710621, -46.633426 -23.5710723, -46.6334282 -23.5710765, -46.6334386 -23.5710841, -46.6334393 -23.5710885, -46.6334214 -23.5711092, -46.6334239 -23.5711137, -46.6334409 -23.5711262, -46.6334454 -23.571125, -46.6334935 -23.5710689, -46.6334982 -23.5710659, -46.6335052 -23.5710647, -46.6335108 -23.5710605, -46.6335135 -23.5710544, -46.6335129 -23.5710478, -46.6335149 -23.5710423, -46.6335554 -23.570995, -46.6335384 -23.5709826, -46.63354 -23.5709777, -46.633549 -23.5709672, -46.6335506 -23.5709622, -46.6335336 -23.5709498, -46.6335341 -23.570945, -46.633576 -23.5708963, -46.633502 -23.5708423, -46.6334965 -23.5708396))",Hirota,supermarket,,,,,,Mo-Sa 08:00-21:00; PH Su 09:00-14:00,,,São Paulo,488,,Avenida da Aclimação,,,,,,,,,,,,,,,,,,,,,,,,,,,,,,,,,,,,,,+55 11 3277-0140;+55 11 3207-4901,http://hirota.com.br,,,,,,,,pmsp,,,,,,,,,,,,,,,,,,,,,,,,,,,,,,,,,,,,yes,,,,,,,,,,,,,,,,,,,commercial,,25.11,,,,,,,,,,,,,,,,1,,,,,,,,,,,,,,,,,,,,,,,,,,,,,,,,,,,,,,,,,,,,,,
"POLYGON ((-46.6332096 -23.5656741, -46.6331811 -23.5656516, -46.6331491 -23.5656872, -46.6331285 -23.5656732, -46.6330533 -23.56576, -46.632499 -23.565728, -46.6324779 -23.5657273, -46.6324707 -23.5658653, -46.6324663 -23.5659217, -46.6325757 -23.5659269, -46.6326736 -23.5659315, -46.6327084 -23.5659331, -46.6327609 -23.5659356, -46.6327948 -23.5659372, -46.6328258 -23.5659614, -46.6328765 -23.5660008, -46.6329079 -23.5660252, -46.6329415 -23.5659861, -46.6332096 -23.5656741))",Extra Supermercado,supermarket,,,,,,Mo-Sa 07:00-22:00; Su 08:00-21:00,,,São Paulo,1440,,Rua Conselheiro Furtado,,,,,,,,,,https://www.extra.com.br/,,,,,+55 11 3209-5267,,,,,,,,,,,,,,,,,,,,,,,,,,,,,,,,pmsp,,,,,,,,,,,,,,,,,,,,,,,,,,,,,,,,,,,,yes,,,,,,,,,,,,,,,,,,,,,4.478,,,,,,,,,,,,,,,,,,,,,,,,,,,,,,,,,,,,,,,,,,,,,,,,,,,,,,,,,,,,,,
"POLYGON ((-46.6597046 -23.6005561, -46.6597594 -23.6005122, -46.6598694 -23.6004242, -46.6599262 -23.6003787, -46.6599811 -23.6003348, -46.6600383 -23.600289, -46.6600931 -23.6002452, -46.6600528 -23.6002018, -46.6600623 -23.6001943, -46.6600299 -23.6001596, -46.6600727 -23.6001258, -46.659952 -23.5999977, -46.659886 -23.6000497, -46.6598915 -23.6000556, -46.659657 -23.6002426, -46.6594892 -23.6003765, -46.659669 -23.6005679, -46.6596956 -23.6005467, -46.6597046 -23.6005561))",Pão de Açúcar,supermarket,Pão de Açúcar,Q3411543,,,,,pt:Pão de Açúcar (supermercado brasileiro),,São Paulo,,,,,,,,,,,,,,,,,,,,,,,,,,,,,,,,,,,,,,,,,,,,,,,,,,pmsp,,,,,,,,,,,,,,,,,,,,,,,,,,,,,,,,,,,,yes,,,,,,,,,,,,,,,,,,,,,5.5,,,,,,,,,,,,,,,,,,,,,,,,,,,,,,,,,,,,,,,,,,,,,,,,,,,,,,,,,,,,,,
"POLYGON ((-46.6215093 -23.5459787, -46.6215021 -23.5459755, -46.6214869 -23.5459686, -46.6214519 -23.5459528, -46.6214185 -23.5459378, -46.6213992 -23.5459291, -46.6213309 -23.546042, -46.621439 -23.5460988, -46.6215093 -23.5459787))",Dia,supermarket,Dia,Q925132,,,,Mo-Su 09:00-21:00,es:Supermercados DIA,,São Paulo,1338,03002-000,Avenida Rangel Pestana,Brás,,,,,,,,,,,,,,,,,,,,,,,,,,,,,,,,,,,,,,,,,,,,,,pmsp,,,,,,,,,,,,,,,,,,,,,,,,,,,,,,,,,,,,yes,,,,,,,,,,,,,,,,,,,,,9.7,,,,,,,,,,,,,,,,,,,,,,,,,,,,,,,,,,,,,,,,,,,,,,,,,,,,,,,,,,,,,,
"POLYGON ((-46.6232805 -23.5461115, -46.6231595 -23.5460601, -46.6231166 -23.5461893, -46.6230766 -23.5463308, -46.6231674 -23.5463691, -46.6231976 -23.5463564, -46.6232805 -23.5461115))",Oxxo,convenience,Oxxo,Q1342538,,,,24/7,,,São Paulo,1153,03001-000,Avenida Rangel Pestana,Brás,,,,,,,,,,,,,,,,,,,,,,,,,,,,,,,,,,,,,,,,,,,,,,pmsp,,,,,,,,,,,,,,,,,,,,,,,,,,,,,,,,,,,,supermarket,,,,,,,,,,,,,,,,,,,,,6.68,,,,,,,,,,,,,,,,,,,,,,,,,,,,,,,,,,,,,,,,,,,,,,,,,,,,,,,,,,,,,,
"POLYGON ((-46.615993 -23.6033789, -46.6157274 -23.6033838, -46.6157348 -23.6031724, -46.6159846 -23.6031807, -46.615993 -23.6033789))",Extra,supermarket,Extra,Q5422131,,,,,pt:Extra (rede varejista),,São Paulo,,,Avenida do Cursino,,,,,,,,,,https://www.extra.com.br/,,,,,,,,,,,,,,,,,,,,,,,,,,,,,,,,,,,,,,,,,,,,,,,,,,,,,,,,,,,,,,,,,,,,,,,,,yes,,,,,,,,,,,,,,,,,,,,,,,,,,,,,,,,,,,,,,,,,,,,,,,,,,,,,,,,,,,,,,,,,,,,,,,,,,,,,,,,,,,
"POLYGON ((-46.6239593 -23.5767057, -46.6239449 -23.5767081, -46.6238593 -23.5767223, -46.6238561 -23.5767859, -46.623821 -23.5767825, -46.6238211 -23.5767287, -46.6237043 -23.5767481, -46.623728 -23.576863, -46.6240268 -23.5768643, -46.6240066 -23.5767683, -46.623957 -23.5767644, -46.6239593 -23.5767057))",Mercado Monte Belo,supermarket,,,,,,,,,São Paulo,3,01537-000,Rua Basílio da Cunha,Cambuci,,,,,,,,,,,,,,,,,,,,,,,,,,,,,,,,,,,,,,,,,,,,,,pmsp;local knowledge,,,,,,,,,,,,,,,,,,,,,,,,,,,,,,,,,,,,yes,,,,,,,,,,,,,,,,,,,,,13.45,,,,,,,,,,,,,,,,,,,,,,,,,,,,,,,,,,,,,,,,,,,,,,,,,,,,,,,,,,,,,,
"POLYGON ((-46.6223419 -23.5641938, -46.622457 -23.5641747, -46.622457 -23.5641732, -46.6224784 -23.5641444, -46.6224726 -23.5641176, -46.6223314 -23.5641454, -46.6223419 -23.5641938))",Mini-Mercado Glória,convenience,,,,,,,,,São Paulo,175,01536-000,Avenida Lacerda Franco,Cambuci,,,,,,,,,,,,,,,,,,,,,,,,,,,,,,,,,,,,,,,,,,,,,,pmsp,,,,,,,,,,,,,,,,,,,,,,,,,,,,,,,,,,,,yes,,,,,,,,,,,,,,,,,,,,,8.374,,,,,,,,,,,,,,,,,,,,,,,,,,,,,,,,,,,,,,,,,,,,,,,,,,,,,,,,,,,,,,
"POLYGON ((-46.6368282 -23.6171464, -46.6364378 -23.6169733, -46.6364355 -23.6169768, -46.6363767 -23.6170637, -46.6363205 -23.617147, -46.6365747 -23.6172503, -46.6367526 -23.6173226, -46.6367735 -23.6172419, -46.6368018 -23.6172481, -46.6368061 -23.6172316, -46.6368166 -23.6171911, -46.6368275 -23.6171491, -46.6368282 -23.6171464))",Extra,supermarket,Extra,Q5422131,,,,,pt:Extra (rede varejista),,São Paulo,426,04144-000,Rua Carneiro da Cunha,,,,,,,,,,https://www.extra.com.br/,,,,,,,,,,,,,,,,,,,,,,,,,,,,,,,,,,,,,pmsp,,,,,,,,,,,,,,,,,,,,,,,,,,,,,,,,,,,,yes,,,,,,,,,,,,,,,,,,,,,4.56,,,,,,,,,,,,,,,,,,,,,,,,,,,,,,,,,,,,,,,,,,,,,,,,,,,,,,,,,,,,,,
"POLYGON ((-46.6379659 -23.6220287, -46.6379738 -23.6221272, -46.6382689 -23.6220713, -46.6382847 -23.6220683, -46.6382753 -23.6220265, -46.6380312 -23.6220728, -46.6380279 -23.6220601, -46.6382708 -23.6220094, -46.6382655 -23.6219857, -46.6382612 -23.6219662, -46.6379659 -23.6220287))",Pão de Açúcar,supermarket,Pão de Açúcar,Q3411543,,,,,,Minuto,,,,,,,,,,,,,,,,,,,,,,,,,,,,,,,,,,,,,,,,,,,,,,,,,,,pmsp,,,,,,,,,,,,,,,,,,,,,market,,,,,,,,,,,,,,,yes,,,,,,,,,,,,,,,,,,,,,3.098,,,,,,,,,,,,,,,,,,,,,,,,,,,,,,,,,,,,,,,,,,,,,,,,,,,,,,,,,,,,,,
"POLYGON ((-46.6377075 -23.6183324, -46.6373817 -23.6183923, -46.6373791 -23.6183928, -46.6373933 -23.6184588, -46.637363 -23.6184644, -46.6373718 -23.6184952, -46.6373742 -23.6185035, -46.6373976 -23.6184992, -46.6374075 -23.6185453, -46.6373872 -23.618549, -46.6373941 -23.618573, -46.637422 -23.6185678, -46.6377384 -23.6185084, -46.6377229 -23.6184203, -46.6377075 -23.6183324))",Dia Market,supermarket,Dia Market,Q925132,,,,,es:Supermercados DIA,,São Paulo,341,04144-020,Rua Fiação da Saúde,,,,,,,,,,,,,,,,,,,,,,,,,,,,,,,,,,,,,,,,,,,,,,,pmsp,,,,,,,,,,,,,,,,,,,,,,,,,,,,,,,,,,,,yes,,,,,,,,,,,,,,,,,,,,,6.24,,,,,,,,,,,,,,,,,,,,,,,,,,,,,,,,,,,,,,,,,,,,,,,,,,,,,,,,,,,,,,
"POLYGON ((-46.6404698 -23.6211817, -46.6404574 -23.6211226, -46.6400478 -23.6212031, -46.6399776 -23.6212196, -46.639997 -23.6213084, -46.6400141 -23.6213866, -46.6400211 -23.6213852, -46.6401085 -23.6213673, -46.6401681 -23.621355, -46.640398 -23.6213079, -46.6403917 -23.6212776, -46.6404862 -23.6212596, -46.6404721 -23.6211923, -46.6404698 -23.6211817))",Hirota Food,supermarket,,,,,,,,,São Paulo,1930,04046-300,Avenida Jabaquara,Mirandópolis,,,,,,,,,,,,,,,,,,,,,,,,,,,,,,,,,,,,,,,,,,,,,,pmsp,,,,,,,,,,,,,,,,,,,,,,,,,,,,,,,,,,,,supermarket,,,,,,,,,,,,,,,,,,,,,4.84,,,,,,,,,,,,,,,,,,,,,,,,,,,,,,,,,,,,,,,,,,,,,,,,,,,,,,,,,,,,,,
"POLYGON ((-46.6315988 -23.6101464, -46.6315929 -23.6101602, -46.631581 -23.6101883, -46.6315967 -23.6101939, -46.6315878 -23.6102149, -46.6315721 -23.6102092, -46.6315569 -23.6102451, -46.6315565 -23.6102458, -46.6315456 -23.6102716, -46.631595 -23.6102899, -46.6315998 -23.6102788, -46.6316322 -23.6102024, -46.631635 -23.6101958, -46.6316463 -23.6101691, -46.6316621 -23.6101318, -46.6316127 -23.6101135, -46.6315988 -23.6101464))",Yuri,convenience,,,,,,,,,,,,,,,,,,,,,,,,,,,,,,,,,,,,,,,,,,,,,,,,,,,,,,,,,,,pmsp,,,,,,,,,,,,,,,,,,,,,,,,,,,,,,,,,,,,yes,,,,,,,,,,,,,,,,,,,,,9.66,,,,,,,,,,,,,,,,,,,,,,,,,,,,,,,,,,,,,,,,,,,,,,,,,,,,,,,,,,,,,,
"POLYGON ((-46.6350083 -23.6208429, -46.6350717 -23.620967, -46.6350757 -23.620975, -46.6352227 -23.6209276, -46.6352214 -23.6209242, -46.635132 -23.6206882, -46.6351677 -23.6206767, -46.6351336 -23.6205867, -46.6350534 -23.620597, -46.6350519 -23.6205993, -46.6350108 -23.62066, -46.6350207 -23.620686, -46.6350283 -23.6206836, -46.6350398 -23.6207141, -46.6350139 -23.6207224, -46.6350177 -23.6207326, -46.6349861 -23.6207428, -46.6349748 -23.620713, -46.6349561 -23.6207407, -46.6350083 -23.6208429))",Extra,supermarket,Extra,Q5422131,,,,"Mo-Sa 07:00-23:00; Su, PH 08:00-22:00",pt:Extra (rede varejista),,São Paulo,447,04301-010,Avenida Miguel Estefno,,,,,,,,,,https://www.extra.com.br/,,,,,,,,,,,,,,,,,,,,,,,,,,,,,,,,,,,,,pmsp,,,,,,,,,,,,,,,,,,,,,,,,,,,,,,,,,,,,yes,,,,,,,,,,,,,,,,,,,,,6.33,,,,,,,,,,,,,,,,,,,,,,,,,,,,,,,,,,,,,,,,,,,,,,,,,,,,,,,,,,,,,,
"POLYGON ((-46.6503865 -23.6028137, -46.6505293 -23.6029344, -46.6505722 -23.6029706, -46.6506213 -23.603012, -46.6505965 -23.6030369, -46.6507409 -23.6031613, -46.6507651 -23.603137, -46.6507889 -23.6031573, -46.6509149 -23.6030305, -46.6509268 -23.6030321, -46.6509347 -23.6030277, -46.6509395 -23.6030214, -46.6509403 -23.6030181, -46.65094 -23.6030138, -46.6509371 -23.6030099, -46.6509576 -23.6029896, -46.6505357 -23.6026332, -46.6503701 -23.6027999, -46.6503865 -23.6028137))",Pão de Açúcar,supermarket,Pão de Açúcar,Q3411543,,,,,pt:Pão de Açúcar (supermercado brasileiro),,,,,,,2025-01-24,,,,,,,,,,,,,,,,,,,,,,,,,,,,,,,,,,,,,,,,,,,,,pmsp,,,,,,,,,,,,,,,,,,,,,,,,,,,,,,,,,,,,yes,,,,,,,,,,,,,,,,,,,,,10.98,,,,,,,,,,,,,,,,,,,,,,,,,,,,,,,,,,,,,,,,,,,,,,,,,,,,,,,,,,,,,,
"POLYGON ((-46.6313866 -23.6142568, -46.6313413 -23.6142366, -46.6313053 -23.6142205, -46.6312383 -23.6143509, -46.6312449 -23.6143537, -46.6311909 -23.6144592, -46.6311841 -23.6144562, -46.6311336 -23.6145543, -46.6311253 -23.6145705, -46.6310982 -23.6146231, -46.6311826 -23.6146553, -46.6311949 -23.6146312, -46.63123 -23.6145627, -46.6313664 -23.6142963, -46.6313866 -23.6142568))",Super Padrão,supermarket,,,,,,,,,São Paulo,596,04143-020,Rua Doutor Nogueira Martins,,,,,,,,,,,,,,,,,,,,,,,,,,,,,,,,,,,,,,,,,,,,,,,pmsp,,,,,,,,,,,,,,,,,,,,,,,,,,,,,,,,,,,,yes,,,,,,,,,,,,,,,,,,,,,8.295,,,,,,,,,,,,,,,,,,,,,,,,,,,,,,,,,,,,,,,,,,,,,,,,,,,,,,,,,,,,,,
"POLYGON ((-46.6363288 -23.6177401, -46.6367272 -23.6176353, -46.6368112 -23.6176131, -46.636806 -23.617596, -46.6368256 -23.617591, -46.6368175 -23.6175649, -46.6369465 -23.6175312, -46.6368842 -23.6173285, -46.6368005 -23.6173504, -46.6367777 -23.6173413, -46.6366877 -23.6173661, -46.636653 -23.6173757, -46.636566 -23.6173996, -46.6364777 -23.6174239, -46.6363532 -23.6174582, -46.6363225 -23.6174397, -46.6362722 -23.6175117, -46.6362099 -23.6174748, -46.6361535 -23.6175555, -46.6361432 -23.6175493, -46.6360803 -23.6176393, -46.6360999 -23.617651, -46.6360738 -23.6176883, -46.6360995 -23.6177035, -46.6361139 -23.6177526, -46.6362608 -23.6177151, -46.6362723 -23.617755, -46.6363288 -23.6177401))",Pão de Açúcar,supermarket,Pão de Açúcar,Q3411543,,,,,pt:Pão de Açúcar (supermercado brasileiro),,São Paulo,494,04144-000,Rua Carneiro da Cunha,,,,,,,,,,,,,,,,,,,,,,,,,,,,,,,,,,,,,,,,,,,,,,,pmsp,,,,,,,,,,,,,,,,,,,,,,,,,,,,,,,,,,,,yes,,,,,,,,,,,,,,,,,,,,,9.48,,,,,,,,,,,,,,,,,,,,,,,,,,,,,,,,,,,,,,,,,,,,,,,,,,,,,,,,,,,,,,
"POLYGON ((-46.6376437 -23.6125512, -46.6376632 -23.6126315, -46.6377084 -23.6126226, -46.6377182 -23.6126206, -46.6378058 -23.6126033, -46.6378042 -23.6125802, -46.6378018 -23.6125475, -46.6378 -23.6125216, -46.6376437 -23.6125512))",Carrefour Express,convenience,Carrefour Express,Q2940190,,,,,fr:Carrefour Express,,São Paulo,953,04045-001,Avenida Jabaquara,,,,,,,,,,,,,,,,,,,,,,,,,,,,,,,,,,,,,,,,,,,,,,,pmsp,,,,,,,,,,,,,,,,,,,,,,,,,,,,,,,,,,,,yes,,,,,,,,,,,,,,,,,,,,,8.29,,,,,,,,,,,,,,,,,,,,,,,,,,,,,,,,,,,,,,,,,,,,,,,,,,,,,,,,,,,,,,
"POLYGON ((-46.6374782 -23.6038243, -46.637479 -23.6039676, -46.6375764 -23.6039666, -46.6375716 -23.6036439, -46.6374771 -23.6036448, -46.6374782 -23.6038243))",Yutaka,supermarket,,,,,,,,,,,,,,,,,,,,,,,,,,,,,,,,,,,,,,,,,,,,,,,,,,,,,,,,,,,pmsp,,,,,,,,,,,,,,,,,,,,,,,,,,,,,,,,,,,,yes,,,,,,,,,,,,,,,,,,,,,6.88,,,,,,,,,,,,,,,,,,,,,,,,,,,,,,,,,,,,,,,,,,,,,,,,,,,,,,,,,,,,,,
"POLYGON ((-46.6386377 -23.6228109, -46.6385209 -23.622819, -46.6385292 -23.6229236, -46.6385401 -23.623062, -46.6385566 -23.6232707, -46.6386733 -23.6232617, -46.6386377 -23.6228109))",Dia,supermarket,Dia,Q925132,,,,Mo-Sa 08:00-21:00; Su 09:00-14:00; PH 09:00-14:00,es:Supermercados DIA,,São Paulo,156,04302-050,Rua Ibituruna,,,,,,limited,,,Dia,https://www.dia.com.br/lojas/,yes,,,,,,yes,yes,,,,,,,,,,,,,,,,,,,,,,,,,,,,,pmsp;website,,,,,,,,,,,,,,,,,,,,,,,,,,,,,,,,,,,,supermarket,,,,,,,,,,,yes,,,,,,,,,,6.85,,,,,,,,,,,,,,,,,,,,,,,,,,,,,,,,yes,,,,,,,,,,,,,,,,,,,,,,,,,,,,,,
"POLYGON ((-46.6326918 -23.6261133, -46.6326839 -23.6261545, -46.6327224 -23.6261619, -46.6327206 -23.6261698, -46.6326877 -23.6263398, -46.6327366 -23.6263485, -46.6327595 -23.6263267, -46.6328159 -23.6260715, -46.6327033 -23.626053, -46.6326918 -23.6261133))",Oxxo,convenience,Oxxo,Q1342538,,,,,,,,,,,,,,,,,,,,,,,,,,,,,,,,,,,,,,,,,,,,,,,,,,,,,,,,,pmsp,,,,,,,,,,,,,,,,,,,,,,,,,,,,,,,,,,,,yes,,,,,,,,,,,,,,,,,,,,,7.14,,,,,,,,,,,,,,,,,,,,,,,,,,,,,,,,,,,,,,,,,,,,,,,,,,,,,,,,,,,,,,
"POLYGON ((-46.7224051 -23.5863988, -46.7222687 -23.5866492, -46.7218756 -23.5864694, -46.7218561 -23.5865052, -46.7216023 -23.5863891, -46.721443 -23.5863162, -46.7215989 -23.58603, -46.7224051 -23.5863988))",Pão de Açúcar,supermarket,Pão de Açúcar,Q3411543,,,,,pt:Pão de Açúcar (supermercado brasileiro),,,,,,,,,,,,,,,,,,,,,,,,,,,,,,,,,,,,,,,,,,,,,,,,,,,,,,,,,,,,,,,,,,,,,,,,,,,,,,,,,,,,,,,,yes,,,,,,,,,,,,,,,,,,,,,,,,,,,,,,,,,,,,,,,,,,,,,,,,,,,,,,,,,,,,,,,,,,,,,,,,,,,,,,,,,,,
"POLYGON ((-46.6140227 -23.5650219, -46.614484 -23.5641565, -46.6151415 -23.5635803, -46.6147992 -23.5629297, -46.6145839 -23.5630202, -46.6145289 -23.5629133, -46.6144578 -23.5629311, -46.6143304 -23.5627055, -46.6140227 -23.5628559, -46.6137235 -23.562582, -46.6133253 -23.5624355, -46.6130008 -23.5627109, -46.6130279 -23.5629675, -46.6130008 -23.5632346, -46.6128049 -23.5635492, -46.6123302 -23.5638738, -46.6131027 -23.5642524, -46.6130893 -23.5645204, -46.6140227 -23.5650219))",Carrefour,supermarket,Carrefour,Q217599,,,,,fr:Carrefour (enseigne),,,,,Praça Alberto Lion,,,,,,,,,,,,,,,,,,,,,,,,,,,,,,,,,,,,,,,,,,,,,,,,,,,,,,,,,,,,,,,,,,,,,,,,,,,,,,,,,,,,,,,,,,,,,,,,,,,,,,,,,,,,,,,,,,,,,,,,,,,,,,,,,,,,,,,,,,,,,,,,,,,,,,,,,,,,,,,,,,,,,,
"POLYGON ((-46.6937008 -23.6543925, -46.6932867 -23.6541044, -46.6923633 -23.6549479, -46.6923242 -23.6549854, -46.6922397 -23.6550607, -46.6922827 -23.6551194, -46.6922325 -23.6551642, -46.6922778 -23.6551933, -46.6927596 -23.6555024, -46.6927967 -23.6554586, -46.6928362 -23.6554121, -46.6937008 -23.6543925))",Carrefour,supermarket,Carrefour,Q10295765,,,,"Mo-Sa 07:00-23:00; PH,Su 07:00-22:00",,,São Paulo,,,,,,,,yes,designated,,,Carrefour,,yes,yes,yes,,,,yes,yes,,,,,,,,,,,,,,,,,,,,,,,,,,,,,,,,,,,,,,,,,,,,,,,,,,,,,,,,,,,,,,,yes,customers,yes,,,,,,,,,,,,,,,,,,,,,,1,,,,,,,,,,,,,,,,,,,,,,,,,,,,,,,,2,,,,,,,,,,,,,,,,,,,,,,,,,,,,,
"POLYGON ((-46.6861565 -23.5632267, -46.6862486 -23.563282, -46.6862778 -23.5632995, -46.6862883 -23.5632849, -46.6863004 -23.5632682, -46.6863119 -23.5632522, -46.6862455 -23.5632126, -46.6862258 -23.5632008, -46.6861635 -23.5631636, -46.6861465 -23.5631535, -46.6861144 -23.5632014, -46.6861565 -23.5632267))",Don Grano Empório,supermarket,,,,,,,,,,,,,,,,,only,,,,,,,,,,,,,,,,,,,,,,,,,,,,,,,,,,,,,,,,,,pmsp,,,,,,,,,,,,,,,,,,,,,,,,,,,,,,,,,,,,yes,,,,,,,,,,,,,,,,,,,,,9.394,,,,,,,,,,,,,,,,,,,,,,,,,,,,,,,,,,,,,,,,,,,,,,,,,,,,,,,,,,,,,,
"POLYGON ((-46.6015871 -23.5204666, -46.6015522 -23.5204953, -46.6013386 -23.5206711, -46.6012363 -23.520753, -46.6003302 -23.5214892, -46.600294 -23.5215164, -46.5999844 -23.5217679, -46.6006659 -23.522511, -46.6008563 -23.5227065, -46.6010709 -23.5229383, -46.6010823 -23.5229721, -46.6010882 -23.523015, -46.6011976 -23.5229351, -46.6015845 -23.5227169, -46.6016643 -23.5226733, -46.6016811 -23.5226641, -46.6016936 -23.5226573, -46.6021671 -23.5223985, -46.6020452 -23.522071, -46.6019734 -23.5217922, -46.6019743 -23.5217738, -46.6019843 -23.5216566, -46.6019841 -23.5216496, -46.6019738 -23.5215949, -46.6019707 -23.5215782, -46.6016825 -23.520747, -46.6015871 -23.5204666))",Assaí Atacadista,supermarket,Assaí Atacadista,Q28679415,,,,Mo-Sa 07:00-22:00; Su 08:00-20:00,,Vila Guilherme,São Paulo,3231,02063-901,Avenida Morvan Dias de Figueiredo,Vila Maria,,,,,,,,,,yes,,,,(11) 2632-0520,,yes,yes,,yes,,yes,,,,,,,,,,,,,,,,,,,Mercado Atacadista,,,,,,pmsp,,,,,,,,,,,,,,,,,,,,,,,,,,,,,,,,,,,,,,,,,,,,,,,,,,,,,,,retail,,,,,,,,,,,,,,,,fence,,,,,,,,,,,,,,,,,,,,,,,,,,,,,,,,,,,,,,,,,,,,,,,,
"POLYGON ((-46.5438223 -23.5890316, -46.543708 -23.5888362, -46.543702 -23.5888392, -46.5433149 -23.5890316, -46.5432171 -23.5890802, -46.543472 -23.5895232, -46.5434444 -23.589537, -46.5434552 -23.5895554, -46.5434681 -23.5895775, -46.5439215 -23.5893522, -46.5439283 -23.5893299, -46.5439498 -23.589335, -46.5439674 -23.5893263, -46.5439744 -23.5893002, -46.5439654 -23.5892849, -46.5439443 -23.5892813, -46.543953 -23.5892549, -46.5438223 -23.5890316))",Joanin Supermercado,supermarket,,,,,,"Mo-Sa 07:30-22:00; Su,PH 07:00-20:00",,Loja 13 – Vila Ema,Sao Paulo,5441,03295-010,Avenida Professor Luíz Ignácio Anhaia Mello,Vila Ema,,,,,,,,,,yes,,,,+55 11 2211 7030,,yes,yes,,,,,,,,,,,,,,,,,,,,,,,,,,,,,pmsp,,,,,,,,,,,,,,,,,,,,,,,,,,,,,,,,,,,,yes,,,,,,,,,,,,,,,,,,,,,8.833,,,,,,,,,,,,,,,,,,yes,,,,,,,,,,,,,,,,,,,,,,,,,,,,,,,,,,,,,,,,,,,,
"POLYGON ((-46.6808471 -23.6636583, -46.6803551 -23.6628223, -46.679732 -23.6631731, -46.6797724 -23.6632322, -46.6792959 -23.6634839, -46.679399 -23.6636515, -46.6795473 -23.6635689, -46.6799139 -23.6641593, -46.6808471 -23.6636583))",Assaí Atacadista,supermarket,Assaí Atacadista,Q28679415,,,Extra,,pt:Assaí Atacadista,,São Paulo,,,Avenida Sargento Geraldo Santana,Chacára Flora,,,,,,,,,,,,,,,,,,,,,,,,,,,,,,,,,,,,,,,,,,,,yes,,,,,,,,,,,,,,,,,,,,,,,,,,,,,,,,,,,,,,supermarket,,,,,,,,,,,,,,,,,,,,,,,,,,,,,,,,,,,,,,,,,,,,,,,,,,,,,,,,,,,,,,,,,,,,,,,,,,,,,,,,,,,
"POLYGON ((-46.6917307 -23.6574032, -46.6922109 -23.6574064, -46.6922071 -23.6578849, -46.6917294 -23.6578735, -46.6917307 -23.6574032))",St. Marché,supermarket,,,,,,"Mo-Sa 07:00-22:00; Su,PH 08:00-22:00",,Chácara Flora,,334,,Rua Sócrates,,,,,,,,,,,,,,,+55 11 5693 9595,,,,,,,,,,,,,,,,,,,,,,,,,,,,,,,,,,,,,,,,,,,,,,,,,,,,,,,,,,,,,,,,,,,,retail,,,,,,,,,,,,,,,,,,,,,,,,,,,,,,,,,,,,,,,,,,,,,,,,,,,,,,,,,,,,,,,,,,,,,,,,,,,,,,,,,,,
"POLYGON ((-46.6631544 -23.4980232, -46.6628996 -23.4976751, -46.6627803 -23.4977551, -46.6628165 -23.4980847, -46.6631544 -23.4980232))",Red Supermercado,supermarket,,,,,,,,,São Paulo,2042,02545-002,Avenida Engenheiro Caetano Alvares,Casa Verde Alta,,,,,,,,,,,,,,,,,,,,,,,,,,,,,,,,,,,SP,,,,,,,,,,,,,,,,,,,,,,,,,,,,,,,,,,,,,,,,,,,,,,,yes,,,,,,,,,,,,,,,,,,,,,,,,,,,,,,,,,,,,,,,,,,,,,,,,,,,,,,,,,,,,,,,,,,,,,,,,,,,,,,,,,,,
"POLYGON ((-46.6063133 -23.5269447, -46.6062839 -23.5269151, -46.6061336 -23.5267634, -46.6060967 -23.5267262, -46.606061 -23.5267604, -46.6060275 -23.5267924, -46.6062049 -23.5269675, -46.6062118 -23.5269744, -46.6062444 -23.5270066, -46.6063133 -23.5269447))",Cana Verde,supermarket,,,,,,Mo-Sa 08:00-19:00,,,São Paulo,431,03022-000,Rua Paulo Andrighetti,,,,,,,,,,,,,,,,,,,,,,,,,,,,,,,,,,,,,,,,,,,,,,,pmsp,,,,,,,,,,,,,,,,,,,,,,,,,,,,,,,,,,,,yes,,,,,,,,,,,,,,,,,,,,,6.45,,,,,,,,,,,,,,,,,,,,,,,,,,,,,,,,,,,,,,,,,,,,,,,,,,,,,,,,,,,,,,
"POLYGON ((-46.6179855 -23.5325577, -46.6179672 -23.5325978, -46.6180188 -23.532623, -46.6181218 -23.5326734, -46.61818 -23.5327019, -46.6182823 -23.532752, -46.618316 -23.5326942, -46.6183511 -23.5326339, -46.618156 -23.5325362, -46.6181256 -23.532521, -46.6180206 -23.5324685, -46.6180197 -23.5324705, -46.6179855 -23.5325577))",Extra,supermarket,Extra,Q5422131,,,,,pt:Extra (rede varejista),,São Paulo,194,03031-050,Praça Padre Bento,,,,,,,,,,,,,,,,,,,,,,,,,,,,,,,,,,,,,,,,,,,,,,,pmsp,,,,,,,,,,,,,,,,,,,,,,,,,,,,,,,,,,,,yes,,,,,,,,,,,,,,,,,,,,,5.439,,,,,,,,,,,,,,,,,,,,,,,,,,,,,,,,,,,,,,,,,,,,,,,,,,,,,,,,,,,,,,
"POLYGON ((-46.6136945 -23.5257357, -46.613675 -23.5256804, -46.6136328 -23.5256946, -46.6135955 -23.5257072, -46.6136306 -23.5257941, -46.6136606 -23.5258686, -46.6137273 -23.5258456, -46.6137068 -23.5257911, -46.6136976 -23.5257939, -46.6136775 -23.5257417, -46.6136945 -23.5257357))",Mercearia Xixico,convenience,,,,,,Mo-Fr 08:00-18:00; Sa 08:00-13:00,,,São Paulo,191,03035-000,Avenida Bom Jardim,,,,,,,,,,,,,,,,,,,,,,,,,,,,,,,,,,,,,,,,,,,,,,,pmsp,,,,,,,,,,,,,,,,,,,,,,,,,,,,,,,,,,,,yes,,,,,,,,,,,,,,,,,,,,,3.473,,,,,,,,,,,,,,,,,,,,,,,,,,,,,,,,,,,,,,,,,,,,,,,,,,,,,,,,,,,,,,
"POLYGON ((-46.593538 -23.5366928, -46.5935125 -23.5368579, -46.593511 -23.5368674, -46.593494 -23.536966, -46.5936255 -23.5369855, -46.5936511 -23.5368154, -46.59366 -23.5368111, -46.5940012 -23.5368567, -46.5940003 -23.5368622, -46.5939719 -23.5370295, -46.5941037 -23.5370477, -46.5941467 -23.5367737, -46.593538 -23.5366928))",Carrefour Express,convenience,Carrefour Express,Q2940190,,,,,fr:Carrefour Express,,São Paulo,1907,03015-000,Avenida Celso Garcia,Belém,,,,,,,,,https://www.carrefour.com.br/,,,,,,,,,,,,,,,,,,,,,,,,,,,,,,,,,,,,,pmsp,,,,,,,,,,,,,,,,,,,,,,,,,,,,,,,,,,,,yes,,,,,,,,,,,,,,,,,,,,,5.63,,,,,,,,,,,,,,,,,,,,,,,,,,,,,,,,,,,,,,,,,,,,,,,,,,,,,,,,,,,,,,
"POLYGON ((-46.6038881 -23.5395744, -46.6039151 -23.539495, -46.6037261 -23.5394385, -46.6036908 -23.5394889, -46.6036988 -23.5395189, -46.6038881 -23.5395744))",,supermarket,,,,,,,,,,,,,,,,,,,,,,,,,,,,,,,,,,,,,,,,,,,,,,,,,,,,,,,,,,,pmsp,,,,,,,,,,,,,,,,,,,,,,,,,,,,,,,,,,,,yes,,,,,,,,,,,,,,,,,,,,,7.12,,,,,,,,,,,,,,,,,,,,,,,,,,,,,,,,,,,,,,,,,,,,,,,,,,,,,,,,,,,,,,
"POLYGON ((-46.6043649 -23.550542, -46.6043674 -23.5505436, -46.6043741 -23.5505348, -46.6044516 -23.5505795, -46.6045017 -23.5505199, -46.6042955 -23.5503991, -46.6042463 -23.5504576, -46.6042802 -23.5504796, -46.6042745 -23.5504871, -46.6043209 -23.5505153, -46.6043649 -23.550542))",Oxxo,convenience,Oxxo,Q1342538,,,,,,,São Paulo,258,03162-050,Rua João Caetano,,,,,,,,,,,,,,,,,,,,,,,,,,,,,,,,,,,,,,,,,,,,,,,pmsp,,,,,,,,,,,,,,,,,,,,,,,,,,,,,,,,,,,,yes,,,,,,,,,,,,,,,,,,,,,8.463,,,,,,,,,,,,,,,,,,,,,,,,,,,,,,,,,,,,,,,,,,,,,,,,,,,,,,,,,,,,,,
"POLYGON ((-46.4687547 -23.5671357, -46.468541 -23.5671852, -46.4685533 -23.5672303, -46.4685336 -23.5672348, -46.4685427 -23.5672684, -46.4685129 -23.5672753, -46.46858 -23.5675212, -46.4685521 -23.5675277, -46.4685661 -23.567579, -46.4685942 -23.5675725, -46.4686031 -23.5676052, -46.4688161 -23.5675559, -46.468737 -23.5672655, -46.4687705 -23.5672578, -46.4687771 -23.567282, -46.4687978 -23.5672772, -46.4687691 -23.567172, -46.4687649 -23.567173, -46.4687547 -23.5671357))",,supermarket,,,,,,,,,São Paulo,,,Avenida Afonso de Sampaio e Sousa,Jardim Nossa Senhora do Carmo,,,,,,,,,,,,,,,,,,,,,,,,,,,,,,,,,,,,,,,,,,,,,,pmsp,,,,,,,,,,,,,,,,,,,,,,,,,,,,,,,,,,,,yes,,,,,,,,,,,,,,,,,,,,,3.563,,,,,,,,,,,,,,,,,,,,,,,,,,,,,,,,,,,,,,,,,,,,,,,,,,,,,,,,,,,,,,
"POLYGON ((-46.6020462 -23.5856263, -46.6020514 -23.585577, -46.6020745 -23.585579, -46.6020694 -23.5856283, -46.602075 -23.5856288, -46.6021499 -23.5856351, -46.6021584 -23.5856359, -46.6021711 -23.5855131, -46.6021506 -23.5855115, -46.6021197 -23.5855091, -46.6021081 -23.5855081, -46.6020816 -23.5855061, -46.6020764 -23.5855558, -46.602051 -23.5855536, -46.6020562 -23.5855041, -46.6020429 -23.585503, -46.601964 -23.5854968, -46.6019581 -23.585556, -46.6019519 -23.5856183, -46.602028 -23.5856248, -46.6020462 -23.5856263))",RS Conveniências,convenience,,,,,,,,,São Paulo,812,04208-000,Rua Silva Bueno,Ipiranga,,,,,,,,,,,,,,,,,,,,,,,,,,,,,,,,,,,,,,,,,,,,,,pmsp,,,,,,,,,,,,,,,,,,,,,,,,,,,,,,,,,,,,yes,,,,,,,,,,,,,,,,,,,,,10.954,,,,,#a0a0a0,hipped,,,,,,,,,,,,,,,,,,,,,,,,,,,,,,,,,,,,,,,,,,,,,,,,,,,,,,,,
"POLYGON ((-46.6138215 -23.6078436, -46.613907 -23.6079087, -46.6139326 -23.6078503, -46.6139288 -23.6078402, -46.6139213 -23.6078328, -46.613866 -23.6077905, -46.6138215 -23.6078436))",Oxxo,convenience,Oxxo,Q1342538,,,,,,,,,,Rua Vergueiro,,,,,,,,,,,,,,,,,,,,,,,,,,,,,,,,,,,,,,,,,,,,,,,pmsp,,,,,,,,,,,,,,,,,,,,,,,,,,,,,,,,,,,,yes,,,,,,,,,,,,,,,,,,,,,6.6,,,,,,,,,,,,,,,,,,,,,,,,,,,,,,,,,,,,,,,,,,,,,,,,,,,,,,,,,,,,,,
"POLYGON ((-46.6120405 -23.6021763, -46.6120146 -23.6021743, -46.6120081 -23.6022495, -46.6121046 -23.602256, -46.6121342 -23.601933, -46.6121364 -23.6019076, -46.6121413 -23.6018545, -46.6120705 -23.6018487, -46.6120682 -23.6018734, -46.6120672 -23.6018844, -46.6120637 -23.6019232, -46.6120614 -23.6019486, -46.6120405 -23.6021763))",Carrefour Express,convenience,Carrefour Express,Q2940190,,,,,fr:Carrefour Express,,,,,Avenida Doutor Gentil de Moura,,,,,,,,,,,yes,yes,yes,,,,yes,yes,,,,,,,,,,,,,,,,,,,,,,,,,,,,,pmsp,,,,,,,,,,,,,,,,,,,,,,,,,,,,,,,,,,,,yes,,,,,,,,,,,,,,,,,,,,,7.21,,,,,,,,,,,,,,,,,,,,,,,,,,,,,,,,,,,,,,,,,,,,,,,,,,,,,,,,,,,,,,
"POLYGON ((-46.6058486 -23.5980415, -46.6060071 -23.5980959, -46.6060604 -23.5981141, -46.606062 -23.5981099, -46.6061155 -23.5979742, -46.6060826 -23.5979628, -46.6060708 -23.5979921, -46.6060561 -23.5979871, -46.6060955 -23.5978891, -46.6059939 -23.5978543, -46.605945 -23.5979756, -46.6058232 -23.5979338, -46.6057881 -23.5980208, -46.6058486 -23.5980415))",Conveniência Café Clube,convenience,,,,,,,,,São Paulo,2432,04203-003,Rua Bom Pastor,Ipiranga,,,,,,,,,,,,,,,,,,,,,,,,,,,,,,,,,,,,,,,,,,,,,,pmsp,,,,,,,,,,,,,,,,,,,,,,,,,,,,,,,,,,,,yes,,,,,,,,,,,,,,,,,,,,,5.31,,,,,,,,,,,,,,,,,,,,,,,,,,,,,,,,,,,,,,,,,,,,,,,,,,,,,,,,,,,,,,
"POLYGON ((-46.5810436 -23.6100724, -46.5810541 -23.6101487, -46.5811093 -23.6101395, -46.5811037 -23.6101068, -46.5810985 -23.6100915, -46.5810856 -23.6100778, -46.5810756 -23.6100731, -46.5810649 -23.6100706, -46.5810436 -23.6100724))",,convenience,,,,,,,,,,,,,,,,,,,,,,,,,,,,,,,,,,,,,,,,,,,,,,,,,,,,,,,,,,,pmsp,,,,,,,,,,,,,,,,,,,,,,,,,,,,,,,,,,,,yes,,,,,,,,,,,,,,,,,,,,,3.36,,,,,,,,,,,,,,,,,,,,,,,,,,,,,,,,,,,,,,,,,,,,,,,,,,,,,,,,,,,,,,
"POLYGON ((-46.5636617 -23.573291, -46.5635751 -23.5729661, -46.5634917 -23.572983, -46.5634985 -23.5730091, -46.5634408 -23.5730201, -46.5634518 -23.5730618, -46.5634884 -23.5732002, -46.5634795 -23.5732304, -46.5634156 -23.5732205, -46.5634202 -23.5732442, -46.5635753 -23.5732703, -46.563629 -23.5732832, -46.5636617 -23.573291))",Dia,supermarket,,Q925132,,,,,es:Supermercados DIA,,São Paulo,2635,03345-001,Avenida Sapopemba,Santa Clara,,,,,,,,,,,,,,,,,,,,,,,,,,,,,,,,,,,,,,,,,,,,,,pmsp,,,,,,,,,,,,,,,,,,,,,,,,,,,,,,,,,,,,yes,,,,,,,,,,,,,,,,,,,,,6.62,,,,,,,,,,,,,,,,,,,,,,,,,,,,,,,,,,,,,,,,,,,,,,,,,,,,,,,,,,,,,,
"POLYGON ((-46.5622348 -23.5730118, -46.5622412 -23.573036, -46.562353 -23.5730551, -46.5624049 -23.5730448, -46.5623976 -23.5730237, -46.5623264 -23.5727261, -46.562322 -23.572708, -46.5623129 -23.5726697, -46.5623124 -23.5726679, -46.5622966 -23.572671, -46.5622397 -23.5726833, -46.562159 -23.5727007, -46.5622348 -23.5730118))",Golden Supermercado,supermarket,,,,,,Mo-Sa 08:00-20:00,,,São Paulo,2769,03345-001,Avenida Sapopemba,Santa Clara,,,,,,,,,,,,,,,,,,,,,,,,,,,,,,,,,,,,,,,,,,,,,,pmsp,,,,,,,,,,,,,,,,,,,,,,,,,,,,,,,,,,,,yes,,,,,,,,,,,,,,,,,,,,,4.94,,,,,,,,,,,,,,,,,,,,,,,,,,,,,,,,,,,,,,,,,,,,,,,,,,,,,,,,,,,,,,
"POLYGON ((-46.7590938 -23.6323532, -46.758957 -23.6323606, -46.7589463 -23.6323851, -46.7588766 -23.6324048, -46.7587317 -23.6327119, -46.7589436 -23.632766, -46.7589973 -23.6326112, -46.7590402 -23.6325571, -46.759067 -23.632508, -46.7590268 -23.6324785, -46.7590938 -23.6323532))",Supermecado Beira Alta,supermarket,,,,,,,,,,,,,,,,,,,,,,,,,,,,,,,,,,,,,,,,,,,,,,,,,,,,,,,,,,,,,,,,,,,,,,,,,,,,,,,,,,,,,,,,,,,,,,,,,,,,,,,,,,,,,,,,,,,,,,,,,,,,,,,,,,,,,,,,,,,,,,,,,,,,,,,,,,,,,,,,,,,,,,,,,,,,,,,,,,
"POLYGON ((-46.6204604 -23.6243493, -46.6203585 -23.6243764, -46.6199106 -23.6244009, -46.6198811 -23.6243592, -46.6198838 -23.6243149, -46.6200125 -23.6239389, -46.6200447 -23.6238972, -46.6201117 -23.6238677, -46.6202405 -23.6238603, -46.6203156 -23.6238554, -46.6203558 -23.6238554, -46.6204604 -23.6243493))",Mercado Extra,supermarket,Mercado Extra,Q5422131,,,,,pt:Extra (rede varejista),,São Paulo,,,Avenida do Cursino,Vila Moraes,,,,,,,,,,,,,,,,,,,,,,,,,,,,,,,,,,,,,,,,,,,,,,,,,,,,,,,,,,,,,,,,,,,,,,,,,,,,,,,,,,supermarket,,,,,,,,,,,,,,,,,,,,,,,,,,,,,,,,,,,,,,,,,,,,,,,,,,,,,,,,,,,,,,,,,,,,,,,,,,,,,,,,,,,
"POLYGON ((-46.668956 -23.6520622, -46.6688853 -23.6521218, -46.6688977 -23.6521568, -46.6687358 -23.6522815, -46.6687232 -23.6523131, -46.6686767 -23.6523056, -46.6686462 -23.6522784, -46.6684303 -23.652013, -46.6684437 -23.6518877, -46.6684598 -23.6518337, -46.6686556 -23.6516986, -46.668956 -23.6520622))",Pão de Açúcar,supermarket,Pão de Açúcar,Q3411543,,,,,pt:Pão de Açúcar (supermercado brasileiro),,,,,Avenida Vereador João de Luca,,,,,,,,,,,yes,yes,yes,,,,yes,yes,,,,,,,,,,,,,,,,,,,,,,,,,,,,,,,,,,,,,,,,,,,,,,,,,,,,,,,,,,,,,,,,,supermarket,,,,,,,,,,,,,,,,,,,,,,,,,,,,,,,,,,,,,,,,,,,,,,,,,,,,,,,,,,,,,,,,,,,,,,,,,,,,,,,,,,,
"POLYGON ((-46.6825412 -23.4784873, -46.6824211 -23.4785125, -46.6823816 -23.4784264, -46.6825053 -23.4783949, -46.6825412 -23.4784873))",Violeta Supermercados,supermarket,,,,,,,,,São Paulo,3500,,Avenida Itaberaba,Itaberaba,,,,,,,,,,,,,,,,,,,,,,,,,,,,,,,,,,,,,,,,,,,,,,,,,,,,,,,,,,,,,,,,,,,,,,,,,,,,,,,,,,yes,,,,,,,,,,,,,,,,,,,,,,,,,,,,,,,,,,,,,,,,,,,,,,,,,,,,,,,,,,,,,,,,,,,,,,,,,,,,,,,,,,,
"POLYGON ((-46.6708858 -23.5156819, -46.6698629 -23.5157967, -46.6695905 -23.5158315, -46.669478 -23.5158285, -46.6694573 -23.5159201, -46.6694575 -23.516, -46.6695536 -23.5163543, -46.6696563 -23.5169021, -46.6702085 -23.5172521, -46.6706644 -23.5166597, -46.6707217 -23.5165852, -46.6705161 -23.5164077, -46.6706174 -23.5161618, -46.6709098 -23.5157508, -46.6708858 -23.5156819))",Giga Atacado - Barra Funda,supermarket,,,,,,"Mo-Sa 06:00-22:00; Su,PH 07:00-20:00",,,São Paulo,1324,01140-001,Avenida Thomas Edison,,2026-01-08,,,,yes,,,,,yes,,,,,,yes,yes,,,,,,,,,,,,,,,,,,,,,,,,,,,,,,,,,,,,,,,,,,,,,,,,,,,,,,,,,,,,,,,,,,,,,,,,,,,,,,,,,,,,,,,,,,,,,,,,,,,,,,,,,,,,,,,,,,,,,,,,,,,,,,,,,,,,,,,,,,,,,,,,,,,,
"POLYGON ((-46.7907584 -23.6868503, -46.7908102 -23.6868696, -46.7910931 -23.6868732, -46.7912795 -23.6869211, -46.7914566 -23.6864839, -46.7912876 -23.6864188, -46.7912256 -23.6863971, -46.7909806 -23.686314, -46.7909651 -23.6863316, -46.7909496 -23.6863562, -46.7907584 -23.6868503))",Supermercado Ricoy,supermarket,,,,,,,,,,,,,,,,,,,,,,,,,,,,,,,,,,,,,,,,,,,,,,,,,,,,,,,,,,,,,,,,,,,,,,,,,,,,,,,,,,,,,,,,,,,,,,,commercial,,,,,,,,,,,,,,,,,,,,,,,,,,,,,,,,,,,,,,,,,,,,,,,,,,,,,,,asphalt,,,,,,,,,,,,,,,,,,,,,,,,,,,,
"POLYGON ((-46.6452443 -23.6291601, -46.6451195 -23.6293284, -46.6450806 -23.6293542, -46.6448526 -23.6297203, -46.6446676 -23.6296319, -46.6446193 -23.629654, -46.6444718 -23.6295827, -46.6445328 -23.6295514, -46.6440677 -23.6292925, -46.6441336 -23.629186, -46.6441905 -23.6291991, -46.6442339 -23.629136, -46.6441968 -23.6290876, -46.6444798 -23.6287153, -46.6452443 -23.6291601))",Atacadão,supermarket,Atacadão,Q2868739,,Walmart;Big,Walmart;Big Indianópolis,Mo-Fr 08:00-20:00,,,São Paulo,2979,04045-004,Avenida Jabaquara,Mirandópolis,,,,,,,,,,yes,,,,,,yes,yes,,,,,,,,,,,,,,,,,,,,,,,,,,,,,,,,,,,,,,,,,,,,,,,,,,,,,,,,,,,,,,,,,supermarket,,,,,,,,,,,,,,,,,,,,,,,,,,,,,,,,,,,,,,,,,,,,,,,,,,,,,,,,,,,,,,,,,,,,,,,,,,,,,,,,,,,
"POLYGON ((-46.6061463 -23.6270598, -46.6060279 -23.6274513, -46.6057103 -23.6273757, -46.6058185 -23.6269871, -46.6058849 -23.6269876, -46.6058948 -23.6269325, -46.6061289 -23.626983, -46.6061175 -23.6270523, -46.6061463 -23.6270598))",Mercado Extra,supermarket,Mercado Extra,Q5422131,,,,,,Vila das Mercês,São Paulo,1147,04165-011,Rua Nossa Senhora das Mercês,Vila Moraes,,,,,,,,,,,,,,,,,,,,,,,,,,,,,,,,,,,,,,,,,,,,,,,,,,,,,,,,,,,,,,,,,,,,,,,,,,,,,,,,,,yes,,,,,,,,,,,,,,,,,,,,,,,,,,,,,,,,,,,,,,,,,,,,,,,,,,,,,,,,,,,,,,,,,,,,,,,,,,,,,,,,,,,
"POLYGON ((-46.6466505 -23.6232571, -46.6466975 -23.6232737, -46.6467127 -23.6232372, -46.6467245 -23.6232413, -46.6467364 -23.6232126, -46.6466178 -23.6231707, -46.6466205 -23.6231643, -46.6466139 -23.623162, -46.6466194 -23.6231486, -46.6465681 -23.6231312, -46.6465476 -23.6231242, -46.6465401 -23.6231421, -46.6465342 -23.62314, -46.6465222 -23.6231688, -46.6465176 -23.6231672, -46.646502 -23.6232046, -46.6465266 -23.6232133, -46.6466505 -23.6232571))",Mercearia Sukiyaki,convenience,,,,,Union Telecom Com de Equip,,,,São Paulo,2876,04062-003,Avenida Indianópolis,Indianópolis,,japanese,,,,,,,,,,,,,,,,,,,,,,,,,,,,,,,,,,,,,,,,,,,,pmsp,,,,,,,,,,,,,,,,,,,,,,,,,,,,,,,,,,,,commercial,,,,,,,,,,,,,,,,,,,,,3.797,2,,,,,,,,,,,,,,,,,,,,,,,,,,,,,,,,,,telecommunication,,,,,,,,,,,,,,,,,,,,,,,,,,,
"POLYGON ((-46.5980578 -23.5662831, -46.5980927 -23.566422, -46.5975723 -23.5665756, -46.5975563 -23.566567, -46.5976461 -23.5663777, -46.5977346 -23.5664269, -46.5977078 -23.5664564, -46.597736 -23.566481, -46.5977561 -23.5664613, -46.5978245 -23.5664945, -46.5978084 -23.5664392, -46.5979398 -23.566315, -46.5980578 -23.5662831))",Yamauchi Supermercado,supermarket,,,,,,Mo-Sa 08:00-21:00; Su 08:00-15:00,,,São Paulo,111,,Rua Conde Prates,Móoca,,,,,,,,Yamauchi,https://yamauchi.com.br/,,,,,+55 11 2602 2888,,,,,,,,,,,,,,,,,,,,,,,,,,,,,,,,,,,,,,,,,,,,,,,,,,,,,,,,,,,,,,,,,,,,yes,,,,,,,,,,,,,,,,,,,,,,,,,,,,,,,,,,,,,,,,,,,,,,,,,,,,,,,,,,,,,,,,,,,,,,,,,,,,,,,,,,,
"POLYGON ((-46.6323907 -23.4888767, -46.6323048 -23.4890292, -46.6323182 -23.4890637, -46.6322404 -23.4890957, -46.6322324 -23.4890735, -46.6321439 -23.4891203, -46.6317228 -23.4888939, -46.6319427 -23.4886725, -46.6319883 -23.4886947, -46.6319588 -23.4887144, -46.6320312 -23.4887537, -46.6320768 -23.4887094, -46.6323907 -23.4888767))",Supermercado Pão de Açúcar,supermarket,,,,,,,,,São Paulo,470,,Rua Augusto Tolle,Santa Teresinha,,,,,,,,,,,,,,,,,,,,,,,,,,,,,,,,,,,,,,,,,,,,,,,,,,,,,,,,,,,,,,,,,,,,,,,,,,,,,,,,,,supermarket,,,,,,,,,,,,,,,,,,,,,,,,,,,,,,,,,,,,,,,,,,,,,,,,,,,,,,,,,,,,,,,,,,,,,,,,,,,,,,,,,,,
"POLYGON ((-46.7498776 -23.5529265, -46.7501457 -23.5532427, -46.7501504 -23.5533112, -46.7501187 -23.5533756, -46.7499028 -23.5533155, -46.7497791 -23.5531464, -46.7498776 -23.5529265))",Supermercado Jaguaré,supermarket,,,,,,,,,São Paulo,238,,Avenida Presidente Altino,Jaguaré,,,,,,,,,,,,,,,,,,,,,,,,,,,,,,,,,,,,,,,,,,,,,,,,,,,,,,,,,,,,,,,,,,,,,,,,,,,,,,,,,,yes,,,,,,,,,,,,,,,,,,,,,,,,,,,,,,,,,,,,,,,,,,,,,,,,,,,,,,,,,,,,,,,,,,,,,,,,,,,,,,,,,,,
"POLYGON ((-46.7425689 -23.5512753, -46.7427189 -23.5513952, -46.7424266 -23.552393, -46.7418612 -23.5518394, -46.7425689 -23.5512753))",Assaí Atacadista,supermarket,Assaí Atacadista,Q28679415,,,,Mo-Sa 07:00-22:00; Su 08:00-20:00; PH 07:00-22:00,pt:Assaí Atacadista,,São Paulo,925,05346-000,Avenida Jaguaré,Jaguaré,,,,,,,,,https://www.assai.com.br/,yes,yes,yes,,0800 773 2322,,yes,yes,,,,,,,,,,,,,,,,,,,,,,,,,,,yes,loja022.televendas@assai.com.br,,,,,,,,,,,,,,yes,,,,,,,,,,,,,,,,,,,,,,,retail,,,,,,,,,,,,,,,,,,,,,12,,,,,,,,,,,,,,,,,,yes,,,,,,,,,,,,,,,,,,,,,,,,,,,,,,,,,,,,,,,,,,,,
"POLYGON ((-46.6694784 -23.5386149, -46.6694182 -23.5386549, -46.6693721 -23.5386856, -46.6693391 -23.5387075, -46.6692077 -23.5387948, -46.6692627 -23.5388616, -46.6695316 -23.5386813, -46.6694784 -23.5386149))",Dia,supermarket,Dia,Q925132,,,,,,,São Paulo,946,05013-001,Rua Cardoso de Almeida,,,,,,,,,,,,,,,,,,,,,,,,,,,,,,,,,,,,,,,,,,,,,,,pmsp,,,,,,,,,,,,,,,,,,,,,,,,,,,,,,,,,,,,yes,,,,,,,,,,,,,,,,,,,,,8.52,,,,,,,,,,,,,,,,,,,,,,,,,,,,,,,,,,,,,,,,,,,,,,,,,,,,,,,,,,,,,,
"POLYGON ((-46.6671433 -23.5346253, -46.6668432 -23.5348191, -46.6667558 -23.5348755, -46.6668326 -23.5349654, -46.6664309 -23.5352416, -46.6664881 -23.5353224, -46.6665442 -23.5354015, -46.66714 -23.5350052, -46.6670935 -23.5349433, -46.6670369 -23.5348645, -46.6672274 -23.5347424, -46.6671433 -23.5346253))",Pão de Açúcar,supermarket,Pão de Açúcar,Q3411543,,,,,pt:Pão de Açúcar (supermercado brasileiro),,São Paulo,472,05013-000,Rua Cardoso de Almeida,Perdizes,,,,,,,,,,,,,,,,,,,,,,,,,,,,,,,,,,,,,,,,,,,,,,pmsp,,,,,,,,,,,,,,,,,,,,,,,,,,,,,,,,,,,,yes,,,,,,,,,,,,,,,,,,,,,3.586,,,,,,,,,,,,,,,,,,,,,,,,,,,,,,,,,,,,,,,,,,,,,,,,,,,,,,,,,,,,,,
"POLYGON ((-46.6896335 -23.5326952, -46.6897003 -23.5326547, -46.6897967 -23.5325963, -46.6897791 -23.5325716, -46.6897535 -23.5325357, -46.6895907 -23.532635, -46.6896335 -23.5326952))",Oxxo,convenience,Oxxo,Q1342538,,,,,,,São Paulo,838,,Rua Raul Pompeia,Vila Pompeia,2025-10-28,,,,,,,,https://www.oxxo.com.br,,,,,,,,,,,,,,,,,,,,,,,,,,,,,,,,,,,,,pmsp,,,,,,,,,,,,,,,,,,,,,,,,,,,,,,,,,,,,retail,,,,,,,,,,,,,,,,,,,,,3.599,,,,,,,,,,,,,,,,,,,,,,,,,,,,,,,,,,,,,,,,,,,,,,,,,,,,,,,,,,,,,,
"POLYGON ((-46.6857 -23.5411657, -46.6857343 -23.5412191, -46.6858438 -23.5411578, -46.6860755 -23.5410244, -46.6860355 -23.5409708, -46.6857 -23.5411657))",Pão de Açúcar,supermarket,Pão de Açúcar,Q3411543,,,,,,,São Paulo,1554,01258-010,Rua Cayowaá,Sumaré,,,,,,,,,,,,,,,,,,,,,,,,,,,,,Q3411543,,,,,,,,,,,,,,,,,pmsp,,,,,,,,,,,,,,,,,,,,,,,,,,,,,,,,,,,,yes,,,,,,,,,,,,,,,,,,,,,9.453,,,,,,,,,,,,,,,,,,,,,,,,,,,,,,,,,,,,,,,,,,,,,,,,,,,,,,,,,,,,,,
"POLYGON ((-46.6910693 -23.5349708, -46.690989 -23.5350207, -46.6910071 -23.5350459, -46.6910265 -23.5350338, -46.6910393 -23.5350513, -46.6910198 -23.5350635, -46.6910457 -23.5350995, -46.6910604 -23.5350903, -46.6910759 -23.5351115, -46.691061 -23.5351208, -46.6910747 -23.5351398, -46.6911465 -23.5350956, -46.69115 -23.5350819, -46.6910693 -23.5349708))",Mercadinho Azevedo,supermarket,,,,,,,,,,,,,,,,,,,,,,,,,,,,,,,,,,,,,,,,,,,,,,,,,,,,,,,,,,,pmsp,,,,,,,,,,,,,,,,,,,,,,,,,,,,,,,,,,,,yes,,,,,,,,,,,,,,,,,,,,,10.711,,,,,,,,,,,,,,,,,,,,,,,,,,,,,,,,,,,,,,,,,,,,,,,,,,,,,,,,,,,,,,
"POLYGON ((-46.7113045 -23.5430635, -46.7113562 -23.542841, -46.7113941 -23.5428475, -46.7114111 -23.542786, -46.7113176 -23.5427196, -46.7112931 -23.5427475, -46.7112499 -23.5427154, -46.7110771 -23.5428244, -46.7111212 -23.5428845, -46.7110563 -23.5429233, -46.7111307 -23.5430283, -46.7113045 -23.5430635))",Saint Marche,supermarket,,,,,,,,,São Paulo,903,05455-001,Rua São Gualter,,,,,,,,,,,,,,,,,,,,,,,,,,,,,,,,,,,,,,,,,,,,,,,pmsp,,,,,,,,,,,,,,,,,,,,,,,,,,,,,,,,,,,,yes,,,,,,,,,,,,,,,,,,,,,2.918,,,,,,,,,,,,,,,,,,,,,,,,,,,,,,,,,,,,,,,,,,,,,,,,,,,,,,,,,,,,,,
"POLYGON ((-46.7029241 -23.5281267, -46.7028626 -23.5279713, -46.7028443 -23.527925, -46.7028357 -23.5279033, -46.702792 -23.5279146, -46.7027913 -23.5279147, -46.7027845 -23.5278948, -46.7027392 -23.5279071, -46.7027244 -23.5278582, -46.7025322 -23.5279078, -46.7025522 -23.5279777, -46.7025718 -23.5280463, -46.7025722 -23.5280475, -46.7025789 -23.5280693, -46.7026485 -23.5280532, -46.7026871 -23.5281669, -46.7027064 -23.5282239, -46.702708 -23.5282235, -46.7028443 -23.5281917, -46.7028283 -23.5281503, -46.7029241 -23.5281267))",Dia,supermarket,Dia,Q925132,,,,,es:Supermercados DIA,,São Paulo,1132,05051-001,Rua Tito,Vila Romana,,,,,,,,,,,,,,,,,,,,,,,,,,,,,,,,,,,,,,,,,,,,,,pmsp,,,,,,,,,,,,,,,,,,,,,,,,,,,,,,,,,,,,yes,,,,,,,,,,,,,,,,,,,,,7.056,,,,,,,,,,,,,,,,,,,,,,,,,,,,,,,,,,,,,,,,,,,,,,,,,,,,,,,,,,,,,,
"POLYGON ((-46.7044808 -23.5234316, -46.7044727 -23.5234156, -46.7044548 -23.52338, -46.7044409 -23.5233523, -46.704341 -23.5233926, -46.7043669 -23.5234408, -46.7043243 -23.5234593, -46.7043159 -23.5234449, -46.7043106 -23.5234477, -46.7043031 -23.5234337, -46.7042862 -23.5234433, -46.7043197 -23.5235018, -46.7044808 -23.5234316))",Carrefour Express,convenience,Carrefour Express,Q2940190,,,,,fr:Carrefour Express,,São Paulo,449,05072-000,Rua Nossa Senhora da Lapa,,,,,,,,,,,,,,,,,,,,,,,,,,,,,,,,,,,,,,,,,,,,,,,pmsp,,,,,,,,,,,,,,,,,,,,,,,,,,,,,,,,,,,,yes,,,,,,,,,,,,,,,,,,,,,11.692,,,,,,,,,,,,,,,,,,,,,,,,,,,,,,,,,,,,,,,,,,,,,,,,,,,,,,,,,,,,,,
"POLYGON ((-46.7127215 -23.5347076, -46.7127404 -23.5349544, -46.712741 -23.5349626, -46.7127997 -23.534959, -46.7131621 -23.5349368, -46.7131374 -23.5345881, -46.7130921 -23.5345908, -46.713079 -23.5344227, -46.7129452 -23.5344308, -46.7128778 -23.5344349, -46.7128149 -23.5344387, -46.7127463 -23.5344429, -46.7127015 -23.5344456, -46.7127025 -23.5344588, -46.7127161 -23.534637, -46.7127215 -23.5347076))",Pão de Açúcar,supermarket,Pão de Açúcar,Q3411543,,,,,pt:Pão de Açúcar (supermercado brasileiro),,São Paulo,1850,05061-300,Rua Cerro Corá,,,,,,,,,,,,,,,,,,,,,,,,,,,,,,,,,,,,,,,,,,,,,,,pmsp,,,,,,,,,,,,,,,,,,,,,,,,,,,,,,,,,,,,yes,,,,,,,,,,,,,,,,,,,,,12.665,,,,,,,,,,,,,,,,,,,,,,,,,,,,,,,,,,,,,,,,,,,,,,,,,,,,,,,,,,,,,,
"POLYGON ((-46.7063691 -23.5368274, -46.7065026 -23.5367764, -46.7065366 -23.5367634, -46.7066694 -23.5367126, -46.7066402 -23.536632, -46.7066207 -23.5366376, -46.7065854 -23.5366477, -46.7063106 -23.5367268, -46.7063211 -23.5367458, -46.7063264 -23.5367553, -46.7063368 -23.536773, -46.7063475 -23.5367904, -46.7063502 -23.5367951, -46.7063574 -23.5368079, -46.7063691 -23.5368274))",,convenience,,,,,,,,,,,,,,,,,,,,,,,,,,,,,,,,,,,,,,,,,,,,,,,,,,,,,,,,,,,pmsp,,,,,,,,,,,,,,,,,,,,,,,,,,,,,,,,,,,,yes,,,,,,,,,,,,,,,,,,,,,11.189,,,,,,,,,,,,,,,,,,,,,,,,,,,,,,,,,,,,,,,,,,,,,,,,,,,,,,,,,,,,,,
"POLYGON ((-46.6713809 -23.5280784, -46.6713439 -23.5280228, -46.6713295 -23.5280309, -46.6713157 -23.5280102, -46.6713301 -23.5280021, -46.6712969 -23.5279523, -46.6712662 -23.5279062, -46.6712267 -23.5279282, -46.6712153 -23.5279345, -46.6712077 -23.5279561, -46.6713463 -23.5281651, -46.6713798 -23.5281468, -46.671414 -23.5281281, -46.6713947 -23.5280991, -46.6713847 -23.5281048, -46.6713709 -23.5280841, -46.6713809 -23.5280784))",Oxxo,convenience,Oxxo,Q1342538,,,,,,,São Paulo,877,05001-000,Avenida Francisco Matarazzo,Barra Funda,,,,,,,,,,,,,,,,,,,,,,,,,,,,,,,,,,,,,,,,,,,,,,pmsp,,,,,,,,,,,,,,,,,,,,,,,,,,,,,,,,,,,,yes,,,,,,,,,,,,,,,,,,,,,6.78,,,,,,,,,,,,,,,,,,,,,,,,,,,,,,,,,,,,,,,,,,,,,,,,,,,,,,,,,,,,,,
"POLYGON ((-46.7319955 -23.5314482, -46.7318566 -23.5316022, -46.731667 -23.5318123, -46.732057 -23.5321147, -46.732496 -23.5316544, -46.7323271 -23.5315197, -46.732266 -23.5315875, -46.7322358 -23.5315644, -46.7321707 -23.5316366, -46.7321596 -23.5316282, -46.7321488 -23.5315658, -46.7319955 -23.5314482))",Oba hortifruti,supermarket,,,,,,,,,São Paulo,99,,Rua Nagel,Vila Leopoldina,,,,,,,,Oba hortifruti,,,,,,,,,,,,,,,,,,,,,,,,,,,,,,,,,,,,,,pmsp,,,,,,,,,,,,,,,,,,,,,,,,,,,,,,,,,,,,yes,,,,,,,,,,,,,,,,,,,,,6.69,,,,,,,,,,,,,,,,,,,,,,,,,,,,,,,,,,,,,,,,,,,,,,,,,,,,,,,,,,,,,,
"POLYGON ((-46.7287058 -23.5338423, -46.728694 -23.5338549, -46.7285593 -23.5337478, -46.7284548 -23.5338593, -46.7287516 -23.5340955, -46.7288674 -23.5339701, -46.7287711 -23.533894, -46.7287121 -23.5338474, -46.7287058 -23.5338423))",Dia,supermarket,Dia,Q925132,,,,,es:DIA (supermercados),,São Paulo,1444,05305-002,Avenida Imperatriz Leopoldina,Vila Leopoldina,2025-07-05,,,,,,,,,,,,,,,,,,,,,,,,,,,,,,,,,,,,,,,,,,,,,pmsp,,,,,,,,,,,,,,,,,,,,,,,,,,,,,,,,,,,,yes,,,,,,,,,,,,,,,,,,,,,7.478,,,,,,,,,,,,,,,,,,,,,,,,,,,,,,,,,,,,,,,,,,,,,,,,,,,,,,,,,,,,,,
"POLYGON ((-46.7309198 -23.5407991, -46.7303518 -23.5412999, -46.7307534 -23.5416861, -46.7308074 -23.5416386, -46.7308891 -23.5417174, -46.7314018 -23.5412652, -46.7318788 -23.5408446, -46.731757 -23.5407272, -46.7317196 -23.5406912, -46.7315102 -23.5404893, -46.7315347 -23.5404699, -46.7314875 -23.5404241, -46.7315119 -23.5404071, -46.7314311 -23.5403309, -46.7313869 -23.5403707, -46.7313959 -23.5403791, -46.7309198 -23.5407991))",Atacadão,supermarket,Atacadão,Q2868739,,,,,fr:Carrefour (enseigne),,São Paulo,500,05317-000,Avenida José César de Oliveira,,,,,,,,,Groupe Carrefour,https://www.atacadao.com.br/,,,,,,,,,,,,,,,,,,,,,,,,,,,,,,,,,,,,,pmsp,,,,Q3117359,fr:Groupe Carrefour,,,,,,,,,,,,,,,,,,,,,,,,,,,,,,,yes,,,,,,,,,,,,,,,,,,,,,17.3,,,,,,,,,,,,,,,,,,,,,,,,,,,,,,,,,,,,,,,,,,,,,,,,,,,,,,,,,,,,,,
"POLYGON ((-46.7331797 -23.5262846, -46.7333393 -23.5261156, -46.7332982 -23.5260821, -46.7332908 -23.52609, -46.7330606 -23.5259105, -46.7330784 -23.5258912, -46.7330718 -23.5258868, -46.7330427 -23.5258639, -46.7329986 -23.525907, -46.7329379 -23.5258609, -46.7328467 -23.5259607, -46.7328701 -23.5259787, -46.7328368 -23.5260134, -46.7331797 -23.5262846))",St Marche Supermercado,supermarket,,,,,,,,,São Paulo,502,05303-000,Rua Carlos Weber,Vila Leopoldina,,,,,yes,,,,,,,,,,,,,,,,,,,,,,,,,,,,,,,,,,,,,,,,,pmsp,,,,,,,,,,,,,,,,,,,,,,,,,,,,,,,,,,,,yes,,,,,,,,,,,,,,,,,,,,,8.402,,,,,,,,,,,,,,,,,,,,,,,,,,,,,,,,,,,,,,,,,,,,,,,,,,,,,,,,,,,,,,
"POLYGON ((-46.7299962 -23.5316433, -46.7297861 -23.5318689, -46.7298609 -23.5319282, -46.73003 -23.5317466, -46.730071 -23.5317026, -46.7299962 -23.5316433))",ipiranga,convenience,Ipiranga,Q2081136,,,,,,,São Paulo,1389,,Avenida Imperatriz Leopoldina,,,,,,yes,,,,,,,,,,,,,,,,,,,,,,,,,,,,,,,,,,,,,,,,,pmsp,,,,,,,,,,,,,,,,,,,,,fuel,,,,,,,,,,,,,,,roof,,,,,,,,,,,,,,,,,,,,,4.8,,,,,,,,,,,,,,,,1,,,,,,,metal,,,,,,,,,,,,,,,,,,,,,,,,,,,,,,,,,,,,,,,
"POLYGON ((-46.6686896 -23.5954, -46.6686501 -23.595146, -46.6684919 -23.5951617, -46.6685242 -23.5953966, -46.6685503 -23.5954152, -46.6686896 -23.5954))",Pão de Açúcar,supermarket,Pão de Açúcar,Q3411543,,,,Mo-Su 08:00-22:00,,,São Paulo,,,Rua Afonso Braz,Vila Nova Conceição,,,,,,,,,,,,,,,,,,,,,,,,,,,,,,,,,,,,,,,,,,,,,,pmsp,,,,,,,,,,,,,,,,,,,,,,,,,,,,,,,,,,,,yes,,,,,,,,,,,,,,,,,,,,,8.563,,,,,,,,,,,,,,,,,,,,,,,,,,,,,,,,,,,,,,,,,,,,,,,,,,,,,,,,,,,,,,
"POLYGON ((-46.6678278 -23.5956752, -46.6678577 -23.5958783, -46.6680998 -23.5958485, -46.668097 -23.5958277, -46.6681028 -23.5958271, -46.6680862 -23.5957038, -46.66811 -23.5957011, -46.6681045 -23.5956601, -46.6678911 -23.5956876, -46.6678882 -23.5956682, -46.6678278 -23.5956752))",Empório,supermarket,,,,,,,,,,,,,,,,,,,,,,,,,,,,,,,,,,,,,,,,,,,,,,,,,,,,,,,,,,,pmsp,,,,,,,,,,,,,,,,,,,,,,,,,,,,,,,,,,,,yes,,,,,,,,,,,,,,,,,,,,,9.383,,,,,,,,,,,,,,,,,,,,,,,,,,,,,,,,,,,,,,,,,,,,,,,,,,,,,,,,,,,,,,
"POLYGON ((-46.6680443 -23.5961499, -46.6681949 -23.596127, -46.6681884 -23.5960798, -46.6681147 -23.5960884, -46.6680942 -23.5959743, -46.6681535 -23.5959674, -46.6681464 -23.5959155, -46.6681391 -23.5959163, -46.6681294 -23.5958449, -46.6680998 -23.5958485, -46.6678577 -23.5958783, -46.6679002 -23.5961718, -46.6680443 -23.5961499))",Empório,supermarket,,,,,,,,,,,,,,,,,,,,,,,,,,,,,,,,,,,,,,,,,,,,,,,,,,,,,,,,,,,pmsp,,,,,,,,,,,,,,,,,,,,,,,,,,,,,,,,,,,,yes,,,,,,,,,,,,,,,,,,,,,8.813,,,,,,,,,,,,,,,,,,,,,,,,,,,,,,,,,,,,,,,,,,,,,,,,,,,,,,,,,,,,,,
"POLYGON ((-46.6509843 -23.5743909, -46.6509784 -23.5743772, -46.651062 -23.5743425, -46.6510299 -23.5742917, -46.6510028 -23.5742488, -46.6508032 -23.5743189, -46.650731 -23.5743443, -46.6507414 -23.5744913, -46.6509843 -23.5743909))",Supermercado Yáyá,supermarket,,,,,,,,,,,,,,,,,,,,,,,,,,,,,,,,,,,,,,,,,,,,,,,,,,,,,,,,,,,pmsp,,,,,,,,,,,,,,,,,,,,,,,,,,,,,,,,,,,,yes,,,,,,,,,,,,,,,,,,,,,6.537,,,,,,,,,,,,,,,,,,,,,,,,,,,,,,,,,,,,,,,,,,,,,,,,,,,,,,,,,,,,,,
"POLYGON ((-46.6734882 -23.4811704, -46.6734835 -23.4814984, -46.6732287 -23.4814899, -46.6732274 -23.4811747, -46.6734882 -23.4811704))",Violeta,supermarket,,,,,,,,,,,,,,,,,,,,,,,,,,,,,,,,,,,,,,,,,,,,,,,,,,,,,,,,,,,,,,,,,,,,,,,,,,,,,,,,,,,,,,,,,,,,,,,yes,,,,,,,,,,,,,,,,,,,,,,,,,,,,,,,,,,,,,,,,,,,,,,,,,,,,,,,,,,,,,,,,,,,,,,,,,,,,,,,,,,,
"POLYGON ((-46.7013442 -23.6462882, -46.7011478 -23.6464059, -46.7010683 -23.6464483, -46.7011113 -23.6465107, -46.7013874 -23.6463508, -46.7013442 -23.6462882))",Minuto Pão de Açúcar,convenience,,,,,,Mo-Sa 08:00-22:00; Su 08:00-20:00,,,São Paulo,816,04750-001,Avenida Adolfo Pinheiro,Santo Amaro,,,,,,,,Pão de Açúcar,,,,,,(11) 35526064,,,,,,,,,,,,,,,,,,,,,,,,,,,,,,,,,,,,,,,,,,,,,,,,,,,,,,,,,,,,,,,,,,,,yes,,,,,,,,,,,,,,,,,,,,,,,,,,,,,,,,,,,,,,,,,,,,,,,,,,,,,,,,,,,,,,,,,,,,,,,,,,,,,,,,,,,
"POLYGON ((-46.7018631 -23.6431581, -46.7016929 -23.6434964, -46.7018935 -23.6435812, -46.7020637 -23.6432429, -46.7018631 -23.6431581))",Chocolândia - Santo Amaro,supermarket,,,,,,"Mo-Sa 08:00-20:00; Su,PH 09:00-18:00",,,São Paulo,24,04724-000,Avenida João Dias,Santo Amaro,,,,,,,,,https://chocolandia.com.br/page/home,,,,,+55 11 5698 4450,,,,,,,,,,,,,,,,,,,,,,,,,,,,,,,,,,,,,,,,,,,,,,,,,,,,,,,,,,,,,,,,,,,,yes,,,,,,,,,,,,,,,,,,,,,,,,,,,,,,,,,,,,,,,,,,,,,,,,,,,,,,,,,,,,,,,,,,,,,,,,,,,,,,,,,,,
"POLYGON ((-46.5410043 -23.5130393, -46.5409857 -23.5131749, -46.5409668 -23.5133221, -46.5405666 -23.5133133, -46.5399771 -23.513354, -46.5400549 -23.5126236, -46.5410312 -23.5126802, -46.5410043 -23.5130393))",Poupaki,supermarket,,,,,,,,,São Paulo,899,,Avenida Governador Carvalho Pinto,Penha,,,,,,,,Davó,,,,,,,,,,,,,,,,,,,,,,,,,,,,,,,,,,,,,,,,,,,,,,,,,,,,,,,,,,,,,,,,,,,,,,,,,,yes,,,,,,,,,,,,,,,,,,,,,,,,,,,,,,,,,,,,,,,,,,,,,,,,,,,,,,,,,,,,,,,,,,,,,,,,,,,,,,,,,,,
"POLYGON ((-46.7407069 -23.6253345, -46.7408472 -23.6253997, -46.7407496 -23.6255393, -46.7406033 -23.6254667, -46.7407069 -23.6253345))",Minuto Pão de Açúcar,supermarket,Pão de Açúcar,Q3411543,,,,Mo-Sa 06:00-22:00,,,,,,,,,,,,,,,,,,,,,,,,,,,,,,,,,,,,,,,,,,,,,,,,,,,,,,,,,,,,,,,,,,,,,,,,,,,,,,,,,,,,,,,,,yes,,,,,,,,,,,,,,,,,,,,,,,,,,,,,,,,,,,,,,,,,,,,,,,,,,,,,,,,,,,,,,,,,,,,,,,,,,,,,,,,,,,
"POLYGON ((-46.6199468 -23.622968, -46.6199025 -23.6231003, -46.6198728 -23.6231707, -46.6195955 -23.6230885, -46.6195965 -23.6230422, -46.6195547 -23.6230241, -46.6195769 -23.6229403, -46.6199215 -23.622954, -46.6199468 -23.622968))",Vila das Frutas Supermercados,supermarket,,,,,,Mo-Su 08:00-21:00; PH off,,,São Paulo,2419,04133-200,Avenida do Cursino,Saúde,,,,,,,,,https://www.viladasfrutas.com.br/,yes,,,,+55 11 2532-7001,,yes,yes,,,,,,,,,,,,,,,,,,,,,,,,,,,,,,,,,,,,,,,,,,,,,,,,,,,,,,,,,,,,,,,,,supermarket,,,,+55 11 97845 4179,,,,,,,,,,,,,,,,,,,,,,,,,,,,,,,,,,,,,,,,,,,,,,,,,,,,,,,,,,,,,,,,,,,,,,,,,,,,,,,
"POLYGON ((-46.739795 -23.6161749, -46.7393972 -23.6162529, -46.7394944 -23.6166549, -46.7396456 -23.6166249, -46.7396555 -23.6166972, -46.7397406 -23.6166761, -46.7397802 -23.6167391, -46.7399092 -23.616694, -46.7398925 -23.6166158, -46.7399161 -23.6165867, -46.7398451 -23.6165605, -46.7398815 -23.6165299, -46.7398598 -23.6165139, -46.7398774 -23.6164674, -46.7398602 -23.616448, -46.739795 -23.6161749))",Pão de Açúcar,supermarket,Pão de Açúcar,Q3411543,,,,,pt:Pão de Açúcar (supermercado brasileiro),,São Paulo,30,,R. Mal. Hastimphilo de Moura,Vila Suzana,,,,,,,,,,,,,,,,,,,,,,,,,,,,,,,,,,,,,,,,,,,,,,,,,,,,,,,,,,,,,,,,,,,,,,,,,,,,,,,,,,yes,,,,,,,,,,,,,,,,,,,,,,,,,,,,,,,,,,,,,,,,,,,,,,,,,,,,,,,,,,,,,,,,,,,,,,,,,,,,,,,,,,,
"POLYGON ((-46.4162944 -23.5826862, -46.4162841 -23.5829503, -46.4162212 -23.583937, -46.415179 -23.5841206, -46.4153454 -23.582048, -46.4157275 -23.5822795, -46.4162944 -23.5826862))",Supermercado Negreiros,supermarket,,,,,,,,,São Paulo,,,Estrada do Iguatemi,,,,,,,,,,,,,,,,,,,,,,,,,,,,,,,,,,,,,,,,,,,,,,,,,,,,,,,,,,,,,,,,,,,,,,,,,,,,,,,,,,,,,,,,,,,,,,,,,,,,,,,,,,,,,,,,,,,,,,,,,,,,,,,,,,,,,,,,,,,,,,,,,,,,,,,,,,,,,,,,,,,,,,
"POLYGON ((-46.5422308 -23.5634123, -46.5422276 -23.5633607, -46.5424398 -23.5633635, -46.5424744 -23.5633539, -46.5423648 -23.5629846, -46.5423337 -23.5629926, -46.541981 -23.5631843, -46.5419177 -23.5631996, -46.5418845 -23.5630939, -46.541834 -23.5631076, -46.5418219 -23.5630681, -46.5416031 -23.5631249, -46.5416174 -23.563174, -46.5416979 -23.5634081, -46.5418341 -23.5635155, -46.5419747 -23.5634747, -46.5419808 -23.5634488, -46.5419887 -23.5634235, -46.5420413 -23.5634114, -46.542116 -23.5634118, -46.5422308 -23.5634123))",Extra Supermercado Vila Formosa,supermarket,Extra,Q5422131,,,,Mo-Sa 07:00-22:00; Su 07:00-21:00,pt:Extra (rede varejista),,São Paulo,14,03362-050,Rua Oswaldo Arouca,Vila Formosa,,,,,,,,,,,,,,,,,,,,,,,,,,,,,,,,,,,,,,,,,,,,,,pmsp,,,,,,,,,,,,,,,,,,,,,,,,,,,,,,,,,,,,supermarket,,,,,,,,,,,,,,,,,,,,,11.025,,,,,,,,,,,,,,,,,,,,,,,,,,,,,,,,,,,,,,,,,,,,,,,,,,,,,,,,,,,,,,
"POLYGON ((-46.5806159 -23.5914867, -46.5805866 -23.5914519, -46.5804492 -23.5915503, -46.5806877 -23.5918332, -46.580825 -23.5917348, -46.5807037 -23.5915908, -46.5806159 -23.5914867))",Dia,supermarket,Dia,Q925132,,,,,es:Supermercados DIA,,São Paulo,1324,03134-001,Rua Ibitirama,Vila Bela,,,,,,,,,,,,,,,,,,,,,,,,,,,,,,,,,,,,,,,,,,,,,,pmsp,,,,,,,,,,,,,,,,,,,,,,,,,,,,,,,,,,,,yes,,,,,,,,,,,,,,,,,,,,,12.23,,,,,grey,,,,,,,,,,,,,,,,,,,,,,,,,,,,,,,,,,,,,,,,,,,,,,,,,,,,,,,,,
"POLYGON ((-46.5842431 -23.588183, -46.5842212 -23.5882575, -46.5842043 -23.588315, -46.5841194 -23.5883815, -46.5837607 -23.5882957, -46.5838569 -23.5881019, -46.5842431 -23.588183))",Supermercado Takara,supermarket,,,,,,Mo-Sa 08:00-21:00; Su 08:00-20:00; PH 08:00-20:00,,,São Paulo,787,03133-100,Rua Ibitirama,Vila Prudente,,,,,,,,,,,,,,+55 11 2341-3932,,,,,,,,,,,,,,,,,,,,,,https://www.facebook.com/SupermercadoTakara,,https://supermercadotakara.com.br,,,,,,,,,,,,,,,,,,,,,,,,,,,,,,,,,,,,,,,,,,,,supermarket,,,,,,,,,,,,,,,,,,,,,,,,,,,,,,,,,,,,takara@supermercadotakara.com.br,,,,,,,,,,,,,,,,,,,,,,,,,,,,,,,,,,,,,,,,,,,,,,,
"POLYGON ((-46.5277163 -23.5838423, -46.5275607 -23.5839677, -46.5274682 -23.5838693, -46.5274883 -23.5838484, -46.5274252 -23.5837981, -46.5275969 -23.5836739, -46.5277163 -23.5838423))",Higa,supermarket,,,,,,Mo-Sa 08:00-20:30;Su 08:00-14:00,,,São Paulo,78,03386-090,Rua Manoel Ferreira Pires,Jardim Galli,,,,,,,,,,,,,,,,,,,,,,,,,,,,,,,,,,,,,,,,,,,,,,,,,,,,,,,,,,,,,,,,,,,,,,,,,,,,,,,,,,,,,,,,,,,,,,,,,,,,,,,,,,,,,,,,,,,,,,,,,,,,,,,,,,,,,,,,,,,,,,,,,,,,,,,,,,,,,,,,,,,,,
"POLYGON ((-46.5893608 -23.5784493, -46.5894359 -23.578582, -46.5892643 -23.5786705, -46.589157 -23.5785181, -46.5893608 -23.5784493))",Pão de Açúcar,supermarket,Pão de Açúcar,Q3411543,,,,Mo-Sa 07:00-22:00; Su 08:00-20:00,pt:Pão de Açúcar (supermercado brasileiro),,São Paulo,374,03127-010,Praça Visconde de Sousa Fontes,Parque da Mooca,2023-10-06,,,,,,,,,,,,,,,,,,,,,,,,,,,,,,Confirmar horário de funcionamento.,,,,,,,,,,,,,,,,,,,,,,,,,,,,,,,,,,,,,,,,,,,,,,,,,,,yes,,,,,,,,,,,,,,,,,,,,,,,,,,,,,,,,,,,,,,,,,,,,,,,,,,,,,,,,,,,,,,,,,,,,,,,,,,,,,,,,,,,
"POLYGON ((-46.7607785 -23.6658098, -46.7606539 -23.665865, -46.7606247 -23.6658099, -46.7607494 -23.6657546, -46.7607785 -23.6658098))",,supermarket,,,,,,,,,,,,,,,,,,,,,,,,,,,,,,,,,,,,,,,,,,,,,,,,,,,,,,,,,,,,,,,,,,,,,,,,,,,,,,,,,,,,,,,,,,,,,,,retail,,,,,,,,,,,,,,,,,,,,,,,,,,,,,,,,,,,,,,,,,,,,,,,,,,,,,,,,,,,,,,,,,,,,,,,,,,,,,,,,,,,
"POLYGON ((-46.7188162 -23.772685, -46.7188417 -23.7726754, -46.719363 -23.7730614, -46.7194225 -23.7731055, -46.7184784 -23.7741732, -46.7182326 -23.7739756, -46.71834 -23.7738798, -46.7181311 -23.7737327, -46.7180307 -23.7738291, -46.7178952 -23.7737314, -46.7185794 -23.7729488, -46.7186038 -23.7729664, -46.7188162 -23.772685))",Assaí Atacadista,supermarket,Assaí Atacadista,Q28679415,,,,,pt:Assaí Atacadista,,São Paulo,,,Avenida Senador Teotônio Vilela,,,,,,,,,,,,,,,,,,,,,,,,,,,,,,,,,,,,,,,,,,,,,yes,,,,,,,,,,,,,,,,,,,,,,,,,,,,,,,,,,,,,,commercial,,,,,,,,,,,,,,,,,,,,,,,,,,,,,,,,,,,,,,,,,,,,,,,,,,,,,,,,,,,,,,,,,,,,,,,,,,,,,,,,,,,
"POLYGON ((-46.6558847 -23.5412174, -46.6559243 -23.5413116, -46.6560772 -23.5412575, -46.6560375 -23.5411633, -46.6558847 -23.5412174))",Supermercado Dia,supermarket,Dia,Q925132,,,,,es:Supermercados DIA,,São Paulo,968,01228-000,Avenida Angélica,Santa Cecília,,,,,,,,,,,,,,,,,,,,,,,,,,,,,,,,,,,,,,,,,,,,,,,,,,,,,,,,,,,,,,,,,,,,,,,,,,,,,,,,,,yes,,,,,,,,,,,,,,,,,,,,,,,,,,,,,,,,,,,,,,,,,,,,,,,,,,,,,,,,,,,,,,,,,,,,,,,,,,,,,,,,,,,
"POLYGON ((-46.6864556 -23.6802826, -46.6863908 -23.6802311, -46.6864632 -23.6801546, -46.686528 -23.6802061, -46.6864556 -23.6802826))",Stop Shop,convenience,,,,,,,,,São Paulo,3429,04661-200,Avenida Interlagos,Vila Arriete,,,,,,,,,,,,,,,,,,,,,,,,,,,,,,,,,,,,,,,,,,,,,,,,,,,,,,,,,,,,,,,,,,,,,,,,,,,,,,,,,,yes,,,,,,,,,,,,,,,,,,,,,,,,,,,,,,,,,,,,,,,,,,,,,,,,,,,,,,,,,,,,,,,,,,,,,,,,,,,,,,,,,,,
"POLYGON ((-46.5010641 -23.6130646, -46.5013307 -23.6136461, -46.5012722 -23.6137175, -46.5005194 -23.6136204, -46.5008875 -23.613121, -46.5010641 -23.6130646))",Supermercado Negreiros,supermarket,,,,,,"Mo-Sa 08:00-22:00; Su,PH 08:00-20:00",,,,132,,Avenida Arquiteto Vilanova Artigas,Conjunto Habitacional Teotônio Vilela,,,,,,,,,,yes,yes,yes,,+55 11 4210 3624,,yes,yes,,,,,,,,,,,,,,,,,,,,,https://www.supermercadosnegreiros.com.br/institucional/paginas/nossas-lojas,,,,,,,,,,,,,,,,,,,,,,,,,,yes,,,,,,,,,,,,,,,,yes,,supermarket,,,,,,,,,,,,,,,,,,,,,,,,,,,,,,,,,,,,,,,yes,,,,,,,,,,,,,,,,,,,,,,,,,,,,,,,,,,,,,,,,,,,,
"POLYGON ((-46.6634495 -23.4758814, -46.6635111 -23.4759913, -46.6634001 -23.4760576, -46.6633067 -23.4759153, -46.6633631 -23.4758797, -46.6633966 -23.4759024, -46.6634495 -23.4758814))",Grocery Outlet,supermarket,,,,,,,,,,,,,,,,,,,,,,,,,,,,,,,,,,,,,,,,,,,,,,,,,,,,,,,,,,,,,,,,,,,,,,,,,,,,,,,,,,,,,,,,,,,,,,,yes,,,,,,,,,,,,,,,,,,,,,,,,,,,,,,,,,,,,,,,,,,,,,,,,,,,,,,,,,,,,,,,,,,,,,,,,,,,,,,,,,,,
"POLYGON ((-46.6367685 -23.6817263, -46.6367406 -23.6818639, -46.6366032 -23.6819554, -46.6362635 -23.6818955, -46.6363121 -23.6816466, -46.6367685 -23.6817263))",Supermercado Ricoy,supermarket,,,,,,,,,São Paulo,,,Avenida Cupecê,Jardim Miriam,,,,,,,,,,,,,,,,,,,,,,,,,,,,,,,,,,,,,,,,,,,,,,,,,,,,,,,,,,,,,,,,,,,,,,,,,,,,,,,,,,,,,,,,,,,,,,,,,,,,,,,,,,,,,,,,,,,,,,,,,,,,,,,,,,,,,,,,,,,,,,,,,,,,,,,,,,,,,,,,,,,,,
"POLYGON ((-46.6262685 -23.5042448, -46.6262446 -23.5042213, -46.6259662 -23.5042109, -46.6259651 -23.5042554, -46.6259979 -23.5042567, -46.6260235 -23.5042577, -46.6262677 -23.5042675, -46.6262681 -23.504256, -46.6262685 -23.5042448))",Oxxo,convenience,Oxxo,Q1342538,,,,,,,,,,,,,,,,,,,,,,,,,,,,,,,,,,,,,,,,,,,,,,,,,,,,,,,,,pmsp,,,,,,,,,,,,,,,,,,,,,,,,,,,,,,,,,,,,yes,,,,,,,,,,,,,,,,,,,,,4.894,,,,,,,,,,,,,,,,,,,,,,,,,,,,,,,,,,,,,,,,,,,,,,,,,,,,,,,,,,,,,,
"POLYGON ((-46.6373036 -23.5019462, -46.6371967 -23.5018429, -46.6370489 -23.5017072, -46.6370017 -23.5017334, -46.636815 -23.5019068, -46.6367697 -23.5018628, -46.6367539 -23.501874, -46.6367453 -23.5018932, -46.6367546 -23.5019061, -46.636764 -23.5019179, -46.6367742 -23.5019307, -46.63679 -23.5019505, -46.6368101 -23.5019758, -46.6368478 -23.5020231, -46.6369235 -23.5021226, -46.6369428 -23.502148, -46.6370016 -23.5022253, -46.637006 -23.502231, -46.6371831 -23.5020615, -46.6373036 -23.5019462))",Pão de Açúcar,supermarket,Pão de Açúcar,Q3411543,,,,,pt:Pão de Açúcar (supermercado brasileiro),,São Paulo,1234,02013-004,Rua Doutor César,Santana,,,,,,,,,https://www.paodeacucar.com/,,yes,yes,,+55 11 2971-1215,,yes,yes,,,,,,,,,,,,,,,,,,,,,,,,,,,,,pmsp,,,,,,,,,,,,,,,,,,,,,,,,,,,,,,,,,,,,yes,,,,,,,,,,,,,,,,,,,,,4.781,,,,,,,,,,,,,,,,,,,,,,,,,,,,,,,,,,,,,,,,,,,,,,,,,,,,,,,,,,,,,,
"POLYGON ((-46.6283438 -23.4966455, -46.6283201 -23.4964224, -46.6282221 -23.4964327, -46.6280452 -23.4964496, -46.6278349 -23.4964698, -46.62786 -23.496698, -46.6278857 -23.4967155, -46.6281381 -23.4966769, -46.6283269 -23.4966481, -46.6283438 -23.4966455))",Supermercado Pastorinho,supermarket,,,,,,,,,São Paulo,240,02018-010,Rua Conselheiro Moreira de Barros,Santana,,,,,,,,,,,,,,+55 11 2099-6000,,,,,,,,,,,,,,,,,,,,,,,,,,,,,,,santana@pastorinho.com.br,pmsp,,,,,,,,,,,,,,,,,,,,,,,,,,,,,,,,,,,,yes,,,,,,,,,,,,,,,,,,,,,8.855,,,,,,,,,,,,,,,,,,,,,,,,,,,,,,,,,,,,,,,,,,,,,,,,,,,,,,,,,,,,,,
"POLYGON ((-46.6322014 -23.4939931, -46.6322108 -23.4939989, -46.6322888 -23.4939245, -46.6322767 -23.4939189, -46.6321541 -23.4938711, -46.6320382 -23.4938259, -46.6320367 -23.4938291, -46.6319611 -23.4937996, -46.6319253 -23.4938778, -46.6319681 -23.4938957, -46.6319748 -23.4938813, -46.6320483 -23.4939099, -46.6320409 -23.4939261, -46.6322014 -23.4939931))",Dia Market,supermarket,Dia Market,Q925132,,,,,es:Supermercados DIA,,São Paulo,769,02018-012,Rua Conselheiro Moreira de Barros,,,,,,,,,,,,,,,,,,,,,,,,,,,,,,,,,,,,,,,,,,,,,,,pmsp,,,,,,,,,,,,,,,,,,,,,,,,,,,,,,,,,,,,yes,,,,,,,,,,,,,,,,,,,,,6.669,,,,,,,,,,,,,,,,,,,,,,,,,,,,,,,,,,,,,,,,,,,,,,,,,,,,,,,,,,,,,,
"POLYGON ((-46.6310553 -23.4877527, -46.6310217 -23.4876229, -46.630989 -23.4874966, -46.6309187 -23.4875121, -46.630975 -23.4877296, -46.6310553 -23.4877527))",Minuto Pão de Açucar,convenience,,,,,,,,,São Paulo,484,02406-010,Rua Doutor Guilherme Cristoffel,,,,,,,,,,,,,,,,,,,,,,,,,,,,,,,,,,,,,,,,,,,,,,,pmsp,,,,,,,,,,,,,,,,,,,,,,,,,,,,,,,,,,,,yes,,,,,,,,,,,,,,,,,,,,,9.024,,,,,,,,,,,,,,,,,,,,,,,,,,,,,,,,,,,,,,,,,,,,,,,,,,,,,,,,,,,,,,
"POLYGON ((-46.6234029 -23.4868721, -46.6233668 -23.4868448, -46.623344 -23.4868686, -46.6233772 -23.4868946, -46.6234029 -23.4868721))",,convenience,,,,,,,,,São Paulo,179,02332-020,Rua Maestro João Gomes de Araújo,Agua Fria,,,,,,,,,,,,,,,,,,,,,,,,,,,,,,,,,,,,,,,,,,,,,,pmsp,,,,,,,,,,,,,,,,,,,,,,,,,,,,,,,,,,,,yes,,,,,,,,,,,,,,,,,,,,,3.754,,,,,,,,,,,,,,,,,,,,,,,,,,,,,,,,,,,,,,,,,,,,,,,,,,,,,,,,,,,,,,
"POLYGON ((-46.6139676 -23.4869408, -46.6140892 -23.4871018, -46.6142074 -23.4870058, -46.6142127 -23.4869965, -46.6142108 -23.4869836, -46.6141065 -23.4868466, -46.6140986 -23.4868512, -46.6140042 -23.4869158, -46.6139676 -23.4869408))",Mini Extra,supermarket,,,,,,,,,São Paulo,267,02302-070,Avenida Águas de São Pedro,,,,,,,,,,,,,,,,,,,,,,,,,,,,,,,,,,,,,,,,,,,,,,,,,,,,,,,,,,,,,,,,,,,,,,,,,,,,,,,,,,,yes,,,,,,,,,,,,,,,,,,,,,9,,,,,,,,,,,,,,,,,,,,,,,,,,,,,,,,,,,,,,,,,,,,,,,,,,,,,,,,,,,,,,
"POLYGON ((-46.6191778 -23.4911323, -46.6191844 -23.4910587, -46.6192195 -23.4910616, -46.6192236 -23.4910186, -46.6191905 -23.4910154, -46.6192103 -23.4907732, -46.6191119 -23.4907675, -46.6191245 -23.4907469, -46.6191267 -23.4907413, -46.6190171 -23.4906944, -46.6190036 -23.4907175, -46.6189708 -23.490781, -46.6188929 -23.4907464, -46.6188742 -23.4907801, -46.6189032 -23.4907925, -46.6189961 -23.4908322, -46.6190421 -23.4908519, -46.6190272 -23.4910275, -46.6189829 -23.4910134, -46.6189627 -23.491064, -46.6190133 -23.4910801, -46.6190603 -23.491095, -46.6191423 -23.491121, -46.6191778 -23.4911323))",Super Vizinho,supermarket,,,,,,,,,São Paulo,1241,02042-011,Avenida Leôncio de Magalhães,Jardim Sao Paulo,,,,,,,,,,,,,,,,,,,,,,,,,,,,,,,,,,,,,,,,,,,,,,pmsp,,,,,,,,,,,,,,,,,,,,,,,,,,,,,,,,,,,,yes,,,,,,,,,,,,,,,,,,,,,4.583,,,,,,,,,,,,,,,,,,,,,,,,,,,,,,,,,,,,,,,,,,,,,,,,,,,,,,,,,,,,,,
"POLYGON ((-46.6308726 -23.4817739, -46.6307989 -23.4817533, -46.6307492 -23.4819058, -46.6307314 -23.4819009, -46.6306983 -23.4820073, -46.6307527 -23.4820243, -46.6307061 -23.4821727, -46.6311721 -23.4823042, -46.6313068 -23.4818958, -46.6309808 -23.4818043, -46.6308726 -23.4817739))",Pão de Açúcar,supermarket,Pão de Açúcar,Q3411543,,,,,pt:Pão de Açúcar (supermercado brasileiro),,São Paulo,6200,02413-200,Avenida Engenheiro Caetano Alvares,,,,,,,,,,,,,,,,,,,,,,,,,,,,,,,,,,,,,,,,,,,,,,,pmsp,,,,,,,,,,,,,,,,,,,,,,,,,,,,,,,,,,,,yes,,,,,,,,,,,,,,,,,,,,,7.36,,,,,,,,,,,,,,,,,,,,,,,,,,,,,,,,,,,,,,,,,,,,,,,,,,,,,,,,,,,,,,
"POLYGON ((-46.7041036 -23.8229127, -46.7040906 -23.8228795, -46.7040287 -23.8229037, -46.7040338 -23.8229167, -46.7040374 -23.8229152, -46.7040449 -23.8229342, -46.7041036 -23.8229127))",Mercadinho e Padaria,convenience,,,,,,,,,,,,,,,,,,,,,,,,,,,,,,,,,,,,,,,,,,,,,,,,,,,,,,,,,,,pmsp,,,,,,,,,,,,,,,,,,,,,,,,,,,,,,,,,,,,yes,,,,,,,,,,,,,,,,,,,,,3.029,,,,,,,,,,,,,,,,,,,,,,,,,,,,,,,,,,,,,,,,,,,,,,,,,,,,,,,,,,,,,,
"POLYGON ((-46.7034154 -23.8218197, -46.7033916 -23.8218034, -46.7034043 -23.8217862, -46.7033463 -23.8217595, -46.7033219 -23.8218017, -46.7033525 -23.8218171, -46.7033478 -23.8218254, -46.7033988 -23.8218476, -46.7034067 -23.8218353, -46.7034154 -23.8218197))",Mercadinho Nova Conquista,convenience,,,,,,,,,São Paulo,,04884-120,Rua Manuel Paixão Ribeiro,Jardim São Norberto,,,,,,,,,,,,,,,,,,,,,,,,,,,,,,,,,,,,,,,,,,,,,,pmsp,,,,,,,,,,,,,,,,,,,,,,,,,,,,,,,,,,,,yes,,,,,,,,,,,,,,,,,,,,,2.946,,,,,,,,,,,,,,,,,,,,,,,,,,,,,,,,,,,,,,,,,,,,,,,,,,,,,,,,,,,,,,
"POLYGON ((-46.7286687 -23.80041, -46.7286311 -23.8004013, -46.7286005 -23.8005112, -46.7285918 -23.800509, -46.7285802 -23.8005501, -46.728573 -23.8005755, -46.7286182 -23.8005873, -46.7286687 -23.80041))",Mercado Janaina,supermarket,,,,,,,,,,,,,,,,,,,,,,,,,,,,,,,,,,,,,,,,,,,,,,,,,,,,,,,,,,,pmsp,,,,,,,,,,,,,,,,,,,,,,,,,,,,,,,,,,,,yes,,,,,,,,,,,,,,,,,,,,,3.525,,,,,,,,,,,,,,,,,,,,,,,,,,,,,,,,,,,,,,,,,,,,,,,,,,,,,,,,,,,,,,
"POLYGON ((-46.7070442 -23.7566805, -46.7071436 -23.7567676, -46.7071917 -23.756723, -46.7073503 -23.756868, -46.7073529 -23.7568653, -46.7076074 -23.7566299, -46.7076351 -23.7566042, -46.707613 -23.756586, -46.7075849 -23.7566102, -46.7075663 -23.756594, -46.7075553 -23.7566037, -46.7073458 -23.7564126, -46.7071989 -23.7565487, -46.7071881 -23.7565387, -46.7071664 -23.7565589, -46.707179 -23.7565705, -46.7071577 -23.7565901, -46.7071496 -23.7565828, -46.7070442 -23.7566805))",Mercado Extra,supermarket,Mercado Extra,Q5422131,,,,,pt:Extra (rede varejista),,São Paulo,,,Rua Guiseppe Tartini,Jardim São Bernardo,,,,,,,,,,,,,,,,,,,,,,,,,,,,,,,,,,,,,,,,,,,,,,pmsp,,,,,,,,,,,,,,,,,,,,,,,,,,,,,,,,,,,,yes,,,,,,,,,,,,,,,,,,,,,7.91,,,,,,,,,,,,,,,,,,,,,,,,,,,,,,,,,,,,,,,,,,,,,,,,,,,,,,,,,,,,,,
"POLYGON ((-46.6854871 -23.7399226, -46.6854085 -23.74003, -46.6854972 -23.7400565, -46.685554 -23.7400735, -46.685645 -23.7401007, -46.6856568 -23.7400735, -46.6856928 -23.7399903, -46.6856959 -23.7399723, -46.6856948 -23.7399537, -46.6856821 -23.739916, -46.6856628 -23.739878, -46.685565 -23.7398161, -46.6854871 -23.7399226))",Mercadinho Candinha,convenience,,,,,,,,,,,,,,,,,,,,,,,,,,,,,,,,,,,,,,,,,,,,,,,,,,,,,,,,,,,pmsp,,,,,,,,,,,,,,,,,,,,,,,,,,,,,,,,,,,,yes,,,,,,,,,,,,,,,,,,,,,5.94,,,,,,,,,,,,,,,,,,,,,,,,,,,,,,,,,,,,,,,,,,,,,,,,,,,,,,,,,,,,,,
"POLYGON ((-46.7048552 -23.7133708, -46.7047811 -23.7134854, -46.705025 -23.7136155, -46.7051213 -23.7136668, -46.7051273 -23.7136574, -46.7051538 -23.7136716, -46.705233 -23.713546, -46.7052159 -23.7135368, -46.7051901 -23.7135056, -46.7051988 -23.7134996, -46.7051038 -23.7133843, -46.7050945 -23.7133909, -46.7050691 -23.71336, -46.7050766 -23.7133511, -46.704919 -23.7132668, -46.7048552 -23.7133708))",Center Pane,supermarket,,,,,,,,,São Paulo,222,04805-300,Avenida Professor Papini,interlagos,,,,,,,,,,,,,,,,,,,,,,,,,,,,,,,,,,,,,,,,,,,,,,pmsp,,,,,,,,,,,,,,,,,,,,,,,,,,,,,,,,,,,,yes,,,,,,,,,,,,,,,,,,,,,9.48,,,,,,,,,,,,,,,,,,,,,,,,,,,,,,,,,,,,,,,,,,,,,,,,,,,,,,,,,,,,,,
"POLYGON ((-46.7025177 -23.7300097, -46.7025197 -23.7300272, -46.7025603 -23.7300241, -46.702561 -23.7300338, -46.7025032 -23.7300439, -46.7024997 -23.7300112, -46.7023381 -23.7300246, -46.702359 -23.7301004, -46.7025544 -23.7300703, -46.7025841 -23.7300097, -46.7025841 -23.7300041, -46.7025177 -23.7300097))",Mercadinho Zé do Norte,supermarket,,,,,,Mo-Sa 07:00-22:00,,,São Paulo,370,04830-220,Rua Lampadosa,Jardim Presidente,,,,,yes,,1,Zé Gomes,https://www.santosfc.com.br/,,,,,+55 11 5663-1270,,,,,,,,,,,,,,,,,,,,,,,,,,,,,,,santosfc@santosfc.com.br,pmsp;survey;local knowledge;gps;aerial imagery;streetlevel imagery,,,,,,,,,+55 11 5663-1270,,,2001,,,,,,,,,,,,,,,,,,,,,,,,yes,,,,,,,,,,,,,,,,,,,,,5.43,,,,,,,,,,,,,,,,,,,,,,,,,,,,,,,,,,,,,,,,,,,,,,,,,,,,,,,,,,,,,,
"POLYGON ((-46.6963886 -23.7328267, -46.6964309 -23.732869, -46.6966113 -23.7327158, -46.6965689 -23.7326735, -46.6963886 -23.7328267))",Shell Select,convenience,Shell Select,Q124359752,,,,,en:Royal Dutch Shell,,,,,,,,,,,,,,,,,,,,,,,,,,,,,,,,,,,,,,,,,,,,,,,,,,,,pmsp,,,,,,,,,,,,,,,,,,,,,,,,,,,,,,,,,,,,yes,,,,,,,,,,,,,,,,,,,,,5.16,,,,,,,,,,,,,,,,,,,,,,,,,,,,,,,,,,,,,,,,,,,,,,,,,,,,,,,,,,,,,,
"POLYGON ((-46.6878043 -23.7063495, -46.6878484 -23.7063068, -46.6877323 -23.7062052, -46.6875337 -23.7063973, -46.6876499 -23.7064991, -46.6878043 -23.7063495))",Minoru Supermercado,supermarket,,,,,,,,,,,,Avenida Gregório Bezerra,,,,,,,,,,,,,,,,,,,,,,,,,,,,,,,,,,,,,,,,,,,,,,,pmsp,,,,,,,,,,,,,,,,,,,,,,,,,,,,,,,,,,,,yes,,,,,,,,,,,,,,,,,,,,,6.07,,,,,,,,,,,,,,,,,,,,,,,,,,,,,,,,,,,,,,,,,,,,,,,,,,,,,,,,,,,,,,
"POLYGON ((-46.7943221 -23.6949255, -46.7941497 -23.6946409, -46.7945493 -23.6944379, -46.7946278 -23.6945675, -46.7943407 -23.6947133, -46.7944347 -23.6948683, -46.7943221 -23.6949255))",Barbosa Supermercado,supermarket,,,,,,,,,São Paulo,1,05876-040,Rua Ciclades,Chácara Santa Maria,,,,,,,,Barbosa Supermercado,,,,,,,,,,,,,,,,,,,,,,,,,,,,,,,,,,,,,,,,,,,,,,,,,,,,,,,,,,,,,,,,,,,,,,,,,,,,,,,,,,,,,,,,,,,,,,,,,,,,,,,,,,,,,,,,,,,,,,,,,,,,,,,,,,,,,,,,,,,,,,,,,,,,,,,,,,,,,
"POLYGON ((-46.7610687 -23.6982104, -46.7611383 -23.6981933, -46.7611293 -23.6981624, -46.7610598 -23.6981795, -46.7610687 -23.6982104))",,convenience,,,,,,,,,,,,,,,,,,,,,,,,,,,,,,,,,,,,,,,,,,,,,,,,,,,,,,,,,,,pmsp,,,,,,,,,,,,,,,,,,,,,,,,,,,,,,,,,,,,yes,,,,,,,,,,,,,,,,,,,,,2.73,,,,,,,,,,,,,,,,,,,,,,,,,,,,,,,,,,,,,,,,,,,,,,,,,,,,,,,,,,,,,,
"POLYGON ((-46.7753303 -23.6767252, -46.775264 -23.6767616, -46.7753528 -23.6769864, -46.7754359 -23.6769442, -46.7754207 -23.6768856, -46.7756153 -23.676815, -46.7755547 -23.6766704, -46.7755302 -23.6766791, -46.7755211 -23.6766574, -46.7753303 -23.6767252))",Mais Supermercado,supermarket,,,,,,,,,,,,,,,,,,,,,,,,,,,,,,,,,,,,,,,,,,,,,,,,,,,,,,,,,,,pmsp,,,,,,,,,,,,,,,,,,,,,,,,,,,,,,,,,,,,yes,,,,,,,,,,,,,,,,,,,,,7.13,,,,,,,,,,,,,,,,,,,,,,,,,,,,,,,,,,,,,,,,,,,,,,,,,,,,,,,,,,,,,,
"POLYGON ((-46.7763913 -23.6825726, -46.7763573 -23.682587, -46.776254 -23.6826306, -46.7762038 -23.6826518, -46.7762217 -23.6826943, -46.7762752 -23.6826691, -46.7763489 -23.6826378, -46.776496 -23.6825757, -46.7764799 -23.6825431, -46.7764767 -23.6825366, -46.7763913 -23.6825726))",Bazar dos Peixinhos,convenience,,,,,,06:00-20:00,,,São Paulo,6,05872-120,Rua Leonor Teles,Jardim São Bento Novo,,,,,,,,Luzia ME,,,,,,,,,,,,,,,,,,,,,,,,,,,,,,,,,,,,,,pmsp,,,,,,,,,,,,,,,,,,,,,,,,,,,,,,,,,,,,yes,,,,,,,,,,,,,,,,,,,,,3.22,,,,,,,,,,,,,,,,,,,,,,,,,,,,,,,,,,,,,,,,,,,,,,,,,,,,,,,,,,,,,,
"POLYGON ((-46.7646302 -23.6259727, -46.7645243 -23.6260785, -46.7644834 -23.6261194, -46.764559 -23.6261825, -46.7647751 -23.6263627, -46.7649372 -23.6261987, -46.7648555 -23.6261307, -46.7648369 -23.626148, -46.7646302 -23.6259727))",,supermarket,,,,,,,,,,,,,,,,,,,,,,,,,,,,,,,,,,,,,,,,,,,,,,,,,,,,,,,,,,,pmsp,,,,,,,,,,,,,,,,,,,,,,,,,,,,,,,,,,,,yes,,,,,,,,,,,,,,,,,,,,,4.92,,,,,,,,,,,,,,,,,,,,,,,,,,,,,,,,,,,,,,,,,,,,,,,,,,,,,,,,,,,,,,
"POLYGON ((-46.7590731 -23.6534651, -46.7588922 -23.6532798, -46.7586763 -23.6534567, -46.7588572 -23.653642, -46.7590731 -23.6534651))",Todo Dia,supermarket,,,,,,,,,,,,Estrada de Itapecerica,,,,,,,,,,,,,,,,,,,,,,,,,,,,,,,,,,,,,,,,,,,,,,,,,,,,,,,,,,,,,,,,,,,,,,,,,,,,,,,,,,,yes,,,,,,,,,,,,,,,,,,,,,,,,,,,,,,,,,,,,,,,,,,,,,,,,,,,,,,,,,,,,,,,,,,,,,,,,,,,,,,,,,,,
"POLYGON ((-46.6376393 -23.6066129, -46.6376674 -23.6066998, -46.6378 -23.6066629, -46.6378249 -23.6066883, -46.6377323 -23.6067596, -46.637774 -23.6068718, -46.6379735 -23.6066898, -46.6378376 -23.6065564, -46.6376393 -23.6066129))",Tateno,supermarket,,,,,,,,,,,,,,,,,,,,,,,,,,,,,,,,,,,,,,,,,,,,,,,,,,,,,,,,,,,,,,,,,,,,,,,,,,,,,,,,,,,,,,,,,,,,,,,,,,,,,,,,,,,,,,,,,,,,,,,,,,,,,,,,,,,,,,,,,,,,,,,,,,,,,,,,,,,,,,,,,,,,,,,,,,,,,,,,,,
"POLYGON ((-46.7491002 -23.6709139, -46.7491027 -23.6709379, -46.7492274 -23.6709239, -46.749238 -23.670947, -46.7492862 -23.6709185, -46.7492751 -23.6708022, -46.7490902 -23.6708198, -46.7491002 -23.6709139))",Mercadinho Fac,convenience,,,,,,,,,São Paulo,,,,Chácara Santana,,,,,,,,,,,,,,,,,,,,,,,,,,,,,,,,,,,,,,,,,,,,,,pmsp,,,,,,,,,,,,,,,,,,,,,,,,,,,,,,,,,,,,yes,,,,,,,,,,,,,,,,,,,,,6.55,,,,,,,,,,,,,,,,,,,,,,,,,,,,,,,,,,,,,,,,,,,,,,,,,,,,,,,,,,,,,,
"POLYGON ((-46.7530803 -23.6465022, -46.7535472 -23.6467293, -46.7536737 -23.6465142, -46.7534325 -23.6463971, -46.7534601 -23.6463487, -46.7533104 -23.6462774, -46.7532847 -23.6463229, -46.7532816 -23.6463229, -46.7532042 -23.6462858, -46.7530803 -23.6465022))",Pegpese,supermarket,,,,,,,,,,,,,,,,,,,,,,https://www.pegpese.com.br/,,,,,+55 11 56694044,,,,,,,,,,,,,,,,,,,,,,,,,,,,,,,,pmsp,,,,,,,,,,,,,,,,,,,,,,,,,,,,,,,,,,,,yes,,,,,,,,,,,,,,,,,,,,,7.48,,,,,,,,,,,,,,,,,,,,,,,,,,,,,,,,,,,,,,,,,,,,,,,,,,,,,,,,,,,,,,
"POLYGON ((-46.7393795 -23.6745824, -46.7394153 -23.6746275, -46.7394397 -23.6746094, -46.7394384 -23.6746045, -46.7394645 -23.6745851, -46.7394961 -23.6745715, -46.7395682 -23.6745306, -46.7395252 -23.6744667, -46.7394326 -23.6745228, -46.7394052 -23.6745506, -46.7393856 -23.6745671, -46.7393795 -23.6745824))",Mercadinho Sim,convenience,,,,,,Mo-Fr 09:00-18:00,,,São Paulo,681,04904-170,Rua Barbosa Vilas Boas,Jd. das Flores,,,,,,,,,,yes,,,,,,,,,,,,,,,,,,,,,,,,,,,,,,"Mercadinho de esquina localizado entre as ruas Anhaduí-Mirim e Barbosa Vilas Boas, situado perto da Escola Vicente Leporace.",,,,,,pmsp,,,,,,,,,,,,,,,,,,,yes,,,,,,,,,,,,,,,,,commercial,,,,,,,,,,,,,,,,,,,,,3.17,,,,,,,,,,,,,,,,,,,,,,,,,,,,,,,,,,,,,,,,,,,,,,,,,,,,,,,,,,,,,,
"POLYGON ((-46.7426823 -23.678619, -46.742699 -23.6787092, -46.7427891 -23.6786952, -46.742789 -23.6786946, -46.742817 -23.6786903, -46.7428422 -23.6786864, -46.7428472 -23.6786856, -46.7428374 -23.6786327, -46.742919 -23.67862, -46.7429122 -23.6785833, -46.7428278 -23.6785964, -46.7427372 -23.6786104, -46.7426823 -23.678619))",RENATEL,convenience,,,,,,,,,,,,Rua Sebastião Senret,,,,,,,,,SEU PEDRO,,,,,,,,,,,,,,,,,,,,,,,,,,,,,,,,,,,,,,pmsp,,,,,,,,,,,,,,,,,,,,,,,,,,,,,,,,,,,,yes,,,,,,,,,,,,,,,,,,,,,2.96,,,,,,,,,,,,,,,,,,,,,,,,,,,,,,,,,,,,,,,,,,,,,,,,,,,,,,,,,,,,,,
"POLYGON ((-46.7457324 -23.6840574, -46.7457084 -23.6840884, -46.7458666 -23.6841447, -46.7458761 -23.6841481, -46.7458965 -23.6841031, -46.7458764 -23.6840948, -46.7458809 -23.6840846, -46.7458782 -23.6840836, -46.7458461 -23.6840722, -46.7458421 -23.6840811, -46.7457697 -23.6840563, -46.7457647 -23.684069, -46.7457324 -23.6840574))",renata,supermarket,,,,,,Mo-Sa 07:00-20:00,,,,,,Avenida Guarapiranga,,,,,,,,,,,,,,,,,,,,,,,,,,,,,,,,,,,,,,,,,,,,,,,,,,,,,,,,,,,,,,,,,,,,,,,,,,,,,,,,,,,,,,,,,,,,,,,,,,,,,,,,,,,,,,,,,,,,,,,,,,,,,,,,,,,,,,,,,,,,,,,,,,,,,,,,,,,,,,,,,,,,,,
"POLYGON ((-46.7487289 -23.6872508, -46.7486657 -23.6872923, -46.7486557 -23.6872988, -46.7485599 -23.6873617, -46.748563 -23.6873662, -46.74859 -23.6874023, -46.7486186 -23.6873836, -46.7486157 -23.6873798, -46.7486621 -23.6873483, -46.7486657 -23.6873528, -46.7487442 -23.6873014, -46.748778 -23.6872793, -46.7487487 -23.6872378, -46.7487289 -23.6872508))",Loja do seu Zacarias,convenience,,,,,,,,,São Paulo,206,04917-050,Rua John Martin,Jardim Sao Joaquim,,,,,,,,,,,,,,,,,,,,,,,,,,,,,,,,,,,,,,,,,,,,,,pmsp,,,,,,,,,,,,,,,,,,,,,,,,,,,,,,,,,,,,yes,,,,,,,,,,,,,,,,,,,,,3.34,2,,,,,,,,,,,,,,,,,,,,,,,,,,,,,,,,,,,,,,,,,,,,,,,,,,,,,,,,,,,,,
"POLYGON ((-46.7470955 -23.6825374, -46.7470524 -23.6825421, -46.7470585 -23.6825885, -46.7470741 -23.6825869, -46.7470776 -23.6826205, -46.7470629 -23.6826211, -46.7470674 -23.6826557, -46.7472665 -23.6826275, -46.7472604 -23.6825869, -46.747227 -23.6825902, -46.7472169 -23.6825313, -46.7471559 -23.6825387, -46.7471558 -23.6825419, -46.7470964 -23.6825472, -46.7470955 -23.6825374))",sol de verão,supermarket,,,,,,,,,,,,Rua Pedro da Costa Faleiro,,,,,,,,,,,,,,,,,,,,,,,,,,,,,,,,,,,,,,,,,,,,,,,pmsp,,,,,,,,,,,,,,,,,,,,,,,,,,,,,,,,,,,,yes,,,,,,,,,,,,,,,,,,,,,,,,,,,,,,,,,,,,,,,,,,,,,,,,,,,,,,,,,,,,,,,,,,,,,,,,,,,,,,,,,,,
"POLYGON ((-46.7445051 -23.6803595, -46.7445122 -23.6804041, -46.7446383 -23.6803922, -46.7446376 -23.6803858, -46.7447042 -23.6803796, -46.7447049 -23.680386, -46.7447589 -23.6803809, -46.7447566 -23.6803612, -46.7447532 -23.6803329, -46.7445051 -23.6803595))",Mercadinho Tato,convenience,,,,,,,,,,,,,,,,,,,,,,,,,,,,,,,,,,,,,,,,,,,,,,,,,,,,,,,,,,,pmsp,,,,,,,,,,,,,,,,,,,,,,,,,,,,,,,,,,,,yes,,,,,,,,,,,,,,,,,,,,,5.43,,,,,,,,,,,,,,,,,,,,,,,,,,,,,,,,,,,,,,,,,,,,,,,,,,,,,,,,,,,,,,
"POLYGON ((-46.7454347 -23.6830632, -46.7454415 -23.6830215, -46.7452465 -23.682999, -46.7452338 -23.6829976, -46.7452295 -23.6830286, -46.7452436 -23.6830303, -46.745243 -23.6830342, -46.7452465 -23.6830346, -46.7453267 -23.6830438, -46.7453263 -23.6830459, -46.7454074 -23.6830553, -46.7454067 -23.6830601, -46.7454347 -23.6830632))",Mercadinho da Rosângela,convenience,,,,,,,,,,,,,,,,,,,,,,,,,,,,,,,,,,,,,,,,,,,,,,,,,,,,,,,,,,,pmsp,,,,,,,,,,,,,,,,,,,,,,,,,,,,,,,,,,,,yes,,,,,,,,,,,,,,,,,,,,,5.66,,,,,,,,,,,,,,,,,,,,,,,,,,,,,,,,,,,,,,,,,,,,,,,,,,,,,,,,,,,,,,
"POLYGON ((-46.5955223 -23.4981541, -46.5955956 -23.4981259, -46.5956941 -23.498088, -46.595681 -23.4980423, -46.5956411 -23.4979103, -46.5955996 -23.4979308, -46.5955563 -23.4979523, -46.595486 -23.4979871, -46.5954701 -23.497995, -46.5954328 -23.4980135, -46.5955211 -23.4981521, -46.5955223 -23.4981541))",Mini Extra,convenience,Mini Extra,Q5422131,,,,,pt:Extra (rede varejista),,São Paulo,2007,02072-002,Avenida Conceição,,,,,,,,,,,,,,,,,,,,,,,,,,,,,,,,,,,,,,,,,,1298468828387315,,,,,pmsp,,,,,,,,,,,,,,,,,,,,,,,,,,,,,,,,,,,,yes,,,,,,,,,,,,,,,,,,,,,13.625,,,,,,,,,,,,,,,,,,,,,,,,,,,,,,,,,,,,,,,,,,,,,,,,,,,,,,,,,,,,,,
"POLYGON ((-46.5977342 -23.4950871, -46.5976145 -23.4951551, -46.597689 -23.4952613, -46.5976788 -23.4952674, -46.5976042 -23.4951609, -46.5975731 -23.4951786, -46.5976248 -23.4952559, -46.5976416 -23.495281, -46.5976792 -23.4953329, -46.5977657 -23.495281, -46.5978303 -23.4952403, -46.5979353 -23.4951742, -46.597937 -23.4951731, -46.59784 -23.4950271, -46.597823 -23.4950368, -46.5978132 -23.4950423, -46.5977342 -23.4950871))",Dia,supermarket,Dia,Q925132,,,,,es:Supermercados DIA,,São Paulo,398,02201-000,Avenida Júlio Buono,,,,,,,,,,,,,,,,,,,,,,,,,,,,,,,,,,,,,,,,,,,,,,,pmsp,,,,,,,,,,,,,,,,,,,,,,,,,,,,,,,,,,,,yes,,,,,,,,,,,,,,,,,,,,,4.05,,,,,,,,,,,,,,,,,,,,,,,,,,,,,,,,,,,,,,,,,,,,,,,,,,,,,,,,,,,,,,
"POLYGON ((-46.5882961 -23.4912464, -46.5881514 -23.4911082, -46.5880738 -23.4911774, -46.5882012 -23.4912982, -46.5882343 -23.491304, -46.5882417 -23.4912971, -46.5882727 -23.4912682, -46.5882961 -23.4912464))",Agate Supermercado Medeiros,supermarket,,,,,,"Mo-Sa 08:00-21:00, Su 08:00-14:00",,,São Paulo,572,02214-000,Rua Crispim Duarte,,,,,,,,,,,yes,,,,,,yes,yes,,,,,,,,,,,,,,,,,,,,,,,,1349662562962895,,,,,pmsp;survey,,,,,,,,,,,,,,,,,,,,,,,,,,,,,,,,,,,,yes,,,,,,,,,,,,,,,,,,,,,9.14,,,,,,,,,,,,,,,,,,,,,,,,,,,,,,,#ff6262,,,,,,,,,,,,,,,,,,,,,,,,,,,,,,,
"POLYGON ((-46.5841063 -23.4893129, -46.5841756 -23.4893758, -46.5842762 -23.4892878, -46.5843637 -23.4892114, -46.5843462 -23.4891945, -46.5843194 -23.4891687, -46.5842965 -23.4891467, -46.5841063 -23.4893129))",Prestigio,supermarket,,,,,,Mo-Sa 08:00-20:00; Su 08:00-14:00,,,São Paulo,704,02219-000,Avenida Nossa Senhora do Loreto,,,,,,,,,,,,,,,,,,,,,,,,,,,,,,,,,,,,,,,,,,1500465771249408,,,,,pmsp,,,,,,,,,,,,,,,,,,,,,,,,,,,,,,,,,,,,yes,,,,,,,,,,,,,,,,,,,,,12.349,,,,,,,,,,,,,,,,,,,,,,,,,,,,,,,,,,,,,,,,,,,,,,,,,,,,,,,,,,,,,,
"POLYGON ((-46.57415 -23.4978358, -46.5741035 -23.4977971, -46.5739116 -23.4976325, -46.5737229 -23.4978197, -46.573806 -23.4978909, -46.5739438 -23.498009, -46.5739607 -23.4980235, -46.57415 -23.4978358))",Hokim,supermarket,,,,,,Mo-Sa 08:00-21:00; Su 08:00-14:00,,,São Paulo,4615,02135-002,Avenida Conceição,,,,,,,,,,,,,,,,,,,,,,,,,,,,,,,,,,,,,,,,,,,,,,,pmsp,,,,,,,,,,,,,,,,,,,,,,,,,,,,,,,,,,,,yes,,,,,,,,,,,,,,,,,,,,,11.39,,,,,,,,,,,,,,,,,,,,,,,,,,,,,,,,,,,,,,,,,,,,,,,,,,,,,,,,,,,,,,
"POLYGON ((-46.5706156 -23.4891537, -46.5706171 -23.48911, -46.5706194 -23.4890413, -46.5706041 -23.4890409, -46.5705168 -23.4890383, -46.5705153 -23.4890839, -46.5705129 -23.4891516, -46.5705666 -23.4891527, -46.5706035 -23.4891535, -46.5706156 -23.4891537))",Mini Mercado FL,convenience,,,,,,,,,São Paulo,193,02141-000,Avenida João Simão de Castro,Vila Sabrina,,,,,,,,,,,,,,,,,,,,,,,,,,,,,,,,,,,,,,,,,,,,,,pmsp,,,,,,,,,,,,,,,,,,,,,,,,,,,,,,,,,,,,yes,,,,,,,,,,,,,,,,,,,,,8.43,,,,,,,,,,,,,,,,,,,,,,,,,,,,,,,,,,,,,,,,,,,,,,,,,,,,,,,,,,,,,,
"POLYGON ((-46.7515211 -23.409231, -46.7514403 -23.4091883, -46.7513571 -23.4091443, -46.7512373 -23.4093217, -46.7512979 -23.4093959, -46.7513171 -23.4094194, -46.7513382 -23.4094349, -46.7513512 -23.4094378, -46.7513911 -23.4094261, -46.7514025 -23.4094192, -46.7515211 -23.409231))",Supermercado Marega,supermarket,,,,,,,,,,52,,Rua Aquilino Ribeiro,,,,,,,,,,,,,,,,,,,,,,,,,,,,,,,,,,,,,,,,,,,,,,,pmsp,,,,,,,,,,,,,,,,,,,,,,,,,,,,,,,,,,,,yes,,,,,,,,,,,,,,,,,,,,,6.134,,,,,,,,,,,,,,,,,,,,,,,,,,,,,,,,,,,,,,,,,,,,,,,,,,,,,,,,,,,,,,
"POLYGON ((-46.7168879 -23.4461791, -46.7166224 -23.4461754, -46.7166207 -23.4463596, -46.7167754 -23.4463608, -46.716775 -23.4464023, -46.7168431 -23.4464029, -46.7168439 -23.4463099, -46.7168832 -23.4463117, -46.7168879 -23.4461791))",Supermercado Mochi,supermarket,,,,,,,,,SP,,,Rua Egídio Felini,Taipas,,,,,,,,,,,,,,,,,,,,,,,,,,,,,,,,,,,,,,,,,,,,,,pmsp,,,,,,,,,,,,,,,,,,,,,,,,,,,,,,,,,,,,yes,,,,,,,,,,,,,,,,,,,,,7.293,,,,,,,,,,,,,,,,,,,,,,,,,,,,,,,,,,,,,,,,,,,,,,,,,,,,,,,,,,,,,,
"POLYGON ((-46.7171549 -23.4435885, -46.7171326 -23.443048, -46.716883 -23.4430566, -46.7169053 -23.4435971, -46.7171549 -23.4435885))",Mercado Extra,supermarket,Mercado Extra,Q5422131,,,,,pt:Extra (rede varejista),,,,,,,,,,,,,,,,,,,,,,,,,,,,,,,,,,,,,,,,,,,,,,,,,,,,pmsp,,,,,,,,,,,,,,,,,,,,,,,,,,,,,,,,,,,,yes,,,,,,,,,,,,,,,,,,,,,14.265,,,,,,,,,,,,,,,,,,,,,,,,,,,,,,,,,,,,,,,,,,,,,,,,,,,,,,,,,,,,,,
"POLYGON ((-46.7269643 -23.4337154, -46.7269015 -23.4336273, -46.7267264 -23.4337379, -46.7267262 -23.4338655, -46.7268728 -23.4338836, -46.7268904 -23.4338577, -46.7268678 -23.4338521, -46.7269643 -23.4337154))",,supermarket,,,,,,,,,,,,,,,,,,,,,,,,,,,,,,,,,,,,,,,,,,,,,,,,,,,,,,,,,,,pmsp,,,,,,,,,,,,,,,,,,,,,,,,,,,,,,,,,,,,yes,,,,,,,,,,,,,,,,,,,,,14.366,,,,,,,,,,,,,,,,,,,,,,,,,,,,,,,,,,,,,,,,,,,,,,,,,,,,,,,,,,,,,,
"POLYGON ((-46.3805693 -23.4850769, -46.3805688 -23.4850766, -46.3805683 -23.4850763, -46.380548 -23.4851112, -46.3804055 -23.4853554, -46.3803009 -23.4855346, -46.3806594 -23.4857172, -46.380941 -23.4858606, -46.3812109 -23.4854071, -46.3806594 -23.4851232, -46.380575 -23.4850798, -46.3805693 -23.4850769))",Sonda,supermarket,,,,,,Mo-Su 08:00-22:00,,,,7579,,Avenida Marechal Tito,,,,,,,,,,https://www.sondadelivery.com.br,yes,yes,yes,,+55 11 2132 0650,,yes,yes,,,,,,,,,,,,,,,,,,,,,,,,,,,,,pmsp,,,,,,,,,,,,1996-09-03,,,,,,,,,,,,,,,,,,,,,,,,supermarket,,,,,,,,,,,,,,,,,,,,,11.97,,,,,,,,,,,,,,,,,,,,,,,,,,,,,,,,,,,,,,,,,,,,,,,,,,,,,,,,,,,,,,
"POLYGON ((-46.4084287 -23.487752, -46.4084265 -23.4876985, -46.408297 -23.4877024, -46.4082629 -23.4877034, -46.4082233 -23.4877046, -46.4082261 -23.4877592, -46.4083085 -23.4877563, -46.4083577 -23.4877545, -46.4084287 -23.487752))",,convenience,,,,,,,,,,,,,,,,,,,,,,,,,,,,,,,,,,,,,,,,,,,,,,,,,,,,,,,,,,,pmsp,,,,,,,,,,,,,,,,,,,,,,,,,,,,,,,,,,,,yes,,,,,,,,,,,,,,,,,,,,,6.155,,,,,,,,,,,,,,,,,,,,,,,,,,,,,,,,,,,,,,,,,,,,,,,,,,,,,,,,,,,,,,
"POLYGON ((-46.4056859 -23.5453959, -46.4056998 -23.5453782, -46.4057248 -23.5453112, -46.405688 -23.5452822, -46.4055948 -23.5453226, -46.4055999 -23.5453691, -46.4056148 -23.5453944, -46.4056859 -23.5453959))",BR,convenience,BR,Q4836468,,,,,,,,,,,,,,,,,,,Petrobras,,,,,,,,,,,,,,,,,,,,,,,,,,,,,,,,,,,,,,pmsp,,,,,,,,,,,,,,,,,,,,,fuel,,,,,,,,,,,,,,,,,,,,,,,,,,,,,,,,,,,,3.894,,,,,,,,,,,,,,,,,,,,,,,,,,,,no,,,,,,,,,,,,,,,,,,,,,,,,,,,,,,,,,,
"POLYGON ((-46.4067017 -23.5919454, -46.4066563 -23.5919264, -46.4065982 -23.5920392, -46.4069597 -23.5921842, -46.4070097 -23.5920868, -46.4069518 -23.5920602, -46.4069558 -23.5920518, -46.4067017 -23.5919454))",Mercadinho Tiradentes,convenience,,,,,,,,,,,,,,,,,,,,,,,,,,,,,,,,,,,,,,,,,,,,,,,,,,,,,,,,,,,pmsp,,,,,,,,,,,,,,,,,,,,,,,,,,,,,,,,,,,,yes,,,,,,,,,,,,,,,,,,,,,6.757,,,,,,,,,,,,,,,,,,,,,,,,,,,,,,,,,,,,,,,,,,,,,,,,,,,,,,,,,,,,,,
"POLYGON ((-46.4280597 -23.5372666, -46.4275302 -23.5370723, -46.4270477 -23.5381775, -46.4275771 -23.5383718, -46.4280597 -23.5372666))",Supermercado D'Avó,supermarket,,,,,,"Mo-Sa 08:00-22:00; Su,PH 09:00-20:00",,,São Paulo,Jardim Helena,08420-000,Estrada Itaquera Guaianazes,Jardim Helena,,,,,,,,,https://www.davo.com.br/nossas-lojas/,,,,,+55 11 2551-4500,,,,,,,,,,,,,,,,,,,,,,,,,,,,,,,,,,,,,,,,,+55 11 2551-4520,,,,,,,,,,,,,,,,,,,,,,,,,,,,,,,,,,,,,,,,,,,,,,,,,,,,,,,,,,,,,,,,,,,,,,,,,,,,,,,,,,,,,,,,,,,,,,,,,,,,,,,,,,,,,,
"POLYGON ((-46.4535769 -23.5327183, -46.453542 -23.5326332, -46.4535141 -23.5326173, -46.4533775 -23.5326393, -46.4533939 -23.5326999, -46.4534679 -23.5326925, -46.4534679 -23.5327006, -46.4534771 -23.5327006, -46.4534772 -23.5327185, -46.4534399 -23.5327186, -46.45344 -23.5327471, -46.4535769 -23.5327467, -46.4535885 -23.5327467, -46.4535769 -23.5327183))",Oxxo,convenience,Oxxo,Q1342538,,,,,,,,,,,,,,,,,,,,,,,,,,,,,,,,,,,,,,,,,,,,,,,,,,,,,,,,,pmsp,,,,,,,,,,,,,,,,,,,,,,,,,,,,,,,,,,,,yes,,,,,,,,,,,,,,,,,,,,,4.232,,,,,,,,,,,,,,,,,,,,,,,,,,,,,,,,,,,,,,,,,,,,,,,,,,,,,,,,,,,,,,
"POLYGON ((-46.4563567 -23.5350748, -46.4563657 -23.53507, -46.456369 -23.5350654, -46.4563688 -23.5350623, -46.4563694 -23.5349822, -46.4563763 -23.5349773, -46.4563771 -23.5349767, -46.4563779 -23.5349761, -46.4563787 -23.5349755, -46.4563795 -23.5349749, -46.4563802 -23.5349742, -46.456381 -23.5349736, -46.4563817 -23.5349729, -46.4563825 -23.5349722, -46.4563832 -23.5349715, -46.4563839 -23.5349708, -46.4563846 -23.5349701, -46.4563852 -23.5349694, -46.4563859 -23.5349686, -46.4563865 -23.5349679, -46.4563872 -23.5349671, -46.4563878 -23.5349664, -46.4563884 -23.5349656, -46.456389 -23.5349648, -46.4563896 -23.534964, -46.4563901 -23.5349632, -46.4563906 -23.5349624, -46.4563912 -23.5349616, -46.4563917 -23.5349607, -46.4563922 -23.5349599, -46.4563927 -23.534959, -46.4563931 -23.5349582, -46.4563936 -23.5349573, -46.456394 -23.5349565, -46.4563944 -23.5349556, -46.4563948 -23.5349547, -46.4563952 -23.5349538, -46.4563955 -23.5349529, -46.4563959 -23.534952, -46.4563962 -23.5349511, -46.4563965 -23.5349502, -46.4563982 -23.5349391, -46.4564104 -23.5348417, -46.4564082 -23.5347956, -46.4564023 -23.5347578, -46.4563846 -23.5346702, -46.4563311 -23.5345498, -46.4562483 -23.534536, -46.4562047 -23.53461, -46.4561538 -23.5346377, -46.4561389 -23.5346592, -46.4560981 -23.5346397, -46.4560784 -23.5346756, -46.4560701 -23.5347258, -46.456116 -23.5347342, -46.4560712 -23.5349961, -46.4561124 -23.535001, -46.4561111 -23.5350087, -46.4561216 -23.5350079, -46.4561406 -23.5350358, -46.4562608 -23.5350319, -46.456284 -23.5350335, -46.4563065 -23.5350402, -46.4563317 -23.5350521, -46.4563417 -23.5350707, -46.4563479 -23.535074, -46.4563567 -23.5350748))",,supermarket,,,,,,,,,,,,,,,,,,,,,,,,,,,,,,,,,,,,,,,,,,,,,,,,,,,,,,,,,,,pmsp;Compre Bem,,,,,,,,,,,,,,,,,,,,,,,,,,,,,,,,,,,,yes,,,,,,,,,,,,,,,,,,,,,10.018,,,,,,,,,,,,,,,,,,,,,,,,,,,,,,,,,,,,,,,,,,,,,,,,,,,,,,,,,,,,,,
"POLYGON ((-46.4849719 -23.5992937, -46.484899 -23.5992412, -46.4848545 -23.5992936, -46.4848956 -23.5993231, -46.4848664 -23.5993575, -46.484856 -23.59935, -46.4848403 -23.5993693, -46.4848461 -23.5993736, -46.4849471 -23.5994484, -46.4849741 -23.5994684, -46.4850653 -23.5993609, -46.4849719 -23.5992937))",Supermercado Central,supermarket,,,,,,,,,São Paulo,1925,03949-011,Avenida Mateo Bei,São Matheus,,,,,,,,,,,,,,,,,,,,,,,,,,,,,,,,,,,,,,,,,,,,,,pmsp,,,,,,,,,,,,,,,,,,,,,,,,,,,,,,,,,,,,yes,,,,,,,,,,,,,,,,,,,,,11.739,,,,,,,,,,,,,,,,,,,,,,,,,,,,,,,,,,,,,,,,,,,,,,,,,,,,,,,,,,,,,,
"POLYGON ((-46.4853533 -23.5999126, -46.4854438 -23.5998078, -46.4852328 -23.5996529, -46.4851422 -23.5997576, -46.4853533 -23.5999126))",Dia,supermarket,Dia,Q925132,,,,Mo-Sa 08:00-20:00,es:Supermercados Dia,,São Paulo,1934,03949-100,Avenida Mateo Bei,,,,,,,,,,,,,,,,,,,,,,,,,,,,,,,,,,,,,,,,,,,,,,,pmsp,,,,,,,,,,,,,,,,,,,,,,,,,,,,,,,,,,,,yes,,,,,,,,,,,,,,,,,,,,,16.083,,,,,,,,,,,,,,,,,,,,,,,,,,,,,,,,,,,,,,,,,,,,,,,,,,,,,,,,,,,,,,
"POLYGON ((-46.4879999 -23.5935101, -46.4879911 -23.5935328, -46.4879709 -23.5935855, -46.4879464 -23.5936495, -46.4879296 -23.5936932, -46.4879129 -23.5937366, -46.4878796 -23.5938235, -46.4879466 -23.5938438, -46.4881279 -23.5938988, -46.4882443 -23.5935878, -46.4879999 -23.5935101))",Primos Supermercado,supermarket,,,,,,Mo-Su 08:00-21:00,,,São Paulo,1221,03949-011,Avenida Mateo Bei,São Mateus,,,,,,,,,,,,,,,,,,,,,,,,,,,,,,,,,,,,,,,,,,,,,,pmsp,,,,,,,,,,,,,,,,,,,,,,,,,,,,,,,,,,,,yes,,,,,,,,,,,,,,,,,,,,,9.689,,,,,,,,,,,,,,,,,,,,,,,,,,,,,,,,,,,,,,,,,,,,,,,,,,,,,,,,,,,,,,
"POLYGON ((-46.4890122 -23.590377, -46.4887974 -23.5909518, -46.4892149 -23.5910829, -46.4894298 -23.5905081, -46.4890122 -23.590377))",Comercial Esperança,supermarket,,,,,,Mo-Su 08:00-22:00,,,São Paulo,891,03949-010,Avenida Mateo Bei,Cidade São Matheus,,,,,,,,,,,,,,,,,,,,,,,,,,,,,,,,,,,,,,,,,,,,,,,,,,,,,,,,,,,,,,,,,,,,,,,,,,,,,,,,,,yes,,,,,,,,,,,,,,,,,,,,,,,,,,,,,,,,,,,,,,,,,,,,,,,,,,,,,,,,,,,,,,,,,,,,,,,,,,,,,,,,,,,
"POLYGON ((-46.4822843 -23.6033707, -46.4821248 -23.6032573, -46.4820488 -23.6033436, -46.4819764 -23.6034259, -46.4819181 -23.6034922, -46.4820825 -23.6036081, -46.4822843 -23.6033707))",Joamim,supermarket,,,,,,,,,São Paulo,2478,03949-200,Avenida Mateo Bei,,,,,,,,,,,,,,,,,,,,,,,,,,,,,,,,,,,,,,,,,,,,,,,pmsp,,,,,,,,,,,,,,,,,,,,,,,,,,,,,,,,,,,,yes,,,,,,,,,,,,,,,,,,,,,8.272,,,,,,,,,,,,,,,,,,,,,,,,,,,,,,,,,,,,,,,,,,,,,,,,,,,,,,,,,,,,,,
"POLYGON ((-46.4958693 -23.5834211, -46.4958315 -23.5833929, -46.4958194 -23.5834068, -46.4958266 -23.5834121, -46.4957329 -23.5835194, -46.4957257 -23.583514, -46.4956966 -23.5835474, -46.495733 -23.5835741, -46.4957616 -23.583542, -46.4957958 -23.5835035, -46.4958693 -23.5834211))",,convenience,,,,,,,,,,,,,,,,,,,,,,,,,,,,,,,,,,,,,,,,,,,,,,,,,,,,,,,,,,,pmsp,,,,,,,,,,,,,,,,,,,,,,,,,,,,,,,,,,,,yes,,,,,,,,,,,,,,,,,,,,,6.0,,,,,,,,,,,,,,,,,,,,,,,,,,,,,,,,,,,,,,,,,,,,,,,,,,,,,,,,,,,,,,
"POLYGON ((-46.4957257 -23.583514, -46.4958148 -23.583412, -46.4957876 -23.5833917, -46.4957575 -23.5834262, -46.4957507 -23.5834211, -46.4956996 -23.5834797, -46.495694 -23.5834755, -46.4956588 -23.5835201, -46.4956966 -23.5835474, -46.4957257 -23.583514))",,convenience,,,,,,,,,,,,,,,,,,,,,,,,,,,,,,,,,,,,,,,,,,,,,,,,,,,,,,,,,,,pmsp,,,,,,,,,,,,,,,,,,,,,,,,,,,,,,,,,,,,yes,,,,,,,,,,,,,,,,,,,,,3.0,,,,,,,,,,,,,,,,,,,,,,,,,,,,,,,,,,,,,,,,,,,,,,,,,,,,,,,,,,,,,,
"POLYGON ((-46.4972137 -23.5819217, -46.4971989 -23.5819324, -46.4971911 -23.581938, -46.4971533 -23.5819652, -46.4971282 -23.5819395, -46.497092 -23.5819671, -46.4971035 -23.5819796, -46.4970693 -23.5820064, -46.497124 -23.5820657, -46.4971146 -23.582073, -46.4970744 -23.5820294, -46.4970075 -23.5820819, -46.4970394 -23.5821411, -46.4971519 -23.5820536, -46.4971487 -23.5820502, -46.4972554 -23.5819669, -46.4972137 -23.5819217))",,convenience,,,,,,,,,,,,,,,,,,,,,,,,,,,,,,,,,,,,,,,,,,,,,,,,,,,,,,,,,,,pmsp,,,,,,,,,,,,,,,,,,,,,,,,,,,,,,,,,,,,yes,,,,,,,,,,,,,,,,,,,,,5.0,,,,,,,,,,,,,,,,,,,,,,,,,,,,,,,,,,,,,,,,,,,,,,,,,,,,,,,,,,,,,,
"POLYGON ((-46.4983008 -23.5820188, -46.4983455 -23.5820083, -46.498409 -23.5819935, -46.4983541 -23.5819324, -46.4983105 -23.5819589, -46.4982879 -23.5819726, -46.4982795 -23.5819777, -46.4983008 -23.5820188))",,convenience,,,,,,,,,,,,,,,,,,,,,,,,,,,,,,,,,,,,,,,,,,,,,,,,,,,,,,,,,,,pmsp,,,,,,,,,,,,,,,,,,,,,,,,,,,,,,,,,,,,yes,,,,,,,,,,,,,,,,,,,,,3.0,,,,,,,,,,,,,,,,,,,,,,,,,,,,,,,,,,,,,,,,,,,,,,,,,,,,,,,,,,,,,,
"POLYGON ((-46.4668176 -23.5612907, -46.4668298 -23.5611595, -46.4667199 -23.5611521, -46.4667548 -23.5609424, -46.4660489 -23.5608389, -46.4659862 -23.5611929, -46.4664025 -23.5612518, -46.4665594 -23.561274, -46.4666312 -23.5612842, -46.4668165 -23.5612907, -46.4668176 -23.5612907))",,supermarket,,,,,,,,,,,,,,,,,,,,,,,,,,,,,,,,,,,,,,,,,,,,,,,,,,,,,,,,,,,pmsp,,,,,,,,,,,,,,,,,,,,,,,,,,,,,,,,,,,,yes,,,,,,,,,,,,,,,,,,,,,7.769,,,,,,,,,,,,,,,,,,,,,,,,,,,,,,,,,,,,,,,,,,,,,,,,,,,,,,,,,,,,,,
"POLYGON ((-46.4889246 -23.5514276, -46.4891159 -23.5509905, -46.4890608 -23.5509694, -46.4890771 -23.5509286, -46.4890167 -23.5509049, -46.4889995 -23.5509454, -46.488706 -23.5508369, -46.4885338 -23.5512377, -46.4885159 -23.5512793, -46.4885688 -23.5512985, -46.4889246 -23.5514276))",D’avó Itaquera,supermarket,,,,,,Mo-Sa 07:30-22:00; Su 08:00-20:00; PH 08:00-20:00,,,São Paulo,538,03589-000,Avenida Valdemar Tietz,Conjunto Habitacional Padre José de Anchieta,,,,,,,,D'avó,https://davo.com.br/nossos-enderecos/,yes,,,,+55 11 8899 7766;+55 11 2744 0938;+55 2744 0900,,yes,yes,,,,,,,,,,,,,,,,,,,,,,,"Conta com 90 vagas de estacionamento, lotérica, caixa eletrônico, ponto de táxi, farmácia",,,,,,pmsp,,,,,,,,,,,,,,,,,,,,,,,,,,,,,,,,,,,,retail,,,,,,,,yes,,,,,,,,,,,,,10.888,,,,,,,,,,,,,,,,,,,,,,,,,,,,,,,,,,,,,,,,,,,,,,,,,,,,,,,,,,,,,,
"POLYGON ((-46.7386031 -23.6233018, -46.7385524 -23.6234981, -46.7380701 -23.6233935, -46.7381207 -23.6231938, -46.7386031 -23.6233018))",Oba Hortifruti,supermarket,,,,,,,,,,,,,,,,,,,,,,,,,,,,,,,,,,,,,,,,,,,,,,,,,,,,,,,,,,,,,,,,,,,,,,,,,,,,,,,,,,,,,,,,,,,,,,,yes,,,,,,,,,,,,,,,,,,,,,,,,,,,,,,,,,,,,,,,,,,,,,,,,,,,,,,,,,,,,,,,,,,,,,,,,,,,,,,,,,,,
"POLYGON ((-46.6962187 -23.4493703, -46.6961084 -23.4493893, -46.6961222 -23.4495145, -46.696238 -23.4494817, -46.6962187 -23.4493703))",Mercado Conquista,convenience,,,,,,,,,São Paulo,53,02879-090,Rua Fortunato Devoto,Jardim Damasceno,,,,,,,,,,,,,,,,,,,,,,,,,,,,,,,,,,,,,,,,,,,,,,,,,,,,,,,,,,,,,,,,,,,,,,,,,,,,,,,,,,yes,,,,,,,,,,,,,,,,,,,,,5.5,,,,,,,,,,,,,,,,,,,,,,,,,,,,,,,,,,,,,,,,,,,,,,,,,,,,,,,,,,,,,,
"POLYGON ((-46.4613084 -23.6240635, -46.4613303 -23.6245708, -46.4607985 -23.6245901, -46.4607766 -23.6240828, -46.4613084 -23.6240635))",Rossi,supermarket,,,,,,,,,,,,,,,,,,,,,,,,,,,,,,,,,,,,,,,,,,,,,,,,,,,,,,,,,,,,,,,,,,,,,,,,,,,,,,,,,,,,,,,,,,,,,,,yes,,,,,,,,,,,,,,,,,,,,,,,,,,,,,,,,,,,,,,,,,,,,,,,,,,,,,,,,,,,,,,,,,,,,,,,,,,,,,,,,,,,
"POLYGON ((-46.7523991 -23.517805, -46.7524434 -23.5181471, -46.7520111 -23.5181878, -46.7519963 -23.5181319, -46.7518892 -23.5181438, -46.7518559 -23.5181116, -46.7518227 -23.5178236, -46.7518892 -23.5178168, -46.7518836 -23.5177762, -46.7523991 -23.517805))",Mercado Extra,supermarket,Mercado Extra,Q5422131,,,,,pt:Extra (rede varejista),,,,,Avenida dos Remédios,,,,,,,,,,,,,,,,,,,,,,,,,,,,,,,,,,,,,,,,,,,,,,,,,,,,,,,,,,,,,,,,,,,,,,,,,,,,,,,,,,,yes,,,,,,,,,,,,,,,,,,,,,,,,,,,,,,,,,,,,,,,,,,,,,,,,,,,,,,,,,,,,,,,,,,,,,,,,,,,,,,,,,,,
"POLYGON ((-46.7383408 -23.6208315, -46.7381832 -23.6208579, -46.7381575 -23.6207462, -46.7381681 -23.620802, -46.738167 -23.6208419, -46.7381937 -23.6209944, -46.7382116 -23.6210003, -46.7382309 -23.6210974, -46.7383886 -23.621071, -46.7383408 -23.6208315))",Pão de Açúcar Minuto,convenience,,,,,,Mo-Sa 07:00-22:00; Su 08:00-20:00,,,São Paulo,620,05642-001,Avenida José Galante,Vila Suzana,,,,,,,,,,yes,yes,yes,,+55 11 3552 6058,yes,yes,yes,,yes,,yes,yes,yes,,,,,,,,,,,,,,,,,,,,,,,,,,,,,,,,,,,,,,,,,,,,,,,,,,,,,,,,,,,yes,,,,,,,yes,,,,,,,,,,,,,,,,,,,,,,,,,,,,,,,,,,,,,,,,,,,,,,,,,,,,,,,,,,,,,,,,,,,,,,,,,,,,
"POLYGON ((-46.708433 -23.9068349, -46.708284 -23.9068047, -46.7082563 -23.9069188, -46.7083387 -23.9069355, -46.7083452 -23.9069089, -46.7084117 -23.9069224, -46.708433 -23.9068349))",Mercado do Japonês,convenience,,,,,,,,,,,,,,2025-09-27,,,,,,,,,,,,,,,,,,,,,,,,,,,,,,,,,,,,,,,,,,,,,,,,,,,,,,,,,,,,,,,,,,,,,,,,,,,,,,,,,yes,,,,,,,,,,,,,,,,,,,,,,,,,,,,,,,,,,,,,,,,,,,,,,,,,,,,,,,,,,,,,,,,,,,,,,,,,,,,,,,,,,,
"POLYGON ((-46.7888488 -23.6465504, -46.7884555 -23.6471655, -46.7886249 -23.6474031, -46.788945 -23.6472115, -46.788968 -23.6472383, -46.7891165 -23.6471483, -46.7891458 -23.6471713, -46.78924 -23.647108, -46.7888896 -23.6465801, -46.7888488 -23.6465504))",Mercadão Atacadista,supermarket,,,,,,,,,,22,,Rua Jaime Balmer,,,,,,,,,,https://www.mercadaoatacadista.com.br/,yes,yes,yes,,+55 11 3384 9592,,yes,yes,,,,,,,,,,,,,,,,,,,,,,,,,,,,gerenciapirajussara@mercadaoatacadista.com.br.,,,,,,,,,,,,,2016-11-11,,,,,,,,,,,,,,,,,,,,,,,,yes,,,,,,,,,,,,,,,,,,,,,,,,,,,,,,,,,,,,,,,,,,,,,,,,,,,,,,,,,+55 11 98807 1288,,,,,,,,,,,,,,,,,,,,,,,,,,
"POLYGON ((-46.5187982 -23.5307487, -46.5185603 -23.5306388, -46.5185237 -23.5307077, -46.5187555 -23.5308214, -46.5187982 -23.5307487))",Shell,convenience,Shell,Q110716465,,,,,,,,,,,,,,,,,,,,,,,,,,,,,,,,,,,,,,,,,,,,,,,,,,,,,,,,,,,,,,,,,,,,,,,,,,,,,,,,,,,,,,,,,,,,,house,,,,,,,,,,,,,,,,,,,,,,2,,,,,,,,,,,,,,,,,,,,,,,,,,,,,,,,,,,,,,,,,,,,,,,,,,,,,,,,,,,,,
"POLYGON ((-46.6678398 -23.6411259, -46.6676259 -23.6412955, -46.6674826 -23.6411582, -46.6676744 -23.6410107, -46.6677163 -23.6410309, -46.6677494 -23.641037, -46.6678398 -23.6411259))",Dia,supermarket,Dia,Q925132,,,,,es:Supermercados DIA,,,,,Rua Helade,,,,,,,,,,,,,,,,,,,,,,,,,,,,,,,,,,,,,,,,,,,,,,,,,,,,,,,,,,,,,,,,,,,,,,,,,,,,,,,,,,,supermarket,,,,,,,,,,,,,,,,,,,,,,,,,,,,,,,,,,,,,,,,,,,,,,,,,,,,,,,,,,,,,,,,,,,,,,,,,,,,,,,,,,,
"POLYGON ((-46.6740714 -23.6572336, -46.6739453 -23.6574891, -46.6737817 -23.6574203, -46.6739212 -23.6571795, -46.6740714 -23.6572336))",Dia,supermarket,Dia,Q925132,,,,,es:Supermercados DIA,,,,,Rua José Neves,,,,,,,,,,https://www.dia.com.br/,,,,,,,,,,,,,,,,,,,,,,,,,,,,,,,,,,,,,,,,,,,,,,,,,,,,,,,,,,,,,,,,,,,,,,,,,yes,,,,,,,,,,,,,,,,,,,,,,,,,,,,,,,,,,,,,,,,,,,,,,,,,,,,,,,,,,,,,,,,,,,,,,,,,,,,,,,,,,,
"POLYGON ((-46.602317 -23.4553058, -46.6023396 -23.4553229, -46.6025527 -23.4559673, -46.6025394 -23.4560028, -46.6024944 -23.4560292, -46.6013948 -23.4560587, -46.6013445 -23.4556736, -46.6015609 -23.4556197, -46.602272 -23.4553011, -46.602317 -23.4553058))",Ourinhos Hipermercado,supermarket,,,,,,Mo-Sa 07:00-22:00; Su 07:00-20:00; PH off,,,São Paulo,2698,,Rua Coronel Esdras de Oliveira,Tremenbé,,,,,,,,,https://ourinhoshiper.com.br/,yes,yes,yes,,+55 11 2997 0810,,yes,yes,,,,,,,,,,,,,,,,,,,,,,,,,,,,atendimento@ourinhoshiper.com.br,,,,,,,,,,,,,,,,,,,,,,,,,,,,,,,,,,,,,,,,,,,,,,,,,,,,,,,,,,,,,,,,,,,,,,,,,,,,,yes,,,,,,,,,,,,,,,,,+55 11 99466 5868,,,,,,,,,,,,,,,,,,,,,,,,,,
"POLYGON ((-46.5137574 -23.4965107, -46.5132425 -23.4964721, -46.5132169 -23.4967589, -46.51341 -23.4967734, -46.513395 -23.4969414, -46.5137168 -23.4969656, -46.5137574 -23.4965107))",Extra,supermarket,Extra,Q5422131,,,,Mo-Su 06:00-22:00,pt:Extra (rede varejista),,,,,Rua Doutor Assis Ribeiro,,,,,,,,,,,yes,,,,,,yes,yes,,,,,,,,,,,,,,,,,,,,,,,,,,,,,,,,,,,,,,,,,,,,,,,,,,,,,,,,,,,,,,,,,supermarket,,,,,,,,,,,,,,,,,,,,,,,,,,,,,,,,,,,,,,,,,,,,,,,,,,,,,,,,,,,,,,,,,,,,,,,,,,,,,,,,,,,
"POLYGON ((-46.5296684 -23.5527035, -46.5295769 -23.5527445, -46.5295494 -23.5526929, -46.5295212 -23.5527055, -46.5295057 -23.5526764, -46.529422 -23.5527139, -46.529373 -23.5526219, -46.5293473 -23.5526334, -46.5292746 -23.5524969, -46.5291876 -23.5525359, -46.5291687 -23.5525005, -46.5293971 -23.5523982, -46.5294152 -23.5524322, -46.5295028 -23.5523929, -46.5296684 -23.5527035))",Mercado Hortifruti União,supermarket,,,,,,,,,São Paulo,3434,03402-003,Avenida Conselheiro Carrão,Vila Carrão,,,,,,,,,,,,,,,,,,,,,,,,,,,,,,,,,,,,,,,,,,,,,,,,,,,,,,,,,,,,,,,,,,,,,,,,,,,,,,,,,,,,,,,,,,,,,,,,,,,,,,,,,,,,,,,,,,,,,,,,,,,,,,,,,,,,,,,,,,,,no,,,,,,,,,,,,,,,,,,,,,,,,,
"POLYGON ((-46.5310295 -23.5536203, -46.5308948 -23.5533918, -46.5307384 -23.5534763, -46.5307556 -23.5535025, -46.530725 -23.5535245, -46.5309694 -23.5536581, -46.5310295 -23.5536203))",Mercado Extra,supermarket,Mercado Extra,Q5422131,,,,,,,São Paulo,300,03433-000,Rua Taubaté,Vila Fernandes,,,,,,,,,,,,,,,,,,,,,,,,,,,,,,,,,,,,,,,,,,,,,,,,,,,,,,,,,,,,,,,,,,,,,,,,,,,,,,,,,,yes,,,,,,,,,,,,,,,,,,,,,,1,,,,,,,,,,,,,,,,,,,,,,,,,,,,,,,,,,,,no,,,,,,,,,,,,,,,,,,,,,,,,,
"POLYGON ((-46.5275534 -23.5510821, -46.5273135 -23.5511908, -46.5272548 -23.551082, -46.5269577 -23.5512166, -46.5268106 -23.5509439, -46.5270781 -23.5508228, -46.5270964 -23.5508569, -46.5273661 -23.5507347, -46.5275534 -23.5510821))",Assaí Atacadista,supermarket,Assaí Atacadista,Q28679415,,,,Mo-Su 07:00-22:00,,,São Paulo,42,,Rua Manilha,Vila Carrão,,,,,,,,,,,,,,,,,,,,,,,,,,,,,,,,,,,,,,,,,,,,yes,,,,,,,,,,,,,,,,,,,,,,,,,,,,,,,,,,,,,,,,,,,,,,,,,,,,,,,,,,,,,,,,,,,,,,,,,,,,,,,,,,,,,,,,,,,,,,,,,,,,,,,,,,,,,,,,,,,,,,,,,
"POLYGON ((-46.6406925 -23.6790168, -46.640929 -23.6791888, -46.6410122 -23.6795528, -46.640969 -23.6795472, -46.6409413 -23.67944, -46.6405637 -23.6791653, -46.6406925 -23.6790168))",Sacolão da Economia FL,supermarket,,,,,,,,,São Paulo,5156,,Avenida Cupecê,Jardim Miriam,,,,,,,,,,,,,,,,,,,,,,,,,,,,,,,,,,,,,,,,,,,,,,,,,,,,,,,,,,,,,,,,,,,,,,,,,,,,,,,,,,yes,,,,,,,,,,,,,,,,,,,,,,,,,,,,,,,,,,,,,,,,,,,,,,,,,,,,,,,,,,,,,,,,,,,,,,,,,,,,,,,,,,,
"POLYGON ((-46.6752932 -23.5922393, -46.6750545 -23.5921803, -46.6751457 -23.5918755, -46.6753844 -23.5919296, -46.6752932 -23.5922393))",Natural da Terra,supermarket,,,,,,Mo-Su 07:30-22:00,,,São Paulo,1351,04535-014,Rua João Cachoeira,Vila Nova Conceição,,,,,,,,,,yes,,,,,,yes,yes,,,,,,,,,,,,,,,,,,,,,,,,,,,,,,,,,,,,,,,,,,,,,,,,,,,,,,,,,,,,,,,,,yes,,,,,,,,,,,,,,,,,,,,,,,,,,,,,,,,,,,,,,,,,,,,,,,,,,,,,,,,,,,,,,,,,,,,,,,,,,,,,,,,,,,
"POLYGON ((-46.6774337 -23.5924308, -46.6770684 -23.5923334, -46.6769493 -23.5927164, -46.6773175 -23.5928046, -46.6774337 -23.5924308))",Pão de Açúcar,supermarket,Pão de Açúcar,Q3411543,,,,Mo-Su 07:00-23:00,pt:Pão de Açúcar (supermercado brasileiro),,São Paulo,955,04537-002,Rua Clodomiro Amazonas,Vila Nova Conceição,,,,,,,,,https://www.paodeacucar.com.br/,yes,,,,+55 11 3849 7928,,yes,yes,,,,,,,,,,,,,,,,,,,,,,,,,,,,,,,,,,,,,,,,,,,,,,,,,,,,,,,,,,,,,,,,,yes,,,,,,,,,,,,,,,,,,,,,,,,,,,,,,,,,,,,,,,,,,,,,,,,,,,,,,,,,,,,,,,,,,,,,,,,,,,,,,,,,,,
"POLYGON ((-46.673297 -23.5935805, -46.6738116 -23.593732, -46.6738922 -23.5937557, -46.6739482 -23.5935961, -46.6733529 -23.5934209, -46.673297 -23.5935805))",Dia,supermarket,Dia,Q925132,,,,,,,São Paulo,1050,,Avenida Santo Amaro,,,,,,,,,,,,,,,,,,,,,,,,,,,,,,,,,,,,,,,,,,,,,,,,,,,,,,,,,,,,,,,,,,,,,,,,,,,,,,,,,,,yes,,,,,,,,,,,,,,,,,,,,,8,,,,,,,,,,,,,,,,,,,,,,,,,,,,,,,,,,,,,,,,,,,,,,,,,,,,,,,,,,,,,,
"POLYGON ((-46.6768912 -23.5960423, -46.6770187 -23.5959712, -46.6770432 -23.5958901, -46.6770981 -23.5957087, -46.6766561 -23.595596, -46.676539 -23.5959495, -46.6768912 -23.5960423))",Pão de Açúcar,supermarket,Pão de Açúcar,Q3411543,,,,"Mo-Sa 07:00-22:00, Su 08:00-20:00",pt:Pão de Açúcar (supermercado brasileiro),,São Paulo,1308,04537-002,Rua Clodomiro Amazonas,Vila Nova Conceição,,,,,,,,,,yes,,,,,,yes,yes,,,,,,,,,,,,,,,,,,,,,,,,,,,,,,,,,,,,,,,,,,,,,,,,,,,,,,,,,,,,,,,,,,,,,,,,,,,,,,,,,,,,,,,,,,,,,,,,,,,,,,,,,,,,,,,,,,,,,,,,,,,,,,,,,,,,,,,,,,,,,,,,,,,,
"POLYGON ((-46.5991573 -23.479284, -46.5992526 -23.479448, -46.598456 -23.4794304, -46.5984432 -23.4794281, -46.5985094 -23.4793375, -46.598528 -23.4793493, -46.5985556 -23.4793603, -46.5986583 -23.479245, -46.5987326 -23.4792759, -46.5989715 -23.4792905, -46.5991573 -23.479284))",Comercial Esperança,supermarket,,,,,,Mo-Sa 08:00-22:00; Su 08:00-18:00,,,São Paulo,420,02265-001,Avenida Guapira,Tucuruvi,,,,,,,,,,,,,,,,,,,yes,,yes,,,,,,,,,,,,,,,,,,,,,,,,,,,,,,,,,,,,,,,,,,,,,,,,,,,,,,,,,,,,,yes,,,,,,,,,,,,,,,,,,,,,,,,,,,,,,,,,,,,,,,,,,,,,,,,,,,,,,,,,,,yes,,,,,,,,,,,,,,,,,,,,,,,,
"POLYGON ((-46.7390291 -23.6753545, -46.7389147 -23.6754572, -46.7390198 -23.6755684, -46.7391435 -23.6754999, -46.7390291 -23.6753545))",Mini Mercadinho,convenience,,,,,,"Mo-Sa 07:00-21:00; Su,PH off",,,,,,Rua Anhanduí-Mirim,,,,,,,,,,,,,,,,,,,,,,,,,,,,,,,,,,,,,,,,,,,,,,,,,,,,,,,,,,,,,,,,,,,,,,,,,,,,,,,,,,,yes,,,,,,,,,,,,,,,,,,,,,,,,,,,,,,,,,,,,,,,,,,,,,,,,,,,,,,,,,,,,,,,,,,,,,,,,,,,,,,,,,,,
"POLYGON ((-46.7013723 -23.494138, -46.7014428 -23.4942932, -46.7015671 -23.494293, -46.7016297 -23.4941433, -46.7013723 -23.494138))",Mini Extra,convenience,Mini Extra,Q5422131,,,,,pt:Extra (rede varejista),,São Paulo,448,02960-000,Rua João Cordeiro,,,,,,,,,,,,,,,,,,,,,,,,,,,,,,,,,,,,,,,,,,,,,,,,,,,,,,,,,,,,,,,,,,,,,,,,,,,,,,,,,,,yes,,,,,,,,,,,,,,,,,,,,,,,,,,,,,,,,,,,,,,,,,,,,,,,,,,,,,,,,,,,,,,,,,,,,,,,,,,,,,,,,,,,
"POLYGON ((-46.7221992 -23.4399572, -46.7215859 -23.4398727, -46.7214657 -23.4404456, -46.7217642 -23.4404998, -46.7221992 -23.4399572))",Roldão Atacadista,supermarket,,,,,,Mo-Su 08:00-22:00,,,,11701,02984-035,Avenida Raimundo Pereira de Magalhães,,,,,,,,,,https://www.roldao.com.br/,yes,yes,,,,,yes,yes,,,,,,,,,,,,,,,,,,,,+55 11 3942 7080,,,,,,,yes,televendas21@roldao.com.br,,,,,,,,,,,,,,,,,,,,,,,,,,,,,,,,,,,,,retail,,,,,,,,,,,,,,,,,,,,,12,,,,,,,,,,,,,,,,,,,,,,,,,,,,,,,,,,,,+55 11  99456 2800,,,,,,,,,,,,,,,,,,,,,,,,,,
"POLYGON ((-46.6451391 -23.6414093, -46.6448972 -23.6412214, -46.6448726 -23.6412552, -46.6447043 -23.6411251, -46.644629 -23.6412086, -46.6446588 -23.6412391, -46.6443572 -23.6416085, -46.6446097 -23.6418108, -46.6450374 -23.6416422, -46.6451233 -23.6415394, -46.6450672 -23.6414896, -46.6451391 -23.6414093))",Assaí Atacadista,supermarket,Assaí Atacadista,Q28679415,,,,,,,,,,Avenida Engenheiro George Corbisier,,,,,,,,,,,yes,yes,yes,,,,yes,yes,,,,,,,,,,,,,,,,,,,,,,,,,,,yes,,,,,,,,,,,,,,,,,,,,,,,,,,,,,,,,,,,,,,retail,,,,,,,,,,,,,,,,,,,,,,,,,,,,,,,,,,,,,,,,,,,,,,,,,,,,,,,,,,,,,,,,,,,,,,,,,,,,,,,,,,,
"POLYGON ((-46.7811543 -23.662204, -46.7808311 -23.6624484, -46.7805575 -23.6621548, -46.780355 -23.6620676, -46.7805065 -23.6619595, -46.78054 -23.6620013, -46.7808767 -23.6618539, -46.7811543 -23.6621634, -46.7811543 -23.662204))",Ricoy,supermarket,,,,,,,,,,,,,,,,,,,,,,,,,,,,,,,,,,,,,,,,,,,,,,,,,,,,,,,,,,,,,,,,,,,,,,,,,,,,,,,,,,,,,,,,,,,,,,,yes,,,,,,,,,,,,,,,,,,,,,,,,,,,,,,,,,,,,,,,,,,,,,,,,,,,,,,,,,,,,,,,,,,,,,,,,,,,,,,,,,,,
"POLYGON ((-46.6579955 -23.6664528, -46.6580192 -23.6665786, -46.6577066 -23.6666329, -46.6576923 -23.6665634, -46.6576592 -23.666507, -46.6576615 -23.6664832, -46.6579955 -23.6664528))",Mercado Extra,supermarket,Mercado Extra,Q5422131,,,,,pt:Extra (rede varejista),,,,,,,,,,,,,,,,,,,,,,,,,,,,,,,,,,,,,,,,,,,,,,,,,,,,,,,,,,,,,,,,,,,,,,,,,,,,,,,,,,,,,,,,supermarket,,,,,,,,,,,,,,,,,,,,,,,,,,,,,,,,,,,,,,,,,,,,,,,,,,,,,,,,,,,,,,,,,,,,,,,,,,,,,,,,,,,
"POLYGON ((-46.6059176 -23.5067121, -46.6058535 -23.5065932, -46.6058256 -23.5065414, -46.605808 -23.5065087, -46.6058058 -23.5065047, -46.6058012 -23.5064962, -46.6057152 -23.5063365, -46.6055562 -23.5064093, -46.6055432 -23.5064345, -46.605737 -23.5067941, -46.6057416 -23.506792, -46.6057869 -23.5067714, -46.6057996 -23.5067657, -46.6058827 -23.5067279, -46.6059176 -23.5067121))",Supermercado Chinen,supermarket,,,,,,,,,São Paulo,,02067-001,Rua Chico Pontes,Vila Guilherme,,,,,,,,,,,,,,,,,,,,,,,,,,,,,,,,,,,,,,,,,,,,,,pmsp,,,,,,,,,,,,,,,,,,,,,,,,,,,,,,,,,,,,yes,,,,,,,,,,,,,,,,,,,,,11.46,,,,,silver,hipped,,,,,,,,,,,,,,,,,,,,,,,,,,,,,,,,,,,,,,,,,,,,,,,,,,,,,,,,
"POLYGON ((-46.6046543 -23.5166671, -46.6046519 -23.5166629, -46.6046462 -23.516653, -46.604637 -23.5166371, -46.6046197 -23.5166449, -46.6045701 -23.5166671, -46.6044608 -23.5167159, -46.6044702 -23.5167325, -46.6044876 -23.5167634, -46.6045385 -23.5167408, -46.604529 -23.5167238, -46.6046197 -23.5166828, -46.6046543 -23.5166671))",Mercadinho Da Rê,convenience,,,,,,,,,São Paulo,724,02053-002,Avenida Guilherme,,,,,,,,,,,,,,,,,,,,,,,,,,,,,,,,,,,,,,,,,,,,,,,pmsp,,,,,,,,,,,,,,,,,,,,,,,,,,,,,,,,,,,,yes,,,,,,,,,,,,,,,,,,,,,10.096,,,,,,,,,,,,,,,,,,,,,,,,,,,,,,,,,,,,,,,,,,,,,,,,,,,,,,,,,,,,,,
"POLYGON ((-46.5809999 -23.5799993, -46.5810411 -23.5799201, -46.5810102 -23.5799065, -46.5810154 -23.5798966, -46.5810463 -23.5799102, -46.5811037 -23.5798, -46.5810144 -23.5797605, -46.5809106 -23.5799598, -46.5809999 -23.5799993))",Dia,supermarket,Dia,Q925132,,,,,es:Supermercados DIA,,São Paulo,466,03131-010,Rua Orfanato,Vila Prudente,2023-05-16,,,,,,,,https://www.dia.com.br,,,,,,,,,,,,,,,,,,,,,,,,,,,,,,,,,,,,,pmsp,,,,,,,,,,,,,,,,,,,,,,,,,,,,,,,,,,,,yes,,,,,,,,,,,,,,,,,,,,,4.557,,,,,,,,,,,,,,,,,,,,,,,,,,,,,,,,,,,,,,,,,,,,,,,,,,,,,,,,,,,,,,
"POLYGON ((-46.5802717 -23.587981, -46.5802752 -23.5879663, -46.580291 -23.5878998, -46.5802522 -23.5878919, -46.5802536 -23.5878861, -46.5802376 -23.5878829, -46.5802066 -23.5878766, -46.5802005 -23.5879007, -46.5801892 -23.5879455, -46.5801981 -23.5879663, -46.5802717 -23.587981))",,convenience,,,,,,,,,São Paulo,406,03138-001,Rua Doutor Roberto Feijó,Parque da Vila Prudente,,,,,,,,,,,,,,,,,,,,,,,,,,,,,,,,,,,,,,,,,,,,,,pmsp,,,,,,,,,,,,,,,,,,,,,,,,,,,,,,,,,,,,yes,,,,,,,,,,,,,,,,,,,,,5.27,,,,,,,,,,,,,,,,,,,,,,,,,,,,,,,,,,,,,,,,,,,,,,,,,,,,,,,,,,,,,,
"POLYGON ((-46.5774842 -23.5067735, -46.5774927 -23.5067682, -46.577461 -23.5067235, -46.5774214 -23.5066856, -46.5772989 -23.5065683, -46.5771337 -23.5064101, -46.5768586 -23.5066554, -46.5769491 -23.5068004, -46.576953 -23.5068068, -46.5770763 -23.5070042, -46.5771951 -23.5069168, -46.5771725 -23.5068969, -46.5772248 -23.5068589, -46.5772984 -23.5068055, -46.5773683 -23.5067548, -46.5773926 -23.5067777, -46.5774148 -23.5068169, -46.5774842 -23.5067735))",Precito,supermarket,,,,,,,,,São Paulo,40,02124-030,Praça Nippon,Jardim Japão,,,,,,,,,,,,,,,,,,,,,,,,,,,,,,,,,,,,,,,,,,,,,,pmsp,,,,,,,,,,,,,,,,,,,,,,,,,,,,,,,,,,,,yes,,,,,,,,,,,,,,,,,,,,,17.626,,,,,,,,,,,,,,,,,,,,,,,,,,,,,,,,,,,,,,,,,,,,,,,,,,,,,,,,,,,,,,
"POLYGON ((-46.5880106 -23.5006125, -46.5881068 -23.500581, -46.588089 -23.5005358, -46.5880407 -23.5004125, -46.5879849 -23.5002703, -46.5878503 -23.5002564, -46.5878655 -23.5002906, -46.5879757 -23.5002838, -46.5879865 -23.5003116, -46.5878847 -23.5003335, -46.587901 -23.50037, -46.5880106 -23.5006125))",Mini Mercado Extra,convenience,,,,,,,,,São Paulo,1891,02127-001,Avenida Alberto Byington,Vila Maria Alta,,,,,,,,,,,,,,,,,,,,,,,,,,,,,,,,,,,,,,,,,,,,,,pmsp,,,,,,,,,,,,,,,,,,,,,,,,,,,,,,,,,,,,yes,,,,,,,,,,,,,,,,,,,,,5.901,,,,,,,,,,,,,,,,,,,,,,,,,,,,,,,,,,,,,,,,,,,,,,,,,,,,,,,,,,,,,,
"POLYGON ((-46.5937523 -23.5103709, -46.5937152 -23.5103232, -46.5936635 -23.5103581, -46.5936696 -23.5103646, -46.5936816 -23.5103731, -46.5936972 -23.5103794, -46.5937152 -23.5103813, -46.5937302 -23.510379, -46.5937523 -23.5103709))",Blue Point,convenience,,,,,,,,,São Paulo,129 L1,02120-000,Rua Curuçá,,,,,,,,,,,,,,,,,,,,,,,,,,,,,,,,,,,,,,,,,,,,,,,pmsp,,,,,,,,,,,,,,,,,,,,,,,,,,,,,,,,,,,,yes,,,,,,,,,,,,,,,,,,,,,6.657,,,,,,,,,,,,,,,,,,,,,,,,,,,,,,,,,,,,,,,,,,,,,,,,,,,,,,,,,,,,,,
"POLYGON ((-46.5853152 -23.5176403, -46.5852761 -23.5176669, -46.5852557 -23.5176413, -46.5851367 -23.5177223, -46.5853437 -23.517981, -46.5855159 -23.5178638, -46.5853506 -23.5176573, -46.5853365 -23.5176669, -46.5853152 -23.5176403))",Da Granja,supermarket,,,,,,,,,São Paulo,1215,02115-001,Rua Amambaí,Vila Maria,,,,,,,,,,,,,,,,,,,,,,,,,,,,,,,,,,,,,,,,,,,,,,pmsp,,,,,,,,,,,,,,,,,,,,,,,,,,,,,,,,,,,,yes,,,,,,,,,,,,,,,,,,,,,12.666,,,,,grey,gabled,,,,,,,,,,,,,,,,,,,,,,,,,,,,,,,,,,,,,,,,,,,,,,,,,,,,,,,,
"POLYGON ((-46.5314778 -23.6017567, -46.5313881 -23.6018071, -46.5313879 -23.6017816, -46.5312512 -23.6018452, -46.5311987 -23.6017609, -46.530583 -23.6021308, -46.5306015 -23.6021518, -46.5305042 -23.6022033, -46.5305379 -23.6022659, -46.5304782 -23.6023006, -46.5307503 -23.6027251, -46.5307631 -23.6027171, -46.5308049 -23.6027963, -46.5312756 -23.6025426, -46.5312753 -23.6025268, -46.5312971 -23.6025103, -46.531369 -23.6023508, -46.5313952 -23.6023313, -46.5314289 -23.6022217, -46.5314605 -23.6021993, -46.5315286 -23.6019823, -46.5315826 -23.6019141, -46.5314778 -23.6017567))",D'avó Supermercado,supermarket,,,,,,,,,,4500,03220-200,Avenida do Oratório,,,,,,,,,,,yes,,,,+55 11 2718 6800,,yes,yes,,,,,,,,,,,,,,,,,,,,,,,,,,,,,pmsp,,,,,,,,,,,,,,,,,,,,,,,,,,,,,,,,,,,,yes,,,,,,,,,,,,,,,,,,,,,16.21,,,,,,,,,,,,,,,,,,yes,,,,,,,,,,,,,,,,,,,,,,,,,,,,,,,,,,,,,,,,,,,,
"POLYGON ((-46.5465944 -23.5926004, -46.5465115 -23.5926429, -46.5465239 -23.5926623, -46.546536 -23.5926814, -46.5465511 -23.5926732, -46.5465684 -23.5927003, -46.5465532 -23.5927085, -46.5465621 -23.5927225, -46.5465796 -23.5927501, -46.5465896 -23.5927447, -46.5466158 -23.5927858, -46.5466838 -23.5927486, -46.5466628 -23.5927138, -46.5465944 -23.5926004))",Supermercado Frimar,supermarket,,,,,,,,,,,,,,,,,,,,,,,,,,,,,,,,,,,,,,,,,,,,,,,,,,,,,,,,,,,pmsp,,,,,,,,,,,,,,,,,,,,,,,,,,,,,,,,,,,,yes,,,,,,,,,,,,,,,,,,,,,9.082,,,,,,,,,,,,,,,,,,,,,,,,,,,,,,,,,,,,,,,,,,,,,,,,,,,,,,,,,,,,,,
"POLYGON ((-46.5469097 -23.5942262, -46.5468963 -23.5942399, -46.5468459 -23.5942917, -46.5468584 -23.594302, -46.5468278 -23.5943333, -46.5468153 -23.594323, -46.546811 -23.5943274, -46.5467876 -23.5943514, -46.5468004 -23.594362, -46.5467665 -23.5943968, -46.5467537 -23.5943862, -46.5467105 -23.5944305, -46.5467755 -23.5944843, -46.5468663 -23.594392, -46.5469465 -23.5943106, -46.5469156 -23.5942399, -46.5469097 -23.5942262))",Mercado Dourado's,supermarket,,,,,,,,,,,,,,,,,,,,,,,,,,,,,,,,,,,,,,,,,,,,,,,,,,,,,,,,,,,pmsp,,,,,,,,,,,,,,,,,,,,,,,,,,,,,,,,,,,,yes,,,,,,,,,,,,,,,,,,,,,11.453,,,,,,,,,,,,,,,,,,,,,,,,,,,,,,,,,,,,,,,,,,,,,,,,,,,,,,,,,,,,,,
"POLYGON ((-46.5724612 -23.5355269, -46.5725012 -23.5356283, -46.5727318 -23.5355641, -46.5726587 -23.5353667, -46.5724833 -23.5354105, -46.5724214 -23.5354259, -46.5724612 -23.5355269))",Dia,supermarket,Dia,Q925132,,,,,,,São Paulo,4097,03063-000,Avenida Celso Garcia,,,,,,,,,,,,,,,,,,,,,,,,,,,,,,,,,,,,,,,,,,,,,,,pmsp,,,,,,,,,,,,,,,,,,,,,,,,,,,,,,,,,,,,yes,,,,,,,,,,,,,,,,,,,,,6.074,,,,,,,,,,,,,,,,,,,,,,,,,,,,,,,,,,,,,,,,,,,,,,,,,,,,,,,,,,,,,,
"POLYGON ((-46.559367 -23.5445449, -46.5593587 -23.5445797, -46.5595304 -23.544612, -46.5595767 -23.5444216, -46.5595577 -23.5443959, -46.5595245 -23.5443893, -46.5594646 -23.5443775, -46.5594092 -23.5443665, -46.5593884 -23.5444543, -46.559367 -23.5445449))",Dia,supermarket,Dia,Q925132,,,,,es:Supermercados DIA,,São Paulo,1508,03319-001,Rua Cantagalo,,,,,,,,,,,,,,,,,,,,,,,,,,,,,,,,,,,,,,,,,,,,,,,pmsp,,,,,,,,,,,,,,,,,,,,,,,,,,,,,,,,,,,,yes,,,,,,,,,,,,,,,,,,,,,4.36,,,,,,,,,,,,,,,,,,,,,,,,,,,,,,,,,,,,,,,,,,,,,,,,,,,,,,,,,,,,,,
"POLYGON ((-46.5272244 -23.5339704, -46.5272742 -23.5339407, -46.5271894 -23.5338198, -46.5271412 -23.5338485, -46.5272244 -23.5339704))",Oxxo,convenience,Oxxo,Q1342538,,,,,,,São Paulo,177,03511-000,Rua José Manuel da Fonseca Júnior,,,,,,,,,,,,,,,,,,,,,,,,,,,,,,,,,,,,,,,,,,,,,,,pmsp,,,,,,,,,,,,,,,,,,,,,,,,,,,,,,,,,,,,yes,,,,,,,,,,,,,,,,,,,,,3.33,,,,,,,,,,,,,,,,,,,,,,,,,,,,,,,,,,,,,,,,,,,,,,,,,,,,,,,,,,,,,,
"POLYGON ((-46.5434785 -23.5225655, -46.5434632 -23.5226747, -46.5434568 -23.5227203, -46.5434158 -23.5230127, -46.5434964 -23.5230224, -46.5435941 -23.5230341, -46.5436027 -23.5229711, -46.5436084 -23.5229292, -46.5436169 -23.5228669, -46.543621 -23.5228369, -46.5436224 -23.5228269, -46.5436253 -23.5228055, -46.5436311 -23.5227626, -46.5436369 -23.5227202, -46.5436454 -23.5226575, -46.5436504 -23.5226209, -46.5436555 -23.5225836, -46.5436156 -23.5225795, -46.543613 -23.5226013, -46.5435456 -23.5225944, -46.5435482 -23.5225726, -46.5434785 -23.5225655))",Cobal,supermarket,,,,,,,,,São Paulo,119,,Avenida Amador Bueno da Veiga,Penha,,,,,,,,,,,,,,,,,,,,,,,,,,,,,,,,,,,,,,,,,,,,,,pmsp,,,,,,,,,,,,,,,,,,,,,,,,,,,,,,,,,,,,yes,,,,,,,,,,,,,,,,,,,,,7.299,,,,,,,,,,,,,,,,,,,,,,,,,,,,,,,,,,,,,,,,,,,,,,,,,,,,,,,,,,,,,,
"POLYGON ((-46.532128 -23.5224446, -46.5321297 -23.5224298, -46.5320779 -23.5224203, -46.5319856 -23.5224033, -46.5319914 -23.5223161, -46.5319951 -23.5222601, -46.5319984 -23.5222086, -46.532002 -23.5221537, -46.531942 -23.522154, -46.5318642 -23.5221545, -46.5317754 -23.522155, -46.5317545 -23.5221551, -46.5317131 -23.5221553, -46.5317203 -23.5220843, -46.5317214 -23.5220727, -46.5317259 -23.5220274, -46.5317321 -23.5219657, -46.531742 -23.5218667, -46.5317025 -23.521863, -46.5315229 -23.5218558, -46.5314688 -23.5223901, -46.5317025 -23.5224074, -46.532128 -23.5224446))",Extra,supermarket,Extra,Q5422131,,,,,pt:Extra (rede varejista),,São Paulo,1355,03635-001,Avenida Amador Bueno da Veiga,,,,,,,,,,,,,,,,,,,,,,,,,,,,,,,,,,,,,,,,,,,,,,,pmsp,,,,,,,,,,,,,,,,,,,,,,,,,,,,,,,,,,,,supermarket,,,,,,,,,,,,,,,,,,,,,5.14,,,,,,,,,,,,,,,,,,,,,,,,,,,,,,,,,,,,,,,,,,,,,,,,,,,,,,,,,,,,,,
"POLYGON ((-46.4766058 -23.514207, -46.4765991 -23.5142061, -46.4764065 -23.5141818, -46.476388 -23.5143567, -46.4765777 -23.5143779, -46.4765791 -23.5143673, -46.4765846 -23.5143679, -46.4766058 -23.514207))",Dia,supermarket,Dia,Q925132,,,,,,,São Paulo,3592,,Avenida Águia de Haia,,,,,,,,,,,,,,,,,,,,,,,,,,,,,,,,,,,,,,,,,,,,,,,pmsp,,,,,,,,,,,,,,,,,,,,,,,,,,,,,,,,,,,,yes,,,,,,,,,,,,,,,,,,,,,6.21,,,,,,,,,,,,,,,,,,,,,,,,,,,,,,,,,,,,,,,,,,,,,,,,,,,,,,,,,,,,,,
"POLYGON ((-46.4570803 -23.4952203, -46.4571085 -23.495223, -46.4571407 -23.4949341, -46.4569626 -23.4949098, -46.4569945 -23.4946287, -46.4571723 -23.4946454, -46.4571966 -23.4944279, -46.4562458 -23.4943348, -46.4561825 -23.4947459, -46.4561558 -23.4949859, -46.4561317 -23.4952031, -46.4561689 -23.4952066, -46.4561687 -23.4952087, -46.4561606 -23.4952814, -46.4561493 -23.4953818, -46.4561915 -23.4955695, -46.4567495 -23.4956263, -46.4568656 -23.4956209, -46.4568802 -23.4954938, -46.4569251 -23.4952289, -46.4569326 -23.4952006, -46.457037 -23.4952162, -46.4570451 -23.495217, -46.4570803 -23.4952203))",Atacadão,supermarket,Atacadão,Q2868739,,,,,,,,,,,,,,,,,,,,https://www.atacadao.com.br/,,,,,,,,,,,,,,,,,,,,,,,,,,,,,,,,,,,yes,,pmsp,,,,,,,,,,,,,,,,,,,,,,,,,,,,,,,,,,,,yes,,,,,,,,,,,,,,,,,,,,,11.678,,,,,,,,,,,,,,,,,,,,,,,,,,,,,,,,,,,,,,,,,,,,,,,,,,,,,,,,,,,,,,
"POLYGON ((-46.4788902 -23.4864712, -46.4788889 -23.4864801, -46.4788826 -23.4864793, -46.4788616 -23.4865809, -46.4788498 -23.4866383, -46.4788357 -23.4867065, -46.4789279 -23.4867218, -46.478913 -23.486791, -46.4790323 -23.4868109, -46.4790298 -23.4868273, -46.4792322 -23.4868593, -46.4793113 -23.4868696, -46.4793667 -23.4865529, -46.4791162 -23.4865146, -46.4790205 -23.4864999, -46.4789841 -23.4864944, -46.4789853 -23.4864865, -46.4788902 -23.4864712))",Nagumo,supermarket,,,,,,Mo-Su 08:00-22:00,,,São Paulo,2226,03814-110,Avenida Paranaguá,Ermelino Matarazzo,,,,,,,,Nagumo,,yes,,,,01125422770,,yes,yes,,,,,,,,,,,,,,,,,,,,,,,,,,,,,pmsp,,,,,,,,,,,,,yes,,,,,yes,,,,,,,,,,,,,,,,yes,,yes,,,,,,,,,,,,,,,,,,,,,10.942,,,,,,,,,,,,,,,,,,,,,,,,,,,,,,,,,,,,,,,yes,,,,,,,,,,,,,,,,,,,,,,,
"POLYGON ((-46.4743142 -23.5008714, -46.4743004 -23.5009084, -46.4743156 -23.5009131, -46.4743024 -23.5009489, -46.4743874 -23.5009752, -46.4744031 -23.5009331, -46.4744057 -23.5009277, -46.474407 -23.5009202, -46.4744074 -23.5009124, -46.4744069 -23.5009047, -46.4744056 -23.5008984, -46.4744038 -23.5008916, -46.4744005 -23.5008823, -46.4743941 -23.5008728, -46.474356 -23.5008655, -46.4743514 -23.5008753, -46.4743142 -23.5008714))",Mercado da Praça,convenience,,,,,,,,,São Paulo,163,03807320,Avenida Manoel dos Santos Braga,Vila Paranaguá,,,,,,,,local,,,,,,,,,,,,,,,,,,,,,,,,,,,,,,,,,,,,,,pmsp,,,,,,,,,,,,,,,,,,,,,,,,,,,,,,,,,,,,yes,,,,,,,,,,,,,,,,,,,,,6.421,,,,,,,,,,,,,,,,,,,,,,,,,,,,,,,,,,,,,,,,,,,,,,,,,,,,,,,,,,,,,,
"POLYGON ((-46.504123 -23.4878132, -46.5041146 -23.4878168, -46.5039862 -23.48787, -46.5039086 -23.4879022, -46.5038561 -23.487924, -46.503814 -23.4879415, -46.5037103 -23.487992, -46.5038999 -23.4883924, -46.5043142 -23.4882159, -46.504123 -23.4878132))",Supermercado Rossi,supermarket,,,,,,,,,,5800,,Rua Doutor Assis Ribeiro,,,,,,,,,,,,,,,,,,,,,,,,,,,,,,,,,,,,,,,,,,,,,,,pmsp,,,,,,,,,,,,,,,,,,,,,,,,,,,,,,,,,,,,yes,,,,,,,,,,,,,,,,,,,,,7.03,,,,,,,,,,,,,,,,,,,,,,,,,,,,,,,,,,,,,,,,,,,,,,,,,,,,,,,,,,,,,,
"POLYGON ((-46.5063488 -23.5147328, -46.5062379 -23.5148808, -46.5064754 -23.5150257, -46.5065313 -23.5149511, -46.5065852 -23.5148793, -46.5063488 -23.5147328))",Mini Extra,convenience,,,,,,,,,,,,,,,,,,,,,,,,,,,,,,,,,,,,,,,,,,,,,,,,,,,,,,,,,,,pmsp,,,,,,,,,,,,,,,,,,,,,,,,,,,,,,,,,,,,yes,,,,,,,,,,,,,,,,,,,,,8.088,,,,,,,,,,,,,,,,,,,,,,,,,,,,,,,,,,,,,,,,,,,,,,,,,,,,,,,,,,,,,,
"POLYGON ((-46.4097311 -23.5820141, -46.4098338 -23.5818717, -46.4095136 -23.5816777, -46.4094672 -23.5818543, -46.4094844 -23.5818647, -46.4097311 -23.5820141))",Dia,supermarket,Dia,Q925132,,,,Mo-Fr 08:00-19:00; Sa 08:00-14:00,,,São Paulo,461,08490-490,Avenida Souza Ramos,,,,,,,,,,,,,,,,,,,,,,,,,,,,,,,,,,,,,,,,Dia Supermercado,,,,,,,,,,,,,,,,,,,,,,,,,,,,,,,,,,,,,,,,,,,supermarket,,,,,,,,,,,,,,,,,,,,,,,,,,,,,,,,,,,,,,,,,,,,,,,,,,,,,,,,,,,,,,,,,,,,,,,,,,,,,,,,,,,
"POLYGON ((-46.6632087 -23.6472707, -46.6632777 -23.6471346, -46.6632538 -23.6471233, -46.6632733 -23.6470824, -46.663194 -23.6470451, -46.6631554 -23.6470544, -46.663127 -23.6470749, -46.6631159 -23.6471125, -46.6631331 -23.6471661, -46.6631778 -23.6472499, -46.6632087 -23.6472707))",Minuto Pão de Açúcar,supermarket,,,,,,,,,,,,,,,,,,,,,,,,,,,,,,,,,,,,,,,,,,,,,,,,,,,,,,,,,,,,,,,,,,,,,,,,,,,,,,,,,,,,,,,,,,,,,,,yes,,,,,,,,,,,,,,,,,,,,,,,,,,,,,,,,,,,,,,,,,,,,,,,,,,,,,,,,,,,,,,,,,,,,,,,,,,,,,,,,,,,
"POLYGON ((-46.7640591 -23.7275341, -46.7637706 -23.7274698, -46.7636301 -23.7278489, -46.7640256 -23.7278904, -46.7640591 -23.7275341))",Mercado Polvo,supermarket,,,,,,,,,,,,,Cidade Ipava,,,,,,,,,,,,,,,,,,,,,,,,,,,,,,,,,,,,,,,,,,,,,,,,,,,,,,,,,,,,,,,,,,,,,,,,,,,,,,,,,,yes,,,,,,,,,,,,,,,,,,,,,,,,,,,,,,,,,,,,,,,,,,,,,,,,,,,,,,,,,,,,,,,,,,,,,,,,,,,,,,,,,,,
"POLYGON ((-46.7459232 -23.7017428, -46.7459548 -23.7018362, -46.7459109 -23.7018378, -46.7458739 -23.7017492, -46.7459232 -23.7017428))",,convenience,,,,,,,,,,,,,,,,,,,,,,,,,,,,,,,,,,,,,,,,,,,,,,,,,,,,,,,,,,,,,,,,,,,,,,,,,,,,,,,,,,,,,,,,,,,,,,,yes,,,,,,,,,,,,,,,,,,,,,,,,,,,,,,,,,,,,,,,,,,,,,,,,,,,,,,,,,,,,,,,,,,,,,,,,,,,,,,,,,,,
"POLYGON ((-46.7145427 -23.7866919, -46.7145764 -23.7867778, -46.7143754 -23.7868506, -46.7143537 -23.7867746, -46.7145427 -23.7866919))",,supermarket,,,,,,,,,,,,,,,,,,,,,,,,,,,,,,,,,,,,,,,,,,,,,,,,,,,,,,,,,,,,,,,,,,,,,,,,,,,,,,,,,,,,,,,,,,,,,,,yes,,,,,,,,,,,,,,,,,,,,,,,,,,,,,,,,,,,,,,,,,,,,,,,,,,,,,,,,,,,,,,,,,,,,,,,,,,,,,,,,,,,
"POLYGON ((-46.7048559 -23.5316836, -46.7048142 -23.5316792, -46.7046715 -23.5316642, -46.7046491 -23.5316618, -46.7046197 -23.5316587, -46.7046113 -23.5316856, -46.7045313 -23.5316801, -46.7045215 -23.5317578, -46.704841 -23.5317926, -46.7048559 -23.5316836))",Minuto Pão de Açuucar,convenience,,,,,,,,,São Paulo,422,05056-000,Rua Tonelero,,,,,,,,,,,,,,,,,,,,,,,,,,,,,,,,,,,,,,,,,,,,,,,,,,,,,,,,,,,,,,,,,,,,,,,,,,,,,,,,,,,yes,,,,,,,,,,,,,,,,,,,,,6,,,,,,,,,,,,,,,,,,,,,,,,,,,,,,,,,,,,,,,,,,,,,,,,,,,,,,,,,,,,,,
"POLYGON ((-46.7039269 -23.6500277, -46.7039824 -23.6501065, -46.7037868 -23.650222, -46.7037314 -23.6501432, -46.7039269 -23.6500277))",Carrefour Express,convenience,Carrefour Express,Q2940190,,,,,fr:Carrefour Express,,,,,,,2024-02-03,,,,,,,,,,,,,,,,,,,,,,,,,,,,,,,,,,,,,,,,,,,,,,,,,,,,,,,,,,,,,,,,,,,,,,,,,,,,,,,,,yes,,,,,,,,,,,,,,,,,,,,,,,,,,,,,,,,,,,,,,,,,,,,,,,,,,,,,,,,,,,,,,,,,,,,,,,,,,,,,,,,,,,
"POLYGON ((-46.6500628 -23.8777361, -46.6500812 -23.8777822, -46.6499823 -23.8778151, -46.6500098 -23.8778841, -46.6501296 -23.8778441, -46.650147 -23.8778877, -46.6499283 -23.8779607, -46.649865 -23.8778021, -46.6500628 -23.8777361))",,convenience,,,,,,,,,,,,,,,,,,,,,,,,,,,,,,,,,,,,,,,,,,,,,,,,,,,,,,,,,,,,,,,,,,,,,,,,,,,,,,,,,,,,,,,,,,,,,,,yes,,,,,,,,,,,,,,,,,,,,,,,,,,,,,,,,,,,,,,,,,,,,,,,,,,,,,,,,,,,,,,,,,,,,,,,,,,,,,,,,,,,
"POLYGON ((-46.6925308 -23.5605257, -46.6924366 -23.5606613, -46.692322 -23.560819, -46.6923973 -23.5608635, -46.6923115 -23.5609864, -46.6922906 -23.5610163, -46.6923476 -23.5610509, -46.6923703 -23.5610216, -46.6924133 -23.56096, -46.6924292 -23.5609373, -46.6924564 -23.5608983, -46.6925171 -23.5609341, -46.6925778 -23.5609699, -46.6925592 -23.5609964, -46.6925371 -23.5610277, -46.6924873 -23.5610985, -46.6924697 -23.5611234, -46.6925278 -23.5611571, -46.6926148 -23.5612076, -46.6927073 -23.5612513, -46.6927431 -23.5612557, -46.6927713 -23.5612519, -46.6926993 -23.561114, -46.6928343 -23.5609078, -46.693227 -23.5607912, -46.6931769 -23.5606547, -46.6930881 -23.5604126, -46.6930257 -23.5602425, -46.6929618 -23.560068, -46.6929483 -23.5600598, -46.692919 -23.5600536, -46.6928707 -23.5600618, -46.6928318 -23.5600983, -46.6928235 -23.5601061, -46.6927965 -23.5601319, -46.6927628 -23.5601718, -46.6926791 -23.5603026, -46.6926394 -23.5603647, -46.6926651 -23.5604361, -46.6926765 -23.5604676, -46.6927146 -23.5605733, -46.6927395 -23.5606529, -46.692703 -23.5606307, -46.6925308 -23.5605257))",Supermercados Mambo,supermarket,,,,,,,,,São Paulo,553,05418-001,Rua Deputado Lacerda Franco,,2025-07-27,,,,,,,,,,,,,,,,,,,,,,,,,,,,,,,,,,,,,,,,,,,,,,,,,,,,,,,,,,,,,,,,,,,,,,,,,,,,,,,,,,,,,,,,,,,,,,,,,,,,,,,,,,,,,,,,,,,,,,,,,,,,,,,,,,,,,,,,,,,,,,yes,,,,,,,,,,,,,,,,,,,,,,
"POLYGON ((-46.6777224 -23.6922403, -46.6776733 -23.6917961, -46.6768168 -23.6916542, -46.6767335 -23.6920562, -46.6777224 -23.6922403))",Ricoy,supermarket,,,,,,,,,,,,,,,,,,,,,,,,,,,,,,,,,,,,,,,,,,,,,,,,,,,,,,,,,,,,,,,,,,,,,,,,,,,,,,,,,,,,,,,,,,,,,,,,,,,,,,,,,,,,,,,,,,,,,,,,,,,,,,,,,,,,,,,,,,,,,,,,,,,,,,,,,,,,,,,,,,,,,,,,,,,,,,,,,,
"POLYGON ((-46.5810391 -23.5537225, -46.5810023 -23.5537529, -46.5809489 -23.5537971, -46.580796 -23.5539237, -46.5809887 -23.5541208, -46.5811203 -23.5542553, -46.5811874 -23.5543239, -46.5813363 -23.5542008, -46.5814074 -23.5541421, -46.5812048 -23.5539469, -46.5812207 -23.5539342, -46.5812408 -23.553918, -46.581112 -23.5537932, -46.5810647 -23.5537473, -46.5810391 -23.5537225))",,supermarket,,,,,,Mo-Sa 08:00-21:00; Su 08:00-14:00,,,São Paulo,102,03179-070,Rua Barão de Penedo,,,,,,,,,,,,,,,+55 11 2601-0478;+55 11 2601-2066,,,,,,,,,,,,,,,,,,,,,,,,,,,,,,,,,,,,,,,,,,,,,,,,,,,,,,,,,,,,,,,,,,,,,,,,,,,,,,,,,,,,,,,,,,,,,,,,,,,,,,,,,,,,,,,,,,,,,,,,,,,,,,,,,yes,,,,,,,,,,,,,,,,,,,,,,
"POLYGON ((-46.6228361 -23.4875986, -46.6227998 -23.4875716, -46.6227608 -23.4875424, -46.6227093 -23.4875042, -46.6225375 -23.4876961, -46.6225578 -23.4877114, -46.6226278 -23.4877644, -46.6226433 -23.4877761, -46.6226702 -23.4877965, -46.6227118 -23.4878279, -46.6229086 -23.4876527, -46.6228732 -23.4876263, -46.6228361 -23.4875986))",Dia,supermarket,Dia,Q925132,,,,,es:Supermercados DIA,,São Paulo,77,02332-020,Rua Maestro João Gomes de Araújo,,,,,,,,,,,,,,,,,,,,,,,,,,,,,,,,,,,,,,,,,,,,,,,,,,,,,,,,,,,,,,,,,,,,,,,,,,,,,,,,,,,yes,,,,,,,,,,,,,,,,,,,,,13,,,,,,,,,,,,,,,,,,,,,,,,,,,,,,,,,,,,,,,,,,,,,,,,,,,,,,,,,,,,,,
"POLYGON ((-46.7514707 -23.5082455, -46.7514125 -23.5086211, -46.7513125 -23.5086097, -46.7513718 -23.50823, -46.7514215 -23.5082378, -46.7514707 -23.5082455))",Sabores HortiFruti,convenience,,,,,,,,,São Paulo,449,05114-000,Avenida Cândido Portinari,,,,,,,,,,,,,,,,,,,,,,,,,,,,,,,,,,,,,,,,,,,,,,,,,,,,,,,,,,,,,,,,,,,,,,,,,,,,,,,,,,,yes,,,,,,,,,,,,,,,,,,,,,,,,,,,,,,,,,,,,,,,,,,,,,,,,,,,,,,,,,,,,,,,,,,,,,,,,,,,,,,,,,,,
"POLYGON ((-46.6389823 -23.4806026, -46.6389175 -23.4805496, -46.6388634 -23.4806052, -46.6388349 -23.4805785, -46.6388029 -23.4806083, -46.638721 -23.4806843, -46.6387291 -23.4806914, -46.6388236 -23.4807686, -46.6388894 -23.4807009, -46.6389037 -23.4807128, -46.6389421 -23.4806664, -46.6389299 -23.4806566, -46.6389823 -23.4806026))",Mini Mercado Guacá,convenience,,,,,,,,,São Paulo,585,02435-000,Avenida do Guacá,,,,,,,,,,,,,,,,,,,,,,,,,,,,,,,,,,,,,,,,,,,,,,,,,,,,,,,,,,,,,,,,,,,,,,,,,,,,,,,,,,,yes,,,,,,,,,,,,,,,,,,,,,6,,,,,,,,,,,,,,,,,,,,,,,,,,,,,,,,,,,,,,,,,,,,,,,,,,,,,,,,,,,,,,
"POLYGON ((-46.7414952 -23.6184914, -46.7411603 -23.6183842, -46.741071 -23.6186346, -46.7410905 -23.6186412, -46.7412428 -23.618693, -46.7412494 -23.6186953, -46.7413974 -23.6187456, -46.7414952 -23.6184914))",Hirota Food Morumbi,supermarket,,,,,,08:00-21:00,,,São Paulo,1450,05640-003,Avenida Doutor Guilherme Dumont Vilares,Jardim Londrina,,,,,,,,,https://hirota.com.br/,,,,,,,,,,,,,,,,,,,,,,,,,,,,,,,,,,,,,,,,,,,,,,,,,,,,,,,,,,,,,,,,,,,,,,,,,yes,,,,,,,,,,,,,,,,,,,,,,,,,,,,,,,,,,,,,,,,,,,,,,,,,,,,,,,,,,,,,,,,,,,,,,,,,,,,,,,,,,,
"POLYGON ((-46.6703682 -23.6226174, -46.6705935 -23.6228632, -46.6703789 -23.623044, -46.6701365 -23.6227904, -46.6702116 -23.6227373, -46.6703682 -23.6226174))",Supermercado Pão de Açúcar,supermarket,Pão de Açúcar,Q3411543,,,,,,,São Paulo,1235,04617-014,Rua Vieira de Moraes,Campo Belo,,,,,,,,,https://www.paodeacucar.com.br/,,,,,,,,,,,,,,,,,,,,,,,,,,,,,,,,,,,,,,,,,,,,,,,,,,,,,,,,,,,,,,,,,,,,,,,,,yes,,,,,,,,,,,,,,,,,,,,,,,,,,,,,,,,,,,,,,,,,,,,,,,,,,,,,,,,,,,,,,,,,,,,,,,,,,,,,,,,,,,
"POLYGON ((-46.4429881 -23.5225285, -46.4431663 -23.5225264, -46.4431638 -23.5225985, -46.4430933 -23.5226814, -46.4432759 -23.5228124, -46.4431519 -23.5229808, -46.4430715 -23.5229243, -46.4431469 -23.5228251, -46.4430973 -23.5227906, -46.4430586 -23.5228361, -46.4429911 -23.5226277, -46.4429881 -23.5225285))",Shell,convenience,Shell,Q154950,,,,,en:Royal Dutch Shell,,São Paulo,2705,08041-000,Avenida Pires do Rio,,,,,,,,,,,,,,,,,,,,,,,,,,,,,,,,,,,,,,,,,,,,,,,,,,,,,,,,,,,,,,,,,,,,,,,,,,,,,,,,,,,roof,,,,,,,,,,,,,,,,,,,,,5.5,,,,,,,,,,,,,,,,,,,,,,,,,,,,,,,,,,,,,,,,,,,,,,,,,,,,,,,,,,,,,,
"POLYGON ((-46.6705031 -23.691194, -46.6704346 -23.6911478, -46.67038 -23.6912573, -46.6704352 -23.6912791, -46.6705031 -23.691194))",Mercado Varejão Santana,supermarket,,,,,,,,,São Paulo,421,,Avenida Batista Maciel,Pedreira,,,,,,,,,,,,,,,,,,,,,,,,,,,,,,,,,,,,,,,,,,,,,,,,,,,,,,,,,,,,,,,,,,,,,,,,,,,,,,,,,,yes,,,,,,,,,,,,,,,,,,,,,,,,,,,,,,,,,,,,,,,,,,,,,,,,,,,,,,,,,,,,,,,,,,,,,,,,,,,,,,,,,,,
"POLYGON ((-46.6720791 -23.6938889, -46.6719869 -23.6938156, -46.6720411 -23.6937651, -46.6721215 -23.6938313, -46.6720791 -23.6938889))",Mercadinho Nenê,supermarket,,,,,,,,,São Paulo,,,Rua Alzira Alves dos Santos,Pedreira,,,,,,,,,,,,,,,,,,,,,,,,,,,,,,,,,,,,,,,,,,,,,,,,,,,,,,,,,,,,,,,,,,,,,,,,,,,,,,,,,,yes,,,,,,,,,,,,,,,,,,,,,,,,,,,,,,,,,,,,,,,,,,,,,,,,,,,,,,,,,,,,,,,,,,,,,,,,,,,,,,,,,,,
"POLYGON ((-46.7059347 -23.5004633, -46.7055431 -23.5004176, -46.7055771 -23.4999752, -46.7056496 -23.499985, -46.7056638 -23.4998345, -46.7059738 -23.4998775, -46.7059347 -23.5004633))",Extra,supermarket,Extra,Q5422131,,,,,pt:Extra (rede varejista),,,,,,,,,,,,,,,,,,,,,,,,,,,,,,,,,,,,,,,,,,,,,,,,,,,,,,,,,,,,,,,,,,,,,,,,,,,,,,,,,,,,,,,,yes,,,,,,,,,,,,,,,,,,,,,,,,,,,,,,,,,,,,,,,,,,,,,,,,,,,,,,,,,,,,,,,,,,,,,,,,,,,,,,,,,,,
"POLYGON ((-46.6965909 -23.5030023, -46.6966937 -23.502718, -46.6966023 -23.5026806, -46.6964947 -23.5029784, -46.6965909 -23.5030023))",Reluz,supermarket,,,,,,,,,São Paulo,227,,Rua Antonieta Leitão,Freguesia do Ó,,,,,,,,,,,,,,,,,,,,,,,,,,,,,,,,,,,,,,,,,,,,,,,,,,,,,,,,,,,,,,,,,,,,,,,,,,,,,,,,,,yes,,,,,,,,,,,,,,,,,,,,,,,,,,,,,,,,,,,,,,,,,,,,,,,,,,,,,,,,,,,,,,,,,,,,,,,,,,,,,,,,,,,
"POLYGON ((-46.691929 -23.4926156, -46.6919337 -23.492255, -46.6916968 -23.4922311, -46.691685 -23.4926026, -46.691929 -23.4926156))",Dia,supermarket,Dia,Q925132,,,,,es:Supermercados DIA,,,,,,,,,,,,,,,,,,,,,,,,,,,,,,,,,,,,,,,,,,,,,,,,,,,,,,,,,,,,,,,,,,,,,,,,,,,,,,,,,,,,,,,,yes,,,,,,,,,,,,,,,,,,,,,,,,,,,,,,,,,,,,,,,,,,,,,,,,,,,,,,,,,,,,,,,,,,,,,,,,,,,,,,,,,,,
"POLYGON ((-46.767581 -23.5898904, -46.7674187 -23.5898773, -46.767426 -23.5898006, -46.7675884 -23.5898129, -46.767581 -23.5898904))",,convenience,,,,,,,,,,,,,,,,,,,,,,,,,,,,,,,,,,,,,,,,,,,,,,,,,,,,,,,,,,,,,,,,,,,,,,,,,,,,,,,,,,,,,,,,,,,,,,,yes,,,,,,,,,,,,,,,,,,,,,,,,,,,,,,,,,,,,,,,,,,,,,,,,,,,,,,,,,,,,,,,,,,,,,,,,,,,,,,,,,,,
"POLYGON ((-46.699626 -23.4523656, -46.6994586 -23.4522634, -46.6993879 -23.4523546, -46.6995824 -23.452481, -46.6996036 -23.4524248, -46.699626 -23.4523656))",Supermercado Souza & Menezes,supermarket,,,,,,,,,São Paulo,4306,02879-210,Avenida Deputado Cantídio Sampaio,,,,,,,,,,,,,,,,,,,,,,,,,,,,,,,,,,,,,,,,,,,,,,,,,,,,,,,,,,,,,,,,,,,,,,,,,,,,,,,,,,,yes,,,,,,,,,,,,,,,,,,,,,8,,,,,,,,,,,,,,,,,,,,,,,,,,,,,,,,,,,,,,,,,,,,,,,,,,,,,,,,,,,,,,
"POLYGON ((-46.6205434 -23.5000911, -46.6203949 -23.5000952, -46.6204003 -23.5004016, -46.6205502 -23.5004024, -46.6205434 -23.5000911))",Goya,supermarket,,,,,,,,,São Paulo,534,02037-001,Rua Doutor Olavo Egídio,,,,,,,,,,,,,,,,,,,,,,,,,,,,,,,,,,,,,,,,,,,,,,,,,,,,,,,,,,,,,,,,,,,,,,,,,,,,,,,,,,,yes,,,,,,,,,,,,,,,,,,,,,7,,,,,,,,,,,,,,,,,,,,,,,,,,,,,,,,,,,,,,,,,,,,,,,,,,,,,,,,,,,,,,
"POLYGON ((-46.6674565 -23.6248679, -46.6676492 -23.6251054, -46.6673672 -23.6252974, -46.6671745 -23.62506, -46.6674565 -23.6248679))",Mercado Extra - Campo Belo,supermarket,Extra,Q5422131,,,,,pt:Extra (rede varejista),,São Paulo,1597,04625-006,Rua Vieira de Moraes,Campo Belo,,,,,,,,Extra,https://www.clubeextra.com.br/,,,,,,,,,,,,,,,,,,,,,,,,,,,,,,,,,,,,,,,,,,,,,,,,,,,,,,,,,,,,,,,,,,,,,,,,,yes,,,,,,,,,,,,,,,,,,,,,,,,,,,,,,,,,,,,,,,,,,,,,,,,,,,,,,,,,,,,,,,,,,,,,,,,,,,,,,,,,,,
"POLYGON ((-46.6698224 -23.6491226, -46.6697257 -23.6490699, -46.6697835 -23.6489908, -46.6698557 -23.6490335, -46.6698451 -23.6490632, -46.6698364 -23.6490969, -46.6698224 -23.6491226))",Shell,convenience,Shell,Q110716465,,,,,en:Royal Dutch Shell,,São Paulo,627B,04381-000,Avenida Vereador João de Luca,Jardim Prudência,,,,,,,,,,,,,,,,,,,,,,,,,,,,,,,,,,,,,,,,,,,,,,,,,,,,,,,,,,,,,,,,,,,,,,,,,,,,,,,,,,yes,,,,,,,,,,,,,,,,,,,,,6,,,,,,,,,,,,,,,,,,,,,,,,,,,,,,,,,,,,,,,,,,,,,,,,,,,,,,,,,,,,,,
"POLYGON ((-46.5809606 -23.5916833, -46.5808965 -23.5915753, -46.5810461 -23.5915063, -46.5809415 -23.5913242, -46.5806159 -23.5914867, -46.5805866 -23.5914519, -46.5805589 -23.5914198, -46.5808546 -23.5912782, -46.5810162 -23.5912008, -46.5810899 -23.5912406, -46.5810886 -23.5916664, -46.5809818 -23.5917174, -46.5809606 -23.5916833))",Supermercado da Praça,supermarket,,,,,,,,,São Paulo,1200,03134-001,Rua Ibitirama,Quinta da Paineira,,,,,,,,,,,,,,,,,,,,,,,,,,,,,,,,,,,,,,,,,,,,,,,,,,,,,,,,,,,,,,,,,,,,,,,,,,,,,,,,,,,,,,,,,,,,,,,,,,,,,,,,,,,,,,,,,,,,,,,,,,,,,,,,,,,,,,,,,,,,,,,,,,,,,,,,,,,,,,,,,,,,,
"POLYGON ((-46.6711101 -23.4672159, -46.6711908 -23.4672264, -46.6712414 -23.466866, -46.6709535 -23.4668344, -46.6709313 -23.467004, -46.6707007 -23.4669786, -46.670679 -23.4671591, -46.6704842 -23.4671359, -46.6703929 -23.4677743, -46.6710269 -23.467844, -46.6711101 -23.4672159))",Atacadão,supermarket,Atacadão,Q2868739,,,,,en:Atacadão,,São Paulo,5180,,Avenida Inajar de Souza,Vila Rica,,,,,,,,,,yes,,,,,,yes,yes,,,,,,,,,,,,,,,,,,,,,,,,,,,,,,,,,,,,,,,,,,,,,,,,,,,,,,,,,,,,,,,,,yes,,,,,,,,,,,,,,,,,,,,,13.5,,,,,,,,,,,,,,,,,,,,,,,,,,,,,,,,,,,,,,,,,,,,,,,,,,,,,,,,,,,,,,
"POLYGON ((-46.5591294 -23.5374461, -46.5591199 -23.537483, -46.5593387 -23.5375272, -46.5593449 -23.5375022, -46.5593484 -23.537488, -46.5591294 -23.5374461))",,convenience,,,,,,,,,,,,,,,,,,,,,,,,,,,,,,,,,,,,,,,,,,,,,,,,,,,,,,,,,,,,,,,,,,,,,,,,,,,,,,,,,,,,,,,,,,,,,,,yes,,,,,,,,,,,,,,,,,,,,,5.5,,,,,,,,,,,,,,,,,,,,,,,,,,,,,,,,,,,,,,,,,,,,,,,,,,,,,,,,,,,,,,
"POLYGON ((-46.6455568 -23.4863712, -46.6455641 -23.4864537, -46.6455683 -23.4865018, -46.6455805 -23.4866389, -46.6453972 -23.4866076, -46.6453964 -23.4865854, -46.645389 -23.4863813, -46.6453875 -23.4863325, -46.6453869 -23.4863125, -46.6454585 -23.4863074, -46.6455494 -23.486301, -46.6455553 -23.4863571, -46.6455568 -23.4863712))",Supermercado Dia,supermarket,,Q925132,,,,,es:Supermercados DIA,,São Paulo,4425,02413-000,Avenida Engenheiro Caetano Alvares,Vila Romero,,,,,,,,Dia,,,,,,,,,,,,,,,,,,,,,,,,,,,,,,,,,,,,,,,,,,,,,,,,,,,,,,,,,,,,,,,,,,,,,,,,,,yes,,,,,,,,,,,,,,,,,,,,,7,,,,,,,,,,,,,,,,,,,,,,,,,,,,,,,,,,,,,,,,,,,,,,,,,,,,,,,,,,,,,,
"POLYGON ((-46.5729998 -23.4839588, -46.5730378 -23.4839496, -46.5730911 -23.4839071, -46.5731297 -23.4838853, -46.5731734 -23.4838632, -46.573203 -23.4838429, -46.5732447 -23.4838142, -46.5732633 -23.4837871, -46.573122 -23.483721, -46.5730401 -23.4836826, -46.5729882 -23.4836583, -46.5729831 -23.4836559, -46.5728535 -23.4835952, -46.5728438 -23.4835906, -46.5728233 -23.4836272, -46.5728181 -23.4836366, -46.5727916 -23.4836841, -46.572762 -23.4837379, -46.5727346 -23.4837964, -46.5727288 -23.4838072, -46.5727033 -23.4837952, -46.5726895 -23.4838203, -46.5729021 -23.4839152, -46.5729277 -23.4839266, -46.5729998 -23.4839588))",Supermercado Mota,supermarket,,,,,,,,,São Paulo,599,02224-001,Avenida Antenor Navarro,Jardim Brasil,,,,,,,,,,,,,,,,,,,,,,,,,,,,,,,,,,,,,,,,,,,,,,,,,,,,,,,,,,,,,,,,,,,,,,,,,,,,,,,,,,,,,,,,,,,,,,,,,,,,,,,,,,,,,,,,,,,,,,,,,,,,,,,,,,,,,,,,,,,,,,,,,,,,,,,,,,,,,,,,,,,,,
"POLYGON ((-46.590302 -23.5514802, -46.590181 -23.5515875, -46.5899918 -23.5513969, -46.5899055 -23.5513101, -46.5899599 -23.551252, -46.5900183 -23.5511894, -46.590302 -23.5514802))",Oba Hortifruti,supermarket,,,,,,,,,São Paulo,735 L5,03176-000,Rua Tobias Barreto,Mooca,,,,,,,,,,,,,,,,,,,,,,,,,,,,,,,,,,,,,,,,,,,,,,pmsp,,,,,,,,,,,,,,,,,,,,,,,,,,,,,,,,,,,,yes,,,,,,,,,,,,,,,,,,,,,10.149,,,,,,,,,,,,,,,,,,,,,,,,,,,,,,,,,,,,,,,,,,,,,,,,,,,,,,,,,,,,,,
"POLYGON ((-46.6338173 -23.4855095, -46.633438 -23.4855257, -46.6334286 -23.4852991, -46.6338081 -23.4852762, -46.6338137 -23.4852762, -46.6338173 -23.4855095))",Oba Hortifrutic,supermarket,,,,,,,,,São Paulo,933,02405-001,Rua Augusto Tolle,Santana,,,,,,,,,,,,,,,,,,,,,,,,,,,,,,,,,,,,,,,,,,,,,,,,,,,,,,,,,,,,,,,,,,,,,,,,,,,,,,,,,,yes,,,,,,,,,,,,,,,,,,,,,,,,,,,,,,,,,,,,,,,,,,,,,,,,,,,,,,,,,,,,,,,,,,,,,,,,,,,,,,,,,,,
"POLYGON ((-46.6204344 -23.4872491, -46.6203305 -23.4871838, -46.6202572 -23.4872851, -46.6203555 -23.4873494, -46.6204344 -23.4872491))",Shell Select,convenience,Shell Select,Q154950,,,,,en:Royal Dutch Shell,,São Paulo,428 L3,02330-000,Avenida Nova Cantareira,Jardim São Paulo,,,,,,,,,,,,,,,,,,,,,,,,,,,,,,,,,,,,,,,,,,,,,,,,,,,,,,,,,,,,,,,,,,,,,,,,,,,,,,,,,,yes,,,,,,,,,,,,,,,,,,,,,5.5,,,,,,,,,,,,,,,,,,,,,,,,,,,,,,,,,,,,,,,,,,,,,,,,,,,,,,,,,,,,,,
"POLYGON ((-46.6315944 -23.5247544, -46.6315586 -23.5247687, -46.631496 -23.5247971, -46.6314697 -23.5247688, -46.631451 -23.5247799, -46.6314235 -23.5247405, -46.631532 -23.524673, -46.6315944 -23.5247544))",BR,convenience,BR,Q4836468,,,,,pt:Vibra Energia,Mania,São Paulo,9896,01108-000,Avenida do Estado,Bom Retiro,,,,,,,,,,,,,,,,,,,,,,,,,,,,,,,,,,,,,,,,,,,,,,,,,,,,,,,,,,,,,,,,,,,,,,,,,,,,,,,,,,yes,,,,,,,,,,,,,,,,,,,,,4,,,,,,,,,,,,,,,,,,,,,,,,,,,,,,,,,,,,,,,,,,,,,,,,,,,,,,,,,,,,,,
"POLYGON ((-46.6503319 -23.5520868, -46.650308 -23.5521517, -46.6502714 -23.5521395, -46.6502371 -23.5521281, -46.6502567 -23.5520767, -46.6502615 -23.552064, -46.6503319 -23.5520868))",Mercado Frei Caneca,supermarket,,,,,,,,,São Paulo,272,01307-000,Rua Frei Caneca,,2024-03-28,,,,,,,,,,,,,,,,,,,,,,,,,,,,,,,,,,,,,,,Horti Frutti - Padaria e Açogue,,,,,,,,,,,,,,,,,,,,,,,,,,,,,,,,,,,,,,,,,,,,,,,,,,,,,,,,,,,,,,,,,,,,,,,,,,,,,,,,,,,,,,,,,,,,,,,,,,,,,,,,,,,,,,,,,,,,,,,,,,,,,
"POLYGON ((-46.4883461 -23.5934349, -46.4882785 -23.5934131, -46.4882612 -23.5934073, -46.4882484 -23.593442, -46.4880501 -23.5933791, -46.4880699 -23.5933276, -46.4880893 -23.5932771, -46.4881091 -23.5932253, -46.488116 -23.5932058, -46.4878679 -23.593125, -46.4877933 -23.5931015, -46.4878503 -23.5929503, -46.4878744 -23.5928861, -46.487904 -23.5928744, -46.4882062 -23.5929722, -46.4882579 -23.5929889, -46.4884007 -23.5930351, -46.4884228 -23.5930423, -46.4884864 -23.5930641, -46.4884353 -23.5931991, -46.4883917 -23.5933144, -46.4883762 -23.5933553, -46.4883461 -23.5934349))",Primos Supermercado,supermarket,,,,,,Mo-Su 08:00-21:00,,,São Paulo,1155,03949-011,Avenida Mateo Bei,São Mateus,,,,,,,,,,,,,,,,,,,,,,,,,,,,,,,,,,,,,,,,,,,,,,,,,,,,,,,,,,,,,,,,,,,,,,,,,,,,,,,,,,,,,,,,,,,,,,,,,,,,,,,,,,,,,,,,,,,,,,,,,,,,,,,,,,,,,,,,,,,,,,,,,,,,,,,,,,,,,,,,,,,,,
"POLYGON ((-46.4852725 -23.6003658, -46.4851187 -23.6002547, -46.4851158 -23.6002527, -46.4850681 -23.6002182, -46.4848789 -23.6000813, -46.4848672 -23.6000729, -46.4848055 -23.600146, -46.4850081 -23.6002901, -46.4852133 -23.600436, -46.4852725 -23.6003658))",Americanas Express,convenience,,,,,,,,,São Paulo,1998,03949-200,Avenida Mateo Bei,,,,,,,,,,,,,,,,,,,,,,,,,,,,,,,,,,,,,,,,,,,,,,,,,,,,,,,,,,,,,,,,,,,,,,,,,,,,,,,,,,,yes,,,,,,,,,,,,,,,,,,,,,9,,,,,,,,,,,,,,,,,,,,,,,,,,,,,,,,,,,,,,,,,,,,,,,,,,,,,,,,,,,,,,
"POLYGON ((-46.6998651 -23.5221238, -46.6998637 -23.5220721, -46.6998594 -23.5219713, -46.6998523 -23.521808, -46.6998694 -23.5218048, -46.699864 -23.5216991, -46.6998475 -23.5217023, -46.6998409 -23.5215335, -46.7000721 -23.5214853, -46.7003118 -23.5214353, -46.7002984 -23.5212049, -46.7002836 -23.5209505, -46.7002553 -23.5209343, -46.7002071 -23.5209508, -46.7000652 -23.5209992, -46.6996275 -23.5211486, -46.6996305 -23.5212213, -46.6996324 -23.5212667, -46.6996348 -23.5213225, -46.699666 -23.5220617, -46.699668 -23.5221083, -46.6996688 -23.5221253, -46.6997254 -23.5221173, -46.6998651 -23.5221238))",Sonda Supermercados,supermarket,,,,,,,,,São Paulo,1469,05033-002,Rua Guaicurus,Vila Romana,,,,,,,,,,,,,,,,,,,,,,,,,,,,,,,,,,,,,,,,,,,,,,,,,,,,,,,,,,,,,,,,,,,,,,,,,,,,,,,,,,,,,,,,,,,,,,,,,,,,,,,,,,,,,,,,,,,,,,,,,,,,,,,,,,,,,,,,,,,,,,,,,,,,,,,,,,,,,,,,,,,,,
"POLYGON ((-46.6855511 -23.4893909, -46.6855538 -23.4894341, -46.685045 -23.4894966, -46.6852405 -23.4897941, -46.6855311 -23.4897689, -46.6855353 -23.4897107, -46.6856146 -23.4897214, -46.6856388 -23.4896913, -46.6857192 -23.4894661, -46.6857133 -23.4893849, -46.6856673 -23.4893866, -46.6855511 -23.4893909))",Rede Plus,supermarket,,,,,,,,,São Paulo,1857,02717-000,Avenida Inajar de Souza,Limão,,,,,,,,,,,,,,,,,,,,,,,,,,,,,,,,,,,,,,,,,,,,,,,,,,,,,,,,,,,,,,,,,,,,,,,,,,,,,,,,,,yes,,,,,,,,,,,,,,,,,,,,,10,,,,,,,,,,,,,,,,,,,,,,,,,,,,,,,,,,,,,,,,,,,,,,,,,,,,,,,,,,,,,,
"POLYGON ((-46.6572406 -23.5330079, -46.6572576 -23.5330317, -46.6570594 -23.5331402, -46.6570392 -23.5331164, -46.6572406 -23.5330079))",Hirota Santa Cecília,supermarket,,,,,,"Mo-Sa 08:00-21:00; Su, PH 09:00-14:00",,,São Paulo,39,01150-000,Avenida General Olímpio da Silveira,Santa Cecília,,,,,,,,Hirota Supermercados,http://hirota.com.br/lojas/santa-cecilia,,,,,+55 11 3666-0795,,,,,,,,,,,,,,,,,,,,,,,,,,,,,,,,,,,,,,,,,,,,,,,,,,,,,,,,,,,,,,,,,,,,,,,,,,,,,,,,,,,,,,,,,,,,,,,,,,,,,,,,,,,,,,,,,,,,,,,,,,,,,,,,,,,,,,,,,,,,,,,,,,,,,,,
"POLYGON ((-46.6772609 -23.4944924, -46.6772541 -23.4945374, -46.6772448 -23.4946011, -46.6773296 -23.4946165, -46.6772575 -23.4949399, -46.6771728 -23.4949249, -46.6772038 -23.4947781, -46.6771039 -23.4947633, -46.677161 -23.4945044, -46.6772609 -23.4944924))",Dia,supermarket,Dia,Q925132,,,,Mo-Su 08:00-21:00,es:DIA (supermercados),,São Paulo,8,02559-010,Avenida Gaspar Vaz da Cunha,Vila Prado,,,,,,,,,,,,,,,,,,,,,,,,,,,,,,,,,,,,,,,,,,,,,,,,,,,,,,,,,,,,,,,,,,,,,,,,,,,,,,,,,,yes,,,,,,,,,,,,,,,,,,,,,8,,,,,silver,hipped,,,,,,,,,,,,,,,,,,,,,,,,,,,,,,,,,,,,,,,,,,,,,,,,,,,,,,,,
"POLYGON ((-46.669632 -23.4675307, -46.6697038 -23.4679249, -46.669172 -23.4680064, -46.6691002 -23.4676121, -46.669632 -23.4675307))",Extra,supermarket,Extra,Q5422131,,,,,pt:Extra (rede varejista),,São Paulo,5550,02861-190,Avenida Inajar de Souza,Vila Rica,,,,,,,,,,,,,,,,,,,,,,,,,,,,,,,,,,,,,,,,,,,,,,,,,,,,,,,,,,,,,,,,,,,,,,,,,,,,,,,,,,yes,,,,,,,,,,,,,,,,,,,,,11,,,,,,,,,,,,,,,,,,,,,,,,,,,,,,,,,,,,,,,,,,,,,,,,,,,,,,,,,,,,,,
"POLYGON ((-46.6857393 -23.4695741, -46.6854889 -23.4695305, -46.6855069 -23.4693454, -46.6852871 -23.4693076, -46.6853315 -23.4690072, -46.6853526 -23.4690043, -46.6854857 -23.4691555, -46.6855058 -23.4691801, -46.6855507 -23.4692353, -46.6857509 -23.4694811, -46.6857393 -23.4695741))",Anashiro Supermercados,supermarket,,,,,,,,,São Paulo,510,02844-120,Rua Paulo Garcia Aquiline,,,,,,,,,,,,,,,,,,,,,,,,,,,,,,,,,,,,,,,,,,,,,,,,,,,,,,,,,,,,,,,,,,,,,,,,,,,,,,,,,,,yes,,,,,,,,,,,,,,,,,,,,,8,,,,,,,,,,,,,,,,,,,,,,,,,,,,,,,,,,,,,,,,,,,,,,,,,,,,,,,,,,,,,,
"POLYGON ((-46.7396802 -23.4766153, -46.7394717 -23.4766782, -46.7394555 -23.4766344, -46.7396638 -23.4765707, -46.7396802 -23.4766153))",Empório Prediletto,convenience,,,,,,,,,São Paulo,972,05174-000,Avenida Agenor Couto de Magalhães,Jardim Regina,,,,,,,,,,,,,,,,,,,,,,,,,,,,,,,,,,,,,,,,,,,,,,,,,,,,,,,,,,,,,,,,,,,,,,,,,,,,,,,,,,yes,,,,,,,,,,,,,,,,,,,,,10,,,,,,gabled,,,,,,,,,,,,,,,,,,,,,,,,,,,,,,,,,,,,,,,,,,,,,,,,,,,,,,,,
"POLYGON ((-46.7081323 -23.4815852, -46.7080573 -23.4815485, -46.7079194 -23.4818107, -46.7080943 -23.4818841, -46.7081183 -23.4818795, -46.7081323 -23.4815852))",Fuad Supermercados,supermarket,,,,,,,,,São Paulo,416,,Rua João Alves Pimenta,,,,,,,,,,,,,,,,,,,,,,,,,,,,,,,,,,,,,,,,,,,,,,,,,,,,,,,,,,,,,,,,,,,,,,,,,,,,,,,,,,,yes,,,,,,,,,,,,,,,,,,,,,8,,,,,,,,,,,,,,,,,,,,,,,,,,,,,,,,,,,,,,,,,,,,,,,,,,,,,,,,,,,,,,
"POLYGON ((-46.7096969 -23.4911691, -46.7094322 -23.4911115, -46.7090249 -23.4915751, -46.7094899 -23.4916678, -46.7095183 -23.49161, -46.7096273 -23.4916366, -46.7096969 -23.4911691))",Violeta Supermercados,supermarket,,,,,,"Mo-Sa 07:00-22:00; Su,PH 07:30-21:00",,Loja 06,São Paulo,2000,02924-600,Avenida General Edgard Facó,Vila Palmeiras,,,,,,,,,https://supermercadovioleta.com.br/home/,yes,,,,+55 11 3724 9930,,yes,yes,,,,,,,,,,,,,,,,,,,,,,,,,,,,,,,,,,,,,,,,,,,,,,,,,,,,,,,,,,,,,,,,,,,,,+55 11 97128 6324,,,,,,,,,,,,,,,,,12,,,,,,,,,,,,,,,,,,yes,,,,,,,,,,,,,,,,,,,,,,,,,,,,,,,,,,,,,,,,,,,,
"POLYGON ((-46.5877906 -23.5164233, -46.5877596 -23.5164445, -46.5877849 -23.5164762, -46.5877999 -23.5164662, -46.5878159 -23.5164556, -46.5877906 -23.5164233))",Mercadinho Vila Maria,convenience,,,,,,,,,São Paulo,889,02119-001,Rua Magarinos Torres,Vila Maria,,,,,,,,,,,,,,,,,,,,,,,,,,,,,,,,,,,,,,,,,,,,,,,,,,,,,,,,,,,,,,,,,,,,,,,,,,,,,,,,,,,,,,,,,,,,,,,,,,,,,,,,,,,,,,,,,,,,,,,,,,,,,,,,,,,,,,,,,,,,,,,,,,,,,,,,,,,,,,,,,,,,,
"POLYGON ((-46.7431648 -23.6716679, -46.743138 -23.6716498, -46.7431242 -23.6716661, -46.7430786 -23.6716308, -46.7430885 -23.6716208, -46.7430578 -23.6716008, -46.7431073 -23.6715319, -46.7432182 -23.6716026, -46.7431648 -23.6716679))",Shell Select,convenience,Shell Select,Q110716465,,,,,,,,,,,,,,,,,,,,,,,,,,,,,,,,,,,,,,,,,,,,,,,,,,,,,,,,,,,,,,,,,,,,,,,,,,,,,,,,,,,,,,,,,,,,,yes,,,,,,,,,,,,,,,,,,,,,,,,,,,,,,,,,,,,,,,,,,,,,,,,,,,,,,,,,,,,,,,,,,,,,,,,,,,,,,,,,,,
"POLYGON ((-46.6143717 -23.602364, -46.6142693 -23.6023504, -46.6142583 -23.6024247, -46.6143611 -23.6024361, -46.6143717 -23.602364))",Hirata Food,convenience,,,,,,Mo-Su 09:00-21:00,,,São Paulo,,04278-080,Avenida Doutor Gentil de Moura,,,,,,,,,,,,,,,,,,,,,,,,,,,,,,,,,,,,,,,,,,,,,,,,,,,,,,,,,,,,,,,,,,,,,,,,,,,,,,,,,,,,,,,,,,,,,,,,,,,,,,,,,,,,,,,,,,,,,,,,,,,,,,,,,,,,,,,,,,,,,,,,,,,,,,,,,,,,,,,,,,,,,,
"POLYGON ((-46.7551923 -23.5162689, -46.7547791 -23.5163116, -46.754713 -23.5163846, -46.754719 -23.5164763, -46.7551966 -23.5164172, -46.7551923 -23.5162689))",Castanha Supermercado,supermarket,,,,,,,,,São Paulo,29,,Praça Santa Edwiges,,,,,,,,,,https://castanhasupermercado.com.br/,yes,yes,yes,,,,yes,yes,,,,,,,,,,,,,,,,,,,,,,,,,,,,,,,,,,,,,,,,,,,,,,,,,,,,,,,,,,,,,,,,,yes,,,,,,,,,,,,,,,,,,,,,15,,,,,,,,,,,,,,,,,,,,,,,,,,,,,,,,,,,,,,,,,,,,,,,,,,,,,,,,,,,,,,
"POLYGON ((-46.6496842 -23.6165482, -46.6496173 -23.616698, -46.6493594 -23.6166061, -46.6494236 -23.6164555, -46.6494992 -23.6164836, -46.649535 -23.6164961, -46.6495858 -23.6165139, -46.6496203 -23.6165259, -46.6496842 -23.6165482))",Dia,supermarket,Dia,Q925132,,,,,es:DIA (supermercados),,São Paulo,2010,,Avenida Indianópolis,,,,,,,,,,,,,,,,,,,,,,,,,,,,,,,,,,,,,,,,,,,,,,,,,,,,,,,,,,,,,,,,,,,,,,,,,,,,,,,,,,,yes,,,,,,,,,,,,,,,,,,,,,6,,,,,,,,,,,,,,,,,,,,,,,,,,,,,,,,,,,,,,,,,,,,,,,,,,,,,,,,,,,,,,
"POLYGON ((-46.6152171 -23.5815352, -46.6151538 -23.5814455, -46.615133 -23.581416, -46.6151689 -23.5813883, -46.6151893 -23.5813726, -46.6153248 -23.5812681, -46.6154249 -23.5813802, -46.6153232 -23.581456, -46.6152454 -23.5815141, -46.6152171 -23.5815352))",Dia,supermarket,Dia,Q925132,,,,Mo-Su 08:00-22:00,es:DIA (supermercados),,São Paulo,1430,01545-001,Rua Coronel Diogo,,,,,,,,,,,,,,,,,,,,,,,,,,,,,,,,,,,,,,,,,,,,,,,,,,,,,,,,,,,,,,,,,,,,,,,,,,,,,,,,,,,yes,,,,,,,,,,,,,,,,,,,,,10,,,,,,,,,,,,,,,,,,,,,,,,,,,,,,,,,,,,,,,,,,,,,,,,,,,,,,,,,,,,,,
"POLYGON ((-46.6205816 -23.5626154, -46.6204485 -23.5626788, -46.6205496 -23.5629072, -46.6206618 -23.5628211, -46.6205816 -23.5626154))",Mercado Extra,supermarket,Mercado Extra,Q5422131,,,,,pt:Extra (rede varejista),,São Paulo,121,01523-010,Largo do Cambuci,Cambuci,,,,,,,,,https://www.extra.com.br/,,,,,,,,,,,,,,,,,,,,,,,,,,,,,,,,,,,,,,,,,,,,,,,,,,,,,,,,,,,,,,,,,,,,,,,,,,,,,,,,,,,,,,,,,,,,,,,,,,,,,,,,,,,,,,,,,,,,,,,,,,,,,,,,,,,,,,,,,,,,,,,,,,,,,,,,,,,,
"POLYGON ((-46.6230467 -23.5310039, -46.6229342 -23.5310325, -46.6229455 -23.5310697, -46.6230579 -23.5310411, -46.6230467 -23.5310039))",Hipermercado Nardinho,supermarket,,,,,,Mo-Fr 07:00-22:00; Sa-Su 08:00-20:00,,,São Paulo,29,03031-040,Rua Hannemann,,,,,,,,,,,,,,,,,,,,,,,,,,,,,,,,,,,,,,,,,,,,,,,,,,,,,,,,,,,,,,,,,,,,,,,,,,,,,,,,,,,,,,,,,,,,,,,,,,,,,,,,,,,,,,,,,,,,,,,,,,,,,,,,,,,,,,,,,,,,,,,,,,,,,,,,,,,,,,,,,,,,,,
"POLYGON ((-46.5321213 -23.5886311, -46.5320184 -23.5885905, -46.5320011 -23.588795, -46.5321236 -23.5888067, -46.5321442 -23.5886404, -46.5321213 -23.5886311))",Mercado Paloma,convenience,,,,,,,,,São Paulo,6543,03374-000,Avenida Sapopemba,,,,,,,,,,,,,,,,,,,,,,,,,,,,,,,,,,,,,,,,,,,,,,,,,,,,,,,,,,,,,,,,,,,,,,,,,,,,,,,,,,,,,,,,,,,,,,,,,,,,,,,,,,,,,,,,,,,,,,,,,,,,,,,,,,,,,,,,,,,,,,,,,,,,,,,,,,,,,,,,,,,,,,
"POLYGON ((-46.6215778 -23.5673195, -46.6215003 -23.567334, -46.6215267 -23.5674527, -46.6216042 -23.5674382, -46.6215778 -23.5673195))",Carrefour Express,convenience,Carrefour Express,Q2940190,,,,Mo-Sa 07:00-21:00; Su 09:00-16:00,fr:Carrefour Express,,São Paulo,463,01537-000,Avenida Lins de Vasconcelos,Cambuci,,,,,limited,,,Carrefour,,,,,,,,,,,,,,,,,,,,,,,,,,,,,,,,,,,,,,,,,,,,,,,,,,,,,,,,,,,,,,,,,,,,,,,,,,,,,,,,,,,,,,,,,,,,,,,,,,,,,,,,,,,,,,,,,,,,,,,,,,,,,,,,,,,,,,,,,,,,,,,,,,,,,,,,,,,,,
"POLYGON ((-46.6425918 -23.5619636, -46.6423924 -23.5620106, -46.6424124 -23.5620817, -46.6426118 -23.5620347, -46.6425918 -23.5619636))",Supermercado Master,supermarket,,,,,,Mo-Sa 07:30-20:30; Su 08:30-14:30,,,São Paulo,382,01322-010,Rua Pedroso,,,,,,,,,,,,,,,,,,,,,,,,,,BR,,,,,,,,,,São Paulo,,+55 11 3284-4855,http://www.superfuturama.com.br/,,,,,,,,,,,,,,,,,,,,,,,,,,,,,,,,,,,,,,,,,,,,,,,,,,,,,,,,,,,,,,,,,,,,,,,,,,,,,,,,,,,,,,,,,,,,,,,,,,,,,,,,,,,,,,,,,,,,,,,,,,,,,,,
"POLYGON ((-46.5897425 -23.5013996, -46.5897085 -23.5014225, -46.5895969 -23.5013171, -46.5896807 -23.5012698, -46.5897425 -23.5013996))",Mercearia da Rinalda,convenience,,,,,,,,,São Paulo,38,,Praça Maria Montessori,,,,,,,,,,,,,,,,,,,,,,,,,,,,,,,,,,,,,,,,,,,,,,,,,,,,,,,,,,,,,,,,,,,,,,,,,,,,,,,,,,,,,,,,,,,,,,,,,,,,,,,,,,,,,,,,,,,,,,,,,,,,,,,,,,,,,,,,,,,,,,,,,,,,,,,,,,,,,,,,,,,,,,
"POLYGON ((-46.5606592 -23.5285308, -46.5605532 -23.5284798, -46.5605355 -23.5285107, -46.5606415 -23.5285618, -46.5606592 -23.5285308))",Mercadinho Vem Que Tem,convenience,,,,,,,,,São Paulo,80,03088-000,Rua Arnaldo Cintra,,,,,,,,,,,,,,,,,,,,,,,,,,,,,,,,,,,,,,,,,,,,,,,,,,,,,,,,,,,,,,,,,,,,,,,,,,,,,,,,,,,,,,,,,,,,,,,,,,,,,,,,,,,,,,,,,,,,,,,,,,,,,,,,,,,,,,,,,,,,,,,,,,,,,,,,,,,,,,,,,,,,,,
"POLYGON ((-46.5550501 -23.5412067, -46.5551544 -23.5407516, -46.5549989 -23.5407217, -46.555042 -23.5405337, -46.5551895 -23.5405621, -46.5552199 -23.5404298, -46.5554504 -23.5404768, -46.5554226 -23.5406071, -46.5552751 -23.5412501, -46.5550501 -23.5412067))",Mambo,supermarket,,,,,,,,,São Paulo,1703,03317-001,Rua Serra de Botucatu,Vila Gomes Cardim,,,,,,,,,,,,,,,,,,,,,,,,,,,,,,,,,,,,,,,,,,,,,,,,,,,,,,,,,,,,,,,,,,,,,,,,,,,,,,,,,,,,,,,,,,,,,,,,,,,,,,,,,,,,,,,,,,,,,,,,,,,,,,,,,,,,,,,,,,,,,,,,,,,,,,,,,,,,,,,,,,,,,
"POLYGON ((-46.733306 -23.5267131, -46.7331749 -23.5268542, -46.7331135 -23.5268062, -46.7332446 -23.5266651, -46.733306 -23.5267131))",Dia,supermarket,Dia,Q925132,,,,,es:DIA (supermercados),,São Paulo,128,05303-020,Rua Tripoli,Vila Leopoldina,,,,,,,,,,,,,,,,,,,,,,,,,,,,,,,,,,,,,,,,,,,,,,,,,,,,,,,,,,,,,,,,,,,,,,,,,,,,,,,,,,,,,,,,,,,,,,,,,,,,,,,,,,,,,,,,,,,,,,,,,,,,,,,,,,,,,,,,,,,,,,,,,,,,,,,,,,,,,,,,,,,,,
"POLYGON ((-46.7313139 -23.5293136, -46.731588 -23.5290433, -46.731853 -23.5292692, -46.7315788 -23.5295395, -46.7313139 -23.5293136))",Pão de Açúcar,supermarket,Pão de Açúcar,Q3411543,,,,,pt:Pão de Açúcar (supermercado brasileiro),,São Paulo,845A,05305-011,Avenida Imperatriz Leopoldina,Vila Leopoldina,,,,,,,,,,,,,,,,,,,,,,,,,,,,,,,,,,,,,,,,,,,,,,,,,,,,,,,,,,,,,,,,,,,,,,,,,,,,,,,,,,yes,,,,,,,,,,,,,,,,,,,,,12,,,,,,,,,,,,,,,,,,,,,,,,,,,,,,,,,,,,,,,,,,,,,,,,,,,,,,,,,,,,,,
"POLYGON ((-46.6788127 -23.6010242, -46.6787228 -23.601067, -46.6785654 -23.600781, -46.6786608 -23.6007364, -46.6788127 -23.6010242))",Pão de Açúcar,supermarket,Pão de Açúcar,Q3411543,,,,"Mo-Sa 07:00-22:00, Su 08:00-20:00",pt:Pão de Açúcar (supermercado brasileiro),,São Paulo,482,04548-003,Avenida Doutor Cardoso de Melo,Vila Olímpia,,,,,,,,,https://www.paodeacucar.com,,,,,,,,,,,,,,,,,,,,,,,,,,,,,,,,,,,,,,,,,,,,,,,,,,,,,,,,,,,,,,,,,,,,,,,,,yes,,,,,,,,,,,,,,,,,,,,,,,,,,,,,,,,,,,,,,,,,,,,,,,,,,,,,,,,,,,,,,,,,,,,,,,,,,,,,,,,,,,
"POLYGON ((-46.7169795 -23.5405635, -46.716844 -23.5405582, -46.7168245 -23.5407951, -46.7169645 -23.5408098, -46.7169795 -23.5405635))",Lodetti Supermercado,supermarket,,,,,,,,,São Paulo,2360,05468-140,Rua Pio XI,Alto da Lapa,,,,,,,,,,,,,,,,,,,,,,,,,,,,,,,,,,,,,,,,,,,,,,,,,,,,,,,,,,,,,,,,,,,,,,,,,,,,,,,,,,,,,,,,,,,,,,,,,,,,,,,,,,,,,,,,,,,,,,,,,,,,,,,,,,,,,,,,,,,,,,,,,,,,,,,,,,,,,,,,,,,,,
"POLYGON ((-46.5659126 -23.5468697, -46.5657195 -23.5468326, -46.5656947 -23.5469576, -46.5658845 -23.5469965, -46.5659126 -23.5468697))",Empório São Judas,convenience,,,,,,,,,São Paulo,941,03310-000,Rua Itapura,Vila Gomes Cardim,,,,,,,,,,,,,,,,,,,,,,,,,,,,,,,,,,,,,,,,,,,,,,,,,,,,,,,,,,,,,,,,,,,,,,,,,,,,,,,,,,,,,,,,,,,,,,,,,,,,,,,,,,,,,,,,,,,,,,,,,,,,,,,,,,,,,,,,,,,,,,,,,,,,,,,,,,,,,,,,,,,,,
"POLYGON ((-46.6982112 -23.5282518, -46.6982112 -23.5286584, -46.698239 -23.5286582, -46.6982898 -23.5286578, -46.698526 -23.528656, -46.698576 -23.5286569, -46.6986361 -23.5286579, -46.6986376 -23.528658, -46.6986367 -23.5283552, -46.6986364 -23.5282519, -46.6982112 -23.5282518))",Pão de Açúcar,supermarket,Pão de Açúcar,Q3411543,,,,Mo-Su 08:00-22:00,,,São Paulo,671,05051-000,Rua Tito,Vila Romana,,,,,,,,,https://www.paodeacucar.com.br/,,,,,,,,,,,,,,,,,,,,,,,,,,,,,,,,,,,,,,,,,,,,,,,,,,,,,,,,,,,,,,,,,,,,,,,,,yes,,,,,,,,,,,,,,,,,,,,,10.5,,,,,,,,,,,,,,,,,,,,,,,,,,,,,,,,,,,,,,,,,,,,,,,,,,,,,,,,,,,,,,
"POLYGON ((-46.6845434 -23.5292456, -46.6844926 -23.5292776, -46.6844542 -23.5292265, -46.6845051 -23.5291945, -46.6845434 -23.5292456))",Empório Cerealista Pompéia,convenience,,,,,,,,,São Paulo,510,05022-000,Avenida Pompeia,Vila Pompéia,,,,,,,,,,,,,,,,,,,,,,,,,,,,,,,,,,,,,,,,Mercado Natural,,,,,,,,,,,,,,,,,,,,,,,,,,,,,,,,,,,,,,,,,,,,,,,,,,,,,,,,,,,,,,,,,,,,,,,,,,,,,,,,,,,,,,,,,,,,,,,,,,,,,,,,,,,,,,,,,,,,,,,,,,,,,
"POLYGON ((-46.684982 -23.530662, -46.6848961 -23.5305448, -46.6846583 -23.5306855, -46.6846052 -23.530717, -46.6846576 -23.5307902, -46.6846607 -23.5307945, -46.6846923 -23.5308387, -46.684982 -23.530662))",Dia,supermarket,Dia,Q925132,,,,,,,São Paulo,663,05023-000,Avenida Pompeia,Vila Pompéia,,,,,,,,,,,,,,,,,,,,,,,,,,,,,,,,,,,,,,,,,,,,,,,,,,,,,,,,,,,,,,,,,,,,,,,,,,,,,,,,,,yes,,,,,,,,,,,,,,,,,,,,,5.2,,,,,,,,,,,,,,,,,,,,,,,,,,,,,,,,,,,,,,,,,,,,,,,,,,,,,,,,,,,,,,
"POLYGON ((-46.6821333 -23.533935, -46.6819733 -23.5340386, -46.6819395 -23.5339947, -46.6820995 -23.5338911, -46.6821333 -23.533935))",Carrefour Express,convenience,Carrefour Express,Q2940190,,,,,,,São Paulo,654,05019-000,Rua Diana,Perdizes,,,,,,,,,,,,,,,,,,,,,,,,,,,,,,,,,,,,,,,,,,,,,,,,,,,,,,,,,,,,,,,,,,,,,,,,,,,,,,,,,,,,,,,,,,,,,,,,,,,,,,,,,,,,,,,,,,,,,,,,,,,,,,,,,,,,,,,,,,,,,,,,,,,,,,,,,,,,,,,,,,,,,
"POLYGON ((-46.6864416 -23.535826, -46.6863698 -23.5357285, -46.6866501 -23.5355552, -46.6867218 -23.5356527, -46.6864416 -23.535826))",Dia,supermarket,Dia,Q925132,,,,,,,São Paulo,994,05021-010,Rua Tucuna,Perdizes,,,,,,,,,,,,,,,,,,,,,,,,,,,,,,,,,,,,,,,,,,,,,,,,,,,,,,,,,,,,,,,,,,,,,,,,,,,,,,,,,,yes,,,,,,,,,,,,,,,,,,,,,,,,,,,,,,,,,,,,,,,,,,,,,,,,,,,,,,,,,,,,,,,,,,,,,,,,,,,,,,,,,,,
"POLYGON ((-46.6853929 -23.5370232, -46.6853314 -23.5370598, -46.6854358 -23.537207, -46.6854972 -23.5371704, -46.6853929 -23.5370232))",Carrefour Express,convenience,Carrefour Express,Q2940190,,,,Mo-Su 09:00-22:00,,,São Paulo,1109,05019-011,Avenida Professor Alfonso Bovero,Perdizes,2025-04-12,,,,limited,,,,,,,,,,,,,,,,,,,,,,,,,,,,,,,,,,,,,,,,,,,,,,,,,,,,,,,,,,,,,,,,,,,,,,,,,,,,,,,,,,,,,,,,,,,,,,,,,,,,,,,,,,,,,,,,,,,,,,,,,,,,,,,,,,,,,,,,,,,,,,,,,,,,,,,,,,,,,,,,
"POLYGON ((-46.6818966 -23.5418781, -46.6818753 -23.5418715, -46.6818567 -23.5419222, -46.6818779 -23.5419287, -46.6818966 -23.5418781))",Kibo Produtos Orientais & Naturais,convenience,,,,,,,,,São Paulo,420,01254-000,Avenida Professor Alfonso Bovero,Perdizes,2025-04-12,,,,,,,,,,,,,,,,,,,,,,,,,,,,,,,,,,,,,,,,,,,,,,,,,,,,,,,,,,,,,,,,,,,,,,,,,,,,,,,,,,,,,,,,,,,,,,,,,,,,,,,,,,,,,,,,,,,,,,,,,,,,,,,,,,,,,,,,,,,,,,,,,,,,,,,,,,,,,,,,,,,,
"POLYGON ((-46.6830574 -23.540164, -46.682898 -23.5399409, -46.6828603 -23.5400119, -46.6829998 -23.5401992, -46.6830574 -23.540164))",Dia,supermarket,Dia,Q925132,,,,,,,São Paulo,647,05019-011,Avenida Professor Alfonso Bovero,Perdizes,,,,,,,,,,,,,,,,,,,,,,,,,,,,,,,,,,,,,,,,,,,,,,,,,,,,,,,,,,,,,,,,,,,,,,,,,,,,,,,,,,,,,,,,,,,,,,,,,,,,,,,,,,,,,,,,,,,,,,,,,,,,,,,,,,,,,,,,,,,,,,,,,,,,,,,,,,,,,,,,,,,,,
"POLYGON ((-46.6838082 -23.5366437, -46.6837923 -23.5366227, -46.6837722 -23.5366357, -46.6837873 -23.5366562, -46.6838082 -23.5366437))",Jokeka Shop Mercearia,convenience,,,,,,,,,São Paulo,996,05019-000,Rua Diana,Perdizes,,,,,,,,,,,,,,,,,,,,,,,,,,,,,,,,,,,,,,,,,,,,,,,,,,,,,,,,,,,,,,,,,,,,,,,,,,,,,,,,,,,,,,,,,,,,,,,,,,,,,,,,,,,,,,,,,,,,,,,,,,,,,,,,,,,,,,,,,,,,,,,,,,,,,,,,,,,,,,,,,,,,,
"POLYGON ((-46.6846749 -23.5357197, -46.6845554 -23.5357967, -46.6845132 -23.5357417, -46.6846328 -23.5356647, -46.6846749 -23.5357197))",Oxxo,convenience,Oxxo,Q1342538,,,,,,,São Paulo,957,05020-000,Rua Caraíbas,Perdizes,,,,,,,,,,,,,,,,,,,,,,,,,,,,,,,,,,,,,,,,,,,,,,,,,,,,,,,,,,,,,,,,,,,,,,,,,,,,,,,,,,,,,,,,,,,,,,,,,,,,,,,,,,,,,,,,,,,,,,,,,,,,,,,,,,,,,,,,,,,,,,,,,,,,,,,,,,,,,,,,,,,,,
"POLYGON ((-46.6857771 -23.5417777, -46.6857134 -23.5418158, -46.6858672 -23.5420257, -46.6859295 -23.5419871, -46.6857771 -23.5417777))",Ágape Supermercados,supermarket,,,,,,,,,São Paulo,326,01259-000,Rua Havaí,Sumaré,2025-04-12,,,,,,,,,,,,,,,,,,,,,,,,,,,,,,,,,,,,,,,,,,,,,,,,,,,,,,,,,,,,,,,,,,,,,,,,,,,,,,,,,,,,,,,,,,,,,,,,,,,,,,,,,,,,,,,,,,,,,,,,,,,,,,,,,,,,,,,,,,,,,,,,,,,,,,,,,,,,,,,,,,,,
"POLYGON ((-46.6866703 -23.5428594, -46.6866192 -23.5428929, -46.6866092 -23.5428801, -46.6866603 -23.5428466, -46.6866703 -23.5428594))",Mercadinho Cayowaá,convenience,,,,,,,,,São Paulo,1755,01258-011,Rua Cayowaá,,2025-04-12,,,,,,,,,,,,,,,,,,,,,,,,,,,,,,,,,,,,,,,,,,,,,,,,,,,,,,,,,,,,,,,,,,,,,,,,,,,,,,,,,,,,,,,,,,,,,,,,,,,,,,,,,,,,,,,,,,,,,,,,,,,,,,,,,,,,,,,,,,,,,,,,,,,,,,,,,,,,,,,,,,,,
"POLYGON ((-46.6788526 -23.533082, -46.6788668 -23.5330727, -46.6788907 -23.5330569, -46.6790196 -23.5329738, -46.6789893 -23.5329326, -46.6789489 -23.5328775, -46.678893 -23.5329144, -46.6787018 -23.5330419, -46.6787744 -23.5331344, -46.6788526 -23.533082))",Dia,supermarket,Dia,Q925132,,,,,,,São Paulo,270,05018-010,Rua Aimberê,Perdizes,,,,,,,,,,,,,,,,,,,,,,,,,,,,,,,,,,,,,,,,,,,,,,,,,,,,,,,,,,,,,,,,,,,,,,,,,,,,,,,,,,yes,,,,,,,,,,,,,,,,,,,,,7,,,,,,,,,,,,,,,,,,,,,,,,,,,,,,,,,,,,,,,,,,,,,,,,,,,,,,,,,,,,,,
"POLYGON ((-46.7451968 -23.6818214, -46.7452415 -23.6819132, -46.7451829 -23.6819371, -46.7451382 -23.6818453, -46.7451968 -23.6818214))",Casa do Norte,convenience,,,,,,,,,,,,,,,,,,,,,,,,,,,,,,,,,,,,,,,,,,,,,,,,,,,,,,,,,,,,,,,,,,,,,,,,,,,,,,,,,,,,,,,,,,,,,,,yes,,,,,,,,,,,,,,,,,,,,,,,,,,,,,,,,,,,,,,,,,,,,,,,,,,,,,,,,,,,,,,,,,,,,,,,,,,,,,,,,,,,
"POLYGON ((-46.7450835 -23.68212, -46.7450731 -23.6820743, -46.7451723 -23.6820553, -46.7451827 -23.682101, -46.7450835 -23.68212))",Mercadinho da Beth,convenience,,,,,,,,,,,,,,,,,,,,,,,,,,,,,,,,,,,,,,,,,,,,,,,,,,,,,,,,,,,,,,,,,,,,,,,,,,,,,,,,,,,,,,,,,,,,,,,yes,,,,,,,,,,,,,,,,,,,,,,,,,,,,,,,,,,,,,,,,,,,,,,,,,,,,,,,,,,,,,,,,,,,,,,,,,,,,,,,,,,,
"POLYGON ((-46.7449496 -23.6830945, -46.7450593 -23.6831018, -46.7450606 -23.6830851, -46.7449509 -23.6830778, -46.7449496 -23.6830945))",Mercadinho NF,convenience,,,,,,,,,,,,,,,,,,,,,,,,,,,,,,,,,,,,,,,,,,,,,,,,,,,,,,,,,,,,,,,,,,,,,,,,,,,,,,,,,,,,,,,,,,,,,,,yes,,,,,,,,,,,,,,,,,,,,,,,,,,,,,,,,,,,,,,,,,,,,,,,,,,,,,,,,,,,,,,,,,,,,,,,,,,,,,,,,,,,
"POLYGON ((-46.6790784 -23.5352579, -46.6789805 -23.5353152, -46.6790633 -23.5354342, -46.6791612 -23.535377, -46.6790784 -23.5352579))",Mini Extra,convenience,Mini Extra,Q5422131,,,,,,,São Paulo,1294,05010-000,Rua Caiubi,Perdizes,,,,,,,,,,,,,,,,,,,,,,,,,,,,,,,,,,,,,,,,,,,,,,,,,,,,,,,,,,,,,,,,,,,,,,,,,,,,,,,,,,,,,,,,,,,,,,,,,,,,,,,,,,,,,,,,,,,,,,,,,,,,,,,,,,,,,,,,,,,,,,,,,,,,,,,,,,,,,,,,,,,,,
"POLYGON ((-46.594461 -23.5583866, -46.5943525 -23.558434, -46.5944858 -23.5586906, -46.5945943 -23.5586432, -46.594461 -23.5583866))",Mini Extra,convenience,Mini Extra,Q5422131,,,,,,,São Paulo,165,03183-000,Rua Cuiabá,Alto da Mooca,,,,,,,,,,,,,,,,,,,,,,,,,,,,,,,,,,,,,,,,,,,,,,,,,,,,,,,,,,,,,,,,,,,,,,,,,,,,,,,,,,,,,,,,,,,,,,,,,,,,,,,,,,,,,,,,,,,,,,,,,,,,,,,,,,,,,,,,,,,,,,,,,,,,,,,,,,,,,,,,,,,,,
"POLYGON ((-46.6389959 -23.5407367, -46.6389193 -23.5406879, -46.6389009 -23.5407123, -46.6389774 -23.540761, -46.6389959 -23.5407367))",Mini Mercado Extra,convenience,Mini Mercado Extra,Q5422131,,,,,,,São Paulo,212,01206-000,Avenida Rio Branco,,,,,,,,,,,,,,,,,,,,,,,,,,,,,,,,,,,,,,,,,,,,,,,,,,,,,,,,,,,,,,,,,,,,,,,,,,,,,,,,,,,,,,,,,,,,,,,,,,,,,,,,,,,,,,,,,,,,,,,,,,,,,,,,,,,,,,,,,,,,,,,,,,,,,,,,,,,,,,,,,,,,,,
"POLYGON ((-46.5843072 -23.5687078, -46.5844267 -23.5687032, -46.5844199 -23.5686013, -46.5842965 -23.568607, -46.5843072 -23.5687078))",Mini Extra,convenience,Mini Extra,Q5422131,,,,,,,São Paulo,2224,03195-000,Rua do Oratório,Mooca,,,,,,,,,,,,,,,,,,,,,,,,,,,,,,,,,,,,,,,,,,,,,,,,,,,,,,,,,,,,,,,,,,,,,,,,,,,,,,,,,,,,,,,,,,,,,,,,,,,,,,,,,,,,,,,,,,,,,,,,,,,,,,,,,,,,,,,,,,,,,,,,,,,,,,,,,,,,,,,,,,,,,
"POLYGON ((-46.5914977 -23.569939, -46.5914563 -23.569905, -46.5913951 -23.5699659, -46.5914353 -23.5700007, -46.5914977 -23.569939))",Pão de Açúcar,supermarket,Pão de Açúcar,Q3411543,,,,,,,São Paulo,337 L2,03124-021,Rua Juventus,Parque da Moóca,,,,,,,,,,,,,,,,,,,,,,,,,,,,,,,,,,,,,,,,,,,,,,,,,,,,,,,,,,,,,,,,,,,,,,,,,,,,,,,,,,,,,,,,,,,,,,,,,,,,,,,,,,,,,,,,,,,,,,,,,,,,,,,,,,,,,,,,,,,,,,,,,,,,,,,,,,,,,,,,,,,,,
"POLYGON ((-46.5919123 -23.5694518, -46.5919918 -23.5693726, -46.592034 -23.5694085, -46.5919533 -23.5694883, -46.5919123 -23.5694518))",Urizun Produtos Orientais,convenience,,,,,,,,,São Paulo,337 L11,03124-021,Rua Juventus,Parque da Moóca,,,,,,,,,,,,,,,,,,,,,,,,,,,,,,,,,,,,,,,,,,,,,,,,,,,,,,,,,,,,,,,,,,,,,,,,,,,,,,,,,,,,,,,,,,,,,,,,,,,,,,,,,,,,,,,,,,,,,,,,,,,,,,,,,,,,,,,,,,,,,,,,,,,,,,,,,,,,,,,,,,,,,
"POLYGON ((-46.6878848 -23.7168679, -46.6878038 -23.7169014, -46.6877853 -23.716864, -46.6878664 -23.7168305, -46.6878848 -23.7168679))",VR Mini Mercado,convenience,,,,,,,,,São Paulo,580,04812-090,Avenida Gonçalo de Paiva Gomes,Jardim Republica,,,,,,,,,,,,,,,,,,,,,,,,,,,,,,,,,,,,,,,,,,,,,,,,,,,,,,,,,,,,,,,,,,,,,,,,,,,,,,,,,,yes,,,,,,,,,,,,,,,,,,,,,,,,,,,,,,,,,,,,,,,,,,,,,,,,,,,,,,,,,,,,,,,,,,,,,,,,,,,,,,,,,,,
"POLYGON ((-46.6770154 -23.5323987, -46.6768204 -23.5325249, -46.6770082 -23.532769, -46.6772033 -23.5326428, -46.6770154 -23.5323987))",Oba,supermarket,,,,,,,,,São Paulo,104,05017-000,Rua Apinajés,Perdizes,,,,,,,,,,,,,,,,,,,,,,,,,,,,,,,,,,,,,,,,,,,,,,,,,,,,,,,,,,,,,,,,,,,,,,,,,,,,,,,,,,,,,,,,,,,,,,,,,,,,,,,,,,,,,,,,,,,,,,,,,,,,,,,,,,,,,,,,,,,,,,,,,,,,,,,,,,,,,,,,,,,,,
"POLYGON ((-46.6811384 -23.5395303, -46.6810404 -23.5395923, -46.6810728 -23.5396353, -46.6811707 -23.5395733, -46.6811384 -23.5395303))",Carrefour Express,convenience,Carrefour Express,Q2940190,,,,,,,São Paulo,178,05017-040,Rua Piracuama,Perdizes,,,,,,,,,,,,,,,,,,,,,,,,,,,,,,,,,,,,,,,,,,,,,,,,,,,,,,,,,,,,,,,,,,,,,,,,,,,,,,,,,,,,,,,,,,,,,,,,,,,,,,,,,,,,,,,,,,,,,,,,,,,,,,,,,,,,,,,,,,,,,,,,,,,,,,,,,,,,,,,,,,,,,
"POLYGON ((-46.6822047 -23.5404314, -46.6823124 -23.5405904, -46.6822705 -23.5406855, -46.68212 -23.5406352, -46.6822047 -23.5404314))",Pão de Açúcar,supermarket,Pão de Açúcar,Q3411543,,,,,pt:Pão de Açúcar (supermercado brasileiro),,São Paulo,566,01254-000,Avenida Professor Alfonso Bovero,Perdizes,2025-04-12,,,,,,,,,,,,,,,,,,,,,,,,,,,,,,,,,,,,,,,,,,,,,,,,,,,,,,,,,,,,,,,,,,,,,,,,,,,,,,,,,,,,,,,,,,,,,,,,,,,,,,,,,,,,,,,,,,,,,,,,,,,,,,,,,,,,,,,,,,,,,,,,,,,,,,,,,,,,,,,,,,,,
"POLYGON ((-46.6235071 -23.5023346, -46.6233514 -23.5023372, -46.6233524 -23.5023884, -46.6235082 -23.5023857, -46.6235071 -23.5023346))",Carrefour Express,convenience,Carrefour,Q217599,,,,Mo-Su06:00-24:00,,,São Paulo,432,02034-001,Rua Ezequiel Freire,,,,,,,,,,,,,,,,,,,,,,,,,,,,,,Q2940190,,,,,,,,,,,,468759574356976,,,,,,,,,,,,,,,,,,,,,,,,,,,,,,,,,,,,,,,,,,,,,,,,,,,,,,,,,,,,,,,,,,,,,,,,,,,,,,,,,,,,,,,,,,,,,,,,,,,,,,,,,,,,,,,,,,,,,,,,,,,,
"POLYGON ((-46.6761718 -23.5335644, -46.6761491 -23.5335786, -46.6761143 -23.5335317, -46.6761371 -23.5335176, -46.6761718 -23.5335644))",Mercadinho Apíacás,convenience,,,,,,,,,São Paulo,140,05017-020,Rua Apiacás,Perdizes,,,,,,,,,,,,,,,,,,,,,,,,,,,,,,,,,,,,,,,,,,,,,,,,,,,,,,,,,,,,,,,,,,,,,,,,,,,,,,,,,,,,,,,,,,,,,,,,,,,,,,,,,,,,,,,,,,,,,,,,,,,,,,,,,,,,,,,,,,,,,,,,,,,,,,,,,,,,,,,,,,,,,
"POLYGON ((-46.6740432 -23.5357947, -46.6740375 -23.5357285, -46.6738854 -23.5355526, -46.6736796 -23.535684, -46.6736965 -23.5357051, -46.6737119 -23.5357246, -46.6737396 -23.5357609, -46.6737444 -23.5357672, -46.6737855 -23.535821, -46.6738098 -23.5358527, -46.6738422 -23.5358951, -46.6738576 -23.5359152, -46.6739006 -23.5358872, -46.6739269 -23.5358702, -46.6739621 -23.5358474, -46.6739935 -23.535827, -46.6740432 -23.5357947))",St. Marche,supermarket,,,,,,,,,São Paulo,721,,Avenida Sumaré,Perdizes,,,,,,,,,,,,,,,,,,,,,,,,,,,,,,,,,,,,,,,,,,,,,,,,,,,,,,,,,,,,,,,,,,,,,,,,,,,,,,,,,,yes,,,,,,,,,,,,,,,,,,,,,8,,,,,,,,,,,,,,,,,,,,,,,,,,,,,,,,,,,,,,,,,,,,,,,,,,,,,,,,,,,,,,
"POLYGON ((-46.5911133 -23.5023693, -46.591093 -23.5023334, -46.5910904 -23.5022795, -46.5910454 -23.502276, -46.5910304 -23.5023112, -46.5910304 -23.5023537, -46.5910454 -23.5023854, -46.591063 -23.5024063, -46.5911133 -23.5023693))",Oxxo,convenience,Oxxo,Q1342538,,,,24/7,,,São Paulo,1509,02127-001,Avenida Alberto Byington,Vila Munhoz,,,,,,,,,,yes,yes,,,,,yes,yes,,,,,,,,,,,,,,,,,,,,,,,,,,,,,,,,,,,,,,,,,,,,,,,,,,,,,,,,,,,,,,,,,,,,,,,,,,,,,,,,,,,,,,,,,,,,,,,,,,,,,,,,,,,,,,,,,,,,,,,,,,,,,,,,,,,,,,,,,,,,,,,,,,,,
"POLYGON ((-46.6077848 -23.5392704, -46.6077352 -23.5392632, -46.6076908 -23.5392568, -46.6076822 -23.539311, -46.6077736 -23.5393248, -46.6077848 -23.5392704))",Carrefour Express,convenience,Carrefour Express,Q2940190,,,,,fr:Carrefour Express,,São Paulo,480,03014-000,Avenida Celso Garcia,,,,,,,,,Groupe Carrefour,,,,,,,,,,,,,,,,,,,,,,,,,,,,,,,,,,,,,,,,,,Q3117359,fr:Groupe Carrefour,,,,,,,,,,,,,,,,,,,,,,,,,,,,,,,,,,,,,,,,,,,,,,,,,,,,,,,,,,,,,,,,,,,,,,,,,,,,,,,,,,,,,,,,,,,,,,,,,,,,,,,,,,,,,,,,,,
"POLYGON ((-46.6097649 -23.5392504, -46.6097101 -23.5394382, -46.6096084 -23.5394137, -46.6096006 -23.5393928, -46.6096501 -23.5392193, -46.6097649 -23.5392504))",Dia,supermarket,Dia,Q925132,,,,,,,São Paulo,279,03015-000,Avenida Celso Garcia,Brás,,,,,,,,,,,,,,,,,,,,,,,,,,,,,,,,,,,,,,,,,,,,,,,,,,,,,,,,,,,,,,,,,,,,,,,,,,,,,,,,,,,,,,,,,,,,,,,,,,,,,,,,,,,,,,,,,,,,,,,,,,,,,,,,,,,,,,,,,,,,,,,,,,,,,,,,,,,,,,,,,,,,,
"POLYGON ((-46.6461116 -23.5701807, -46.6460977 -23.5701654, -46.6460016 -23.5702384, -46.6460155 -23.5702537, -46.6461116 -23.5701807))",Carrefour Express,convenience,Carrefour Express,Q2940190,,,,,fr:Carrefour Express,,São Paulo,177,01311-000,Avenida Paulista,Bela Vista,,,,,,,,,,,,,,,,,,,,,,,,,,,,,,,,,,,,,,,,,,,,,,,,,,,,,,,,,,,,,,,,,,,,,,,,,,,,,,,,,,,,,,,,,,,,,,,,,,,,,,,,,,,,,,,,,,,,,,,,,,,,,,,,,,,,,,,,,,,,,,,,,,,,,,,,,,,,,,,,,,,,,
"POLYGON ((-46.6675971 -23.5292857, -46.6675236 -23.5293258, -46.6676526 -23.5295245, -46.6677261 -23.5294844, -46.6675971 -23.5292857))",Carrefour Express,convenience,Carrefour Express,Q2940190,,,,,,,São Paulo,476,05001-000,Avenida Francisco Matarazzo,Barra Funda,,,,,,,,,,,,,,,,,,,,,,,,,,,,,,,,,,,,,,,,,,,,,,,,,,,,,,,,,,,,,,,,,,,,,,,,,,,,,,,,,,,,,,,,,,,,,,,,,,,,,,,,,,,,,,,,,,,,,,,,,,,,,,,,,,,,,,,,,,,,,,,,,,,,,,,,,,,,,,,,,,,,,
"POLYGON ((-46.5940981 -23.5479235, -46.5937685 -23.5482197, -46.5940828 -23.548477, -46.5943569 -23.5482314, -46.5943757 -23.5482161, -46.5943786 -23.5481996, -46.5943806 -23.5481877, -46.5940981 -23.5479235))",Hirota Food,supermarket,,,,,,,,,São Paulo,1058,03166-001,Rua Taquari,Belenzinho,,,,,,,,,,,,,,,,,,,,,,,,,,,,,,,,,,,,,,,,,,,,,,,,,,,,,,,,,,,,,,,,,,,,,,,,,,,,,,,,,,,,,,,,,,,,,,,,,,,,,,,,,,,,,,,,,,,,,,,,,,,,,,,,,,,,,,,,,,,,,,,,,,,,,,,,,,,,,,,,,,,,,
"POLYGON ((-46.5953523 -23.5504659, -46.5955665 -23.5502558, -46.595607 -23.5502945, -46.5957767 -23.5504562, -46.5958411 -23.5505177, -46.5958647 -23.5504949, -46.5962774 -23.550891, -46.5958972 -23.55126, -46.5958334 -23.5511954, -46.5957477 -23.5512796, -46.5957826 -23.5513112, -46.5956414 -23.5514505, -46.5956025 -23.5514889, -46.5955588 -23.5514498, -46.5955214 -23.5514163, -46.5957417 -23.5511977, -46.59543 -23.5509177, -46.5955671 -23.5507831, -46.5956277 -23.5507236, -46.5953523 -23.5504659))",St. Marché,supermarket,,,,,,,,,São Paulo,98,03169-010,Avenida Cassandoca,Móoca,,,,,,,,,,,,,,,,,,,,,,,,,,,,,,,,,,,,,,,,,,,,,,,,,,,,,,,,,,,,,,,,,,,,,,,,,,,,,,,,,,,,,,,,,,,,,,,,,,,,,,,,,,,,,,,,,,,,,,,,,,,,,,,,,,,,,,,,,,,,,,,,,,,,,,,,,,,,,,,,,,,,,
"POLYGON ((-46.5923123 -23.5574938, -46.5922868 -23.5574459, -46.5924339 -23.5573803, -46.5924593 -23.5574281, -46.5923123 -23.5574938))",Fuxing Mercadinho,convenience,,,,,,,,,São Paulo,3409,03165-001,Rua da Mooca,Alto da Mooca,,,,,,,,,,,,,,,,,,,,,,,,,,,,,,,,,,,,,,,,,,,,,,,,,,,,,,,,,,,,,,,,,,,,,,,,,,,,,,,,,,,,,,,,,,,,,,,,,,,,,,,,,,,,,,,,,,,,,,,,,,,,,,,,,,,,,,,,,,,,,,,,,,,,,,,,,,,,,,,,,,,,,
"POLYGON ((-46.6049939 -23.5192889, -46.6049461 -23.5193676, -46.6049833 -23.519385, -46.6050309 -23.5193077, -46.6049939 -23.5192889))",,convenience,,,,,,,,,São Paulo,,02060-040,Rua Alfredo Mário Pizzoti,,,,,,,,,,,,,,,,,,,,,,,,,,,,,,,,,,,,,,,,,,,,,,,,,,,,,,,,,,,,,,,,,,,,,,,,,,,,,,,,,,,,,,,,,,,,,,,,,,,,,,,,,,,,,,,,,,,,,,,,,,,,,,,,,,,,,,,,,,,,,,,,,,,,,,,,,,,,,,,,,,,,,,
"POLYGON ((-46.6263082 -23.5018685, -46.6263195 -23.5019365, -46.6262826 -23.5019406, -46.6262708 -23.5018739, -46.6263082 -23.5018685))",Carrefour Express,convenience,Carrefour Express,Q2940190,,,,,fr:Carrefour Express,,São Paulo,2087,02011-500,Rua Voluntários da Pátria,,,,,,,,,,,,,,,,,,,,,,,,,,,,,,,,,,,,,,,,,,,,,,,,,,,,,,,,,,,,,,,,,,,,,,,,,,,,,,,,,,,,,,,,,,,,,,,,,,,,,,,,,,,,,,,,,,,,,,,,,,,,,,,,,,,,,,,,,,,,,,,,,,,,,,,,,,,,,,,,,,,,,,
"POLYGON ((-46.6634421 -23.6051683, -46.6632683 -23.6053088, -46.6631515 -23.6051876, -46.6633253 -23.605047, -46.6634421 -23.6051683))",Dia,supermarket,Dia,Q925132,,,,,,,São Paulo,2419,04029-200,Avenida Ibirapuera,Moema,,,,,,,,,,,,,,,,,,,,,,,,,,,,,,,,,,,,,,,,,,,,,,,,,,,,,,,,,,,,,,,,,,,,,,,,,,,,,,,,,,,,,,,,,,,,,,,,,,,,,,,,,,,,,,,,,,,,,,,,,,,,,,,,,,,,,,,,,,,,,,,,,,,,,,,,,,,,,,,,,,,,,
"POLYGON ((-46.6596853 -23.6031374, -46.6596249 -23.6031848, -46.6598326 -23.6034072, -46.6598931 -23.6033597, -46.6596853 -23.6031374))",Carrefour Express,convenience,Carrefour Express,Q2940190,,,,,,,,,,,,,,,,,,,,,,,,,,,,,,,,,,,,,,,,,,,,,,,,,,,,,,,,,,,,,,,,,,,,,,,,,,,,,,,,,,,,,,,,,,,,,,,,,,,,,,,,,,,,,,,,,,,,,,,,,,,,,,,,,,,,,,,,,,,,,,,,,,,,,,,,,,,,,,,,,,,,,,,,,,,,,,,,
"POLYGON ((-46.6574335 -23.6053431, -46.657304 -23.6052063, -46.6572482 -23.6052507, -46.6573777 -23.6053875, -46.6574335 -23.6053431))",,convenience,,,,,,,,,São Paulo,373,04077-021,Avenida Moema,,,,,,,,,,,,,,,,,,,,,,,,,,,,,,,,,,,,,,,,,,,,,,,,,,,,,,,,,,,,,,,,,,,,,,,,,,,,,,,,,,,yes,,,,,,,,,,,,,,,,,,,,,,,,,,,,,,,,,,,,,,,,,,,,,,,,,,,,,,,,,,,,,,,,,,,,,,,,,,,,,,,,,,,
"POLYGON ((-46.6588739 -23.6051033, -46.6586452 -23.6052887, -46.6586039 -23.6052459, -46.6588327 -23.6050605, -46.6588739 -23.6051033))",Mini Extra,convenience,Mini Extra,Q5422131,,,,,,Fácil,São Paulo,417,04089-011,Alameda dos Maracatins,Moema,,,,,,,,Companhia Brasileira de Distribuição,,,,,,,,,,,,,,,,,,,,,,,,,,,,,,,,,,,,,,,,,,,,,,,,,,,,,,,,,,,,,,,,,,,,,,,,,,,,,,,,,,,,,,,,,,,,,,,,,,,,,,,,,,,,,,,,,,,,,,,,,,,,,,,,,,,,,,,,,,,,,,,,,,,,,,,,,,,,,
"POLYGON ((-46.654611 -23.6073301, -46.6545478 -23.6073783, -46.6546831 -23.6075273, -46.6547463 -23.6074792, -46.654611 -23.6073301))",Carrefour Market,convenience,Carrefour Market,Q2689639,,,,,,,São Paulo,735,04077-023,Avenida Moema,Moema,,,,,,,,,,,,,,,,,,,,,,,,,,,,,,,,,,,,,,,,,,,,,,,,,,,,,,,,,,,,,,,,,,,,,,,,,,,,,,,,,,,,,,,,,,,,,,,,,,,,,,,,,,,,,,,,,,,,,,,,,,,,,,,,,,,,,,,,,,,,,,,,,,,,,,,,,,,,,,,,,,,,,
"POLYGON ((-46.6590552 -23.6076557, -46.6594971 -23.6073023, -46.6598019 -23.6076255, -46.6597996 -23.6076597, -46.6596124 -23.6078114, -46.6595796 -23.607838, -46.6593773 -23.6080019, -46.6590552 -23.6076557))",Emporium São Paulo,supermarket,,,,,,,,,São Paulo,259,04079-001,Avenida Jurema,Moema,,,,,,,,,,,,,,,,,,,,,,,,,,,,,,,,,,,,,,,,,,,,,,,,,,,,,,,,,,,,,,,,,,,,,,,,,,,,,,,,,,,,,,,,,,,,,,,,,,,,,,,,,,,,,,,,,,,,,,,,,,,,,,,,,,,,,,,,,,,,,,,,,,,,,,,,,,,,,,,,,,,,,
"POLYGON ((-46.6647061 -23.6106642, -46.6646762 -23.6106882, -46.6646451 -23.6106558, -46.6646754 -23.610632, -46.6647061 -23.6106642))",Emporio da Papinha,convenience,,,,,,,,,,,,,,,,,,,,,,,,,,,,,,,,,,,,,,,,,,,,,,,,,,,,,,,,,,,,,,,,,,,,,,,,,,,,,,,,,,,,,,,,,,,,,,,,,,,,,,,,,,,,,,,,,,,,,,,,,,,,,,,,,,,,,,,,,,,,,,,,,,,,,,,,,,,,,,,,,,,,,,,,,,,,,,,,,,
"POLYGON ((-46.6614472 -23.6117953, -46.66119 -23.612005, -46.6612184 -23.6120343, -46.6614757 -23.6118246, -46.6614472 -23.6117953))",Empório São Paulo,supermarket,,,,,,,,,,,,,,,,,,,,,,,,,,,,,,,,,,,,,,,,,,,,,,,,,,,,,,,,,,,,,,,,,,,,,,,,,,,,,,,,,,,,,,,,,,,,,,,,,,,,,,,,,,,,,,,,,,,,,,,,,,,,,,,,,,,,,,,,,,,,,,,,,,,,,,,,,,,,,,,,,,,,,,,,,,,,,,,,,,
"POLYGON ((-46.66063 -23.6090476, -46.6608313 -23.6088868, -46.6609566 -23.6090216, -46.6607568 -23.6091823, -46.66063 -23.6090476))",Dia,supermarket,Dia,Q925132,,,,,,,São Paulo,1169,04090-012,Alameda dos Nhambiquaras,Moema,,,,,,,,,,,,,,,,,,,,,,,,,,,,,,,,,,,,,,,,,,,,,,,,,,,,,,,,,,,,,,,,,,,,,,,,,,,,,,,,,,,,,,,,,,,,,,,,,,,,,,,,,,,,,,,,,,,,,,,,,,,,,,,,,,,,,,,,,,,,,,,,,,,,,,,,,,,,,,,,,,,,,
"POLYGON ((-46.6572154 -23.6037025, -46.6574353 -23.6039314, -46.6574762 -23.6039719, -46.6576787 -23.6038116, -46.6576837 -23.6037804, -46.6574387 -23.6035264, -46.6572154 -23.6037025))",Emporium São Paulo,supermarket,,,,,,,,,São Paulo,217,04089-010,Alameda dos Maracatins,Moema,,,,,,,,,,,,,,,,,,,,,,,,,,,,,,,,,,,,,,,,,,,,,,,,,,,,,,,,,,,,,,,,,,,,,,,,,,,,,,,,,,,,,,,,,,,,,,,,,,,,,,,,,,,,,,,,,,,,,,,,,,,,,,,,,,,,,,,,,,,,,,,,,,,,,,,,,,,,,,,,,,,,,
"POLYGON ((-46.659918 -23.6056481, -46.6597927 -23.6057516, -46.6597446 -23.6057027, -46.6598699 -23.6055992, -46.659918 -23.6056481))",Koa Food Market,convenience,,,,,,,,,São Paulo,528,04089-001,Alameda dos Maracatins,,,,,,,,,,,,,,,,,,,,,,,,,,,,,,,,,,,,,,,,,,,,,,,,,,,,,,,,,,,,,,,,,,,,,,,,,,,,,,,,,,,,,,,,,,,,,,,,,,,,,,,,,,,,,,,,,,,,,,,,,,,,,,,,,,,,,,,,,,,,,,,,,,,,,,,,,,,,,,,,,,,,,,
"POLYGON ((-46.6600947 -23.6057729, -46.659914 -23.6059205, -46.6598658 -23.605871, -46.6600465 -23.6057233, -46.6600947 -23.6057729))",Dia,supermarket,Dia,Q925132,,,,,,,São Paulo,552,04089-001,Alameda dos Maracatins,Moema,,,,,,,,,,,,,,,,,,,,,,,,,,,,,,,,,,,,,,,,,,,,,,,,,,,,,,,,,,,,,,,,,,,,,,,,,,,,,,,,,,,,,,,,,,,,,,,,,,,,,,,,,,,,,,,,,,,,,,,,,,,,,,,,,,,,,,,,,,,,,,,,,,,,,,,,,,,,,,,,,,,,,
"POLYGON ((-46.6622084 -23.608115, -46.6621408 -23.6080445, -46.6620329 -23.6081314, -46.6621005 -23.6082019, -46.6622084 -23.608115))",Minuto Pão de Açucar,convenience,,,,,,,,,São Paulo,888,04089-001,Alameda dos Maracatins,Moema,,,,,,,,,,,,,,,,,,,,,,,,,,,,,,,,,,,,,,,,,,,,,,,,,,,,,,,,,,,,,,,,,,,,,,,,,,,,,,,,,,,,,,,,,,,,,,,,,,,,,,,,,,,,,,,,,,,,,,,,,,,,,,,,,,,,,,,,,,,,,,,,,,,,,,,,,,,,,,,,,,,,,
"POLYGON ((-46.6646022 -23.6103704, -46.6643611 -23.6105591, -46.6642529 -23.6104431, -46.6644941 -23.6102544, -46.6646022 -23.6103704))",Dia,supermarket,Dia,Q925132,,,,,,,São Paulo,1232,04089-003,Alameda dos Maracatins,Moema,,,,,,,,,,,,,,,,,,,,,,,,,BR,,,,,,,,,,,,,,,,,,,,,,,,,,,,,,,,,,,,,,,,,,,,,,,,,,,,,,,,,,,,,,,,,,,,,,,,,,,,,,,,,,,,,,,,,,,,,,,,,,,,,,,,,,,,,,,,,,,,,,,,,,,,,,,,,,,,,,,,,,,,
"POLYGON ((-46.6657078 -23.6132956, -46.6655463 -23.6134173, -46.6653487 -23.6132116, -46.6655054 -23.613081, -46.6657078 -23.6132956))",Natural Terra,supermarket,,,,,,,,,São Paulo,448,04085-000,Avenida dos Imarés,Moema,,,,only,,,,,,,,,,,,,,,,,,,,,,,,,,,,,,,,,,,,,,,,,,,,,,,,,,,,,,,,,,,,,,,,,,,,,,,,,,,,,,,,,,,,,,,,,,,,,,,,,,,,,,,,,,,,,,,,,,,,,,,,,,,,,,,,,,,,,,,,,,,,,,,,,,,,,,,,,,,,,,,,,
"POLYGON ((-46.6665021 -23.6066307, -46.6666966 -23.6064815, -46.6667289 -23.6064734, -46.6667557 -23.6064848, -46.6668113 -23.6065433, -46.6671145 -23.6068624, -46.6668919 -23.6070407, -46.6665021 -23.6066307))",Natural da Terra,supermarket,,,,,,,,,São Paulo,1111,04524-001,Alameda dos Arapanés,Moema,,,,only,,,,,,,,,,,,,,,,,,,,,,,,,,,,,,,,,,,,,,,,,,,,,,,,,,,,,,,,,,,,,,,,,,,,,,,,,,,,,,,,,,,,,,,,,,,,,,,,,,,,,,,,,,,,,,,,,,,,,,,,,,,,,,,,,,,,,,,,,,,,,,,,,,,,,,,,,,,,,,,,,
"POLYGON ((-46.6646846 -23.6027628, -46.6647572 -23.6027058, -46.6648738 -23.6026129, -46.665219 -23.6029748, -46.6651036 -23.6030675, -46.665028 -23.6029871, -46.664803 -23.6031694, -46.6647377 -23.6031011, -46.6647825 -23.6030638, -46.6647193 -23.6029958, -46.6648257 -23.6029111, -46.6646846 -23.6027628))",StMarche,supermarket,,,,,,,,,São Paulo,621,,Alameda Jauaperi,Moema,,,,,,,,,,,,,,,,,,,,,,,,,,,,,,,,,,,,,,,,,,,,,,,,,,,,,,,,,,,,,,,,,,,,,,,,,,,,,,,,,,,,,,,,,,,,,,,,,,,,,,,,,,,,,,,,,,,,,,,,,,,,,,,,,,,,,,,,,,,,,,,,,,,,,,,,,,,,,,,,,,,,,
"POLYGON ((-46.6540458 -23.4634832, -46.6538587 -23.4637498, -46.6535904 -23.4635764, -46.6536311 -23.4635093, -46.6537673 -23.4633284, -46.6540458 -23.4634832))",Supermercado Peri,supermarket,,,,,,,,,,,,,,,,,,,,,,,,,,,,,,,,,,,,,,,,,,,,,,,,,,,,,,,,,,,local knowledge,,,,,,,,,,,,,,,,,,,,,,,,,,,,,,,,,,,,yes,,,,,,,,,,,,,,,,,,,,,,,,,,,,,,,,,,,,,,,,,,,,,,,,,,,,,,,,,,,,,,,,,,,,,,,,,,,,,,,,,,,
"POLYGON ((-46.6664079 -23.5997671, -46.6662602 -23.5998851, -46.6668922 -23.6005637, -46.6668994 -23.6005716, -46.6669717 -23.600513, -46.667044 -23.6004543, -46.6670208 -23.6004295, -46.6664079 -23.5997671))",Pão de Açúcar,supermarket,Pão de Açúcar,Q3411543,,,,,pt:Pão de Açúcar (supermercado brasileiro),,São Paulo,249,,Avenida Lavandisca,Moema,,,,,,,,,https://www.paodeacucar.com.br/,,,,,+55 11 5052-6978,,,,,,,,,,,BR,,,,,,,,,,,,,,,,,,,,,,,,,,,,,,,,,,,,,,,,,,,,,,,,,,,,,,,,,,,,,,,,,,,,,,,,,,,,,,,,Q210722,pt:Pão de Açúcar,,,,,,,,,,,,,,,,,,,,,,,,,,,,,,,,,,,,,,Category:Sugarloaf Mountain,,,,,,,,,,,,,,,,,,,,,
"POLYGON ((-46.6712616 -23.6040396, -46.671187 -23.6040993, -46.6711649 -23.6041169, -46.6711005 -23.6040477, -46.6709395 -23.6038744, -46.6708998 -23.6038316, -46.6709948 -23.603757, -46.6712417 -23.6040185, -46.6712616 -23.6040396))",Mini Extra,convenience,Mini Extra,Q5422131,,,,,,,São Paulo,1120,04520-014,Rua Inhambú,,,,,,,,,,,,,,,,,,,,,,,,,,,,,,,,,,,,,,,,,,,,,,,,,,,,,,,,,,,,,,,,,,,,,,,,,,,,,,,,,,,,,,,,,,,,,,,,,,,,,,,,,,,,,,,,,,,,,,,,,,,,,,,,,,,,,,,,,,,,,,,,,,,,,,,,,,,,,,,,,,,,,,
"POLYGON ((-46.6643429 -23.6032568, -46.664126 -23.6030217, -46.6640716 -23.6030639, -46.6642885 -23.603299, -46.6643429 -23.6032568))",Dia Market,supermarket,Dia Market,Q925132,,,,,,,São Paulo,662,04515-011,Avenida Lavandisca,Moema,,,,,,,,,,,,,,,,,,,,,,,,,,,,,,,,,,,,,,,,,,,,,,,,,,,,,,,,,,,,,,,,,,,,,,,,,,,,,,,,,,,,,,,,,,,,,,,,,,,,,,,,,,,,,,,,,,,,,,,,,,,,,,,,,,,,,,,,,,,,,,,,,,,,,,,,,,,,,,,,,,,,,
"POLYGON ((-46.6715409 -23.6026287, -46.6715941 -23.6026829, -46.6714451 -23.6028019, -46.6714045 -23.6027592, -46.6713914 -23.6027455, -46.6715409 -23.6026287))",Carrefour,convenience,Carrefour,Q217599,,,,"Mo-Sa 06:00-22:00; Su,PH 10:00-20:00",,,São Paulo,348,04516-000,Avenida Rouxinol,Moema,,,,,no,,,,,,,,,,,,,,,,,,,,,,,,,,,,,,,,,,,,,,,,,,,,,,,,,,,,,,,,,,,,,,,,,,,,,,,,,,,,,,,,,,,,,,,,,,,,,,,,,,,,,,,,,,,,,,,,,,,,,,,,,,,,,,,,,,,,,,,,,,,,,,,,,,,,,,,,,,,,,,,,
"POLYGON ((-46.6739493 -23.6012635, -46.6739103 -23.601301, -46.6735406 -23.601597, -46.673874 -23.6019422, -46.6740015 -23.6018383, -46.6740199 -23.6017794, -46.6739493 -23.6012635))",St Marche,supermarket,,,,,,"Mo-Fr 07:00-22:00, Sa,Su,PH 07:00-20:00, Mo-Sa 07:00-22:00, Su,PH 08:00-22:00",,,São Paulo,1977,,Avenida Santo Amaro,Moema,,,,,yes,,,,,,,,,,,yes,yes,,,,,,,,,,,,,,,,,,,,,,,,,,,,,,,,,,,,,,,,,,,,,,,,,,,,,,,,,,,,,,,,,,,,,,,,,,,,,,,,,,,,,,,,,,,,,,,,,,,,,,,,,,,,,,,,,,,,,,,,,,,,,,,,,,,,,,,,,,,,,,,,,,,,
"POLYGON ((-46.6699221 -23.601448, -46.6696853 -23.601643, -46.6696377 -23.6015945, -46.6698745 -23.6013995, -46.6699221 -23.601448))",Dia Market,supermarket,Dia Market,Q925132,,,,,,,São Paulo,535,04514-102,Rua Tuim,Moema,,,,,,,,,,,,,,,,,,,,,,,,,,,,,,,,,,,,,,,,,,,,,,,,,,,,,,,,,,,,,,,,,,,,,,,,,,,,,,,,,,,,,,,,,,,,,,,,,,,,,,,,,,,,,,,,,,,,,,,,,,,,,,,,,,,,,,,,,,,,,,,,,,,,,,,,,,,,,,,,,,,,,
"POLYGON ((-46.6855956 -23.5549055, -46.685544 -23.5549009, -46.6855546 -23.5548014, -46.6856061 -23.5548059, -46.6855956 -23.5549055))",Mambo Supermercado,supermarket,,,,,,Mo-Sa 08:00-21:00,,,,,,,,,,,,,,,,,,,,,,,,,,,,,,,,,,,,,,,,,,,,,,,,,,,,,,,,,,,,,,,,,,,,,,,,,,,,,,,,,,,,,,,,,,,,,,,,,,,,,,,,,,,,,,,,,,,,,,,,,,,,,,,,,,,,,,,,,,,,,,,,,,,,,,,,,,,,,,,,,,,,,,,,,,,,
"POLYGON ((-46.6948154 -23.6560661, -46.6946824 -23.656002, -46.6945873 -23.6561675, -46.6947202 -23.6562316, -46.6948154 -23.6560661))",AMPM,convenience,AMPM,Q306960,,,,,,,,,,,,,,,no,,,,,,,,,,,,,,,,,,,,,,,,,,,,,,,,,,,,,,,,,,,,,,,,,,,,,,,,,,,,,,,food_court,,,,,,,,,,,,,,,yes,,,,,,,,,,,,,,,,,,,,,,1,,,,white,flat,,,,,,,,,,,,,,,,,,,,,,,,,white,,,,,,,,,,,concrete,commercial,,,,,,,,,,,,,,,,,,,
"POLYGON ((-46.5088728 -23.5280077, -46.5085724 -23.5280772, -46.5085839 -23.5281245, -46.5086222 -23.5282828, -46.5085659 -23.5282963, -46.5086453 -23.5286077, -46.5087454 -23.5285392, -46.5089761 -23.5283991, -46.5088728 -23.5280077))",,supermarket,,,,,,,,,,,,,,,,,,,,,,,,,,,,,,,,,,,,,,,,,,,,,,,,,,,,,,,,,,,,,,,,,,,,,,,,,,,,,,,,,,,,,,,,,,,,,,,yes,,,,,,,,,,,,,,,,,,,,,,,,,,,,,,,,,,,,,,,,,,,,,,,,,,,,,,,,,,,,,,,,,,,,,,,,,,,,,,,,,,,
"POLYGON ((-46.5195862 -23.5848418, -46.5193147 -23.5849469, -46.5193222 -23.5849691, -46.5192412 -23.5849921, -46.5193655 -23.585344, -46.5193862 -23.5853516, -46.5194468 -23.5853266, -46.5197158 -23.5852178, -46.5197082 -23.5851953, -46.5195862 -23.5848418))",Supermercado Novo Sucesso,supermarket,,,,,,Mo-Sa 08:00-20:00;Su 08:00-13:00,,,São Paulo,1679,03911-000,Avenida da Barreira Grande,Vila Rica,,,,,,,,,,,,,,,,,,,,,,,,,,,,,,,,,,,,,,,,,,,,,,,,,,,,,,,,,,,,,,,,,,,,,,,,,,,,,,,,,,,,,,,,,,,,,,,,,,,,,,,,,,,,,,,,,,,,,,,,,,,,,,,,,,,,,,,,,,,,,,,,,,,,,,,,,,,,,,,,,,,,,
"POLYGON ((-46.6404906 -23.5544822, -46.6405539 -23.5544763, -46.6405566 -23.5544147, -46.6405058 -23.5544196, -46.6404906 -23.5544822))",Qualimart Alimentos,convenience,,,,,,"Mo-Sa 07:00-20:30; Su,PH 08:00-14:00",,,São Paulo,538,01315-000,Rua Santo Amaro,Bela Vista,,,,,,,,,,,,,,,,,,,,,,,,,,,,,,,"Informação na nota fiscal após compra no estabelecimento: Oplay Alimentos Eirelli EPP Rua Santo Amaro, 538 - Bela Vista - São Paulo - SP CNPJ: 14.699.419/0001-98 IE: 143436901118",,,,,,,,,,,,,,,local_knowledge,,,,,,,,,,,,,,,,,,,,,,,,,,,,,,,,,,,,,,,,,,,,,,,,,,,,,,,,,,,,,,,,,,,,,,,,,,,,,,,,,,,,,,,,,,,,,,,,,,,,,,,,,,,,,,,,,,,,,,,
"POLYGON ((-46.6396718 -23.5563718, -46.6396867 -23.5564143, -46.6396959 -23.5564118, -46.6397113 -23.5564594, -46.6397024 -23.5564618, -46.6397141 -23.5564978, -46.6398624 -23.5564579, -46.6398008 -23.5563847, -46.6397833 -23.5563524, -46.6397759 -23.5563388, -46.6396718 -23.5563718))",Oxxo,convenience,Oxxo,Q1342538,,,,,,,São Paulo,711,01318-001,Avenida Brigadeiro Luís Antônio,,,,,,,,,,,,,,,,,,,,,,,,,,,,,,,,,,,,,,,,,,,,,,,,,,,,,,,,,,,,,,,,,,,,,,,,,,,,,,,,,,,,,,,,,,,,,,,,,,,,,,,,,,,,,,,,,,,,,,,,,,,,,,,,,,,,,,,,,,,,,,,,,,,,,,,,,,,,,,,,,,,,,,
"POLYGON ((-46.5948495 -23.4987983, -46.5948294 -23.498773, -46.5947724 -23.4987, -46.5947015 -23.4987508, -46.5947563 -23.4988235, -46.5947774 -23.4988515, -46.5948495 -23.4987983))",Oxxo,convenience,Oxxo,Q1342538,,,,Mo-Su 09:00-21:00,,,São Paulo,2081,02072-002,Avenida Conceição,,,,,,,,,,,,,,,,,,,,,,,,,,,,,,,,,,,,,,,,,,,,,,,,,,,,,,,,,,,,,,,,,,,,,,,,,,,,,,,,,,,,,,,,,,,,,,,,,,,,,,,,,,,,,,,,,,,,,,,,,,,,,,,,,,,,,,,,,,,,,,,,,,,,,,,,,,,,,,,,,,,,,,
"POLYGON ((-46.5811044 -23.4950447, -46.581107 -23.4951104, -46.5811186 -23.49511, -46.5811284 -23.4953298, -46.5810341 -23.4953336, -46.5810241 -23.4951126, -46.5810216 -23.4950472, -46.5810249 -23.4950471, -46.5811044 -23.4950447))",Dia,supermarket,Dia,Q925132,,,,,es:Supermercados DIA,,São Paulo,3780,02135-001,Avenida Conceição,,,,,,,,,,,,,,,,,,,,,,,,,,,,,,,,,,,,,,,,,,,,,,,,,,,,,,,,,,,,,,,,,,,,,,,,,,,,,,,,,,,,,,,,,,,,,,,,,,,,,,,,,,,,,,,,,,,,,,,,,,,,,,,,,,,,,,,,,,,,,,,,,,,,,,,,,,,,,,,,,,,,,,
"POLYGON ((-46.6923675 -23.5051489, -46.6920903 -23.5051928, -46.6919627 -23.5052111, -46.6917873 -23.5051899, -46.6916528 -23.5051716, -46.6915063 -23.5051556, -46.6907734 -23.5050866, -46.6906725 -23.5050746, -46.6902586 -23.5050265, -46.6899045 -23.5049854, -46.6895575 -23.5049994, -46.6893271 -23.5050081, -46.689365 -23.5054085, -46.689062 -23.5054286, -46.6892653 -23.5060557, -46.6894627 -23.5063866, -46.6895205 -23.5064981, -46.6896122 -23.5065841, -46.6902283 -23.5060594, -46.6906868 -23.5057321, -46.690849 -23.5056755, -46.6909958 -23.5056243, -46.6911414 -23.5055968, -46.6913219 -23.5056042, -46.6914105 -23.5056078, -46.6917953 -23.5056663, -46.6918575 -23.5056653, -46.6919069 -23.5056645, -46.6920829 -23.5056235, -46.6924492 -23.5055383, -46.6923675 -23.5051489))",Assaí Atacadista,supermarket,Assaí Atacadista,Q28679415,,,,"Mo-Sa 07:00-22:00; Su,PH 08:00-20:00",,,São Paulo,1759,02715-000,Avenida Nossa Senhora do Ó,Vila Albertina,,,,,,,,,https://www.assai.com.br/,yes,,,,+55 11 3933 3301,,yes,yes,,,,,,,,,,,,,,,,,,,,,,,,,,,yes,loja285.televendas@assai.com.br,,,,,,,,,,,,,,,,,,,,,,,,,,,,,,,,,,,,,,,,,,,,,,,,,,,,,,,,,,,,,,,,,,,,,,,,,,,,,,,,,,,,,,,,,,,,,,,,,,,,,,,,,,,,,,,,,,,,,,,,
"POLYGON ((-46.5449731 -23.5570758, -46.5448615 -23.557366, -46.5447186 -23.5573157, -46.5448034 -23.5570741, -46.5448672 -23.5570385, -46.5449731 -23.5570758))",Dia,supermarket,Dia,Q925132,,,,Mo-Su 08:00-21:00,,,São Paulo,1220,03422-001,Avenida Guilherme Giorgi,,,,,,,,,,,,,,,,,,,,,,,,,,,,,,,,,,,,,,,,,,,,,,,,,,,,,,,,,,,,,,,,,,,,,,,,,,,,,,,,,,,,,,,,,,,,,,,,,,,,,,,,,,,,,,,,,,,,,,,,,,,,,,,,,,,,,,,,,,,,,,,,,,,,,,,,,,,,,,,,,,,,,,
"POLYGON ((-46.7065228 -23.5042931, -46.7067166 -23.5042942, -46.7072482 -23.5042974, -46.7072705 -23.5030035, -46.7065609 -23.5030146, -46.7065418 -23.5036538, -46.7065397 -23.5037262, -46.7065228 -23.5042931))",Sonda Supermercado,supermarket,,,,,,"Mo-Sa 08:00-23:00; Su,PH 08:00-22:00",,,São Paulo,361,02924-001,Avenida General Edgard Facó,,,,,,,,,Sonda Delivery,,,,,,+55 11 2588 1300,,,,,,,,,,,,,,,,,,,,,,,,,,,,,,,,,,,,,,,,,,,,2008-12-28,,,,,,,,,,,,,,,,,,,,,,,,,,,,,,,,,,,,,,,,,,,,,,,,,,,,,,,,,,,,,,,,,,,,,,,,,,,,,,,,,,,,,,,,,,,,,,,,,,,,,,,,,,,
"POLYGON ((-46.6464569 -23.5367715, -46.6463901 -23.5368602, -46.6460392 -23.5366187, -46.6461098 -23.5365335, -46.6461642 -23.5365708, -46.6464569 -23.5367715))",Dia,supermarket,Dia,Q925132,,,,,,,São Paulo,513,01202-001,Alameda Barão de Limeira,Campos Elíseos,,,,,,,,,,,,,,,,,,,,,,,,,,,,,,,,,,,,,,,,,,,,,,,,,,,,,,,,,,,,,,,,,,,,,,,,,,,,,,,,,,,,,,,,,,,,,,,,,,,,,,,,,,,,,,,,,,,,,,,,,,,,,,,,,,,,,,,,,,,,,,,,,,,,,,,,,,,,,,,,,,,,,
"POLYGON ((-46.64853 -23.5339415, -46.6483458 -23.5338289, -46.6483304 -23.5338506, -46.6483292 -23.533854, -46.6483287 -23.5338584, -46.6483294 -23.5338627, -46.6483303 -23.5338661, -46.6483331 -23.5338707, -46.6483922 -23.5339068, -46.6484517 -23.5339446, -46.648504 -23.5339779, -46.64853 -23.5339415))",Oxxo,convenience,Oxxo,Q1342538,,,,24/7,,,São Paulo,897,01202-003,Alameda Barão de Limeira,Campos Elíseos,,,,,,,,,,,,,,,,,,,,,,,,,,,,,,,,,,,,,,,,,,,,,,,,,,,,,,,,,,,,,,,,,,,,,,,,,,,,,,,,,,,,,,,,,,,,,,,,,,,,,,,,,,,,,,,,,,,,,,,,,,,,,,,,,,,,,,,,,,,,,,,,,,,,,,,,,,,,,,,,,,,,,
"POLYGON ((-46.6684577 -23.6459054, -46.6681177 -23.6465063, -46.6679742 -23.6464382, -46.6679543 -23.6464288, -46.6682937 -23.6458277, -46.6684577 -23.6459054))",Natural da Terra,supermarket,,,,,,,,,,,,,,,,,only,,,,,,,,,,,,,,,,,,,,,,,,,,,,,,,,,,,,,,,,,,,,,,,,,,,,,,,,,,,,,,,,,,,,,,,,,,,,,,retail,,,,,,,,,,,,,,,,,,,,,,,,,,,,,,,,,,,,,,,,,,,,,,,,,,,,,,,,,,,,,,,,,,,,,,,,,,,,,,,,,,,
"POLYGON ((-46.5921553 -23.5439034, -46.592131 -23.5440174, -46.5920366 -23.5440005, -46.5920608 -23.5438865, -46.5921553 -23.5439034))",Shell Select,convenience,Shell Select,Q110716465,,,,,,,,,,,,,,,,,,,,,,,,,,,,,,,,,,,,,,,,,,,,,,,,,,,,,,,,,,,,,,,,,,,,,,,,,,,,,,,,,,,,,,,,,,,,,yes,,,,,,,,,,,,,,,,,,,,,8,,,,,,,,,,,,,,,,,,,,,,,,,,,,,,,,,,,,,,,,,,,,,,,,,,,,,,,,,,,,,,
"POLYGON ((-46.6660402 -23.5346016, -46.6660191 -23.534572, -46.665953 -23.5346084, -46.6659105 -23.5345498, -46.6658782 -23.5345685, -46.665889 -23.5345832, -46.6659418 -23.5346568, -46.6660402 -23.5346016))",Oxxo,convenience,Oxxo,Q1342538,,,,,,,São Paulo,376,05006-010,Rua Paraguaçu,Perdizes,,,,,,,,,,,,,,,,,,,,,,,,,,,,,,,,,,,,,,,,,,,,,,,,,,,,,,,,,,,,,,,,,,,,,,,,,,,,,,,,,,,,,,,,,,,,,,,,,,,,,,,,,,,,,,,,,,,,,,,,,,,,,,,,,,,,,,,,,,,,,,,,,,,,,,,,,,,,,,,,,,,,,
"POLYGON ((-46.6164365 -23.5431651, -46.6163743 -23.5431229, -46.616344 -23.5431665, -46.6164054 -23.543207, -46.6164365 -23.5431651))",Casa do Norte Mineirinho do Brás,convenience,,,,,,,,,São Paulo,33,03046-010,Rua Doutor Almeida Lima,Brás,,,,,,,,,,,,,,,,,,,,,,,,,,,,,,,,,,,,,,,,,,,,,,,,,,,,,,,,,,,,,,,,,,,,,,,,,,,,,,,,,,,,,,,,,,,,,,,,,,,,,,,,,,,,,,,,,,,,,,,,,,,,,,,,,,,,,,,,,,,,,,,,,,,,,,,,,,,,,,,,,,,,,
"POLYGON ((-46.6487124 -23.5662239, -46.6486788 -23.5662516, -46.6487081 -23.5662808, -46.648741 -23.5662525, -46.6487124 -23.5662239))",,convenience,,,,,,,,,São Paulo,45,01333-001,Rua São Carlos do Pinhal,,,,,,,,,,,,,,,,,,,,,,,,,,,,,,,,,,,,,,,,,,,,,,,,,,,,,,,,,,,,,,,,,,,,,,,,,,,,,,,,,,,,,,,,,,,,,,,,,,,,,,,,,,,,,,,,,,,,,,,,,,,,,,,,,,,,,,,,,,,,,,,,,,,,,,,,,,,,,,,,,,,,,,
"POLYGON ((-46.6573179 -23.5675835, -46.6572872 -23.567553, -46.6573481 -23.5674988, -46.6573781 -23.56753, -46.6573179 -23.5675835))",Minuto Pão de Açúcar,supermarket,,,,,,,,,São Paulo,1171,01405-002,Rua Pamplona,,,,,,,,,,,,,,,,,,,,,,,,,,,,,,,,,,,,,,,,,,,,,,,,,,,,,,,,,,,,,,,,,,,,,,,,,,,,,,,,,,,,,,,,,,,,,,,,,,,,,,,,,,,,,,,,,,,,,,,,,,,,,,,,,,,,,,,,,,,,,,,,,,,,,,,,,,,,,,,,,,,,,,
"POLYGON ((-46.6669068 -23.643745, -46.667179 -23.6438731, -46.6670064 -23.6441806, -46.6667343 -23.6440525, -46.6669068 -23.643745))",St. Marche,supermarket,,,,,,,,,,,,,,,,,,,,,,,,,,,,,,,,,,,,,,,,,,,,,,,,,,,,,,,,,,,,,,,,,,,,,,,,,,,,,,,,,,,,,,,,,,,,,,,yes,,,,,,,,,,,,,,,,,,,,,,,,,,,,,,,,,,,,,,,,,,,,,,,,,,,,,,,,,,,,,,,,,,,,,,,,,,,,,,,,,,,
"POLYGON ((-46.6327667 -23.5701153, -46.6327048 -23.5699865, -46.632668 -23.5698421, -46.632672 -23.5697928, -46.6329012 -23.56978, -46.6329988 -23.5699672, -46.6329365 -23.5700004, -46.6329559 -23.5700142, -46.6327667 -23.5701153))",Carrefour,supermarket,Carrefour,Q217599,,,,,fr:Carrefour (enseigne),,,,,Aclimação,,,,,,,,,,https://www.carrefour.com.br/,,,,,,,,,,,,,,,,,,,,,,,,,,,,,,,,,,,,,,,,,,,,,,,,,,,,,,,,,,,,,,,,,,,,,,,,,yes,,,,,,,,,,,,,,,,,,,,,,,,,,,,,,,,,,,,,,,,,,,,,,,,,,,,,,,,,,,,,,,,,,,,,,,,,,,,,,,,,,,
"POLYGON ((-46.6517182 -23.5617987, -46.6516087 -23.5618899, -46.6517017 -23.5619798, -46.6517868 -23.5619079, -46.6518126 -23.5618861, -46.6517182 -23.5617987))",Carrefour,convenience,Carrefour,Q217599,,,,Mo-Su 06:00-22:00,,,São Paulo,580,01331-000,Alameda Ribeirão Preto,Bela Vista,,,,,,,,,,yes,,,,,,yes,yes,,,,,,,,,,,,,,,,,,,,,,,,,,,,,,,,,,,,,,,,,,,,,,,,,,,,,,,,,,,,,,,,,,,,,,,,,yes,,,,,,,,,,,,,,,,,,,,,,,,,,,,,,,,,,,,,,,,,,,,,,,,,,,,,,,,,,,,,,,,,,,,,,,,,,,
"POLYGON ((-46.6510306 -23.5623885, -46.6509731 -23.5624504, -46.6508751 -23.5625159, -46.6509188 -23.562561, -46.6509573 -23.5626022, -46.6510784 -23.5625005, -46.651114 -23.5624706, -46.6510306 -23.5623885))",Minuto Pão de Açúcar,supermarket,,,,,,"Mo-Sa 07:00-22:00; PH,Su 08:00-20:00",,,São Paulo,466,01331-000,Alameda Ribeirão Preto,Bela Vista,,,,yes,yes,no,0,,,,,,,,,,,,,,,,,,,,,,,,,,no,,São Paulo,,,,,,,,,,,,,,,,,,,,,,,,,,,Bela Vista,,,,,,,,,,,,,,,,,,no,private,,,,,,,,,,,,,,,,,,,,,,,,,,,,,,,,,,,,,,,,,,,,,,,,,,,,,,,,,,,,,,,,,,No,BRL,yes,no,checkout,,,,,,,,,,,,,,
"POLYGON ((-46.6490571 -23.5640386, -46.648986 -23.5640453, -46.6489376 -23.5640877, -46.6490251 -23.5641781, -46.6490655 -23.5641644, -46.6490571 -23.5640386))",Oxxo,convenience,Oxxo,Q1342538,,,,24/7,,,São Paulo,212,01331-000,Alameda Ribeirão Preto,Bela Vista,,,,,,,0,,,,,,,,,,,,,,,,,,,,,,,,,,,,,,,,,,,,,,,,,,,,,,,,,,,,,,,,,,,,,,,,,,,,,,,,,,,,,,,,,,,,,,,,,,,,,,,,,,,,,,,,,,,,,,,,,,,,,,,,,,,,,,,,,,,,,,,,,,,,,,,,,,,,,,,,,,,,,,
"POLYGON ((-46.639148 -23.6162377, -46.6391694 -23.616327, -46.6391317 -23.6163399, -46.6389214 -23.6163814, -46.6389115 -23.6163373, -46.6388997 -23.6162851, -46.639148 -23.6162377))",Carrefour Express,convenience,Carrefour Express,Q2940190,,,,Mo-Sa 06:00-22:00,fr:Carrefour Express,,São Paulo,1374,04046-200,Avenida Jabaquara,Saúde,,,,,,,,,,,,,,,,,,,,,,,,,,,,,,,,,,,,,,,,,,,,,,,,,,,,,,,,,,,,,,,,,,,,,,,,,,,,,,,,,,,,,,,,,,,,,,,,,,,,,,,,,,,,,,,,,,,,,,,,,,,,,,,,,,,,,,,,,,,,,,,,,,,,,,,,,,,,,,,,,,,,,
"POLYGON ((-46.6396749 -23.6218625, -46.6396825 -23.621954, -46.639816 -23.6219441, -46.6397962 -23.6218536, -46.6396749 -23.6218625))",Mini Extra,convenience,Mini Extra,Q5422131,,,,,,,São Paulo,1999,,Avenida Jabaquara,,,,,,,,,,,,,,,,,,,,,,,,,,,,,,,,,,,,,,,,,,,,,,,,,,,,,,,,,,,,,,,,,,,,,,,,,,,,,,,,,,,,,,,,,,,,,,,,,,,,,,,,,,,,,,,,,,,,,,,,,,,,,,,,,,,,,,,,,,,,,,,,,,,,,,,,,,,,,,,,,,,,,,
"POLYGON ((-46.6427093 -23.5594258, -46.6426656 -23.5593779, -46.6426661 -23.5593754, -46.6426556 -23.5593627, -46.6426457 -23.5593305, -46.642641 -23.5593679, -46.642634 -23.5594379, -46.6426573 -23.5594665, -46.6427093 -23.5594258))",Oxxo,convenience,Oxxo,Q1342538,,,,24/7,,,São Paulo,930,01324-000,Rua Major Diogo,Bela Vista,,,,,,,,,,,,,,,,,,,,,,,,,,,,,,,,,,,,,,,,,,,,,,,,,,,,,,,,,,,,,,,,,,,,,,,,,,,,,,,,,,,,,,,,,,,,,,,,,,,,,,,,,,,,,,,,,,,,,,,,,,,,,,,,,,,,,,,,,,,,,,,,,,,,,,,,,,,,,,,,,,,,,
"POLYGON ((-46.6429204 -23.5509888, -46.642905 -23.5510214, -46.6429511 -23.5510398, -46.6429589 -23.5510235, -46.6429666 -23.5510072, -46.6429204 -23.5509888))",Dia,supermarket,Dia,Q925132,,,,,es:Supermercados DIA,,São Paulo,461,,Rua Santo Antônio,,,,,,,,,,,,,,,,,,,,,,,,,,,,,,,,,,,,,,,,,,,,,,,,,,,,,,,,,,,,,,,,,,,,,,,,,,,,,,,,,,,,,,,,,,,,,,,,,,,,,,,,,,,,,,,,,,,,,,,,,,,,,,,,,,,,,,,,,,,,,,,,,,,,,,,,,,,,,,,,,,,,,,
"POLYGON ((-46.6281836 -23.5522821, -46.6281572 -23.5522812, -46.628157 -23.5522661, -46.6281845 -23.5522674, -46.6281836 -23.5522821))",Bom Chá,convenience,,,,,,,,,São Paulo,502,01020-000,Rua Tabatinguera,,,,,,,,,,,,,,,,,,,,,,,,,,,,,,,,,,,,,,,,,,,,,,,,,,,,,,,,,,,,,,,,,,,,,,,,,,,,,,,,,,,,,,,,,,,,,,,,,,,,,,,,,,,,,,,,,,,,,,,,,,,,,,,,,,,,,,,,,,,,,,,,,,,,,,,,,,,,,,,,,,,,,,
"POLYGON ((-46.5147817 -23.5234219, -46.5146152 -23.523088, -46.5149029 -23.5230304, -46.5150536 -23.5231437, -46.5147817 -23.5234219))",Granada Supermercado,supermarket,,,,,,,,,São Paulo,14,,Rua Itinguçu,,,,,,,,,,,,,,,,,,,,,,,,,,,,,,,,,,,,,,,,,,,,,,,,,,,,,,,,,,,,,,,,,,,,,,,,,,,,,,,,,,,yes,,,,,,,,,,,,,,,,,,,,,8,,,,,#e9e9e9,hipped,,,,,,,,,,,,,,,,,,,,,,,,,,,,,,,,,,,,,,,,,,,,,,,,,,,,,,,,
"POLYGON ((-46.5906377 -23.5028949, -46.5905144 -23.5028365, -46.5904821 -23.5028798, -46.5904854 -23.502882, -46.5904598 -23.502916, -46.5905597 -23.5029747, -46.5905911 -23.5029861, -46.5906377 -23.5028949))",Super Carinhoso,supermarket,,,,,,Mo-Sa 08:00-21:00,,,São Paulo,299,02129-040,Praça Rio Brilhante,,,,,,,,,BBMA,,,,,,,,,,,,,,,,Carinhoso,,,,,,,,,,,,,,,,,,,,,,,,,,,,,,,,,,,,,,,,,,,,,,,,,,,,,,,,,,,,,,,,,,,,,,,,,,,,,,,,,,,,,,,,,,,,,,,,,,,,,,,,,,,,,,,,,,,,,,,,,,,,,,,,,,,,,,,,,,,,,
"POLYGON ((-46.6344635 -23.5462147, -46.6344548 -23.5463, -46.6344094 -23.5462941, -46.6344161 -23.5462096, -46.6344635 -23.5462147))",kmart express,convenience,,,,,,,,,São Paulo,14,01013-010,Rua do Comércio,,,,,,,,,,,,,,,,,,,,,,,,,,,,,,,,,,,,,,,,kmart express,,,,,,,,,,,,,,,,,,,,,,,,,,,,,,,,,,,,,,,,,,,,,,,,,,,,,,,,,,,,,,,,,,,,,,,,,,,,,,,,,,,,,,,,,,,,,,,,,,,,,,,,,,,,,,,,,,,,,,,,,,,,,,
"POLYGON ((-46.6395928 -23.5473465, -46.6395565 -23.5473731, -46.6395407 -23.54735, -46.6395782 -23.5473236, -46.6395928 -23.5473465))",Dia Market,supermarket,Dia Market,Q925132,,,,,,,São Paulo,157,01048-100,Rua Coronel Xavier de Toledo,,,,,,,,,,,,,,,,,,,,,,,,,,,,,,,,,,,,,,,,,,,,,,,,,,,,,,,,,,,,,,,,,,,,,,,,,,,,,,,,,,,,,,,,,,,,,,,,,,,,,,,,,,,,,,,,,,,,,,,,,,,,,,,,,,,,,,,,,,,,,,,,,,,,,,,,,,,,,,,,,,,,,,
"POLYGON ((-46.5250156 -23.500196, -46.524822 -23.5001933, -46.5248183 -23.5001626, -46.5250122 -23.500168, -46.5250156 -23.500196))",Mercado Ecologico,supermarket,,,,,,,,,São Paulo,3018,03717-003,Avenida Doutor Assis Ribeiro,,,,,,,,,,,,,,,,,,,,,,,,,,,,,,,,,,,,,,,,,,,,,,,,,,,,,,,,,,,,,,,,,,,,,,,,,,,,,,,,,,,,,,,,,,,,,,,,,,,,,,,,,,,,,,,,,,,,,,,,,,,,,,,,,,,,,,,,,,,,,,,,,,,,,,,,,,,,,,,,,,,,,,
"POLYGON ((-46.4813435 -23.5509053, -46.4811531 -23.5509017, -46.4811564 -23.5512072, -46.4813462 -23.5509968, -46.4813435 -23.5509053))",Dia,supermarket,Dia,Q925132,,,,Mo-Su 08:00-22:00,,,,,,,,,,,,,,,,,,,,,,,,,,,,,,,,,,,,,,,,,,,,,,,,,,,,,,,,,,,,,,,,,,,,,,,,,,,,,,,,,,,,,,,,,,,,,,,,,,,,,,,,,,,,,,,,,,,,,,,,,,,,,,,,,,,,,,,,,,,,,,,,,,,,,,,,,,,,,,,,,,,,,,,,,,,,
"POLYGON ((-46.6679276 -23.520055, -46.6678785 -23.5201195, -46.6677731 -23.5201316, -46.6677762 -23.520083, -46.6677936 -23.5200661, -46.6678697 -23.520015, -46.6679276 -23.520055))",ampm,convenience,ampm,Q306960,,,,,,,São Paulo,33A,01141-030,Avenida Ordem e Progresso,,,,,,,,,,,,,,,,,,,,,,,,,,,,,,,,,,,,,,,,,,,,,,,,,,,,,,,,,,,,,,,,,,,,,,,,,,,,,,,,,,,yes,,,,,,,,,,,,,,,,,,,,,4,,,,,,,,,,,,,,,,,,,,,,,,,,,,,,,,,,,,,,,,,,,,,,,,,transport,station,,,,,,,,,,,,
"POLYGON ((-46.7141721 -23.6896462, -46.7143159 -23.6896419, -46.7143409 -23.6896409, -46.7143437 -23.6897159, -46.7141749 -23.6897208, -46.7141721 -23.6896462))",ampm,convenience,ampm,Q306960,,,,,,,São Paulo,2777,,Avenida Atlântica,,,,,,,,,,,,,,,,,,,,,,,,,,,,,,,,,,,,,,,,,,,,,,,,,,,,,,,,,,,,,,,,,,,,,,,,,,,,,,,,,,,,,,,,,,,,,,,,,,,,,,,,,,,,,,,,,,,,,,,,,,,,,,,,,,,,,,,,,,,,,,,,,,,,,,,,,,,,,,,,,,,,,,
"POLYGON ((-46.4736746 -23.5225883, -46.4736426 -23.5228423, -46.4741898 -23.5235305, -46.4746812 -23.5236215, -46.4747274 -23.5233828, -46.4750418 -23.5234407, -46.475161 -23.5228729, -46.4751385 -23.52283, -46.4736746 -23.5225883))",Assaí Atacadista,supermarket,Assaí Atacadista,Q28679415,,,,"Mo-Sa 07:00-22:00; Su,PH 08:00-18:00",pt:Assaí Atacadista,,São Paulo,2636,03694-000,Avenida Águia de Haia,Parque das Paineiras,,,,,,,,,https://www.assai.com.br/,yes,,,Assaí Águia de Haia,+55 11 2046-6220,,yes,yes,,,,,,,,,,,,,,,,,,,,+55 11 2046-5929,,,,,,,yes,loja049.televendas@assai.com.br,pmsp,,,,,,,,,,,,,,,,,,,,,,,,,,,,,,,,,,,,,,,,,,,,,,,,,,,,,,,,,,,,,,,,,,,,,,Loja 049,,,,,yes,,,,,,,,,,,,,,,,,,,,,,,,,,,,,,,,,,,,,,,,,,,,
"POLYGON ((-46.4774695 -23.5116983, -46.4772917 -23.5116677, -46.4772333 -23.5119546, -46.4774123 -23.5119842, -46.4774314 -23.5118887, -46.4774389 -23.5118509, -46.4774695 -23.5116983))",Mini Extra,convenience,Mini Extra,Q5422131,,,,,,,São Paulo,3893,,Avenida Águia de Haia,,,,,,,,,,,,,,,,,,,,,,,,,,,,,,,,,,,,,,,,,,,,,,,pmsp,,,,,,,,,,,,,,,,,,,,,,,,,,,,,,,,,,,,yes,,,,,,,,,,,,,,,,,,,,,8.532,,,,,#e0e0e0,flat,,,,,,,,,,,,,,,,,,,,,,,,,,,,,,,,,,,,,,,,,,,,,,,,,,,,,,,,
"POLYGON ((-46.4735952 -23.5309551, -46.4736111 -23.5308746, -46.4736457 -23.5306973, -46.4736084 -23.5306912, -46.4735833 -23.530687, -46.4735157 -23.5306759, -46.4734613 -23.5306669, -46.4733768 -23.5306529, -46.4732797 -23.5306383, -46.4732245 -23.5306299, -46.4730798 -23.5306081, -46.4730648 -23.5306923, -46.473034 -23.5308624, -46.4731478 -23.530881, -46.4732917 -23.5309043, -46.473337 -23.5309117, -46.4735952 -23.5309551))",Chama Supermercado,supermarket,,,,,,,,,São Paulo,1718,,Avenida Águia de Haia,,,,,,,,,,,,,,,,,,,,,,,,,,,,,,,,,,,,,,,,,,,,,,,,,,,,,,,,,,,,,,,,,,,,,,,,,,,,,,,,,,,supermarket,,,,,,,,,,,,,,,,,,,,,8,,,,,silver,gabled,,,,,,,,,,,,,,,,,,,,,,,,,,,,,,,,,,,,,,,,,,,,,,,,,,,,,,,,
"POLYGON ((-46.7228244 -23.4490114, -46.7226203 -23.4489462, -46.7226665 -23.4488074, -46.7220089 -23.448628, -46.7217863 -23.4494588, -46.721939 -23.4495041, -46.7219142 -23.4495967, -46.7226043 -23.4497812, -46.7226544 -23.4496164, -46.7228026 -23.4496409, -46.7228274 -23.4495626, -46.7229081 -23.4495842, -46.7229168 -23.4495568, -46.7231517 -23.4496195, -46.7232878 -23.4491902, -46.7228095 -23.4490588, -46.7228244 -23.4490114))",Assaí Atacadista,supermarket,Assaí Atacadista,Q28679415,,,,"PH,Mo-Sa 07:00-22:00; Su 07:00-22:00",,,,10305,02983-055,Avenida Raimundo Pereira de Magalhães,,,,,,,,,,,yes,,,,+55 11 3944 6800,,yes,yes,,,,,,,,,,,,,,,,,,,,,,,,,,,,,,,,,,,,,,,,,,,,,,,,,,,,,,,,,,,,,,,,,yes,,,,,,,,,,,,,,,,,,,,,8.5,,,,,#d1d1d1,flat,,,,,,,,,,,,yes,,,,,,,,,,,,,,,,,,,,,,,,,,,,,,,,,,,,,,,,,,,,
"POLYGON ((-46.6953872 -23.5662869, -46.6953938 -23.5663573, -46.6954795 -23.5663502, -46.6954786 -23.5663161, -46.6954775 -23.5662781, -46.6953872 -23.5662869))",Padrão,supermarket,,,,,,Mo-Sa 06:00-22:00; Su 07:00-21:00,,,São Paulo,579,05427-011,Rua Fernão Dias,,,,,,,,,,https://supermercadopadrao.com.br/,yes,,,,+55 11 3813-1144,,yes,yes,,,,,,,,,,,,,,,,,,,,,,,,,,,,sac@supermercadopadrao.com.br,,,,,,,,,,,,,,,,,,,,,,,,,,,,,,,,,,,,,,,,,,,,,,,,,,,,,,,,,,,,,,,,,,,,,,,,,,,,,,,,,,,,,,,,,,,,,,,,,,,,,,,,,,,,,,,,,,,,,,,,
"POLYGON ((-46.692058 -23.5685444, -46.6920333 -23.5685218, -46.6919687 -23.5685647, -46.6919884 -23.5686392, -46.6919942 -23.5686436, -46.692058 -23.5685444))",Oxxo,convenience,Oxxo,Q1342538,,,,24/7,,,São Paulo,1235,01452-002,Avenida Brigadeiro Faria Lima,Pinheiros,,,,,,,,,,,,,,,,,,,,,,,,,,,,,,,,,,,,,,,,,,,,,,,,,,,,,,,,,,,,,,,,,,,,,,,,,,,,,,,,,,,,,,,,,,,,,,,,,,,,,,,,,,,,,,,,,,,,,,,,,,,,,,,,,,,,,,,,,,,,,,,,,,,,,,,,,,,,,,,,,,,,,
"POLYGON ((-46.6398989 -23.5290158, -46.6398722 -23.529065, -46.6399773 -23.529113, -46.6399847 -23.5291164, -46.6400094 -23.5290746, -46.6400056 -23.5290628, -46.6398989 -23.5290158))",Oxxo,convenience,Oxxo,Q1342538,,,,24/7,,,São Paulo,592,01120-000,Rua José Paulino,Bom Retiro,,,,,,,,,,,,,,,,,,,,,,,,,,,,,,,,,,,,,,,,,,,,,,https://www.oxxo.plusoftdtm.com/relacionamento/,,,,,,,,,,,,,,,,,,,,,,,,,,,,,,,,,,,,,,,,,,,,,,,,,,,,,,,,,,,,,,,,,,,,,,,,,,,,,,,,,,,,,,,,,,,,,,,,,,,,,,,,,,,,,,,,,,,,,,,
"POLYGON ((-46.5220504 -23.6059438, -46.5218592 -23.6057864, -46.5217791 -23.6058594, -46.521707 -23.6059252, -46.5218836 -23.6060881, -46.5219101 -23.6060659, -46.521958 -23.6060259, -46.5220301 -23.6059656, -46.5220504 -23.6059438))",,convenience,,,,,,,,,São Paulo,5703,,Avenida do Oratório,,,,,,,,,,,,,,,,,,,,,,,,,,,,,,,,,,,,,,,,,,,,,,,,,,,,,,,,,,,,,,,,,,,,,,,,,,,,,,,,,,,,,,,,,,,,,,,,,,,,,,,,,,,,,,,,,,,,,,,,,,,,,,,,,,,,,,,,,,,,,,,,,,,,,,,,,,,,,,,,,,,,,,
"POLYGON ((-46.415238 -23.5313629, -46.4152736 -23.5315169, -46.4149392 -23.5316009, -46.4148959 -23.5314434, -46.415238 -23.5313629))",Supermercado Dia a Dia,supermarket,,,,,,,,,São Paulo,6260,,Avenida Nordestina,Vila Minerva,,,,,,,,,,,,,,,,,,,,,,,,,,,,,Q925132,,,,,,,,,,,,,,,,,,,,,,,,,,,,,,,,,,,,,,,,,,,,,,,,,,,,,,,,,,,,,,,,,,,,,,,,,,,,,,,,,,,,,,,,,,,,,,,,,,,,,,,,,,,,,,,,,,,,,,,,,,,,,,,,,,,,,,,,
"POLYGON ((-46.6750277 -23.4599619, -46.6747625 -23.459821, -46.6746708 -23.4600387, -46.6749469 -23.4601402, -46.6750277 -23.4599619))",Rede Plus,supermarket,,,,,,,,,São Paulo,51,02870-000,Rua São Gonçalo do Abaeté,,,,,,,,,,,,,,,,,,,,,,,,,,,,,,,,,,,,,,,,,,,,,,,,,,,,,,,,,,,,,,,,,,,,,,,,,,,,,,,,,,,yes,,,,,,,,,,,,,,,,,,,,,8,,,,,,,,,,,,,,,,,,,,,,,,,,,,,,,,,,,,,,,,,,,,,,,,,,,,,,,,,,,,,,
"POLYGON ((-46.6314748 -23.5552476, -46.6314341 -23.5552464, -46.6314316 -23.5552844, -46.6314739 -23.5552873, -46.6314748 -23.5552476))",Mercadinho,convenience,,,,,,,,,São Paulo,385,01505-001,Rua dos Estudantes,Liberdade,,,,,,,,,,,,,,,,,,,,,,,,,,,,,,,,,,,,,,,,,,,,,,,,,,,,,,,,,,,,,,,,,,,,,,,,,,,,,,,,,,,,,,,,,,,,,,,,,,,,,,,,,,,,,,,,,,,,,,,,,,,,,,,,,,,,,,,,,,,,,,,,,,,,,,,,,,,,,,,,,,,,,
"POLYGON ((-46.7150431 -23.4872859, -46.7150511 -23.4875614, -46.7154615 -23.4875319, -46.715432 -23.4872441, -46.7150431 -23.4872859))",Barbosa Supermercados,supermarket,,,,,,Mo-Su 09:00-21:00,,,,,,Avenida Benedito de Andrade,,,,,,,,,,,,,,,,,,,,,,,,,,,,,,,,,,,,,,,,,,,,,,,,,,,,,,,,,,,,,,,,,,,,,,,,,,,,,,,,,,,supermarket,,,,,,,,,,,,,,,,,,,,,,,,,,,,,,,,,,,,,,,,,,,,,,,,,,,,,,,,,,,,,,,,,,,,,,,,,,,,,,,,,,,
"POLYGON ((-46.5856703 -23.5808233, -46.585536 -23.5805023, -46.5853893 -23.580558, -46.5855316 -23.5808772, -46.5856703 -23.5808233))",Supermercados Yamauchi,supermarket,,,,,,Mo-Sa 07:45-21:00; Su 07:45-15:00,,,São Paulo,57,03126-050,Rua José Zappi,Vila Prudente,2023-05-16,,,,,,,,https://yamauchi.com.br,,,,,+55 11 2271-1440,,,,,,,,,,,,,,,,,,,,,,https://www.facebook.com/SupermercadosYamauchi,,,,,,,,,,,https://www.instagram.com/yamauchi_oficial,,,,,,,,,,,,,,,,,,,,,,,,,,,,,,,,,,,,,,,,,,,,,,,,,,,,,,,,,,,,,,,,,,,,,,,,,,,,,,,,,,,,,,,,,,,,,,,,,,,,,,,,,,,,,,,,,,,,,,
"POLYGON ((-46.5860942 -23.5814967, -46.5859383 -23.5815047, -46.5859246 -23.5813837, -46.5860629 -23.5814218, -46.5860688 -23.5814251, -46.5860875 -23.5814456, -46.586089 -23.5814518, -46.5860942 -23.5814967))",Oxxo,convenience,Oxxo,Q1342538,,,,,,,São Paulo,1238,03126-001,Rua Capitão Pacheco e Chaves,Vila Prudente,2023-06-06,,,,yes,,,,,,,,,,,,,,yes,,yes,,,,,,no,,,,,,,,,,,,,,,,,,,,,,,,,,,,,,,,,,,,,,,,,,,,,,,,,,,,,,,,,,,,,,,,,,,,,,,,,,,,,,,,,,,,,,,,,,,,,,,,,,,,,,,,,,,,,,,,,,,,,,,,,,,,,,,,,,,,,,,,,,
"POLYGON ((-46.6020234 -23.5305447, -46.6019742 -23.5305427, -46.6019746 -23.5305873, -46.6020213 -23.5305889, -46.6020224 -23.5305665, -46.6020234 -23.5305447))",Conveniencia Dona Grace,convenience,,,,,,,,,São Paulo,896,03021-000,Rua Catumbi,Belenzinho,,,,,,,,,,,,,,,,,,,,,,,,,,,,,,,,,,,,,,,,,,,,,,,,,,,,,,,,,,,,,,,,,,,,,,,,,,,,,,,,,,,,,,,,,,,,,,,,,,,,,,,,,,,,,,,,,,,,,,,,,,,,,,,,,,,,,,,,,,,,,,,,,,,,,,,,,,,,,,,,,,,,,
"POLYGON ((-46.6263547 -23.5093514, -46.6263563 -23.5094247, -46.626283 -23.5094192, -46.6262824 -23.5093911, -46.626282 -23.5093696, -46.6262992 -23.5093523, -46.6263547 -23.5093514))",Cavates Mercado,convenience,,,,,,,,,São Paulo,1259,02011-100,Rua Voluntários da Pátria,Santana,,,,,,,,,,,,,,,,,,,,,,,,,,,,,,,,,,,,,,,,,,,,,,,,,,,,,,,,,,,,,,,,,,,,,,,,,,,,,,,,,,,,,,,,,,,,,,,,,,,,,,,,,,,,,,,,,,,,,,,,,,,,,,,,,,,,,,,,,,,,,,,,,,,,,,,,,,,,,,,,,,,,,
"POLYGON ((-46.6477097 -23.5336515, -46.6476823 -23.533692, -46.6476151 -23.5336499, -46.6476448 -23.5336096, -46.6477097 -23.5336515))",Ninki Supermercado,supermarket,,,,,,,,,São Paulo,701,01216-000,Alameda Nothmann,Campos Elíseos,,,,,,,,,,,,,,,,,,,,,,,,,,,,,,,,,,,,,,,,,,,,,,,,,,,,,,,,,,,,,,,,,,,,,,,,,,,,,,,,,,,,,,,,,,,,,,,,,,,,,,,,,,,,,,,,,,,,,,,,,,,,,,,,,,,,,,,,,,,,,,,,,,,,,,,,,,,,,,,,,,,,,
"POLYGON ((-46.6571357 -23.53323, -46.6570354 -23.5332967, -46.6571512 -23.5334688, -46.6572719 -23.5333897, -46.6571357 -23.53323))",Hirota Food,convenience,,,,,,,,,São Paulo,15,01150-001,Avenida General Olímpio da Silveira,Santa Cecília,,,,,,,,,,,,,,,,,,,,,,,,,,,,,,,,,,,,,,,,,,,,,,,,,,,,,,,,,,,,,,,,,,,,,,,,,,,,,,,,,,,,,,,,,,,,,,,,,,,,,,,,,,,,,,,,,,,,,,,,,,,,,,,,,,,,,,,,,,,,,,,,,,,,,,,,,,,,,,,,,,,,,
"POLYGON ((-46.6578479 -23.5371832, -46.657813 -23.5371186, -46.6576228 -23.5372051, -46.6576581 -23.5372707, -46.6578479 -23.5371832))",Pão de Açúcar Minuto,convenience,Pão de Açúcar,,,,,,,,São Paulo,844A,01230-000,Rua Doutor Albuquerque Lins,Santa Cecília,,,,,,,,,,,,,,,,,,,,,,,,,,,,,,,,,,,,,,,,,,,,,,,,,,,,,,,,,,,,,,,,,,,,,,,,,,,,,,,,,,,,,,,,,,,,,,,,,,,,,,,,,,,,,,,,,,,,,,,,,,,,,,,,,,,,,,,,,,,,,,,,,,,,,,,,,,,,,,,,,,,,,
"POLYGON ((-46.657914 -23.5374198, -46.6579776 -23.5375412, -46.6577712 -23.5376342, -46.6577074 -23.5375146, -46.657914 -23.5374198))",Carrefour Market,supermarket,Carrefour Market,Q2689639,,,,,,,São Paulo,878,01230-000,Rua Doutor Albuquerque Lins,Santa Cecília,,,,,,,,,,,,,,,,,,,,,,,,,,,,,,,,,,,,,,,,,,,,,,,,,,,,,,,,,,,,,,,,,,,,,,,,,,,,,,,,,,,,,,,,,,,,,,,,,,,,,,,,,,,,,,,,,,,,,,,,,,,,,,,,,,,,,,,,,,,,,,,,,,,,,,,,,,,,,,,,,,,,,
"POLYGON ((-46.6548633 -23.5371299, -46.6547969 -23.5371484, -46.6548513 -23.5373273, -46.6549175 -23.5373118, -46.6548633 -23.5371299))",Mambo,supermarket,,,,,,,,,São Paulo,546,01228-000,Avenida Angélica,,,,,,,,,,,,,,,,,,,,,,,,,,,,,,,,,,,,,,,,,,,,,,,,,,,,,,,,,,,,,,,,,,,,,,,,,,,,,,,,,,,,,,,,,,,,,,,,,,,,,,,,,,,,,,,,,,,,,,,,,,,,,,,,,,,,,,,,,,,,,,,,,,,,,,,,,,,,,,,,,,,,,,
"POLYGON ((-46.6560278 -23.5413569, -46.6561157 -23.5413287, -46.6561187 -23.5413362, -46.6561309 -23.5413663, -46.6560925 -23.5413792, -46.656042 -23.5413961, -46.6560278 -23.5413569))",Mundo Verde,supermarket,,,,,,,,,São Paulo,46,01229-000,Rua Doutor Veiga Filho,,,,,only,,,,,,,,,,,,,,,,,,,,,,,,,,,,,,,,,,,,,,,,,,,,,,,,,,,,,,,,,,,,,,,,,,,,,,,,,,,,,,,,,,,,,,,,,,,,,,,,,,,,,,,,,,,,,,,,,,,,,,,,,,,,,,,,,,,,,,,,,,,,,,,,,,,,,,,,,,,,,,,,,
"POLYGON ((-46.6562338 -23.5411867, -46.6561399 -23.5412105, -46.6561655 -23.5412948, -46.6561816 -23.5413483, -46.6562332 -23.5413316, -46.6562708 -23.5413194, -46.6562338 -23.5411867))",Oxxo,convenience,Oxxo,Q1342538,,,,24/7,,,São Paulo,48,01229-000,Rua Doutor Veiga Filho,Santa Cecília,,,,,,,,,,,,,,,,,,,,,,,,,,,,,,,,,,,,,,,,,,,,,,,,,,,,,,,,,,,,,,,,,,,,,,,,,,,,,,,,,,,,,,,,,,,,,,,,,,,,,,,,,,,,,,,,,,,,,,,,,,,,,,,,,,,,,,,,,,,,,,,,,,,,,,,,,,,,,,,,,,,,,
"POLYGON ((-46.6520942 -23.5325265, -46.6520526 -23.5325766, -46.6519852 -23.5325323, -46.6520247 -23.5324812, -46.6520942 -23.5325265))",Supermercado Econ,supermarket,,,,,,24/7,,,São Paulo,785,01218-012,Alameda Eduardo Prado,Campos Elíseos,,,,,,,,,,,,,,,,,,,,,,,,,,,,,,,,,,,,,,,,,,,,,,Youtube: https://youtu.be/W7CgvPdofYU,,,,,,,,,,,,,,,,,,,,,,,,,,,,,,,,,,,,,,,,,,,,,,,,,,,,,,,,,,,,,,,,,,,,,,,,,,,,,,,,,,,,,,,,,,,,,,,,,,,,,,,,,,,,,,,,,,,,,,,
"POLYGON ((-46.6542346 -23.5664926, -46.6542568 -23.5664753, -46.6542814 -23.5665003, -46.6542595 -23.5665177, -46.6542346 -23.5664926))",,convenience,,,,,,,,,São Paulo,482,01420-000,Alameda Jaú,Jardim Paulista,,,,,,,,,,,,,,+55 11 93016 2541,,,,,,,,,,,,,,,,,,,,,,,,,,,,,,,,,,,,,,,,,,,,,,,,,,,,,,,,,,,,,,,,,,,,,,,,,,,,,,,,,,,,,,,,,,,,,,,,,,,,,,,,,,,,,,,,,,,,,,,,,,,,,,,,,,,,,,,,,,,,,,,,,,,,,,,
"POLYGON ((-46.658889 -23.5468378, -46.658495 -23.5470073, -46.6584983 -23.5470172, -46.6586589 -23.5473374, -46.6587238 -23.5474668, -46.6589728 -23.5473617, -46.6589294 -23.5472724, -46.6588084 -23.5470227, -46.6589484 -23.5469619, -46.658889 -23.5468378))",Pão de Açúcar,supermarket,Pão de Açúcar,Q3411543,,,,,pt:Pão de Açúcar (supermercado brasileiro),,São Paulo,1696,01228-100,Avenida Angélica,,,,,,,,,,,,,,,,,,,,,,,,,,,,,,,,,,,,,,,,,,,,,,,,,,,,,,,,,,,,,,,,,,,,,,,,,,,,,,,,,,,,,,,,,,,,,,,,,,,,,,,,,,,,,,,,,,,,,,,,,,,,,,,,,,,,,,,,,,,,,,,,,,,,,,,,,,,,,,,,,,,,,,
"POLYGON ((-46.659083 -23.546493, -46.6589945 -23.5465325, -46.6588542 -23.54625, -46.6589445 -23.546212, -46.659083 -23.546493))",Dia,supermarket,Dia,Q925132,,,,,,,São Paulo,487,01242-001,Rua Alagoas,,,,,,,,,,,,,,,,,,,,,,,,,,,,,,,,,,,,,,,,,,,,,,,,,,,,,,,,,,,,,,,,,,,,,,,,,,,,,,,,,,,,,,,,,,,,,,,,,,,,,,,,,,,,,,,,,,,,,,,,,,,,,,,,,,,,,,,,,,,,,,,,,,,,,,,,,,,,,,,,,,,,,,
"POLYGON ((-46.6374077 -23.6347965, -46.6373432 -23.6347543, -46.6372306 -23.634903, -46.6373063 -23.6348946, -46.6374077 -23.6347965))",Oxxo,convenience,Oxxo,Q1342538,,,,,,,,,,Avenida Leonardo da Vinci,,,,,,,,,,https://www.oxxo.com.br/,,,,,,,,,,,,,,,,,,,,,,,,,,,,,,,,,,,,,,,,,,,,,,,,,,,,,,,,,,,,,,,,,,,,,,,,,yes,,,,,,,,,,,,,,,,,,,,,,,,,,,,,,,,,,,,,,,,,,,,,,,,,,,,,,,,,,,,,,,,,,,,,,,,,,,,,,,,,,,
"POLYGON ((-46.6604964 -23.5597731, -46.6604693 -23.559749, -46.6606386 -23.5595988, -46.6606657 -23.5596231, -46.6604964 -23.5597731))",Pão de Açúcar,supermarket,Pão de Açúcar,Q3411543,,,,Mo-Su 07:00-22:00,pt:Pão de Açúcar (supermercado brasileiro),,São Paulo,2071,01419-100,Alameda Santos,Cerqueira César,,,,,,,,GPA - Grupo Pão de Açúcar,,,,,,,,,,,,,,,,,,,,,,,,,,,,,,,,,,,,,,,,,,,,,,,,,,,,,,,,,,,,,,,,,,,,,,,,,,,,,,,,,,,,,,,,,,,,,,,,,,,,,,,,,,,,,,,,,,,,,,,,,,,,,,,,,,,,,,,,,,,,,,,,,,,,,,,,,,,,,
"POLYGON ((-46.6485849 -23.5670934, -46.6485497 -23.5671238, -46.6485638 -23.5671505, -46.6485994 -23.5671196, -46.6485916 -23.5671054, -46.6485849 -23.5670934))",Empório Amino,convenience,,,,,,,,,São Paulo,2195,01317-002,Avenida Brigadeiro Luís Antônio,,,,,,,,,,,,,,,,,,,,,,,,,,,,,,,,,,,,,,,,,,,,,,,,,,,,,,,,,,,,,,,,,,,,,,,,,,,,,,,,,,,,,,,,,,,,,,,,,,,,,,,,,,,,,,,,,,,,,,,,,,,,,,,,,,,,,,,,,,,,,,,,,,,,,,,,,,,,,,,,,,,,,,
"POLYGON ((-46.5897165 -23.5070025, -46.5897098 -23.5070596, -46.5896134 -23.5070577, -46.5895797 -23.5070496, -46.5896098 -23.5070274, -46.5896421 -23.5070008, -46.5896613 -23.5069788, -46.5897165 -23.5070025))",Mercado Cosmorama,convenience,,,,,,08:00-20:00,,,São Paulo,23,02127-010,Praça Cosmorama,,,,,,,,,,,,,,,,,,,,,,,,,,,,,,,,,,,,,,,,,,,,,,,,,,,,,,,,,,,,,,,,,,,,,,,,,,,,,,,,,,,,,,,,,,,,,,,,,,,,,,,,,,,,,,,,,,,,,,,,,,,,,,,,,,,,,,,,,,,,,,,,,,,,,,,,,,,,,,,,,,,,,,
"POLYGON ((-46.6518785 -23.5453777, -46.6519208 -23.5454817, -46.6520185 -23.5454033, -46.6520047 -23.5453742, -46.6518785 -23.5453777))",Pão de Açúcar,supermarket,Pão de Açúcar,Q3411543,,,,,pt:Pão de Açúcar (supermercado brasileiro),,São Paulo,422,01222-010,Rua Maria Antônia,,,,,,yes,,,,,,,,,,,,,,,,,,,,,,,,,,,,,,,,,,,,,,,,,,,,,,,,,,,,,,,,,,,,,,,,,,,,,,,,,,,,,,,,,,,,,,,,,,,,,,,,,,,,,,,,,,,,,,,,,,,,,,,,,,,,,,,,,,,,,,,,,,,,,,,,,,,,,,,,,,,,,,,,
"POLYGON ((-46.627947 -23.5834544, -46.6277084 -23.583486, -46.62773 -23.583673, -46.6279499 -23.5836506, -46.627947 -23.5834544))",Dia Market,supermarket,Dia Market,Q925132,,,,,,,,,,Avenida Lins de Vasconcelos,Vila Mariana,,,,,,,,,,,,,,,,,,,,,,,,,,,,,,,,,,,,,,,,,,,,,,,,,,,,,,,,,,,,,,,,,,,,,,,,,,,,,,,,,,yes,,,,,,,,,,,,,,,,,,,,,,,,,,,,,,,,,,,,,,,,,,,,,,,,,,,,,,,,,,,,,,,,,,,,,,,,,,,,,,,,,,,
"POLYGON ((-46.6535458 -23.5657553, -46.6534816 -23.5658117, -46.653443 -23.565772, -46.653509 -23.5657177, -46.6535458 -23.5657553))",Armazém Cerealista,convenience,,,,,,,,,São Paulo,1091,01419-002,Alameda Santos,,,,,,,,,,,,,,,,,,,,,,,,,,,,,,,,,,,,,,,,,,,,,,,,,,,,,,,,,,,,,,,,,,,,,,,,,,,,,,,,,,,,,,,,,,,,,,,,,,,,,,,,,,,,,,,,,,,,,,,,,,,,,,,,,,,,,,,,,,,,,,,,,,,,,,,,,,,,,,,,,,,,,,
"POLYGON ((-46.6496655 -23.5688674, -46.6496764 -23.56889, -46.6496077 -23.5689638, -46.6495814 -23.568937, -46.6496655 -23.5688674))",Minuto Pão de Açúcar,convenience,,,,,,,,,São Paulo,565,,Alameda Santos,,,,,,,,,,,yes,yes,yes,,,,yes,yes,,,,,,,,,,,,,,,,,,,,,,,,,,,,,,,,,,,,,,,,,,,,,,,,,,,,,,,,,,,,,,,,,,,,,,,,,,,,,,,,,,,,,,,,,,,,,,,,,,,,,,,,,,,,,,,,,,,,,,,,,,,,,,,,,,,,,,,,,,,,,,,,,,,,
"POLYGON ((-46.6568684 -23.5563594, -46.656954 -23.5564436, -46.6569691 -23.5564318, -46.6568847 -23.5563488, -46.6569102 -23.5563267, -46.6568478 -23.5562614, -46.656821 -23.5562846, -46.656817 -23.5563089, -46.6568684 -23.5563594))",Carrefour Market,supermarket,Carrefour Market,Q2689639,,,,,fr:Carrefour Market,,São Paulo,1090,01307-002,Rua Frei Caneca,,,,,,,,,Groupe Carrefour,,,,,,,,,,,,,,,,,,,,,,,,,,,,,,,,,3929380577153216,,,,,,,,,Q3117359,fr:Groupe Carrefour,,,,,,,,,,,,,,,,,,,,,,,,,,,,,,,,,,,,,,,,,,,,,,,,,,,,,,,,,,,,,,,,,,,,,,,,,,,,,,,,,,,,,,,,,,,,,,,,,,,,,,,,,,,,,,,,,,
"POLYGON ((-46.4102581 -23.5815416, -46.4104134 -23.5813175, -46.4098406 -23.5809601, -46.4096739 -23.5811851, -46.4101984 -23.5815028, -46.4102581 -23.5815416))",Preço na metade,supermarket,,,,,,Mo-Sa 09:00-20:00; Su 09:00-13:00,,,São Paulo,411,08490-490,Avenida Souza Ramos,,,,,,,,,,,,,,,,,,,,,,,,,,,,,,,,,,,,,preconametade.com.br,,,,,,,,,,,,,,,,,,,,,,,,,,,,,,,,,,,,,,,,,,,,,,yes,,,,,,,,,,,,,,,,,,,,,5,,,,,,,,,,,,,,,,,,,,,,,,,,,,,,,,,,,,,,,,,,,,,,,,,,,,,,,,,,,,,,
"POLYGON ((-46.6667772 -23.5663676, -46.6668056 -23.5663423, -46.6669264 -23.5664616, -46.6669253 -23.5665151, -46.6668289 -23.566597, -46.6667962 -23.5665657, -46.6667765 -23.5665468, -46.6667604 -23.5665611, -46.6666749 -23.5664794, -46.6666976 -23.5664592, -46.6666863 -23.5664484, -46.6667772 -23.5663676))",Mercadinho Dalva e Dito,convenience,,,,,,,,,São Paulo,1115,01411-001,Rua Padre João Manuel,,,,,,yes,,,,,,,,,,,,,,,,,,,,,,,,,,,,,,,,,,,,,,,,,,,,,,,,,,,,,,,,,,,,,,,,,,,,,,,,,,,,,,,,,,,,,,,,,,,,,,,,,,,,,,,,,,,,,,,,,,,,,,,,,,,,,,,,,,,,,,,,,,,,,,,,,,,,,,,,,,,,,,,,
"POLYGON ((-46.6648912 -23.5661702, -46.6646517 -23.5663827, -46.6648752 -23.5666053, -46.6649075 -23.5666065, -46.6649335 -23.5665837, -46.6651318 -23.5664098, -46.6648912 -23.5661702))",Pão de Açúcar,supermarket,Pão de Açúcar,Q3411543,,,,Mo-Sa 07:00-00:00; Su 07:00-23:00,pt:Pão de Açúcar (supermercado brasileiro),,São Paulo,1136,01410-002,Alameda Ministro Rocha Azevedo,,,,,,yes,,,,https://www.paodeacucar.com.br/,,,,,+55 11 3088-6868,,,,,,,,,,,,,,,,,,,,,,,,,,,,,,,,,,,,,,,,,,,,,,,,,,,,,,,,,,,,,,,,,,,,,,,,,,,,,,,,,,,,,,,,,,,,,,,,,,,,,,,,,,,,,,,,,,,,,,,,,,,,,,,,,,,,,,,,,,,,,,,,,,,,,,,
"POLYGON ((-46.6623248 -23.5662335, -46.6623964 -23.5663056, -46.662483 -23.5662276, -46.6624121 -23.5661552, -46.6623248 -23.5662335))",Minuto Pão de Açúcar,supermarket,,,,,,"Mo-Sa 07:00-22:00, Su 08:00-20:00",,,São Paulo,1635,01409-003,Rua Peixoto Gomide,,,,,,,,,,,,,,,,,,,,,,,,,,,,,,,,,,,,,,,,,,,,,,,,,,,,,,,,,,,,,,,,,,,,,,,,,,,,,,,,,,,,,,,,,,,,,,,,,,,,,,,,,,,,,,,,,,,,,,,,,,,,,,,,,,,,,,,,,,,,,,,,,,,,,,,,,,,,,,,,,,,,,,
"POLYGON ((-46.6621061 -23.7426997, -46.6620673 -23.7430323, -46.6622832 -23.7430627, -46.6623237 -23.7427351, -46.6621061 -23.7426997))",Ki Preço,supermarket,,,,,,Mo-Su 09:00-22:00; PH off,,,,584,04849-501,Rua Francisco Inácio Solano,,,,,,,,,,,,,,,,,,,,,,,,,,,,,,,,,,,,,,,,,,,,,,,,,,,,,,,,,,,,,,,,,,,,,,,,,,,,,,,,,,,yes,,,,,,,,,,,,,,,,,,,,,,,,,,,,,,,,,,,,,,,,,,,,,,,,,,,,,,,,,,,,,,,,,,,,,,,,,,,,,,,,,,,
"POLYGON ((-46.6552933 -23.5727125, -46.6554275 -23.5728324, -46.6550025 -23.5732355, -46.6546839 -23.5729446, -46.6547226 -23.572904, -46.6549127 -23.5727232, -46.6551028 -23.5725423, -46.6553608 -23.5722962, -46.6555598 -23.5724709, -46.6552933 -23.5727125))",Pão de Açúcar,supermarket,Pão de Açúcar,Q3411543,,,,,,,São Paulo,67,,Rua Batatais,,,,,,,,,,,,,,,,,,,,,,,,,,BR,,,,,,,,,,,,,,,,,,,,,,,,,,,,,,,,,,,,,,,,,,,,,,,,,,,,,,,,,,,,,,,,,,,,,,,,,,,,,,,,,,,,,,,,,,,,,,,,,,,,,,,,,,,,,,,,,,,,,,,,,,,,,,,,,,,,,,,,,,,,
"POLYGON ((-46.6474938 -23.5662454, -46.6477475 -23.5660718, -46.6478276 -23.5661835, -46.6479477 -23.5661117, -46.6478917 -23.5660332, -46.6478792 -23.5660156, -46.6478667 -23.5659981, -46.6478647 -23.5659953, -46.647861 -23.56599, -46.6478492 -23.5659734, -46.6478371 -23.5659569, -46.6478225 -23.5659369, -46.6476585 -23.565712, -46.6474945 -23.5654871, -46.6474844 -23.5654733, -46.6474742 -23.5654592, -46.6474636 -23.5654448, -46.6474429 -23.5654163, -46.6474297 -23.5653982, -46.6474166 -23.5653803, -46.6474039 -23.5653629, -46.6470284 -23.565614, -46.6470022 -23.5656303, -46.6469187 -23.565517, -46.6468891 -23.5655353, -46.6467338 -23.565631, -46.6466246 -23.5656983, -46.6466592 -23.5657463, -46.6467368 -23.5658541, -46.6468645 -23.5660253, -46.646211 -23.5664642, -46.6465567 -23.5668508, -46.6472719 -23.5663642, -46.6473055 -23.5664065, -46.6474989 -23.5662773, -46.6475112 -23.566269, -46.6474938 -23.5662454))",Pão de Açúcar,supermarket,Pão de Açúcar,Q3411543,,,,24/7,https://pt.wikipedia.org/wiki/P%C3%A3o_de_A%C3%A7%C3%BAcar_(supermercado_brasileiro),Hipermercado,São Paulo,2013,01317-002,Avenida Brigadeiro Luís Antônio,Bela Vista,,,,,,,,Cia Brasileira de Distribuição,,,,,,,,,,,,,,,,,BR,,wlan,,,,,,,,,,+55 11 3016-8600,www.paodeacucar.com,,,,,,,,survey,,,,,,,,,,,,,,,,,,,,,,,,,,,,,,,,,,,,,,,,,,,,,,,,,,,,,,,,,,,,,,,,,,,,,,,,,,,,,,,,,,,,,,,,,,,,,,,,,,,,,,,,,,,,,,,,,,,,,,,
"POLYGON ((-46.638749 -23.5545046, -46.6387064 -23.554527, -46.6387356 -23.5545802, -46.6387793 -23.5545595, -46.638749 -23.5545046))",Mini Mercado Extra,convenience,,,,,,Mo-Sa 07:00-21:00; Su 08:00-18:00; PH off,,,São Paulo,469;475,01317-000,Avenida Brigadeiro Luís Antônio,Bela Vista,,,,,,,,Cia Brasileira de Distribuição,,,,,,,,,,,,,,,,,,,,,,,"CNPJ 47.508.411/1819-40
IE: 143.498.794.115",,,,,,,,,,,,,,,,,,,,,,,,,,,,,,,,,,,,,,,,,,,,,,,,,,,,,,,,,,,,,,,,,,,,,,,,,,,,,,,,,,,,,,,,,,,,,,,,,,,,,,,,,,,,,,,,,,,,,,,,,,,,,,,,,,,,,,
"POLYGON ((-46.66267 -23.5603202, -46.6626035 -23.5602555, -46.6625799 -23.5602764, -46.6626466 -23.5603412, -46.66267 -23.5603202))",Carrefour,convenience,Carrefour,Q217599,,,,,,,São Paulo,2074,01412-000,Rua Augusta,,,,,,,,,,,,,,,,,,,,,,,,,,,,,,,,,,,,,,,,,,,,,,,,,,,,,,,,,,,,,,,,,,,,,,,,,,,,,,,,,,,,,,,,,,,,,,,,,,,,,,,,,,,,,,,,,,,,,,,,,,,,,,,,,,,,,,,,,,,,,,,,,,,,,,,,,,,,,,,,,,,,,,
"POLYGON ((-46.6562553 -23.5748012, -46.6563206 -23.5748556, -46.6563598 -23.5748186, -46.6563558 -23.574815, -46.6563902 -23.5747826, -46.6563393 -23.5747364, -46.6563046 -23.5747692, -46.6562967 -23.5747621, -46.6562553 -23.5748012))",Carrefour,convenience,Carrefour,Q217599,,,,,,,São Paulo,3357,01401-001,Avenida Brigadeiro Luís Antônio,,,,,,,,,,,,,,,,,,,,,,,,,,,,,,,,,,,,,,,,,,,,,,,,,,,,,,,,,,,,,,,,,,,,,,,,,,,,,,,,,,,,,,,,,,,,,,,,,,,,,,,,,,,,,,,,,,,,,,,,,,,,,,,,,,,,,,,,,,,,,,,,,,,,,,,,,,,,,,,,,,,,,,
"POLYGON ((-46.6567878 -23.5740027, -46.6567325 -23.5740534, -46.6567795 -23.574096, -46.6568329 -23.5740429, -46.6567878 -23.5740027))",Saddy Center - Especialidades Arabes,convenience,,,,,,,,,São Paulo,76,01425-001,Rua Guarará,,,,,,,,,,,,,,,+55 11 3886-7755,,,,,,,,,,,,,,,,,,,,,,,,,,,,,,,,,,,,,,,,,,,,,,,,,,,,,,,,,,,,,,,,,,,,,,,,,,,,,,,,,,,,,,,,,,,,,,,,,,,,,,,,,,,,,,,,,,,,,,,,,,,,,,,,,,,,,,,,,,,,,,,,,,,,,,,
"POLYGON ((-46.6614857 -23.568076, -46.661398 -23.5681521, -46.6613627 -23.5681176, -46.6614514 -23.5680425, -46.6614857 -23.568076))",Minuto Pão de Açúcar,supermarket,,,,,,,,,São Paulo,867,01424-005,Alameda Lorena,,,,,,,,,,,,,,,,,,,,,,,,,,,,,,,,,,,,,,,,Minuto Pão de Açúcar,,,,,,,,,,,,,,,,,,,,,,,,,,,,,,,,,,,,,,,,,,,,,,,,,,,,,,,,,,,,,,,,,,,,,,,,,,,,,,,,,,,,,,,,,,,,,,,,,,,,,,,,,,,,,,,,,,,,,,,,,,,,,,
"POLYGON ((-46.6545447 -23.5643196, -46.6545011 -23.5643552, -46.6545402 -23.5643956, -46.6545842 -23.5643591, -46.6545447 -23.5643196))",Armazen Cerealista,convenience,,,,,,,,,São Paulo,726,01405-001,Rua Pamplona,,,,,,,,,,,,,,,,,,,,,,,,,,,,,,,,,,,,,,,,,,,,,,,,,,,,,,,,,,,,,,,,,,,,,,,,,,,,,,,,,,,,,,,,,,,,,,,,,,,,,,,,,,,,,,,,,,,,,,,,,,,,,,,,,,,,,,,,,,,,,,,,,,,,,,,,,,,,,,,,,,,,,,
"POLYGON ((-46.6551643 -23.5649494, -46.6551175 -23.5649878, -46.6551355 -23.5650062, -46.655182 -23.5650539, -46.6552171 -23.56509, -46.6552634 -23.5650517, -46.6551643 -23.5649494))",Oba,supermarket,,,,,,,,,São Paulo,826,01405-001,Rua Pamplona,,,,,,,,,,,,,,,,,,,,,,,,,,,,,,,,,,,,,,,,,,,,,,,,,,,,,,,,,,,,,,,,,,,,,,,,,,,,,,,,,,,,,,,,,,,,,,,,,,,,,,,,,,,,,,,,,,,,,,,,,,,,,,,,,,,,,,,,,,,,,,,,,,,,,,,,,,,area,,,,,,,,,,,
"POLYGON ((-46.6572277 -23.5671086, -46.657199 -23.5671328, -46.657148 -23.5670795, -46.6571761 -23.567055, -46.6572277 -23.5671086))",Oxxo,convenience,Oxxo,Q1342538,,,,,,,São Paulo,1126,01405-001,Rua Pamplona,,,,,,,,,,,,,,,,,,,,,,,,,,,,,,,,,,,,,,,,,,,,,,,,,,,,,,,,,,,,,,,,,,,,,,,,,,,,,,,,,,,,,,,,,,,,,,,,,,,,,,,,,,,,,,,,,,,,,,,,,,,,,,,,,,,,,,,,,,,,,,,,,,,,,,,,,,,,,,,,,,,,,,
"POLYGON ((-46.6006567 -23.5338358, -46.6006284 -23.5339233, -46.6006595 -23.5339335, -46.6006897 -23.5339199, -46.6006945 -23.5339086, -46.6006988 -23.5338986, -46.6007174 -23.5338551, -46.6006567 -23.5338358))",Supermercado Belenzinho,supermarket,,,,,,,,,São Paulo,494,03021-000,Rua Catumbi,,,,,,,,,,,,,,,,,,,,,,,,,,,,,,,,,,,,,,,,,,,,,,,,,,,,,,,,,,,,,,,,,,,,,,,,,,,,,,,,,,,,,,,,,,,,,,,,,,,,,,,,,,,,,,,,,,,,,,,,,,,,,,,,,,,,,,,,,,,,,,,,,,,,,,,,,,,,,,,,,,,,,,
"POLYGON ((-46.6568695 -23.5720176, -46.6568111 -23.5719548, -46.6570631 -23.5717375, -46.6571264 -23.5718029, -46.6568695 -23.5720176))",Carrefour Express,convenience,Carrefour Express,Q2940190,,,,,,,São Paulo,1396,,Alameda Joaquim Eugênio de Lima,,,,,,,,,,,,,,,,,,,,,,,,,,,,,,,,,,,,,,,,,,,,,,,,,,,,,,,,,,,,,,,,,,,,,,,,,,,,,,,,,,,yes,,,,,,,,,,,,,,,,,,,,,8,,,,,,,,,,,,,,,,,,,,,,,,,,,,,,,,,,,,,,,,,,,,,,,,,,,,,,,,,,,,,,
"POLYGON ((-46.7395938 -23.623751, -46.7395078 -23.6236283, -46.7393979 -23.6237021, -46.7393749 -23.6236888, -46.7392522 -23.6237832, -46.7393395 -23.6238927, -46.7395938 -23.623751))",Carrefour Market,supermarket,Carrefour Market,Q2689639,,,,,,,São Paulo,183,05726-130,Rua José da Silva Ribeiro,Vila Andrade,,,,,,,,,,,,,,,,,,,,,,,,,,,,,,,,,,,,,,,,,,,,,,,,,,,,,,,,,,,,,,,,,,,,,,,,,,,,,,,,,,yes,,,,,,,,,,,,,,,,,,,,,,,,,,,,,,,,,,,,,,,,,,,,,,,,,,,,,,,,,,,,,,,,,,,,,,,,,,,,,,,,,,,
"POLYGON ((-46.7199305 -23.500964, -46.7198988 -23.5010063, -46.7199814 -23.5010574, -46.7200124 -23.5010162, -46.7199305 -23.500964))",Graça Mix,convenience,,,,,,,,,,,,,,,,,,,,,,,,,,,,,,,,,,,,,,,,,,,,,,,,,,,,,,,,,,,,,,,,,,,,,,,,,,,,,,,,,,,,,,,,,,,,,,,,,,,,,,,,,,,,,,,,,,,,,,,,,,,,,,,,,,,,,,,,,,,,,,,,,,,,,,,,,,,,,,,,,,,,,,,,,,,,,,,,,,
"POLYGON ((-46.6596717 -23.5131182, -46.6596747 -23.5131368, -46.6597215 -23.513428, -46.6598173 -23.5140228, -46.6591649 -23.5141111, -46.6590696 -23.5135184, -46.6590213 -23.5132179, -46.6590195 -23.5132064, -46.6594887 -23.5131429, -46.6596717 -23.5131182))",Pão de Açúcar,supermarket,Pão de Açúcar,Q3411543,,,,,,,São Paulo,349,02512-000,Rua Bernardino Fanganiello,,,,,,yes,,,,,,,,,,,,,,,,,,,,,,,,,,,,,,,,,,,,,,,,,,,,,,,,,,,,,,,,,,,,,,,,,,,,,,,,,,,,,,,,,,,,,,,,,,,,,,,,,,,,,,,,,,,,,,,,,,,,,,,,,,,,,,,,,,,,,,,,,,,,,,,,,,,,,,,,,,,,,,,,
"POLYGON ((-46.5677327 -23.5416743, -46.567662 -23.5419777, -46.5674139 -23.5419287, -46.5672109 -23.5418886, -46.56728 -23.5415904, -46.5677327 -23.5416743))",St Marche,supermarket,,,,,,,,,São Paulo,747,03315-000,Rua Padre Estevão Pernet,,,,,,,,,,,,,,,,,,,,,,,,,,,,,,,,,,,,,,,,,,,,,,,,,,,,,,,,,,,,,,,,,,,,,,,,,,,,,,,,,,,,,,,,,,,,,,,,,,,,,,,,,,,,,,,,,,,,,,,,,,,,,,,,,,,,,,,,,,,,,,,,,,,,,,,,,,,,,,,,,,,,,,
"POLYGON ((-46.5957787 -23.6138762, -46.5954354 -23.6138433, -46.5953926 -23.6141149, -46.5957222 -23.6141592, -46.5957511 -23.6139352, -46.5957677 -23.6139324, -46.5957787 -23.6138762))",Supermercado Bem Barato,supermarket,,,,,,Mo-Sa 08:00-21:00; Su 08:00-18:00; PH off,,,,542,04248-000,Rua Salvador Pires de Lima,Sacomã,,,,,,,,,https://grupobembarato.com.br/,yes,yes,,,+55 11 3060 5400,,yes,yes,,,,,,,,,,,,,,,,,,,,,,,,,,,,,,,,,,,,,,,,,,,,,,,,,,,,,,,,,,,,,,,,,yes,,,,,,,yes,,,,,,,,,,,,,,,,,,,,,,,,,,,,,,,,,,,,,,,,,,,,,,,,,,,,,,,,,,,,,,,,,,,,,,,,,,,,
"POLYGON ((-46.6871063 -23.4969289, -46.6871073 -23.4970202, -46.6868877 -23.4970267, -46.6868857 -23.4969307, -46.6871063 -23.4969289))",Mini Mercado Copa,supermarket,,,,,,seg-sab 06:00-20:00 / dom 08:00-14:00,,,São Paulo,201,,Rua Dalvo Matos Dedecca,Vila Palmeiras,,,,,,,,,,,,,,+55 11 2649 1888,,,,,,,,,,,,,,,,,,,,,,,,,,,,,,,,,,,,,,,,,,,,,,,,,,,,,,,,,,,,,,,,,,,,commercial,,,,,,,,,,,,,,,,,,,,,,,,,,,,,,,,,,,,,,,,,,,,,,,,,,,,,,,,,,,,,,,,,,,,,,,,,,,,,,,,,,,
"POLYGON ((-46.6218402 -23.6008825, -46.6217718 -23.6009722, -46.621745 -23.6009673, -46.6216712 -23.6008038, -46.621694 -23.6007756, -46.6218402 -23.6008825))",Oxxo,convenience,Oxxo,Q1342538,,,,,,,,,,Rua Santa Cruz,,,,,,,,,,https://www.oxxo.com.br/,,,,,,,,,,,,,,,,,,,,,,,,,,,,,,,,,,,,,,,,,,,,,,,,,,,,,,,,,,,,,,,,,,,,,,,,,yes,,,,,,,,,,,,,,,,,,,,,,,,,,,,,,,,,,,,,,,,,,,,,,,,,,,,,,,,,,,,,,,,,,,,,,,,,,,,,,,,,,,
"POLYGON ((-46.5041069 -23.5462583, -46.5041443 -23.5463189, -46.5039991 -23.546394, -46.5039661 -23.5463334, -46.5041069 -23.5462583))",,convenience,,,,,,24/7,,,,,,Avenida Doutor Bernardino Brito Fonseca de Carvalho,Vila Talarico,,,,,,,,,,,,,,,,,,,,,,,,,,,,,,,,,,,,,,,,,,,,,,,,,,,,,,,,,,,,,,,,,,,,,,,,,,,,,,,,,,yes,,,,,,,,,,,,,,,,,,,,,,,,,,,,,,,,,,,,,,,,,,,,,,,,,,,,,,,,,,,,,,,,,,,,,,,,,,,,,,,,,,,
"POLYGON ((-46.51462 -23.5392124, -46.5146526 -23.5392483, -46.5144702 -23.539399, -46.5144344 -23.5393513, -46.51462 -23.5392124))",Max Conveniência,convenience,,,,,,,,,,,,Avenida Doutor Bernardino Brito Fonseca de Carvalho,,,,,,,,,,,yes,,,,,,,yes,,,,,,,,,,,,,,,,,,,,,,,,,,,,,,,,,,,,,,,,,,,,,,,,,,,,,,,,,,,,,,,,,yes,,,,,,,,,,,,,,,,,,,,,,,,,,,,,,,,,,,,,,,,,,,,,,,,,,,,,,,,,,,,,,,,,,,,,,,,,,,,,,,,,,,
"POLYGON ((-46.6325066 -23.6809574, -46.6325489 -23.6810245, -46.6323877 -23.6810961, -46.6323014 -23.6809111, -46.6325066 -23.6809574))",Mercado Assembléia,supermarket,,,,,,,,,,,,Avenida Assembléia,,,,,,,,,,,,,,,,,,,,,,,,,,,,,,,,,,,,,,,,,,,,,,,,,,,,,,,,,,,,,,,,,,,,,,,,,,,,,,,,,,,yes,,,,,,,,,,,,,,,,,,,,,,,,,,,,,,,,,,,,,,,,,,,,,,,,,,,,,,,,,,,,,,,,,,,,,,,,,,,,,,,,,,,
"POLYGON ((-46.4640035 -23.4902392, -46.4638236 -23.4903805, -46.4634993 -23.4906352, -46.4634161 -23.4905418, -46.4630486 -23.4908394, -46.4631854 -23.4909968, -46.4632686 -23.490923, -46.463392 -23.4910657, -46.4632659 -23.4911666, -46.4634134 -23.4913363, -46.4642476 -23.4906647, -46.4642235 -23.4906401, -46.4643012 -23.4905688, -46.4640495 -23.4902901, -46.4640035 -23.4902392))",Hipermercado Shibata,supermarket,,,,,,"Mo-Sa 08:00-22:00; Su,PH 08:00-20:00",,H10,São Paulo,10170,03827-001,Avenida Doutor Assis Ribeiro,Vila Jacuí,,,,,yes,,,,https://shibata.com.br/,yes,,,,+55 11 2500 1500,,yes,yes,,,,,,,,,,,,,,,,,,,,,,,,,,,,,,https://www.instagram.com/shibatasupermercados/,,,,,,,,,,,,yes,,,,,,,,,,,,,,,,,,,,,,,yes,,,,,,,,,,,,,,,,,,,,,,,,,,,,,,,,,,,,,,,yes,,,,,,,,,,,,,,,,,,,,,,,,,,,,,,,,,,,,,,,,,,,,
"POLYGON ((-46.6325753 -23.4787897, -46.6325467 -23.4787992, -46.6324123 -23.478844, -46.6324018 -23.4788225, -46.6323832 -23.4788288, -46.632415 -23.4789087, -46.6324276 -23.4789402, -46.6325702 -23.4788577, -46.6325965 -23.4788413, -46.6325753 -23.4787897))",Oxxo,convenience,Oxxo,Q1342538,,,,,,,São Paulo,6,,Avenida Santa Inês,,,,,,,,,,,,,,,,,,,,,,,,,,,,,,,,,,,,,,,,,,,,,,,,,,,,,,,,,,,,,,,,,,,,,,,,,,,,,,,,,,,,,,,,,,,,,,,,,,,,,,,,,,,,,,,,,,,,,,,,,,,,,,,,,,,,,,,,,,,,,,,,,,,,,,,,,,,,,,,,,,,,,,
"POLYGON ((-46.6139149 -23.4576524, -46.6139021 -23.4576212, -46.6137599 -23.4573221, -46.6136967 -23.4572586, -46.6136591 -23.4571593, -46.6133964 -23.4572232, -46.6132556 -23.4572721, -46.6131453 -23.4573083, -46.6131758 -23.457384, -46.6132323 -23.4576032, -46.6133042 -23.4580077, -46.6133394 -23.4581394, -46.613347 -23.4581746, -46.6141654 -23.4581856, -46.6143668 -23.4581883, -46.6142701 -23.4579542, -46.6141664 -23.4579835, -46.6140807 -23.4580072, -46.6140497 -23.4579436, -46.6140206 -23.4578759, -46.6140156 -23.4578653, -46.6139149 -23.4576524))",Sonda,supermarket,,,,,,,,,São Paulo,1251,,Rua Maria Amália Lopes Azevedo,,,,,,,,,,,,,,,,,,,,,,,,,,,,,,,,,,,,,,,,,,,,,,,,,,,,,,,,,,,,,,,,,,,,,,,,,,,,,,,,,,,,,,,,,,,,,,,,,,,,,,,,,,,,,,,,,,,,,,,,,,,,,,,,,,,,,,,,,,,,,,,,,,,,,,,,,,,,,,,,,,,,,,
"POLYGON ((-46.5822479 -23.4815198, -46.5821582 -23.4815886, -46.5821782 -23.4814788, -46.5822045 -23.4814686, -46.5822479 -23.4815198))",Ryma,convenience,,,,,,,,,São Paulo,516,02235-000,Avenida Roland Garros,,,,,,,,,,,,,,,,,,,,,,,,,,,,,,,,,,,,,,,,,,,,,,,,,,,,,,,,,,,,,,,,,,,,,,,,,,,,,,,,,,,,,,,,,,,,,,,,,,,,,,,,,,,,,,,,,,,,,,,,,,,,,,,,,,,,,,,,,,,,,,,,,,,,,,,,,,,,,,,,,,,,,,
"POLYGON ((-46.7513095 -23.409727, -46.7512283 -23.4098109, -46.7513983 -23.4099809, -46.7514452 -23.4099378, -46.7513704 -23.4098039, -46.7513095 -23.409727))",Mercado São José,supermarket,,,,,,,,,,,,Rua Recanto dos Humildes,,,,,,,,,,,,,,,,,,,,,,,,,,,,,,,,,,,,,,,,,,,,,,,,,,,,,,,,,,,,,,,,,,,,,,,,,,,,,,,,,,,yes,,,,,,,,,,,,,,,,,,,,,,,,,,,,,,,,,,,,,,,,,,,,,,,,,,,,,,,,,,,,,,,,,,,,,,,,,,,,,,,,,,,
"POLYGON ((-46.6431702 -23.4777937, -46.6430984 -23.4779164, -46.6430017 -23.4778569, -46.6430735 -23.4777428, -46.6431702 -23.4777937))",Oxxo,convenience,Oxxo,Q1342538,,,,,,,São Paulo,269,02435-110,Rua Alberto Savoy,,,,,,,,,,,,,,,,,,,,,,,,,,,,,,,,,,,,,,,,,,,,,,,,,,,,,,,,,,,,,,,,,,,,,,,,,,,,,,,,,,,,,,,,,,,,,,,,,,,,,,,,,,,,,,,,,,,,,,,,,,,,,,,,,,,,,,,,,,,,,,,,,,,,,,,,,,,,,,,,,,,,,,
"POLYGON ((-46.5960038 -23.6201971, -46.5959797 -23.6203618, -46.5959234 -23.6203495, -46.5958456 -23.6202708, -46.5959408 -23.6201774, -46.5960038 -23.6201971))",Supermercado Carioca,supermarket,,,,,,,,,,,,Rua Alencar Araripe,,,,,,,,,,,,,,,,,,,,,,,,,,,,,,,,,,,,,,,,,,,,,,,,,,,,,,,,,,,,,,,,,,,,,,,,,,,,,,,,,,,yes,,,,,,,,,,,,,,,,,,,,,,,,,,,,,,,,,,,,,,,,,,,,,,,,,,,,,,,,,,,,,,,,,,,,,,,,,,,,,,,,,,,
"POLYGON ((-46.6512655 -23.5376716, -46.6510936 -23.5378127, -46.6509396 -23.5376533, -46.6510277 -23.5375859, -46.6511178 -23.537517, -46.6512655 -23.5376716))",Mercado Extra,supermarket,Mercado Extra,Q5422131,,,,Mo-Su 07:00-22:00,pt:Extra (rede varejista),,São Paulo,187,,Rua das Palmeiras,,,,,,,,,,,,,,,,,,,,,,,,,,,,,,,,,,,,,,,,,,,,,,,,,,,,,,,,,,,,,,,,,,,,,,,,,,,,,,,,,,,,,,,,,,,,,,,,,,,,,,,,,,,,,,,,,,,,,,,,,,,,,,,,,,,,,,,,,,,,,,,,,,,,,,,,,,,,,,,,,,,,,,
"POLYGON ((-46.5146286 -23.5777732, -46.5145988 -23.5777963, -46.5145864 -23.577777, -46.5146151 -23.5777514, -46.5146286 -23.5777732))",Lobato Mini Mercado,convenience,,,,,,,,,São Paulo,644,03901-010,Avenida dos Nacionalistas,,,,,,,,,,,,,,,,,,,,,,,,,,,,,,,,,,,,,,,,,,,,,,,,,,,,,,,,,,,,,,,,,,,,,,,,,,,,,,,,,,,,,,,,,,,,,,,,,,,,,,,,,,,,,,,,,,,,,,,,,,,,,,,,,,,,,,,,,,,,,,,,,,,,,,,,,,,,,,,,,,,,,,
"POLYGON ((-46.4564365 -23.596027, -46.4561173 -23.5963895, -46.4558544 -23.5963035, -46.4556063 -23.596258, -46.4556372 -23.5957541, -46.4559027 -23.5957873, -46.4561133 -23.5958475, -46.4562863 -23.5959262, -46.4564365 -23.596027))",Supermercados Nagumo Maior,supermarket,,,,,,,,,São Paulo,2500,08370-170,Rua João Maciel,Jardim São Gonçalo,,,,,,,,,,,,,,,,,,,,,,,,,,,,,,,,,,,,,,,,,,,,,,,,,,,,,,,,,,,,,,,,,,,,,,,,,,,,,,,,,,,,,,,,,,,,,,,,,,,,,,,,,,,,,,,,,,,,,,,,,,,,,,,,,,,,,,,,,,,,,,,,,,,,,,,,,,,,,,,,,,,,,
"POLYGON ((-46.7081822 -23.6165686, -46.7082457 -23.6171357, -46.70773 -23.6172085, -46.7076875 -23.6171975, -46.7076679 -23.6171608, -46.7081319 -23.6165625, -46.7081822 -23.6165686))",St. Marche,supermarket,,,,,,,,,São Paulo,6501,,Avenida Morumbi,,,,,,,,,,,,,,,,,,,,,,,,,,,,,,,,,,,,,,,,,,,,,,,,,,,,,,,,,,,,,,,,,,,,,,,,,,,,,,,,,,,,,,,,,,,,,,,,,,,,,,,,,,,,,,,,,,,,,,,,,,,,,,,,,,,,,,,,,,,,,,,,,,,,,,,,,,,,,,,,,,,,,,
"POLYGON ((-46.7425325 -23.54535, -46.7425522 -23.5453259, -46.7425158 -23.5452833, -46.7424926 -23.5453063, -46.7425325 -23.54535))",Hortifruti,supermarket,,,,,,,,,São Paulo,,,Rua Três Arapongas,Jaguaré,,,,only,,,,,,,,,,,,,,,,,,,,,,,,,,,,,,,,,,,,,,,,,,,,,,,,,,,,,,,,,,,,,,,,,,,,,,,,,,,,,,yes,,,,,,,,,,,,,,,,,,,,,,,,,,,,,,,,,,,,,,,,,,,,,,,,,,,,,,,,,,,,,,,,,,,,,,,,,,,,,,,,,,,
"POLYGON ((-46.49491 -23.537149, -46.4949591 -23.5368925, -46.4949661 -23.5368811, -46.4949831 -23.5368733, -46.4951078 -23.5368419, -46.4953086 -23.5367913, -46.4953058 -23.5368085, -46.4952971 -23.5368614, -46.4952419 -23.5371812, -46.4952395 -23.5371951, -46.4951013 -23.5371742, -46.49491 -23.537149))",Dia,supermarket,Dia,Q925132,,,,,,,São Paulo,364,03564-000,Avenida Paraguaçu Paulista,,,,,,,,,,,,,,,,,,,,,,,,,,,,,,,,,,,,,,,,,,,,,,,,,,,,,,,,,,,,,,,,,,,,,,,,,,,,,,,,,,,,,,,,,,,,,,,,,,,,,,,,,,,,,,,,,,,,,,,,,,,,,,,,,,,,,,,,,,,,,,,,,,,,,,,,,,,,,,,,,,,,,,
"POLYGON ((-46.7416092 -23.544064, -46.7414944 -23.5441167, -46.7414732 -23.5440665, -46.7415894 -23.5440208, -46.7416092 -23.544064))",Mercadinho da linha,convenience,,,,,,,,,São Paulo,,,Rua 4 de Dezembro,Jaguaré,,,,,,,,,,,,,,,,,,,,,,,,,,,,,,,,,,,,,,,,,,,,,,,,,,,,,,,,,,,,,,,,,,,,,,,,,,,,,,,,,,yes,,,,,,,,,,,,,,,,,,,,,,,,,,,,,,,,,,,,,,,,,,,,,,,,,,,,,,,,,,,,,,,,,,,,,,,,,,,,,,,,,,,
"POLYGON ((-46.5753859 -23.4386717, -46.5757005 -23.4380797, -46.5757065 -23.4380486, -46.5756796 -23.4380019, -46.5754095 -23.4376352, -46.5753656 -23.4375657, -46.5753178 -23.4375547, -46.5751453 -23.4375693, -46.5750885 -23.4375958, -46.5746997 -23.4380764, -46.5746574 -23.4381636, -46.5745841 -23.4383147, -46.5747256 -23.4384016, -46.5749439 -23.4385407, -46.5750155 -23.4386031, -46.5751887 -23.4387539, -46.5752887 -23.4387638, -46.5753707 -23.4386997, -46.5753859 -23.4386717))",Supermercados X,supermarket,,,,,,,,,São Paulo,1001,,Rua Ushikichi Kamiya,,,,,,,,,,,,,,,,,,,,,,,,,,,,,,,,,,,,,,,,,,,,,,,,,,,,,,,,,,,,,,,,,,,,,,,,,,,,,,,,,,,,,,,,,,,,,,,,,,,,,,,,,,,,,,,,,,,,,,,,,,,,,,,,,,,,,,,,,,,,,,,,,,,,,,,,,,,,,,,,,,,,,,
"POLYGON ((-46.63712 -23.6152675, -46.6371054 -23.6152975, -46.6371372 -23.6153112, -46.637152 -23.6152813, -46.63712 -23.6152675))",Ishi Panda,convenience,,,,,,,,,São Paulo,233,04144-000,Rua Carneiro da Cunha,,,,,,,,,,,,,,,,,,,,,,,,,,,,,,,,,,,,,,,,,,,,,,,,,,,,,,,,,,,,,,,,,,,,,,,,,,,,,,,,,,,,,,,,,,,,,,,,,,,,,,,,,,,,,,,,,,,,,,,,,,,,,,,,,,,,,,,,,,,,,,,,,,,,,,,,,,,,,,,,,,,,,,
"POLYGON ((-46.6358854 -23.6181006, -46.6358129 -23.6181194, -46.6357856 -23.6180268, -46.6358571 -23.6180082, -46.6358854 -23.6181006))",,convenience,,,,,,,,,São Paulo,590A,04144-001,Rua Carneiro da Cunha,,,,,,,,,,,,,,,,,,,,,,,,,,,,,,,,,,,,,,,,,,,,,,,,,,,,,,,,,,,,,,,,,,,,,,,,,,,,,,,,,,,,,,,,,,,,,,,,,,,,,,,,,,,,,,,,,,,,,,,,,,,,,,,,,,,,,,,,,,,,,,,,,,,,,,,,,,,,,,,,,,,,,,
"POLYGON ((-46.6748683 -23.56197, -46.6747492 -23.5619034, -46.674727 -23.5619344, -46.6748439 -23.5620043, -46.6748683 -23.56197))",Oxxo,convenience,Oxxo,Q1342538,,,,,,,São Paulo,1384,05402-100,Avenida Rebouças,,,,,,,,,,,,,,,,,,,,,,,,,,,,,,,,,,,,,,,,,,,,,,,,,,,,,,,,,,,,,,,,,,,,,,,,,,,,,,,,,,,,,,,,,,,,,,,,,,,,,,,,,,,,,,,,,,,,,,,,,,,,,,,,,,,,,,,,,,,,,,,,,,,,,,,,,,,,,,,,,,,,,,
"POLYGON ((-46.6478633 -23.4695311, -46.6477261 -23.4694881, -46.6477403 -23.4694471, -46.647884 -23.4694931, -46.6478633 -23.4695311))",BR Mania,convenience,BR Mania,Q116877912,,,,,,,São Paulo,2425,,Avenida Parada Pinto,Vila Amália,,,,,,,,,,,,,,,,,,,,,,,,,,,,,,,,,,,,,,,,,,,,,,,,,,,,,,,,,,,,,,,,,,,atm,,,,,,,,,,,,,,,retail,,,,,,,,,,,,,,,,,,,,,,,,,,,,,,,,,,,,,,,,,,,,,,,,,,,,,,,,,,,,,,,,,,,,,,,,,,,,,,,,,,,
"POLYGON ((-46.5554138 -23.5142005, -46.5552543 -23.514014, -46.5549991 -23.5137946, -46.5547703 -23.5136834, -46.5545539 -23.5135186, -46.554413 -23.5135058, -46.552838 -23.5131384, -46.5528878 -23.5127435, -46.5530314 -23.5125735, -46.5527403 -23.5116027, -46.5544531 -23.5110189, -46.5547829 -23.5118621, -46.5552754 -23.511714, -46.5553699 -23.5122663, -46.5554656 -23.5127672, -46.5555494 -23.5131621, -46.5556311 -23.5136831, -46.555661 -23.5139903, -46.5556471 -23.5141475, -46.5556351 -23.5142115, -46.5555593 -23.5142425, -46.5554138 -23.5142005))",Assaí Atacadista,supermarket,Assaí Atacadista,Q28679415,,,,,,,São Paulo,,,Avenida Condessa Elisabeth de Robiano,Penha,,,,,,,,,,,,,,,,,,,,,,,,,,,,,,,,,,,,,,,,,,,,yes,,,,,,,,,,,,,,,,,,,,,,,,,,,,,,,,,,,,,,,,,,,,,,,,,,,,,,,,,,,,,,,,,,,,,,,,,,,,,,,,,,,,,,,,,,,,,,,,,,,,,,,,,,,,,,,,,,,,,,,,,
"POLYGON ((-46.6002738 -23.6302763, -46.6000293 -23.6305532, -46.5998372 -23.6304326, -46.5986963 -23.6317661, -46.5989007 -23.6319077, -46.5987869 -23.6320042, -46.5986062 -23.6322345, -46.5990799 -23.6323744, -46.5993252 -23.6320864, -46.5994422 -23.632177, -46.6000596 -23.6313755, -46.6001175 -23.6313906, -46.6003305 -23.6311243, -46.6001974 -23.631006, -46.600302 -23.6308606, -46.6002663 -23.6308261, -46.6005402 -23.6304505, -46.6002738 -23.6302763))",Atacadão,supermarket,Atacadão,Q2868739,,,,"PH,Mo-Su 07:00-22:00; Su 08:00-20:00",,,São Paulo,km 11,,Rodovia Anchieta Marginal Direita,Jardim Maria Estela,,,,,,,,,,yes,,,,,,yes,yes,,,,,,,,,,,,,,,,,,,,,,,,,,,,,,,,,,,,,,,,,,yes,,,,,,,,,,,,,,,,,,,,,,,yes,,,,,,,,yes,,,,,,,,,,,,,,,,,,,,,,,,,,,,,,,yes,,,,,,,,,,,,,,,,,,,,,,,,,,,,,,,,,,,,,,,,,,,,
"POLYGON ((-46.6261891 -23.489315, -46.6260346 -23.4893337, -46.6257444 -23.4893688, -46.6257797 -23.4896292, -46.6261778 -23.4895796, -46.6261861 -23.4895672, -46.6261666 -23.4894452, -46.6262071 -23.4894397, -46.6261891 -23.489315))",Supermercado Mambo,supermarket,,,,,,,,,São Paulo,20,02040-120,Rua Manoel de Soveral,,,,,,,,,,,,,,,,,,,,,,,,,,,,,,,,,,,,,,,,,,,,,,,,,,,,,,,,,,,,,,,,,,,,,,,,,,,,,,,,,,,yes,,,,,,,,,,,,,,,,,,,,,16,,,,,silver,,,,,,,,,,,,,,,,,,,,,,,,,,,,,,,,,,,,,,,,,,,,,,,,,,,,,,,,,
"POLYGON ((-46.6159723 -23.5764421, -46.6155226 -23.5763468, -46.6156128 -23.5758282, -46.6157292 -23.5758462, -46.6157979 -23.5758462, -46.6158707 -23.5758365, -46.6159831 -23.5757977, -46.6160387 -23.5757492, -46.6160929 -23.5756886, -46.6161127 -23.5756692, -46.6161365 -23.5756571, -46.6161683 -23.5756534, -46.6162119 -23.575674, -46.6163729 -23.575828, -46.6166264 -23.5759941, -46.6159723 -23.5764421))",Pão de Açúcar,supermarket,Pão de Açúcar,Q3411543,,,,,,,,,,,,,,,,,,,,,,,,,,,,,,,,,,,,,,,,,,,,,,,,,,,,,,,,,,,,,,,,,,,,,,,,,,,,,,,,,,,,,,,,,,,,,,,,,,,,,,,,,,,,,,,,,,,,,,,,,,,,,,,,,,,,,,,,,,,,,,,,,,,,,,,,,,,,,,,,,,,,,,,,,,,,,,,,
"POLYGON ((-46.6237345 -23.5763541, -46.6239137 -23.5763241, -46.623905 -23.5762809, -46.6239915 -23.5762654, -46.6239822 -23.5762212, -46.6239973 -23.5762185, -46.6239911 -23.5761861, -46.6239584 -23.5761922, -46.6239523 -23.5761611, -46.6239378 -23.5761637, -46.6238778 -23.5761745, -46.6238507 -23.5761793, -46.6237041 -23.5762057, -46.6237345 -23.5763541))",Mini Mercado Extra,supermarket,,,,,,,,,São Paulo,1470,,Avenida Lins de Vasconcelos,,,,,,,,,,,,,,,,,,,,,,,,,,,,,,,,,,,,,,,,,,,,,,,,,,,,,,,,,,,,,,,,,,,,,,,,,,,,,,,,,,,yes,,,,,,,,,,,,,,,,,,,,,7,,,,,,,,,,,,,,,,,,,,,,,,,,,,,,,,,,,,,,,,,,,,,,,,,,,,,,,,,,,,,,
"POLYGON ((-46.6143275 -23.4872149, -46.6142789 -23.4872158, -46.6142802 -23.4872745, -46.6143262 -23.4872751, -46.6143275 -23.4872149))",,convenience,,,,,,,,,São Paulo,290,02302-070,Avenida Águas de São Pedro,,,,,,,,,,,,,,,,,,,,,,,,,,,,,,,,,,,,,,,,,,,,,,,,,,,,,,,,,,,,,,,,,,,,,,,,,,,,,,,,,,,,,,,,,,,,,,,,,,,,,,,,,,,,,,,,,,,,,,,,,,,,,,,,,,,,,,,,,,,,,,,,,,,,,,,,,,,,,,,,,,,,,,
"POLYGON ((-46.4904554 -23.5708969, -46.490443 -23.5709345, -46.4905293 -23.5709636, -46.4905438 -23.5709242, -46.4904554 -23.5708969))",Horti Frutti,convenience,,,,,,,,,São Paulo,513,03585-150,Rua Luís Norberto Freire,,,,,,,,,,,,,,,,,,,,,,,,,,,,,,,,,,,,,,,,,,,,,,,,,,,,,,,,,,,,,,,,,,,,,,,,,,,,,,,,,,,,,,,,,,,,,,,,,,,,,,,,,,,,,,,,,,,,,,,,,,,,,,,,,,,,,,,,,,,,,,,,,,,,,,,,,,,,,,,,,,,,,,
"POLYGON ((-46.688512 -23.554941, -46.6886079 -23.5548046, -46.6885212 -23.5547564, -46.688427 -23.5548911, -46.688512 -23.554941))",Pão de Açúcar,supermarket,Pão de Açúcar,Q3411543,,,,,,,São Paulo,373A,05435-000,Rua Harmonia,,,,,,,,,,,,,,,,,,,,,,,,,,,,,,,,,,,,,,,,,,,,,,,,,,,,,,,,,,,,,,,,,,,,,,,,,,,,,,,,,,,,,,,,,,,,,,,,,,,,,,,,,,,,,,,,,,,,,,,,,,,,,,,,,,,,,,,,,,,,,,,,,,,,,,,,,,,,,,,,,,,,,,
"POLYGON ((-46.6386435 -23.5820593, -46.638753 -23.582118, -46.6387786 -23.5820792, -46.6386669 -23.5820201, -46.6386435 -23.5820593))",Carrefour,supermarket,Carrefour,Q217599,,,,,fr:Carrefour (enseigne),,São Paulo,604,,Rua Domingos de Morais,,,,,,yes,,,,,,,,,,,,,,,,,,,,,,,,,,,,,,,,,,,,,,,,,,,,,,,,,,,,,,,,,,,,,,,,,,,,,,,,,,,,,,,,,,,,,,,,,,,,,,,,,,,,,,,,,,,,,,,,,,,,,,,,,,,,,,,,,,,,,,,,,,,,,,,,,,,,,,,,,,,,,,,,
"POLYGON ((-46.6422414 -23.5919891, -46.642246 -23.5920337, -46.6423301 -23.592027, -46.6423252 -23.5919821, -46.6422414 -23.5919891))",Mercado Abençoado,convenience,,,,,,,,,São Paulo,293,04023-000,Rua Gandavo,,,,,,,,,,,,,,,,,,,,,,,,,,,,,,,,,,,,,,,,,,,,,,,,,,,,,,,,,,,,,,,,,,,,,,,,,,,,,,,,,,,,,,,,,,,,,,,,,,,,,,,,,,,,,,,,,,,,,,,,,,,,,,,,,,,,,,,,,,,,,,,,,,,,,,,,,,,,,,,,,,,,,,
"POLYGON ((-46.5017642 -23.5274752, -46.5017048 -23.5273734, -46.5016872 -23.5273401, -46.5016929 -23.5273212, -46.5017564 -23.5272976, -46.5018358 -23.527268, -46.5018604 -23.5273082, -46.501885 -23.5273466, -46.5018947 -23.5273616, -46.5020399 -23.5275879, -46.5018819 -23.5276771, -46.5017642 -23.5274752))",Dia,supermarket,Dia,Q925132,,,,24/7 closed,,,São Paulo,1446,,Rua Itinguçu,,,,,,,,,,,,,,,,,,,,,,,,,,,,,,,,,,,,,,,,,,,,,,,,,,,,,,,,,,,,,,,,,,,,,,,,,,,,,,,,,,,,,,,,,,,,,,,,,,,,,,,,,,,,,,,,,,,,,,,,,,,,,,,,,,,,,,,,,,,,,,,,,,,,,,,,,,,,,,,,,,,,,,
"POLYGON ((-46.5020731 -23.5272908, -46.5019853 -23.5273259, -46.5019256 -23.5272346, -46.5019743 -23.527214, -46.5020117 -23.5271981, -46.5020731 -23.5272908))",Super Padrão,convenience,,,,,,,,,São Paulo,1394,,Rua Itinguçu,,,,,,,,,,,,,,,,,,,,,,,,,,,,,,,,,,,,,,,,,,,,,,,,,,,,,,,,,,,,,,,,,,,,,,,,,,,,,,,,,,,,,,,,,,,,,,,,,,,,,,,,,,,,,,,,,,,,,,,,,,,,,,,,,,,,,,,,,,,,,,,,,,,,,,,,,,,,,,,,,,,,,,
"POLYGON ((-46.7392294 -23.5878683, -46.7391545 -23.5882895, -46.7389502 -23.588288, -46.7391272 -23.5879011, -46.7392294 -23.5878683))",Empório São Pedro,supermarket,,,,,,,,,,,,,,,,,,,,,,,,,,,,,,,,,,,,,,,,,,,,,,,,,,,,,,,,,,,,,,,,,,,,,,,,,,,,,,,,,,,,,,,,,,,,,,,commercial,,,,,,,,,,,,,,,,,,,,,,,,,,,,,,,,,,,,,,,,,,,,,,,,,,,,,,,,,,,,,,,,,,,,,,,,,,,,,,,,,,,
"POLYGON ((-46.7378267 -23.5891778, -46.73763 -23.5890823, -46.7376163 -23.5890498, -46.7376222 -23.5890174, -46.7378326 -23.5885849, -46.7380076 -23.5886534, -46.7379486 -23.5887922, -46.7380331 -23.58883, -46.7378267 -23.5891778))",Sacolão Butantã,supermarket,,,,,,,,,,,,,,,,,,,,,,,,,,,,,,,,,,,,,,,,,,,,,,,,,,,,,,,,,,,,,,,,,,,,,,,,,,,,,,,,,,,,,,,,,,,,,,,yes,,,,,,,,,,,,,,,,,,,,,,,,,,,,,,,,,,,,,,,,,,,,,,,,,,,,,,,,,,,,,,,,,,,,,,,,,,,,,,,,,,,
"POLYGON ((-46.7370659 -23.5876931, -46.7370043 -23.5876685, -46.73697 -23.5877246, -46.737038 -23.5877518, -46.7370659 -23.5876931))",,convenience,,,,,,,,,,,,,,,,,,,,,,,,,,,,,,,,,,,,,,,,,,,,,,,,,,,,,,,,,,,,,,,,,,,,,,,,,,,,,,,,,,,,,,,,,,,,,,,yes,,,,,,,,,,,,,,,,,,,,,,,,,,,,,,,,,,,,,,,,,,,,,,,,,,,,,,,,,,,,,,,,,,,,,,,,,,,,,,,,,,,
"POLYGON ((-46.7329165 -23.6009033, -46.7327427 -23.6007968, -46.7325929 -23.6009939, -46.7327759 -23.6010999, -46.7329165 -23.6009033))",TokLeve,supermarket,,,,,,Mo-Sa 07:15-21:30,,,,,,,,,,,,,,,,,,,,,,,,,,,,,,,,,,,,,,,,,,,,,,,,,,,,,,,,,,,,,,,,,,,,,,,,,,,,,,,,,,,,,,,,,yes,,,,,,,,,,,,,,,,,,,,,,,,,,,,,,,,,,,,,,,,,,,,,,,,,,,,,,,,,,,,,,,,,,,,,,,,,,,,,,,,,,,
"POLYGON ((-46.7336092 -23.6112068, -46.7336003 -23.6112474, -46.7334641 -23.6112287, -46.733503 -23.6109774, -46.7335649 -23.6109895, -46.733641 -23.6110179, -46.7336092 -23.6112068))",Pão de Açúcar,supermarket,Pão de Açúcar,Q3411543,,,,,,,,,,,,,,,,,,,,,,,,,,,,,,,,,,,,,,,,,,,,,,,,,,,,,,,,,,,,,,,,,,,,,,,,,,,,,,,,,,,,,,,,,,,,,yes,,,,,,,,,,,,,,,,,,,,,,,,,,,,,,,,,,,,,,,,,,,,,,,,,,,,,,,,,,,,,,,,,,,,,,,,,,,,,,,,,,,
"POLYGON ((-46.708712 -23.6174341, -46.7086396 -23.6174446, -46.7086568 -23.6175569, -46.7086847 -23.6175523, -46.7087055 -23.6175293, -46.7087277 -23.6175287, -46.708712 -23.6174341))",BR Mania,convenience,BR Mania,Q116877912,,,,,,,,,,,,,,,,,,,,,,,,,,,,,,,,,,,,,,,,,,,,,,,,,,,,,,,,,,,,,,,,,,,,,,,,,,,,,,,,,,,,,,,,,,,,,yes,,,,,,,,,,,,,,,,,,,,,,,,,,,,,,,,,,,,,,,,,,,,,,,,,,,,,,,,,,,,,,,,,,,,,,,,,,,,,,,,,,,
"POLYGON ((-46.7115489 -23.6170919, -46.7115578 -23.6171182, -46.7113968 -23.6171985, -46.7112966 -23.6172165, -46.7112537 -23.6171903, -46.7112537 -23.6171247, -46.7115489 -23.6170919))",BR Mania,convenience,BR Mania,Q116877912,,,,,,,,,,,,,,,,,,,,,,,,,,,,,,,,,,,,,,,,,,,,,,,,,,,,,,,,,,,,,,,,,,,,,,,,,,,,,,,,,,,,,,,,,,,,,yes,,,,,,,,,,,,,,,,,,,,,,,,,,,,,,,,,,,,,,,,,,,,,,,,,,,,,,,,,,,,,,,,,,,,,,,,,,,,,,,,,,,
"POLYGON ((-46.7065871 -23.6093556, -46.7066675 -23.6093113, -46.7068727 -23.609578, -46.7067909 -23.6096247, -46.7065871 -23.6093556))",Dia,supermarket,Dia,Q925132,,,,,,,São Paulo,433,,Avenida Barão de Melgaco,,,,,,,,,,,,,,,,,,,,,,,,,,,,,,,,,,,,,,,,,,,,,,,,,,,,,,,,,,,,,,,,,,,,,,,,,,,,,,,,,,,yes,,,,,,,,,,,,,,,,,,,,,,,,,,,,,,,,,,,,,,,,,,,,,,,,,,,,,,,,,,,,,,,,,,,,,,,,,,,,,,,,,,,
"POLYGON ((-46.7077065 -23.6079892, -46.7075551 -23.6080807, -46.7077709 -23.6083773, -46.7079287 -23.6082813, -46.7078144 -23.608131, -46.7077065 -23.6079892))",Pão de Açúcar Minuto,convenience,Pão de Açúcar,,,,,,,,,,,,,,,,,,,,,,,,,,,,,,,,,,,,,,,,,,,,,,,,,,,,,,,,,,,,,,,,,,,,,,,,,,,,,,,,,,,,,,,,,,,,,,yes,,,,,,,,,,,,,,,,,,,,,,,,,,,,,,,,,,,,,,,,,,,,,,,,,,,,,,,,,,,,,,,,,,,,,,,,,,,,,,,,,,,
"POLYGON ((-46.4372065 -23.5193641, -46.4372018 -23.5193942, -46.4372586 -23.5193975, -46.4372606 -23.5193695, -46.4372065 -23.5193641))",Mercadinho & Padaria Duda,convenience,,,,,,,,,São Paulo,335,08240-600,Rua Erva Galega,,,,,,,,,,,,,,,,,,,,,,,,,,,,,,,,,,,,,,,,,,,,,,,,,,,,,,,,,,,,,,,,,,,,,,,,,,,,,,,,,,,,,,,,,,,,,,,,,,,,,,,,,,,,,,,,,,,,,,,,,,,,,,,,,,,,,,,,,,,,,,,,,,,,,,,,,,,,,,,,,,,,,,
"POLYGON ((-46.6159155 -23.5750143, -46.6164912 -23.5747638, -46.6165283 -23.574813, -46.6167043 -23.5749933, -46.6167157 -23.575008, -46.6165946 -23.5750875, -46.6165866 -23.5750784, -46.6161872 -23.5753314, -46.6161532 -23.5753532, -46.615936 -23.5750676, -46.6159155 -23.5750143))",Hirota Food,supermarket,,,,,,,,,São Paulo,452,,Rua Gaspar Fernandes,,,,,,,,,,,,,,,,,,,,,,,,,,,,,,,,,,,,,,,,,,,,,,,,,,,,,,,,,,,,,,,,,,,,,,,,,,,,,,,,,,,,,,,,,,,,,,,,,,,,,,,,,,,,,,,,,,,,,,,,,,,,,,,,,,,,,,,,,,,,,,,,,,,,,,,,,,,,,,,,,,,,,,
"POLYGON ((-46.6140361 -23.4875022, -46.6139918 -23.4875336, -46.6138463 -23.487535, -46.6138476 -23.4875022, -46.6140361 -23.4875022))",Mercado Pauliceia,convenience,,,,,,,,,São Paulo,330,02302-070,Avenida Águas de São Pedro,,,,,,,,,,,,,,,,,,,,,,,,,,,,,,,,,,,,,,,,,,,,,,,,,,,,,,,,,,,,,,,,,,,,,,,,,,,,,,,,,,,,,,,,,,,,,,,,,,,,,,,,,,,,,,,,,,,,,,,,,,,,,,,,,,,,,,,,,,,,,,,,,,,,,,,,,,,,,,,,,,,,,,
"POLYGON ((-46.7161992 -23.5885076, -46.7161407 -23.5886226, -46.7160032 -23.588564, -46.716062 -23.588448, -46.7160915 -23.5884608, -46.7160972 -23.5884633, -46.7161992 -23.5885076))",Carrefour,convenience,Carrefour,Q217599,,,,,,,,,,,,,,,,,,,,,,,,,,,,,,,,,,,,,,,,,,,,,,,,,,,,,,,,,,,,,,,,,,,,,,,,,,,,,,,,,,,,,,,,,,,,,retail,,,,,,,,,,,,,,,,,,,,,,,,,,,,,,,,,,,,,,,,,,,,,,,,,,,,,,,,,,,,,,,,,,,,,,,,,,,,,,,,,,,
"POLYGON ((-46.7156825 -23.5899053, -46.7157386 -23.5899308, -46.7158862 -23.5899984, -46.715921 -23.5900143, -46.7160907 -23.5900913, -46.716047 -23.5901722, -46.7156386 -23.5899862, -46.7156825 -23.5899053))",Mini Extra,convenience,Mini Extra,Q5422131,,,,,,,,,,,,,,,,,,,,,,,,,,,,,,,,,,,,,,,,,,,,,,,,,,,,,,,,,,,,,,,,,,,,,,,,,,,,,,,,,,,,,,,,,,,,,retail,,,,,,,,,,,,,,,,,,,,,,,,,,,,,,,,,,,,,,,,,,,,,,,,,,,,,,,,,,,,,,,,,,,,,,,,,,,,,,,,,,,
"POLYGON ((-46.604312 -23.5842903, -46.6041818 -23.5842818, -46.6041794 -23.5843255, -46.6042798 -23.5843338, -46.6043103 -23.5843101, -46.604312 -23.5842903))",Mercearia São Vito,convenience,,,,,,Mo-Sa 08:00-19:30,,,São Paulo,1583,04206-000,Rua Agostinho Gomes,,,,,,limited,,,,,yes,,,,,,yes,yes,,,,,,,,,,,,,,,,,,,,,,,,,,,,,,,,,,,,,,,,,1934,,,,,,,,,,,,,,,,,,,,,,,,,,,,,,,,,,,,,,,,,,,,,,,,,,,,,,,,,,,,,,,,,,,,,,,,,,,,,,,,,,,,,,,,,,,,,,,,,,,,,,,,,,,
"POLYGON ((-46.6036923 -23.5860493, -46.6036692 -23.5862634, -46.6041207 -23.5863102, -46.6041434 -23.5860533, -46.6041587 -23.5858803, -46.6040443 -23.5858697, -46.6040266 -23.5860702, -46.6036923 -23.5860493))",Hirota Supermercados,supermarket,,,,,,,,,São Paulo,1783,04206-000,Rua Agostinho Gomes,,,,,,,,,,,,,,,,,,,,,,,,,,,,,,,,,,,,,,,,,,,,,,,,,,,,,,,,,,,,,,,,,,,,,,,,,,,,,,,,,,,,,,,,,,,,,,,,,,,,,,,,,,,,,,,,,,,,,,,,,,,,,,,,,,,,,,,,,,,,,,,,,,,,,,,,,,,,,,,,,,,,,,
"POLYGON ((-46.7110115 -23.5795433, -46.7110614 -23.5794628, -46.7111486 -23.5795028, -46.7111586 -23.5794932, -46.7111931 -23.5795379, -46.7110853 -23.5796172, -46.7110115 -23.5795433))",,convenience,,,,,,,,,,,,,,,,,,,,,,,,,,,,,,,,,,,,,,,,,,,,,,,,,,,,,,,,,,,,,,,,,,,,,,,,,,,,,,,,,,,,,,,,,,,,,,,yes,,,,,,,,,,,,,,,,,,,,,,,,,,,,,,,,,,,,,,,,,,,,,,,,,,,,,,,,,,,,,,,,,,,,,,,,,,,,,,,,,,,
"POLYGON ((-46.5578112 -23.5862828, -46.5577772 -23.586278, -46.5577609 -23.5863748, -46.5577949 -23.5863796, -46.5578112 -23.5862828))",,convenience,,,,,,,,,,,,,,,,,,,,,,,,,,,,,,,,,,,,,,,,,,,,,,,,,,,,,,,,,,,,,,,,,,,,,,,,,,,,,,,,,,,,,,,,,,,,,,,yes,,,,,,,,,,,,,,,,,,,,,4,1,,,,,,,,,,,,,,,,,,,,,,,,,,,,,,,,,,,,,,,,,,,,,,,,,,,,,,,,,,,,,
"POLYGON ((-46.5787919 -23.5348297, -46.5787271 -23.5348201, -46.5787054 -23.5349173, -46.578726 -23.5349167, -46.5787485 -23.5349153, -46.5787778 -23.5348925, -46.5787919 -23.5348297))",Mercado Crystal,convenience,,,,,,,,,São Paulo,3479,03063-000,Avenida Celso Garcia,,,,,,,,,,,,,,,,,,,,,,,,,,,,,,,,,,,,,,,,,,,,,,,,,,,,,,,,,,,,,,,,,,,,,,,,,,,,,,,,,,,,,,,,,,,,,,,,,,,,,,,,,,,,,,,,,,,,,,,,,,,,,,,,,,,,,,,,,,,,,,,,,,,,,,,,,,,,,,,,,,,,,,
"POLYGON ((-46.7493518 -23.5779655, -46.7493307 -23.5779762, -46.749207 -23.5780388, -46.7492598 -23.5781187, -46.7494031 -23.5780407, -46.7493518 -23.5779655))",Talento'S,supermarket,,,,,,,,,São Paulo,41,05364-000,Avenida José Joaquim Seabra,,,,,,,,,,,,,,,,,,,,,,,,,,,,,,,,,,,,,,,,,,,,,,,,,,,,,,,,,,,,,,,,,,,,,,,,,,,,,,,,,,,,,,,,,,,,,,,,,,,,,,,,,,,,,,,,,,,,,,,,,,,,,,,,,,,,,,,,,,,,,,,,,,,,,,,,,,,,,,,,,,,,,,
"POLYGON ((-46.7131819 -23.5827463, -46.7131375 -23.5828331, -46.7130826 -23.5829333, -46.7129556 -23.5828777, -46.7130527 -23.5826888, -46.7130884 -23.5827044, -46.7131819 -23.5827463))",,convenience,,,,,,,,,,,,,,,,,,,,,,,,,,,,,,,,,,,,,,,,,,,,,,,,,,,,,,,,,,,,,,,,,,,,,,,,,,,,,,,,,,,,,,,,,,,,,,,yes,,,,,,,,,,,,,,,,,,,,,,,,,,,,,,,,,,,,,,,,,,,,,,,,,,,,,,,,,,,,,,,,,,,,,,,,,,,,,,,,,,,
"POLYGON ((-46.645209 -23.6449117, -46.6450517 -23.6449806, -46.6450504 -23.6449954, -46.6450517 -23.6450061, -46.6450525 -23.6450178, -46.6450577 -23.6450288, -46.645066 -23.6450398, -46.645076 -23.6450476, -46.6450884 -23.645055, -46.645107 -23.6450576, -46.6451256 -23.645057, -46.6452538 -23.6450051, -46.645209 -23.6449117))",Mercado Queiroz,convenience,,,,,,,,,São Paulo,942,04345-000,Av. Eng. George Corbisier,Jabaquara,,,,,,,,,,,,,,,,,,,,,,,,,,,,,,,,,,,,,,,,,,,,,,,,,,,,,,,,,,,,,,,,,,,,,,,,,,,,,,,,,,yes,,,,,,,,,,,,,,,,,,,,,,,,,,,,,,,,,,,,,1,,,,,,,,,,,,,,,,,,,,,,,,,,,,,,,,,,,,,,,,,,,,,,
"POLYGON ((-46.6366655 -23.5430344, -46.6366644 -23.543045, -46.636645 -23.543043, -46.6366458 -23.5430324, -46.6366655 -23.5430344))",Big Doces - Atacado e Varejo,convenience,,,,,,,,,São Paulo,37,01034-020,Rua Capitão Salomão,,,,,,,,,,,,,,,,,,,,,,,,,,,,,,,,,,,,,,,,,,,,,,,,,,,,,,,,,,,,,,,,,,,,,,,,,,,,,,,,,,,,,,,,,,,,,,,,,,,,,,,,,,,,,,,,,,,,,,,,,,,,,,,,,,,,,,,,,,,,,,,,,,,,,,,,,,,,,,,,,,,,,,
"POLYGON ((-46.4190246 -23.5205325, -46.4188497 -23.5209669, -46.41881 -23.5209667, -46.418293 -23.5209864, -46.4182742 -23.5205605, -46.4190246 -23.5205325))",Dovale Supermercados,supermarket,,,,,,,,,São Paulo,,,Avenida Nordestina,,,,,,,,,,,,,,,,,,,,,,,,,,,,,,,,,,,,,,,,,,,,,,,,,,,,,,,,,,,,,,,,,,,,,,,,,,,,,,,,,,,,,,,,,,,,,,,,,,,,,,,,,,,,,,,,,,,,,,,,,,,,,,,,,,,,,,,,,,,,,,,,,,,,,,,,,,,,,,,,,,,,,,
"POLYGON ((-46.630513 -23.548464, -46.6300551 -23.5482677, -46.6299988 -23.5483492, -46.6304707 -23.5485509, -46.630513 -23.548464))",Supermercado Vovó Zuzu,supermarket,,,,,,,,,São Paulo,928,01015-070,Parque Dom Pedro II,,,,,,,,,,http://www.vovozuzu.com.br,,,,,+55 11 3469-6900,,,,,,,,,,,,,,,,,,,,,,,,,,"Supermercado Vovó Zuzu os melhores preços da região, com uma diversidade enorme de marcas, produtos e preços imbativeis. Tem um açougue muito bem servido com diversos tipos de cortes de carnes, a padaria oferece uma variedade muito grande de pães e doces.",,,,,contato@vovozuzu.com.br,,,,,,,,,,,,,,,,,,,,,,,,,,,,,,,,,,,,,,,,,,,,,,,,,,,,,,,,,,,,,,,,,,,,,,,,,,,,,,,,,,,,,,,,,,,,,,,,,,,,,,,,,,,,,,,,,,,,,,,,
"POLYGON ((-46.5185713 -23.5639666, -46.5185329 -23.5639881, -46.5185051 -23.5639511, -46.5185434 -23.5639282, -46.5185713 -23.5639666))",Mercearia Matheus,convenience,,,,,,,,,São Paulo,460,03460-000,Rua Rêgo Barros,Vila Formosa,,,,yes,no,,,,,,,,,+55 11 983032907,,,,,,,,,,,,,,,,,,,,,,,,,,,,,,,,,,,,,,,,,,,,,,,,,,,,,,,,,,,,,,,,,,,,,,,,,,,,,,,,,,,,,,,,,,,,,,,,,,,,,,,,,,,,,,,,,,,,,,,,,,,,,,,,,,,,,,,,,,,,,,,,,,,,,,,
"POLYGON ((-46.7048278 -23.6322558, -46.7046813 -23.6320447, -46.7046167 -23.6319516, -46.7044815 -23.6320294, -46.7045486 -23.6321247, -46.7046956 -23.6323336, -46.7048278 -23.6322558))",Pão de Açúcar,supermarket,Pão de Açúcar,Q3411543,,,,,,,São Paulo,1401,,Rua Alexandre Dumas,Chácara Santo Antônio,,,,,,,,,,yes,,,,,,yes,yes,,,,,,,,,,,,,,,,,,,,,,,,,,,,,,,,,,,,,,,,,,,,,,,,,,,,,,,,,,,,,,,,,,,,,,,,,yes,,,,,,,,,,,,,,,,,,,,,,,,,,,,,,,,,,,,,,,,,,,,,,,,,,,,,,,,,,,,,,,,,,,,,,,,,,,
"POLYGON ((-46.4434373 -23.5092045, -46.4442409 -23.5091385, -46.444539 -23.5091089, -46.4446921 -23.5087015, -46.44465 -23.5086451, -46.4434117 -23.5087544, -46.4433897 -23.5087737, -46.4434373 -23.5092045))",Supermercado Pepe,supermarket,,,,,,Mo-Sa 09:00-21:00;Su 09:00-13:30,,,São Paulo,1984,,Avenida Pires do Rio,São Miguel Paulista,,,,,,,,,,,,,,,,,,,,,,,,,,,,,,,,,,,,,,,,,,,,,,,,,,,,,,,,,,,,,,,,,,,,,,,,,,,,,,,,,,,,,,,,,,,,,,,,,,,,,,,,,,,,,,,,,,,,,,,,,,,,,,,,,,,,,,,,,,,,,,,,,,,,,,,,,,,,,,,,,,,,,
"POLYGON ((-46.5985769 -23.6398233, -46.5984923 -23.6399722, -46.5984545 -23.6399542, -46.5984151 -23.6399354, -46.5984998 -23.6397865, -46.5985769 -23.6398233))",Mercado Tome Leve,convenience,,,,,,,,,São Paulo,470,,Avenida Professor Sylla Mattos,,,,,,,,,,,,,,,,,,,,,,,,,,,,,,,,,,,,,,,,,,,,,,,,,,,,,,,,,,,,,,,,,,,,,,,,,,,,,,,,,,,yes,,,,,,,,,,,,,,,,,,,,,8,,,,,#939393,hipped,,,,,,,,,,,,,,,,,,,,,,,,,blue,,,,,,,,,,,,,,,,,,,,,,,,,,,,,,,
"POLYGON ((-46.6692871 -23.695582, -46.6693424 -23.6959825, -46.6688032 -23.6960645, -46.668812 -23.6961312, -46.668718 -23.6961409, -46.6685205 -23.6956817, -46.6692871 -23.695582))",Barbosa Supermercados,supermarket,,,,,,,,Loja Jardim Pedreira,,83,04462-040,Rua João de Araújo,,,,,,,,,,,,,,,,,,,,,,,,,,,,,,,,,,,,,,,,,,,,,,,,,,,,,,,,,,,,,,,,,,,,,,,,,,,,,,,,,,,yes,,,,,,,,,,,,,,,,,,,,,,,,,,,,,,,,,,,,,,,,,,,,,,,,,,,,,,,,,,,,,,,,,,,,,,,,,,,,,,,,,,,
"POLYGON ((-46.6815094 -23.6323131, -46.6812986 -23.6320633, -46.6814407 -23.6319722, -46.6815824 -23.631871, -46.6818885 -23.6319968, -46.6815094 -23.6323131))",Lemon,supermarket,,,,,,"Mo-Sa 07:00-23:00, Su 08:00-22:00",,,São Paulo,915,,Avenida Professor Vicente Rao,Brooklin,,,,,,,,Lemon Supermercados,http://supermercadoslemon.com.br/,,,,,+551155942348,,,,,,,,,,,,,,,,,,,,,,,,,,,,,,,,,,,,,,,,,,,,,,,,,,,,,,,,,,,,,,,,,,,,yes,,,,,,,,,,,,,,,,,,,,,,,,,,,,,,,,,,,,,,,,,,,,,,,,,,,,,,,,,,,,,,,,,,,,,,,,,,,,,,,,,,,
"POLYGON ((-46.6833715 -23.6249322, -46.6831442 -23.6246956, -46.6830468 -23.6247754, -46.6830163 -23.624744, -46.6827077 -23.6249966, -46.6829256 -23.6252202, -46.6830208 -23.6251423, -46.6830513 -23.6251735, -46.6833715 -23.6249322))",Mambo,supermarket,,,,,,,,,São Paulo,2329,,Avenida Vereador José Diniz,,2025-01-08,,,,,,,,,,,,,,,,,,,,,,,,,,,,,,,,,,,,,,,,,,,,,,,,,,,,,,,,,,,,,,,,,,,,,,,,,,,,,,,,,yes,,,,,,,,,,,,,,,,,,,,,8,,,,,,,,,,,,,,,,,,,,,,,,,,,,,,,,,,,,,,,,,,,,,,,,,,,,,,,,,,,,,,
"POLYGON ((-46.6413225 -23.6449677, -46.6413347 -23.6448039, -46.6413514 -23.6446643, -46.6413613 -23.644631, -46.6414045 -23.6446094, -46.6414792 -23.6446193, -46.6424338 -23.6448723, -46.6424859 -23.6448984, -46.6426993 -23.6452614, -46.6428692 -23.6455238, -46.6424717 -23.6455977, -46.641457 -23.6457861, -46.6414124 -23.6457868, -46.6413484 -23.6459954, -46.6415833 -23.6461112, -46.6414423 -23.6463913, -46.6413721 -23.6464653, -46.6408783 -23.6464338, -46.6411913 -23.6457903, -46.6411918 -23.64577, -46.6412948 -23.6453201, -46.6413225 -23.6449677))",Pão de Açúcar,supermarket,Pão de Açúcar,Q3411543,,,,,pt:Pão de Açúcar (supermercado brasileiro),,São Paulo,2022,04308-001,Avenida Engenheiro Armando de Arruda Pereira,Jabaquara,,,,,,,,,,yes,yes,yes,,,,yes,yes,,,,,,,,,,,,,,,,,,,,,,,,,,,,,,,,,,,,,,,,,,,,,,,,,,,,,,,,,,,,,,,,,,,,,,,,,,,,,,,,,,,,,,,,,,,,,,,,,,,,,,,,,,,,,,,,,,,,,,,,,,,,,,,,,,,,,,,,,,,,,,,,,,,,
"POLYGON ((-46.6665088 -23.5217549, -46.6664565 -23.5218178, -46.6665983 -23.5219073, -46.6666496 -23.521842, -46.6665088 -23.5217549))",Abastece+ Conveniência,convenience,,,,,,,,,São Paulo,715,01139-001,Avenida Marquês de São Vicente,Barra Funda,,,,,,,,,,,,,,,,,,,,,,,,,,,,,,,,,,,,,,,,,,,,,,,,,,,,,,,,,,,,,,,,,,,,,,,,,,,,,,,,,,yes,,,,,,,,,,,,,,,,,,,,,,,,,,,,,,,,,,,,,,,,,,,,,,,,,,,,,,,,,,,,,,,,,,,,,,,,,,,,,,,,,,,
"POLYGON ((-46.5713036 -23.475897, -46.5713856 -23.475934, -46.5713204 -23.4760514, -46.5712377 -23.4760119, -46.5713036 -23.475897))",Empório Verde,supermarket,,,,,,,,,São Paulo,1810,02235-001,Avenida Roland Garros,,,,,only,,,,,,,,,,,,,,,,,,,,,,,,,,,,,,,,,,,,,,,,,,,,,,,,,,,,,,,,,,,,,,,,,,,,,,,,,,,,,,,,,,,,,,,,,,,,,,,,,,,,,,,,,,,,,,,,,,,,,,,,,,,,,,,,,,,,,,,,,,,,,,,,,,,,,,,,,,,,,,,,,
"POLYGON ((-46.6655763 -23.5239562, -46.6654142 -23.5238537, -46.6653687 -23.5239078, -46.6653426 -23.5239389, -46.6653558 -23.5240018, -46.6655697 -23.523965, -46.6655763 -23.5239562))",Oxxo,convenience,Oxxo,Q1342538,,,,,,,São Paulo,217,01140-000,Avenida Thomas Edison,Barra Funda,,,,,,,,,,,,,,,,,,,,,,,,,,,,,,,,,,,,,,,,,,,,,,,,,,,,,,,,,,,,,,,,,,,,,,,,,,,,,,,,,,yes,,,,,,,,,,,,,,,,,,,,,,,,,,,,,,,,,,,,,,,,,,,,,,,,,,,,,,,,,,,,,,,,,,,,,,,,,,,,,,,,,,,
"POLYGON ((-46.4388252 -23.5941238, -46.4384801 -23.5942601, -46.4388963 -23.5950424, -46.439191 -23.5949227, -46.4388252 -23.5941238))",Supermercado Negreiros,supermarket,,,,,,,,,São Paulo,4863,,Avenida Ragueb Chohfi,,,,,,,,,,,,,,,,,,,,,,,,,,,,,,,,,,,,,,,,,,,,,,,,,,,,,,,,,,,,,,,,,,,,,,,,,,,,,,,,,,,,,,,,,,,,,,,,,,,,,,,,,,,,,,,,,,,,,,,,,,,,,,,,,,,,,,,,,,,,,,,,,,,,,,,,,,,,,,,,,,,,,,
"POLYGON ((-46.7284684 -23.8820601, -46.7285287 -23.8821447, -46.7285576 -23.8821398, -46.7285763 -23.8821962, -46.7283799 -23.8822661, -46.7283208 -23.8821331, -46.7284684 -23.8820601))",Mercado Luz,supermarket,,,,,,,,,,,,,,,,,,,,,,,,,,,,,,,,,,,,,,,,,,,,,,,,,,,,,,,,,,,,,,,,,,,,,,,,,,,,,,,,,,,,,,,,,,,,,,,yes,,,,,,,,,,,,,,,,,,,,,,,,,,,,,,,,,,,,,,,,,,,,,,,,,,,,,,,,,,,,,,,,,,,,,,,,,,,,,,,,,,,
"POLYGON ((-46.6915767 -23.5516231, -46.6914968 -23.5515773, -46.6914424 -23.5516532, -46.6915236 -23.5517017, -46.6915767 -23.5516231))",Minuto Pão de Açucar,convenience,,,,,,,,,São Paulo,276,05435-020,Rua Rodésia,,,,,,,,,,,,,,,,,,,,,,,,,,,,,,,,,,,,,,,,,,,,,,,,,,,,,,,,,,,,,,,,,,,,,,,,,,,,,,,,,,,,,,,,,,,,,,,,,,,,,,,,,,,,,,,,,,,,,,,,,,,,,,,,,,,,,,,,,,,,,,,,,,,,,,,,,,,,,,,,,,,,,,
"POLYGON ((-46.645364 -23.5720196, -46.6453394 -23.5719931, -46.6452779 -23.5720406, -46.645317 -23.5720556, -46.6453385 -23.5720391, -46.645364 -23.5720196))",,convenience,,,,,,,,,São Paulo,14,01418-000,Alameda Santos,,,,,,,,,,,,,,,,,,,,,,,,,,,,,,,,,,,,,,,,,,,,,,,,,,,,,,,,,,,,,,,,,,,,,,,,,,,,,,,,,,,,,,,,,,,,,,,,,,,,,,,,,,,,,,,,,,,,,,,,,,,,,,,,,,,,,,,,,,,,,,,,,,,,,,,,,,,,,,,,,,,,,,
"POLYGON ((-46.6625884 -23.6392589, -46.6625983 -23.6392306, -46.6625324 -23.6392123, -46.662523 -23.6392408, -46.6625884 -23.6392589))",Oxxo,convenience,Oxxo,Q1342538,,,,24/7,,,São Paulo,,,Avenida Tulio Teodoro de Campos,,,,,,,,,,,,,,,,,,,,,,,,,,,,,,,,,,,,,,,,,,,,,,,,,,,,,,,,,,,,,,,,,,,,,,,,,,,,,,,,,,,,,,,,,,,,,,,,,,,,,,,,,,,,,,,,,,,,,,,,,,,,,,,,,,,,,,,,,,,,,,,,,,,,,,,,,,,,,,,,,,,,,,
"POLYGON ((-46.6969078 -23.5399347, -46.69729 -23.539971, -46.6973321 -23.5396332, -46.6973791 -23.5392559, -46.6969731 -23.5392219, -46.6969205 -23.5398361, -46.6969078 -23.5399347))",Mambo  Supermercado,supermarket,,,,,,,,,São Paulo,1971,,Rua Aurélia,,,,,,,,,,,,,,,,,,,,,,,,,,,,,,,,,,,,,,,,,,,,,,,,,,,,,,,,,,,,,,,,,,,,,,,,,,,,,,,,,,,,,,,,,,,,,,,,,,,,,,,,,,,,,,,,,,,,,,,,,,,,,,,,,,,,,,,,,,,,,,,,,,,,,,,,,,,,,,,,,,,,,,
"POLYGON ((-46.6019816 -23.4921254, -46.601837 -23.4921059, -46.601834 -23.4921308, -46.601919 -23.4921495, -46.6019816 -23.4921254))",Supermercado Chen,supermarket,,,,,,,,,São Paulo,907,02243-010,Rua Paulo de Avelar,,,,,,,,,,,,,,,,,,,,,,,,,,,,,,,,,,,,,,,,,,,,,,,,,,,,,,,,,,,,,,,,,,,,,,,,,,,,,,,,,,,,,,,,,,,,,,,,,,,,,,,,,,,,,,,,,,,,,,,,,,,,,,,,,,,,,,,,,,,,,,,,,,,,,,,,,,,,,,,,,,,,,,
"POLYGON ((-46.7173525 -23.7651223, -46.7172306 -23.7652193, -46.7170391 -23.7650168, -46.7171612 -23.76492, -46.7173525 -23.7651223))",Swift,convenience,,,,,,,,,São Paulo,7908,04864-002,Avenida Senador Teotônio Vilela,Balneário São José,,,,,yes,,0,,,yes,,,,,,yes,yes,,,,,,,,,,,,,,,,,,,,,,,,,,,,,,,,,,,,,,,,,,,,,,,yes,,,,,,,,,,,,,,,,,,,,,,,,,,,,,,,,,,,,,,,,,,,,,,,,,,,,,,,,,,,,,,,,,,,,,,,,,,,,no,,,,,,,,,,,,,,room,yes,yes,shop,,,,,,,,
"POLYGON ((-46.5813507 -23.4919469, -46.5813138 -23.4919849, -46.5813466 -23.4920126, -46.5813856 -23.4919779, -46.5813507 -23.4919469))",,convenience,,,,,,Mo-Sa 08:00-19:00; Su 08:00-12:30,,,São Paulo,510,02216-000,Rua Ataliba Viêira,,,,,,,,,,,,,,,,,,,,,,,,,,,,,,,,,,,,,,,,,,3052256131624714,,,,,,,,,,,,,,,,,,,,,,,,,,,,,,,,,,,,,,,,,yes,,,,,,,,,,,,,,,,,,,,,,,,,,,,,,,,,,,,,,,,,,,,,,,,,,,,,,,,,,,,,,,,,,,,,,,,,,,,,,,,,,,
"POLYGON ((-46.5819438 -23.479858, -46.5819016 -23.4799385, -46.5818502 -23.479916, -46.5818935 -23.4798365, -46.5819438 -23.479858))",Mini Extra,convenience,Mini Extra,Q5422131,,,,,,,São Paulo,1233,02221-001,Avenida Jardim Japão,,,,,,,,,,,,,,,,,,,,,,,,,,,,,,,,,,,,,,,,,,1715460259851260,,,,,,,,,,,,,,,,,,,,,,,,,,,,,,,,,,,,,,,,,,,,,,,,,,,,,,,,,,,,,,,,,,,,,,,,,,,,,,,,,,,,,,,,,,,,,,,,,,,,,,,,,,,,,,,,,,,,,,,,,,,,
"POLYGON ((-46.5767208 -23.468904, -46.576548 -23.468939, -46.5765749 -23.4690545, -46.5766077 -23.4690745, -46.5767524 -23.469045, -46.5767208 -23.468904))",Oxxo,convenience,Oxxo,Q1342538,,,,,,,São Paulo,871,,Avenida Luís Stamatis,,,,,,,,,,,,,,,,,,,,,,,,,,,,,,,,,,,,,,,,,,,,,,,,,,,,,,,,,,,,,,,,,,,,,,,,,,,,,,,,,,,,,,,,,,,,,,,,,,,,,,,,,,,,,,,,,,,,,,,,,,,,,,,,,,,,,,,,,,,,,,,,,,,,,,,,,,,,,,,,,,,,,,
"POLYGON ((-46.613297 -23.5280547, -46.6133273 -23.5280909, -46.6132897 -23.5281155, -46.6132648 -23.5280906, -46.6132737 -23.5280621, -46.613297 -23.5280547))",Meghna Mini Mercado,convenience,,,,,,,,,São Paulo,443,03028-001,Avenida Carlos de Campos,,,,,,,,,,,,,,,,,,,,,,,,,,,,,,,,,,,,,,,,,,383650662991810,,,,,,,,,,,,,,,,,,,,,,,,,,,,,,,,,,,,,,,,,,,,,,,,,,,,,,,,,,,,,,,,,,,,,,,,,,,,,,,,,,,,,,,,,,,,,,,,,,,,,,,,,,,,,,,,,,,,,,,,,,,,
"POLYGON ((-46.7380942 -23.5245565, -46.7380764 -23.5245752, -46.7380546 -23.5245982, -46.7379425 -23.5247163, -46.7373496 -23.5242321, -46.7374431 -23.5241325, -46.7375074 -23.5240641, -46.7380942 -23.5245565))",SuperVille Supermercado,supermarket,,,,,,,,,São Paulo,60,,Avenida Imperatriz Leopoldina,,,,,,,,,,,,,,,,,,,,,,,,,,,,,,,,,,,,,,,,,,,,,,,pmsp,,,,,,,,,,,,,,,,,,,,,,,,,,,,,,,,,,,,yes,,,,,,,,,,,,,,,,,,,,,10.394,,,,,silver,round,,,,,,,,,,,,,,,,,,,,,,,,,,,,,,,,,,,,,,,,,,,,,,,,,2,,,,,,,
"POLYGON ((-46.7266079 -23.6177048, -46.7266047 -23.6176554, -46.7265963 -23.6175973, -46.7265936 -23.6175812, -46.7264565 -23.6175982, -46.72634 -23.6176142, -46.7263461 -23.61768, -46.7264236 -23.6176731, -46.7264267 -23.6177199, -46.7264385 -23.6177209, -46.7264504 -23.61772, -46.7266079 -23.6177048))",Supermercado Nova Central - Loja 2,supermarket,,,,,,,,,,,,,,,,,,,,,,,,,,,,,,,,,,,,,,,,,,,,,,,,,,,,,,,,,,,,,,,,,,,,,,,,,,,,,,,,,,,,,,,,,,,,,,,yes,,,,,,,,,,,,,,,,,,,,,,,,,,,,,,,,,,,,,,,,,,,,,,,,,,,,,,,,,,,,,,,,,,,,,,,,,,,,,,,,,,,
"POLYGON ((-46.7252556 -23.6166466, -46.7252648 -23.6167404, -46.7250504 -23.6167638, -46.7250356 -23.6166704, -46.7252556 -23.6166466))",Supermercado Nova Central,supermarket,,,,,,,,,,,,,,,,,,,,,,,,,,,,,,,,,,,,,,,,,,,,,,,,,,,,,,,,,,,,,,,,,,,,,,,,,,,,,,,,,,,,,,,,,,,,,,,yes,,,,,,,,,,,,,,,,,,,,,,,,,,,,,,,,,,,,,,,,,,,,,,,,,,,,,,,,,,,,,,,,,,,,,,,,,,,,,,,,,,,
"POLYGON ((-46.6396987 -23.5885843, -46.6396661 -23.5885674, -46.6396295 -23.5886293, -46.6396621 -23.5886457, -46.6396987 -23.5885843))",Carrefour Express,convenience,Carrefour Express,Q2940190,,,,"Mo-Sa 06:00-23:00; Su,PH 10:00-19:00",,,São Paulo,1005 L1,04018-033,Rua Humberto I,,,,,,,,,,,,,,,,,,,,,,,,,,,,,,,,,,,,,,,,,,,,,,,,,,,,,,,,,,,,,,,,,,,,,,,,,,,,,,,,,,,,,,,,,,,,,,,,,,,,,,,,,,,,,,,,,,,,,,,,,,,,,,,,,,,,,,,,,,,,,,,,,,,,,,,,,,,,,,,,,,,,,,
"POLYGON ((-46.6724387 -23.5186403, -46.6723616 -23.5198066, -46.6723797 -23.5198158, -46.6724662 -23.5197919, -46.6726727 -23.5197353, -46.6736088 -23.5194894, -46.673635 -23.5191217, -46.6727029 -23.5187509, -46.6724387 -23.5186403))",Assaí Atacadista,supermarket,Assaí Atacadista,Q28679415,,,,"Mo-Sa 07:00-22:00; Su,PH 08:00-20:00",pt:Assaí Atacadista,,São Paulo,1354,01139-002,Avenida Marquês de São Vicente,Barra Funda,2026-02-20,,,,limited,,,,,yes,,,Assaí Barra Funda,,,yes,yes,,,,,,,,,,,,,,,,,,,,,,,,,,,,loja045.televendas@assai.com.br,,,,,,,,,,,,,,,,,,,,,,,,,,,,,,,,,,,,,,,,,,,,,,,,,,,,,,,,,,,,,,,,,,,,,,,,,,1,,,,,,,,,,,,,,,,,,,,,,,,,,,,,,,,,,,,,,,,,,,,,,
"POLYGON ((-46.7695303 -23.6356475, -46.7697288 -23.635661, -46.7696591 -23.6361992, -46.7696363 -23.6363515, -46.7696001 -23.6364351, -46.7690006 -23.6360628, -46.7689698 -23.6360284, -46.7689617 -23.6359768, -46.7690838 -23.6356168, -46.7692138 -23.6355529, -46.7695303 -23.6356475))",,supermarket,,,,,,,,,,,,,,,,,,,,,,,,,,,,,,,,,,,,,,,,,,,,,,,,,,,,,,,,,,,,,,,,,,,,,,,,,,,,,,,,,,,,,,,,,,,,,,,yes,,,,,,,,,,,,,,,,,,,,,,,,,,,,,,,,,,,,,1,,,,,,,,,,,,,,,,,,,,,,,,,,,,,,,,,,,,,,,,,,,,,,
"POLYGON ((-46.7771315 -23.5738642, -46.7771174 -23.5739255, -46.7770121 -23.5739042, -46.7770274 -23.5738523, -46.7770421 -23.5738445, -46.7771315 -23.5738642))",Rocha Mini Mercado,convenience,,,,,,,,,São Paulo,1011,05398-900,Rua Eusébio de Paula Marcondes,,,,,,,,,,,,,,,,,,,,,,,,,,,,,,,,,,,,,,,,,,,,,,,,,,,,,,,,,,,,,,,,,,,,,,,,,,,,,,,,,,,yes,,,,,,,,,,,,,,,,,,,,,9,,,,,,,,,,,,,,,,,,,,,,,,,,,,,,,,,,,,,,,,,,,,,,,,,,,,,,,,,,,,,,
"POLYGON ((-46.7796042 -23.5740096, -46.7795175 -23.5739554, -46.7793983 -23.5741157, -46.779485 -23.5741699, -46.7796042 -23.5740096))",Marfê Empório,convenience,,,,,,,,,São Paulo,388,,Avenida Engenheiro Queirós Teles,,,,,,,,,,,,,,,,,,,,,,,,,,,,,,,,,,,,,,,,,,,,,,,,,,,,,,,,,,,,,,,,,,,,,,,,,,,,,,,,,,,yes,,,,,,,,,,,,,,,,,,,,,10,,,,,#ebebeb,gabled,,,,,,,,,,,,,,,,,,,,,,,,,,,,,,,,,,,,,,,,,,,,,,,,,,,,,,,,
"POLYGON ((-46.5822331 -23.4794508, -46.5822175 -23.4794781, -46.5821137 -23.4794322, -46.582122 -23.479417, -46.5821285 -23.479405, -46.5822331 -23.4794508))",Emporio Jaba - Casa do Norte,convenience,,,,,,,,,São Paulo,1289,02221-001,Avenida Jardim Japão,,,,,,,,,,,,,,,,,,,,,,,,,,,,,,,,,,,,,,,,,,853780780743496,,,,,,,,,,,,,,,,,,,,,,,,,,,,,,,,,,,,,,,,,,,,,,,,,,,,,,,,,,,,,,,,,,,,,,,,,,,,,,,,,,,,,,,,,,,,,,,,,,,,,,,,,,,,,,,,,,,,,,,,,,,,
"POLYGON ((-46.5818432 -23.4861249, -46.5817958 -23.4861651, -46.5817983 -23.4861675, -46.5818189 -23.4861878, -46.5818387 -23.4861701, -46.5818646 -23.4861469, -46.5818432 -23.4861249))",Jota Mercado,convenience,,,,,,,,,São Paulo,1973,02209-001,Avenida Gustavo Adolfo,,,,,,,,,,,,,,,,,,,,,,,,,,,,,,,,,,,,,,,,,,869727482186821,,,,,,,,,,,,,,,,,,,,,,,,,,,,,,,,,,,,,,,,,,,,,,,,,,,,,,,,,,,,,,,,,,,,,,,,,,,,,,,,,,,,,,,,,,,,,,,,,,,,,,,,,,,,,,,,,,,,,,,,,,,,
"POLYGON ((-46.69137 -23.5238523, -46.6913696 -23.5238319, -46.6913022 -23.5238326, -46.6913026 -23.5238526, -46.69137 -23.5238523))",,convenience,,,,,,,,,São Paulo,614,05041-000,Rua Faustolo,,,,,,,,,,,,,,,,,,,,,,,,,,,,,,,,,,,,,,,,,,,,,,,,,,,,,,,,,,,,,,,,,,,,,,,,,,,,,,,,,,,,,,,,,,,,,,,,,,,,,,,,,,,,,,,,,,,,,,,,,,,,,,,,,,,,,,,,,,,,,,,,,,,,,,,,,,,,,,,,,,,,,,
"POLYGON ((-46.6978219 -23.516289, -46.6977698 -23.516312, -46.6977378 -23.5162676, -46.697758 -23.5161656, -46.6978316 -23.5161804, -46.697812 -23.5162741, -46.6978219 -23.516289))",BR,convenience,BR,Q4836468,,,,,,,,,,,,,,,,,,,br,,,,,,,,,,,,,,,,,,,,,,,,,,,,,,,,,,,,,,,,,,,,,,,,,,,,,,,,,,,,,,,,,,,,,,,,,,,,,,,,,,,,,,,,,,,,,,,,,,,,,,,,,,,,,,,,,,,,,,,,,,,,,,,,,,,,,,,,,,,,,,,,,,,,,,,,,,,,,
"POLYGON ((-46.5806753 -23.4803809, -46.580622 -23.4803584, -46.5806542 -23.480296, -46.5807057 -23.4803206, -46.5806753 -23.4803809))",Casa do Norte Vitória,convenience,,,,,,,,,São Paulo,722A,,Avenida Roland Garros,,,,,,,,,,,,,,,,,,,,,,,,,,,,,,,,,,,,,,,,,,,,,,,,,,,,,,,,,,,,,,,,,,,,,,,,,,,,,,,,,,,,,,,,,,,,,,,,,,,,,,,,,,,,,,,,,,,,,,,,,,,,,,,,,,,,,,,,,,,,,,,,,,,,,,,,,,,,,,,,,,,,,,
"POLYGON ((-46.5092218 -23.5475279, -46.5089474 -23.5476974, -46.5091952 -23.5480707, -46.5092617 -23.5480305, -46.5093061 -23.5480036, -46.509447 -23.5479183, -46.5094432 -23.5479118, -46.5093819 -23.5478078, -46.5093435 -23.5477426, -46.5092778 -23.5476255, -46.5092218 -23.5475279))",Supermercado Carolina,supermarket,,,,,,,,,São Paulo,1971,03533-003,Avenida Waldemar Carlos Pereira,,,,,,,,,,,,,,,,,,,,,,,,,,,,,,,,,,,,,,,,,,315570176777681,,,,,,,,,,,,,,,,,,,,,,,,,,,,,,,,,,,,,,,,,,,,,,,,,,,,,,,,,,,,,,,,,,,,,,,,,,,,,,,,,,,,,,,,,,,,,,,,,,,,,,,,,,,,,,,,,,,,,,,,,,,,
"POLYGON ((-46.6649153 -23.6164485, -46.6647025 -23.6165293, -46.664734 -23.616599, -46.6648372 -23.6165598, -46.6648452 -23.6165776, -46.6649549 -23.616536, -46.6649153 -23.6164485))",ampm,convenience,ampm,Q306960,,,,,,,São Paulo,,,Rua Paião,,,,,,,,,,,,,,,,,,,,,,,,,,,,,,,,,,,,,,,,,,,,,,,,,,,,,,,,,,,,,,,,,,,,,,,,,,,,,,,,,,,yes,,,,,,,,,,,,,,,,,,,,,,,,,,,,,,,,,,,,,,,,,,,,,,,,,,,,,,,,,,,,,,,,,,,,,,,,,,,,,,,,,,,
"POLYGON ((-46.4897487 -23.5588102, -46.4894885 -23.5588981, -46.4894664 -23.5589362, -46.4896001 -23.5594135, -46.4899116 -23.5592011, -46.4897487 -23.5588102))",Supermercado Tododia,supermarket,,,,,,,,,São Paulo,700,03584-000,Avenida Osvaldo Valle Cordeiro,Jardim Brasilia,,,,,,,,,,,,,,,,,,,,,,,,,,,,,,,,,,,,,,,,,,,,,,,,,,,,,,,,,,,,,,,,,,,,,,,,,,,,,,,,,,,,,,,,,,,,,,,,,,,,,,,,,,,,,,,,,,,,,,,,,,,,,,,,,,,,,,,,,,,,,,,,,,,,,,,,,,,,,,,,,,,,,
"POLYGON ((-46.6982717 -23.4493884, -46.6981911 -23.4492851, -46.6981646 -23.4492766, -46.6981213 -23.4492928, -46.6981046 -23.4493095, -46.6980053 -23.4494962, -46.698082 -23.4495372, -46.6982717 -23.4493884))",Supermercado Vitória,supermarket,,,,,,,,,São Paulo,25,02879-060,Rua Frederico Lacroze,,,,,,,,,,,,,,,,,,,,,,,,,,,,,,,,,,,,,,,,,,,,,,,,,,,,,,,,,,,,,,,,,,,,,,,,,,,,,,,,,,,yes,,,,,,,,,,,,,,,,,,,,,6,,,,,silver,gabled,,,,,,,,,,,,,,,,,,,,,,,,,red,,,,,,,,,,,,,,,,,,,,,,,,1,,,,,,,
"POLYGON ((-46.6275743 -23.6301262, -46.6269906 -23.6299657, -46.6271914 -23.6292213, -46.6277751 -23.6293625, -46.6275743 -23.6301262))",Bem Barato,supermarket,,,,,,Mo-Sa 08:00-22:00; Su 08:00-20:00,,,São Paulo,1911,04301-012,Avenida Miguel Estefno,Vila Água Funda,,,,yes,yes,,,Grupo  Bem Barato,https://grupobembarato.com.br/,yes,,,,+551130605400,,yes,yes,yes,yes,,yes,yes,yes,,,,,,,,,yes,,,,,,,,,,,,,,,,,,,,,,,,,,,yes,,,,,,,,,,,,,,,,,,,,,,,yes,,,,,,,,yes,,,yes,,yes,,,,,,,,,,,,,,,,,,,,,,,,,,,,,,,,,,,,,,,,yes,,,,,,,,,,,,,,,,,,,,,,,,yes,yes,yes,yes,yes,yes,
"POLYGON ((-46.655525 -23.5256013, -46.6555276 -23.5254622, -46.6554609 -23.5254618, -46.6554537 -23.5255994, -46.6554573 -23.5256074, -46.6554627 -23.5256125, -46.6554696 -23.5256156, -46.6554834 -23.525615, -46.655525 -23.5256013))",Oxxo,convenience,Oxxo,Q1342538,,,,,,,,,,,,,,,,,,,,,,,,,,,,,,,,,,,,,,,,,,,,,,,,,,,,,,,,,,,,,,,,,,,,,,,,,,,,,,,,,,,,,,,,,,,,,,,,,,,,,,,,,,,,,,,,,,,,,,,,,,,,,,,,,,,,,,,,,,,,,,,,,,,,,,,,,,,,,,,,,,,,,,,,,,,,,,,,
"POLYGON ((-46.4877598 -23.5699033, -46.4877431 -23.5699352, -46.4877885 -23.5699479, -46.4878074 -23.569919, -46.4877598 -23.5699033))",Mercado Portuga,supermarket,,,,,,,,,São Paulo,1215 A,03570-000,Avenida Alziro Zarur,,,,,,,,,,,,,,,,,,,,,,,,,,,,,,,,,,,,,,,,,,,,,,,,,,,,,,,,,,,,,,,,,,,,,,,,,,,,,,,,,,,,,,,,,,,,,,,,,,,,,,,,,,,,,,,,,,,,,,,,,,,,,,,,,,,,,,,,,,,,,,,,,,,,,,,,,,,,,,,,,,,,,,
"POLYGON ((-46.6299007 -23.6035634, -46.6295093 -23.60356, -46.629604 -23.6040001, -46.6299972 -23.6040069, -46.6299007 -23.6035634))",Empório Hortisabor,supermarket,,,,,,Mo-Su 07:00-22:00,,,São Paulo,222,04043-000,Rua Luis Góis,,,,,,yes,,,,https://hortisabor.com.br,,,,,+55 11 3473-6100,,,,,,,,,,,,,,,,,,,,,,,,,,,,,,,,,,,,,,,,,,,,,,,,,,,,,,,,,,,,,,,,,,,,,,,,,,,,,,,,,,,,,,,,,,,,,,,,,,,,,,,,,,,,,,,,,,,,,,,,,,,,,,,,,,,,,,,,,,,,,,,,,,,,,,,
"POLYGON ((-46.7899739 -23.6765103, -46.7895099 -23.6763597, -46.7892862 -23.6769187, -46.789319 -23.6769326, -46.789309 -23.6769701, -46.7893578 -23.676983, -46.7893541 -23.6770078, -46.7893838 -23.6770117, -46.7893813 -23.6770289, -46.7897111 -23.6771381, -46.7901094 -23.6772627, -46.7901919 -23.6769936, -46.7900916 -23.6769586, -46.7901169 -23.676897, -46.7899206 -23.6768304, -46.7898789 -23.6769178, -46.7898724 -23.6769314, -46.7898063 -23.6768997, -46.7899739 -23.6765103))",Sonda Supermercados,supermarket,,,,,,,,,,,,,,,,,,,,,,,,,,,,,,,,,,,,,,,,,,,,,,,,,,,,,,,,,,,,,,,,,,,,,,,,,,,,,,,,,,,,,,,,,,,,,,,yes,,,,,,,,,,,,,,,,,,,,,,,,,,,,,,,,,,,,,,,,,,,,,,,,,,,,,,,,,,,,,,,,,,,,,,,,,,,,,,,,,,,
"POLYGON ((-46.7943502 -23.6731208, -46.7943393 -23.6731373, -46.7943763 -23.6731804, -46.7943827 -23.6732055, -46.7944117 -23.6732009, -46.794409 -23.6731573, -46.7943807 -23.6731332, -46.7943502 -23.6731208))",mercadihho análise de locais,supermarket,,,,,,,,,São Paulo,,05888-150,Rua Moacir Tavares de Paiva,Parque Fernanda,,,,,,,,,,,,,,,,,,,,,,,,,,,,,,,,,,,,,,,,,,,,,,,,,,,,,,,,,,,,,,,,,,,,,,,,,,,,,,,,,,yes,,,,,,,,,,,,,,,,,,,,,,,,,,,,,,,,,,,,,,,,,,,,,,,,,,,,,,,,,,,,,,,,,,,,,,,,,,,,,,,,,,,
"POLYGON ((-46.5683933 -23.5348679, -46.5684419 -23.5348885, -46.5684084 -23.5349484, -46.5683693 -23.5349309, -46.5683933 -23.5348679))",Mercado Vilela,convenience,,,,,,,,,São Paulo,32,03068-000,Rua Vilela,,,,,,,,,,,,,,,,,,,,,,,,,,,,,,,,,,,,,,,,,,,,,,,,,,,,,,,,,,,,,,,,,,,,,,,,,,,,,,,,,,,,,,,,,,,,,,,,,,,,,,,,,,,,,,,,,,,,,,,,,,,,,,,,,,,,,,,,,,,,,,,,,,,,,,,,,,,,,,,,,,,,,,
"POLYGON ((-46.5700874 -23.5325346, -46.5700278 -23.5325184, -46.5699968 -23.5326166, -46.5700595 -23.5326323, -46.5700874 -23.5325346))",Oxxo,convenience,Oxxo,Q1342538,,,,24/7,,,São Paulo,266,03084-000,Rua Santa Virgínia,,,,,,,,,,,,,,,,,,,,,,,,,,,,,,,,,,,,,,,,,,,,,,,,,,,,,,,,,,,,,,,,,,,,,,,,,,,,,,,,,,,,,,,,,,,,,,,,,,,,,,,,,,,,,,,,,,,,,,,,,,,,,,,,,,,,,,,,,,,,,,,,,,,,,,,,,,,,,,,,,,,,,,
