geometry,amenity,name,operator,operator:wikidata,landuse,military,operator:short,addr:city,addr:housenumber,addr:postcode,addr:street,opening_hours,website,addr:suburb,check_date,wheelchair,note,phone,police,seasonal,information,tourism,name:pt,addr:country,addr:state,short_name,entrance,email,fax,level,nohousenumber,source,start_date,operator:en,operator:pt,operator:wikipedia,description,alt_name,building,layer,building:levels,height,contact:phone,contact:website,barrier,roof:colour,roof:shape,office,inscription,min_height,addr:place,smoking,name:en,disused:government,disused:office,old_name,ele,fixme,payment:account_cards,payment:american_express,payment:amex,payment:cards,payment:cheque,payment:coins,payment:credit_cards,payment:debit_cards,payment:diners_club,payment:discover_card,payment:dkv,payment:electronic_purses,payment:girocard,payment:maestro,payment:mastercard,payment:notes,payment:pikepass,payment:uta,payment:visa,payment:visa_debit,payment:visa_electron,wikidata,wikipedia,operator:wikimedia_commons,payment:cash,payment:contactless,payment:cryptocurrencies,access,leisure,wikimedia_commons,area,operator:type,addr:district,lit,surface,type,official_name,loc_name
POINT (-46.5646107 -23.5398575),fire_station,Corpo de Bombeiros - 3º GB,Corpo de Bombeiros Militar do Estado de São Paulo,Q10260738,,,,,,,,,,,,,,,,,,,,,,,,,,,,,,,,,,,,,,,,,,,,,,,,,,,,,,,,,,,,,,,,,,,,,,,,,,,,,,,,,,,,,,,,,,,,
POINT (-46.4983227 -23.5101097),police,24º Distrito Policial,Polícia Civil do Estado de São Paulo,Q10350993,,,,,,,,,,,,,,,,,,,,,,,,,,,,,,,,,,,,,,,,,,,,,,,,,,,,,,,,,,,,,,,,,,,,,,,,,,,,,,,,,,,,,,,,,,,,
POINT (-46.7045382 -23.5096546),police,Policia Militar,Polícia Militar do Estado de São Paulo,Q10351025,military,police,PMESP,,,,,,,,,,,,,,,,,,,,,,,,,,,,,,,,,,,,,,,,,,,,,,,,,,,,,,,,,,,,,,,,,,,,,,,,,,,,,,,,,,,,,,,,,
POINT (-46.7308134 -23.5387287),police,91o. Distrito Policial,Polícia Civil do Estado de São Paulo,Q10350993,,,,,,,,,,,,,,,,,,,,,,,,,,,,,,,,,,,,,,,,,,,,,,,,,,,,,,,,,,,,,,,,,,,,,,,,,,,,,,,,,,,,,,,,,,,,
POINT (-46.6502774 -23.5393231),police,Ponto Policia Militar,,,,,,,,,,,,,,,,,,,,,,,,,,,,,,,,,,,,,,,,,,,,,,,,,,,,,,,,,,,,,,,,,,,,,,,,,,,,,,,,,,,,,,,,,,,,,,
POINT (-46.5861658 -23.5358634),fire_station,3º Grupamento de Bombeiros,Secretaria da Segurança Publica do Estado de São Paulo,,,,,São Paulo,2725,03063-000,Avenida Celso Garcia,,,,,,,,,,,,,,,,,,,,,,,,,,,,,,,,,,,,,,,,,,,,,,,,,,,,,,,,,,,,,,,,,,,,,,,,,,,,,,,,,,,,,
POINT (-46.6343196 -23.556997),police,1ª Delegacia de Polícia,Polícia Civil do Estado de São Paulo,Q10350993,,,,,,,,,,,,,,,,,,,,,,,,,,,,,,,,,,,,,,,,,,,,,,,,,,,,,,,,,,,,,,,,,,,,,,,,,,,,,,,,,,,,,,,,,,,,
POINT (-46.5532079 -23.589587),police,42ª DP,Polícia Civil do Estado de São Paulo,Q10350993,,,,,,,,,,,,,,,,,,,,,,,,,,,,,,,,,,,,,,,,,,,,,,,,,,,,,,,,,,,,,,,,,,,,,,,,,,,,,,,,,,,,,,,,,,,,
POINT (-46.5227739 -23.6020031),police,19º BPM/M,Polícia Militar do Estado de São Paulo,Q10351025,military,police,PMESP,,,,,,,,,,,,,,,,,,,,,,,,,,,,,,,,,,,,,,,,,,,,,,,,,,,,,,,,,,,,,,,,,,,,,,,,,,,,,,,,,,,,,,,,,
POINT (-46.5681963 -23.5893274),police,21º BPM/M - 4ª Cia PM,,,,,,,,,,,,,,,,,,,,,,,,,,,,,,,,,,,,,,,,,,,,,,,,,,,,,,,,,,,,,,,,,,,,,,,,,,,,,,,,,,,,,,,,,,,,,,
POINT (-46.5196761 -23.5985166),police,Posto Policial Jardim Grimaldi,,,,,,,,,,,,,,,,,,,,,,,,,,,,,,,,,,,,,,,,,,,,,,,,,,,,,,,,,,,,,,,,,,,,,,,,,,,,,,,,,,,,,,,,,,,,,,
POINT (-46.6255785 -23.6043817),police,Base Comunitária de Segurança,Polícia Militar do Estado de São Paulo,Q10351025,military,police,PMESP,,,,Rua Vigário Albernaz,24/7,https://www.policiamilitar.sp.gov.br/institucional/policiamento-comunitario,,,,,,,,,,,,,,,,,,,,,,,,,,,,,,,,,,,,,,,,,,,,,,,,,,,,,,,,,,,,,,,,,,,,,,,,,,,,,,,,,,,
POINT (-46.602654 -23.6273203),fire_station,1º Grupamento Corpo de Bombeiros Posto Sacomã,,,,,,São Paulo,99,,Rua Max Berg,,,Vila das Mercês,,,,,,,,,,,,,,,,,,,,,,,,,,,,,,,,,,,,,,,,,,,,,,,,,,,,,,,,,,,,,,,,,,,,,,,,,,,,,,,,,,
POINT (-46.7005259 -23.5648993),fire_station,Posto de Pinheiros,,,,,,,,,,,,,2024-08-09,,,,,,,,,,,,,,,,,,,,,,,,,,,,,,,,,,,,,,,,,,,,,,,,,,,,,,,,,,,,,,,,,,,,,,,,,,,,,,,,,
POINT (-46.4086718 -23.5894668),fire_station,Corpo de Bombeiros - Estação de Bombeiros Tiradentes - 3º GB,Corpo de Bombeiros Militar do Estado de São Paulo,Q10260738,,,,,,,,,,,,,,,,,,,,,,,,,,,,,,,,,,,,,,,,,,,,,,,,,,,,,,,,,,,,,,,,,,,,,,,,,,,,,,,,,,,,,,,,,,,,
POINT (-46.6380598 -23.5655827),police,5ª Delegacia de Polícia,Polícia Civil do Estado de São Paulo,Q10350993,,,,,,,,,,,,,,,,,,,,,,,,,,,,,,,,,,,,,,,,,,,,,,,,,,,,,,,,,,,,,,,,,,,,,,,,,,,,,,,,,,,,,,,,,,,,
POINT (-46.6912873 -23.7368956),police,Batalhão Polícia Militar 27,Polícia Militar do Estado de São Paulo,Q10351025,military,police,PMESP,,,,,,,,,no,,,,,,,,,,,,,,,,,,,,,,,,,,,,,,,,,,,,,,,,,,,,,,,,,,,,,,,,,,,,,,,,,,,,,,,,,,,,,,,,
POINT (-46.688931 -23.7345824),police,Posto da Polícia Militar,27º BPM/M 1ª Cia,,,,,São Paulo,,04841-010,Praça Jose Belo Rezende,,,,,,Local sem número,55 11 5792-0035,,,,,,,,,,,,,,,,,,,,,,,,,,,,,,,,,,,,,,,,,,,,,,,,,,,,,,,,,,,,,,,,,,,,,,,,,,,,,,
POINT (-46.7153928 -23.698861),fire_station,Corpo de Bombeiros,Corpo de Bombeiros Militar do Estado de São Paulo,Q10260738,,,,,,,,,,,,,,,,,,,,,,,,,,,,,,,,,,,,,,,,,,,,,,,,,,,,,,,,,,,,,,,,,,,,,,,,,,,,,,,,,,,,,,,,,,,,
POINT (-46.5677243 -23.549943),police,30º Distrito Policial,Polícia Civil do Estado de São Paulo,Q10350993,,,,,,,,,,,,,,,,,,,,,,,,,,,,,,,,,,,,,,,,,,,,,,,,,,,,,,,,,,,,,,,,,,,,,,,,,,,,,,,,,,,,,,,,,,,,
POINT (-46.6429504 -23.4601187),fire_station,Posto de Bombeiros Horto Florestal,Corpo de Bombeiros Militar do Estado de São Paulo,Q10260738,,,,,,,,,,,,,,,,,,,,,,,,,,,,,,,,,,,,,,,,,,,,,,,,,,,,,,,,,,,,,,,,,,,,,,,,,,,,,,,,,,,,,,,,,,,,
POINT (-46.7350159 -23.4480591),police,,,,,,,,,,,,,,,,,,,,,,,,,,,,,,,,,,,,,,,,,,,,,,,,,,,,,,,,,,,,,,,,,,,,,,,,,,,,,,,,,,,,,,,,,,,,,,,
POINT (-46.7346833 -23.447754),police,,,,,,,,,,,,,,,,,,,,,,,,,,,,,,,,,,,,,,,,,,,,,,,,,,,,,,,,,,,,,,,,,,,,,,,,,,,,,,,,,,,,,,,,,,,,,,,
POINT (-46.766332 -23.4548813),police,,,,,,,,,,,,,,,,,,,,,,,,,,,,,,,,,,,,,,,,,,,,,,,,,,,,,,,,,,,,,,,,,,,,,,,,,,,,,,,,,,,,,,,,,,,,,,,
POINT (-46.7088495 -23.5672801),police,,,,,,,,,,,,,,,,,,,,,,,,,,,,,,,,,,,,,,,,,,,,,,,,,,,,,,,,,,,,,,,,,,,,,,,,,,,,,,,,,,,,,,,,,,,,,,,
POINT (-46.4863317 -23.5321027),police,Policia Militar,,,,,,São Paulo,,,Praça Aramã,,,Artur Alvin,,,,,,,,,,,,,,,,,,,,,,,,,,,,,,,,,,,,,,,,,,,,,,,,,,,,,,,,,,,,,,,,,,,,,,,,,,,,,,,,,,
POINT (-46.5681496 -23.5175678),police,Policia Militar,Polícia Militar do Estado de São Paulo,Q10351025,military,police,PMESP,,,,,,,,,,,,,,,,,,,,,,,,,,,,,,,,,,,,,,,,,,,,,,,,,,,,,,,,,,,,,,,,,,,,,,,,,,,,,,,,,,,,,,,,,
POINT (-46.4519583 -23.5343891),police,32° Delegacia de Policia,Polícia Civil do Estado de São Paulo,Q10350993,,,,São Paulo,64,08210-790,Rua Sabbado D'Angelo,,,,,,,,,,,,,,,,,,,,,,,,,,,,,,,,,,,,,,,,,,,,,,,,,,,,,,,,,,,,,,,,,,,,,,,,,,,,,,,,,,,,,
POINT (-46.7042287 -23.7379997),police,27º BPM/M 1ª Cia,Polícia Militar do Estado de São Paulo,Q10351025,,,PMESP,São Paulo,23,04835-280,Rua Giorgio Alione,,https://www.policiamilitar.sp.gov.br/,,,no,,+55 11 5972-5664,,,,,,,,,,,,,,,,,,,,,,,,,,,,,,,,,,,,,,,,,,,,,,,,,,,,,,,,,,,,,,,,,,,,,,,,,,,,,,
POINT (-46.5961296 -23.6417446),police,Garagem Policia Militar,Polícia Militar do Estado de São Paulo,Q10351025,military,police,PMESP,São Paulo,471,,Rua Francisco Bautista,,,,,,,,,,,,,,,,,,,,,,,,,,,,,,,,,,,,,,,,,,,,,,,,,,,,,,,,,,,,,,,,,,,,,,,,,,,,,,,,,,,,,
POINT (-46.6058092 -23.5454428),police,34º Batalhão de Policia Militar,,,,,,São Paulo,,,Rua Do Hipodromo,,,,,,,,,,,,,,,,,,,,,,,,,,,,,,,,,,,,,,,,,,,,,,,,,,,,,,,,,,,,,,,,,,,,,,,,,,,,,,,,,,,,,
POINT (-46.7437387 -23.665958),police,Base Comunitária GCM,Guarda Civil Metropolitana do Município de São Paulo,,,,,,,,,,,,,,,,,,,,,,,,,,,,,,,,,,,,,,,,,,,,,,,,,,,,,,,,,,,,,,,,,,,,,,,,,,,,,,,,,,,,,,,,,,,,,
POINT (-46.7598884 -23.69296),police,100º DP,Polícia Civil do Estado de São Paulo,Q10350993,,,,,,,,,,,,,,,,,,,,,,,,,,,,,,,,,,,,,,,,,,,,,,,,,,,,,,,,,,,,,,,,,,,,,,,,,,,,,,,,,,,,,,,,,,,,
POINT (-46.7370022 -23.6529542),police,Polícia Militar,Polícia Militar do Estado de São Paulo,Q10351025,military,police,PMESP,,,,,,,,,,,,,,,,,,,,,,,,,,,,,,,,,,,,,,,,,,,,,,,,,,,,,,,,,,,,,,,,,,,,,,,,,,,,,,,,,,,,,,,,,
POINT (-46.4414038 -23.4967358),police,,,,,,,,,,,,,,,,,,,,,,,,,,,,,,,,,,,,,,,,,,,,,,,,,,,,,,,,,,,,,,,,,,,,,,,,,,,,,,,,,,,,,,,,,,,,,,,
POINT (-46.6215791 -23.5975297),police,Guarda Civil Metropolitana - IR - Ipiranga,Guarda Civil Metropolitana,Q111137534,,,,,,,,,,,,,,,,,,,,,,,,,,,,,,,,,,,,,,,,,,,,,,,,,,,,,,,,,,,,,,,,,,,,,,,,,,,,,,,,,,,,,,,,,,,,
POINT (-46.6441956 -23.5434597),courthouse,Justiça Federal Central de Conciliação,,,,,,São Paulo,299,01045-001,Praça da República,,,,,,,,,,,,,,,,,,,,,,,,,,,,,,,,,,,,,,,,,,,,,,,,,,,,,,,,,,,,,,,,,,,,,,,,,,,,,,,,,,,,,
POINT (-46.4282184 -23.5228266),police,Polícia Militar - 2ª Cia. do 48º BPM/M,Polícia Militar do Estado de São Paulo,Q10351025,military,police,PMESP,,,,,,,,,,,,,,,,,,,,,,,,,,,,,,,,,,,,,,,,,,,,,,,,,,,,,,,,,,,,,,,,,,,,,,,,,,,,,,,,,,,,,,,,,
POINT (-46.6945779 -23.6801253),courthouse,Fórum Trabalhista - Zona Sul,,,,,,São Paulo,22833,,Avenida Nações Unidas,,,Vila Almeida,,,,,,,,,,,,,,,,,,,,,,,,,,,,,,,,,,,,,,,,,,,,,,,,,,,,,,,,,,,,,,,,,,,,,,,,,,,,,,,,,,
POINT (-46.6938739 -23.6794495),courthouse,Fórum Regional II - Santo Amaro,,,,,,São Paulo,22939,,Avenida Nações Unidas,,,Vila Almeida,,,,,,,,,,,,,,,,,,,,,,,,,,,,,,,,,,,,,,,,,,,,,,,,,,,,,,,,,,,,,,,,,,,,,,,,,,,,,,,,,,
POINT (-46.6604377 -23.5582087),police,Posto Policial,Polícia Militar do Estado de São Paulo,Q10351025,military,police,PMESP,,2163,,Avenida Paulista,,,,,,,,checkpoint,yes,,,,,,,,,,,,,,,,,,,,,,,,,,,,,,,,,,,,,,,,,,,,,,,,,,,,,,,,,,,,,,,,,,,,,,,,,,,,
POINT (-46.6579879 -23.5594802),courthouse,Tribunal Regional Federal 3a Região,,,,,,São Paulo,1842,01310-200,Avenida Paulista,,,,,,,,,,,,,,,,,,,,,,,,,,,,,,,,,,,,,,,,,,,,,,,,,,,,,,,,,,,,,,,,,,,,,,,,,,,,,,,,,,,,,
POINT (-46.4796689 -23.5702543),police,Posto Policial,Polícia Militar do Estado de São Paulo,Q10351025,military,police,PMESP,,,,,,,,,,,,,,,,,,,,,,,,,,,,,,,,,,,,,,,,,,,,,,,,,,,,,,,,,,,,,,,,,,,,,,,,,,,,,,,,,,,,,,,,,
POINT (-46.4697514 -23.5678841),police,Posto Policial,,,,,,,,,,,,,,,,,,,,,,,,,,,,,,,,,,,,,,,,,,,,,,,,,,,,,,,,,,,,,,,,,,,,,,,,,,,,,,,,,,,,,,,,,,,,,,
POINT (-46.6464534 -23.5498351),police,Guarda Civil Metropolitana,,,,,,,,,,,,,2024-09-13,,,,,,,,,,,,,,,,,,,,,,,,,,,,,,,,,,,,,,,,,,,,,,,,,,,,,,,,,,,,,,,,,,,,,,,,,,,,,,,,,
POINT (-46.5318087 -23.5472993),police,Guarda Civil Metropolitana,,,,,,,,,Praça Haroldo Daltro,,,,,,,,,,,,,,,,,,,,,,,,,,,,,,,,,,,,,,,,,,,,,,,,,,,,,,,,,,,,,,,,,,,,,,,,,,,,,,,,,,,,,
POINT (-46.7174737 -23.7672391),police,PAT Parelheiros,,,,,,São Paulo,,04864-001,Avenida Senador Teotônio Vilela,,,Balneário São José,,,,59252736,,,office,information,,,,,,,,,,,,,,,,,,,,,,,,,,,,,,,,,,,,,,,,,,,,,,,,,,,,,,,,,,,,,,,,,,,,,,,,,,
POINT (-46.5853367 -23.557914),fire_station,Corpo de Bombeiros,,,,,,,99,03181-070,Rua Doutor João Inácio Teixeira,,http://www.ccb.polmil.sp.gov.br,,,,,,,,,,Corpo de Bombeiros,,,,,,,,,,,,,,,,,,,,,,,,,,,,,,,,,,,,,,,,,,,,,,,,,,,,,,,,,,,,,,,,,,,,,,,,,
POINT (-46.5788438 -23.5574036),police,,,,,,,São Paulo,774,03181-010,Rua Major Basílio,24/7,,,,,,,,,,,,BR,SP,,,,,,,,,,,,,,,,,,,,,,,,,,,,,,,,,,,,,,,,,,,,,,,,,,,,,,,,,,,,,,,,,,,,,,,
POINT (-46.6087284 -23.5909235),police,17º Distrito Policial,Polícia Civil do Estado de São Paulo,Q10350993,,,,São Paulo,534,,Rua Dom Luiz de Lasanha,,,Ipiranga,,,,+55 11 2061-2062,,,,,17º Distrito Policial,,,17º DP,,,,,,,,,,,,,,,,,,,,,,,,,,,,,,,,,,,,,,,,,,,,,,,,,,,,,,,,,,,,,,,,,,,,,,
POINT (-46.476493 -23.517448),police,Polícia Militar - 39º BPM/M,Polícia Militar do Estado de São Paulo,Q10351025,military,police,PMESP,São Paulo,3311,,Avenida Águia de Haia,24/7,,,,,,,,,,,,,,,,,,,,,,,,,,,,,,,,,,,,,,,,,,,,,,,,,,,,,,,,,,,,,,,,,,,,,,,,,,,,,,,,,,,,
POINT (-46.5485866 -23.5243407),police,,,,,,,São Paulo,,,,24/7,,Penha,,,,,,,,,,,,,,,,,,,,,,,,,,,,,,,,,,,,,,,,,,,,,,,,,,,,,,,,,,,,,,,,,,,,,,,,,,,,,,,,,,
POINT (-46.6059152 -23.5300232),police,Patio da SpTrans,,,,,,,,,Rua Joaquim Carlos,,,,,,,,,,,,Patio da SpTrans,,,,,,,,,,,,,,,,,,,,,,,,,,,,,,,,,,,,,,,,,,,,,,,,,,,,,,,,,,,,,,,,,,,,,,,,,
POINT (-46.6921847 -23.4910455),courthouse,Fórum da Freguesia do Ó,,,,,,,101,,Rua Tomás Ramos Jordão,Mo-Sa 12:30-18:00,,,,,,,,,,,Fórum da Freguesia do Ó,,,,,,,,,,,,,,,,,,,,,,,,,,,,,,,,,,,,,,,,,,,,,,,,,,,,,,,,,,,,,,,,,,,,,,,,,
POINT (-46.5892337 -23.5287969),police,Base Vila Maria,Polícia Militar do Estado de São Paulo,Q10351025,military,police,PMESP,,,,,,,,,,,,,,,,,,,,,,,,,,,,,,,,,,,,,,,,,,,,,,,,,,,,,,,,,,,,,,,,,,,,,,,,,,,,,,,,,,,,,,,,,
POINT (-46.4998277 -23.4805688),police,,,,,,,,,,,,,,,,,,,,,,,,,,,,,,,,,,,,,,,,,,,,,,,,,,,,,,,,,,,,,,,,,,,,,,,,,,,,,,,,,,,,,,,,,,,,,,,
POINT (-46.6618038 -23.5550693),police,Corregedoria da Policia Civil,Polícia Civil do Estado de São Paulo,Q10350993,,,,São Paulo,2333,01301-100,Rua da Consolação,,,,2025-07-06,,,,,,,,,,,,,,,,,,,,,,,,,,,,,,,,,,,,,,,,,,,,,,,,,,,,,,,,,,,,,,,,,,,,,,,,,,,,,,,,,
POINT (-46.6567955 -23.5589635),courthouse,Justiça Federal,,,,,,São Paulo,25,01410-001,Alameda Ministro Rocha Azevedo,,,,,,,,,,,,,,,,,,,,,,,,,,,,,,,,,,,,,,,,,,,,,,,,,,,,,,,,,,,,,,,,,,,,,,,,,,,,,,,,,,,,,
POINT (-46.6547939 -23.56317),courthouse,Juizado Especial Federal,,,,,,São Paulo,1345,01311-200,Avenida Paulista,,,,,,,,,,,,,,,,,,,,,,,,,,,,,,,,,,,,,,,,,,,,,,,,,,,,,,,,,,,,,,,,,,,,,,,,,,,,,,,,,,,,,
POINT (-46.6597278 -23.6737286),police,80º Dp Vila Joaniza,Polícia Civil do Estado de São Paulo,Q10350993,,,,,,,,,,,,,,,,,,,,,,,,,,,,,,,,,,,,,,,,,,,,,,,,,,,,,,,,,,,,,,,,,,,,,,,,,,,,,,,,,,,,,,,,,,,,
POINT (-46.6315598 -23.5480208),police,1ª Delegacia de Defesa de Mulher,Polícia Civil do Estado de São Paulo,Q10350993,,,,São Paulo,200,01017-010,Rua Doutor Bettencourt Rodrigues,,,,,,,,,,,,,,,,,,,,,,,,,,,,,,,,,,,,,,,,,,,,,,,,,,,,,,,,,,,,,,,,,,,,,,,,,,,,,,,,,,,,,
POINT (-46.6753614 -23.5980828),fire_station,4º Grupamento De Bombeiros Posto Vila Olimpia,Corpo de Bombeiros Militar do Estado de São Paulo,Q10260738,,,,,,,,,,,,,,,,,,,,,,,,,,,,,,,,,,,,,,,,,,,,,,,,,,,,,,,,,,,,,,,,,,,,,,,,,,,,,,,,,,,,,,,,,,,,
POINT (-46.6348601 -23.5383963),police,Edifício Palácio da Polícia Civil,,,,,,São Paulo,527,01032-001,Rua Brigadeiro Tobias,,,,,yes,,,,,,,,,,,yes,,,,,,,,,,,,,,,,,,,,,,,,,,,,,,,,,,,,,,,,,,,,,,,,,,,,,,,,,,,,,,,,,,,,,
POINT (-46.6358476 -23.5382641),police,Instituto de Indentificação Ricardo Gumbleton Daunt,,,,,,São Paulo,370,01033-000,Avenida Cásper Líbero,,,,,,,,,,,,,,,,,,,,,,,,,,,,,,,,,,,,,,,,,,,,,,,,,,,,,,,,,,,,,,,,,,,,,,,,,,,,,,,,,,,,,
POINT (-46.6363742 -23.5408309),courthouse,Poder Judiciário - Justiça Militar da União - 2ª Circunscrição Judiciária Militar,Poder Judiciário,Q3621649,,,,São Paulo,88,01033-000,Avenida Cásper Líbero,,,,,,,,,,,,,,,,,,,,,,,,,,,,,,,,,,,,,,,,,,,,,,,,,,,,,,,,,,,,,,,,,,,,,,,,,,,,,,,,,,,,,
POINT (-46.6299588 -23.5160597),police,Base Comunitária de Segurança,Policia Militar,,,,,São Paulo,109,01101-000,Avenida Santos Dumont,24/7,https://www.policiamilitar.sp.gov.br/institucional/policiamento-comunitario,,,,,,,,,,,,,,,,,,,,,,,,,,,,,,,,,,,,,,,,,,,,,,,,,,,,,,,,,,,,,,,,,,,,,,,,,,,,,,,,,,,
POINT (-46.650265 -23.5463326),courthouse,Tribunal de Justiça Militar,,,,,,São Paulo,285,01222-020,Rua Doutor Vila Nova,Mo-Fr 11:00-19:00,,,,limited,,,,,,,,,,,,,,,,,,,,,,,,,,,,,,,,,,,,,,,,,,,,,,,,,,,,,,,,,,,,,,,,,,,,,,,,,,,,,,,,
POINT (-46.6748416 -23.5819762),police,2ª CIA do 23º BPM/M,Polícia Militar do Estado de São Paulo,Q10351025,military,police,PMESP,,,,,,,,,,,,,,,,,,,,,,,,,,,,,,,,,,,,,,,,,,,,,,,,,,,,,,,,,,,,,,,,,,,,,,,,,,,,,,,,,,,,,,,,,
POINT (-46.640874 -23.6265279),police,Polícia Militar - Base Comunitária São Judas,Polícia Militar do Estado de São Paulo,Q10351025,military,police,PMESP,,,,,,,,,,,,,,,,,,,,,,,,,,,,,,,,,,,,,,,,,,,,,,,,,,,,,,,,,,,,,,,,,,,,,,,,,,,,,,,,,,,,,,,,,
POINT (-46.4012052 -23.6053055),police,54º DP,Polícia Civil do Estado de São Paulo,Q10350993,,,,,,,,,,,,,,,,,,,,,,,,,,,,,,,,,,,,,,,,,,,,,,,,,,,,,,,,,,,,,,,,,,,,,,,,,,,,,,,,,,,,,,,,,,,,
POINT (-46.6158546 -23.5625996),fire_station,Corpo de Bombeiros - Primeiro Grupamento Cambuci,Corpo de Bombeiros Militar do Estado de São Paulo,Q10260738,,,,,,,,,,,,,,,,,,,,,,,,,,,,,,,,,,,,,,,,,,,,,,,,,,,,,,,,,,,,,,,,,,,,,,,,,,,,,,,,,,,,,,,,,,,,
POINT (-46.6477235 -23.5483373),courthouse,Forum Desembragador Aricê Moacir Amaral Santos,Jutisça Federal,,,,,São Paulo,215,01303-030,Rua João Guimarães Rosa,,,,,,,,,,,,,,,,,,,,,,,,,,,,,,,,,,,,,,,,,,,,,,,,,,,,,,,,,,,,,,,,,,,,,,,,,,,,,,,,,,,,,
POINT (-46.6643454 -23.5074075),police,Guarda Civil Metropolitana,,,,,,,,,,,,,,,,,,,,,,,,,,,,,,,,,,,,,,,,,,,,,,,,,,,,,,,,,,,,,,,,,,,,,,,,,,,,,,,,,,,,,,,,,,,,,,
POINT (-46.7033337 -23.5202685),fire_station,Bombeiros,,,,,,,,,,,,,,,,,,,,,,,,,,,,,,,,,,,,,,,,,,,,,,,,,,,,,,,,,,,,,,,,,,,,,,,,,,,,,,,,,,,,,,,,,,,,,,
POINT (-46.7034197 -23.5204073),courthouse,Fórum Regional da Lapa,,,,,,,,,Rua Martim Tenório,,,,,,,,,,,,,,,,,,,,,,,,,,,,,,,,,,,,,,,,,,,,,,,,,,,,,,,,,,,,,,,,,,,,,,,,,,,,,,,,,,,,,
POINT (-46.7036318 -23.520677),courthouse,Fórum Regional da Lapa,,,,,,,120,05074-050,,Mo-Fr 12:30-19:00,https://www.tjsp.jus.br/,,,,,,,,,,Fórum Regional da Lapa - TJSP,,,,,,,,,,,,,,,,,,,,,,,,,,,,,,,,,,,,,,,,,,,,,,,,,,,,,,,,,,,,,,,,,,,,,,,,,
POINT (-46.7021337 -23.7298228),police,27º Batalhão de Polícia Militar Metropolitano,Polícia Militar do Estado de São Paulo,Q10351025,military,police,PMESP,São Paulo,,04830-220,Rua Lampadosa,24:00 Horas,https://www.policiamilitar.sp.gov.br/,Jardim Presidente,,yes,,+55 11 5972-6061,,,,,,,,,,27bpmm@policiamilitar.sp.gov.br,+55 11 5972-6061,0,yes,survey;local knowledge;gps;aerial imagery;streetlevel imagery,1999,,,,,,,,,,,,,,,,,,,,,,,,,,,,,,,,,,,,,,,,,,,,,,,,,,,,,,,,,,,,,,,
POINT (-46.4425265 -23.6160533),police,Polícia Militar - 38º BPM/M,Polícia Militar do Estado de São Paulo,Q10351025,military,police,PMESP,,,,Avenida Jacu-Pêssego,,,,,,,,,,,,,,,,,,,,,,,,,,,,,,,,,,,,,,,,,,,,,,,,,,,,,,,,,,,,,,,,,,,,,,,,,,,,,,,,,,,,,
POINT (-46.4894236 -23.4900434),police,Polícia Comunitária,Polícia Militar do Estado de São Paulo,Q10351025,military,police,PMESP,,,,,,,,,,,,,,,,,,,,,,,,,,,,,,,,,,,,,,,,,,,,,,,,,,,,,,,,,,,,,,,,,,,,,,,,,,,,,,,,,,,,,,,,,
POINT (-46.6248317 -23.516286),police,Base Comunitária de Segurança,Polícia Militar do Estado de São Paulo,Q10351025,military,police,PMESP,,,,,24/7,https://www.policiamilitar.sp.gov.br/institucional/policiamento-comunitario,,,,,,,,,,,,,,,,,,,,,,,,,,,,,,,,,,,,,,,,,,,,,,,,,,,,,,,,,,,,,,,,,,,,,,,,,,,,,,,,,,,
POINT (-46.6596519 -23.6762467),police,4ª CIA do 22° BPM/M,Polícia Militar do Estado de São Paulo,Q10351025,military,police,PMESP,,,,,,,,,,,,,,,,,,,,,,,,,,,,,,,,,,,,,,,,,,,,,,,,,,,,,,,,,,,,,,,,,,,,,,,,,,,,,,,,,,,,,,,,,
POINT (-46.5943344 -23.6456361),police,Polícia Militar,Polícia Militar do Estado de São Paulo,Q10351025,military,police,PMESP,,,,,,,,,,,,,,,,,,,,,,,,,,,,,,,,,,,,,,,,,,,,,,,,,,,,,,,,,,,,,,,,,,,,,,,,,,,,,,,,,,,,,,,,,
POINT (-46.674951 -23.6151454),police,27° DP - Campo Belo,Polícia Civil do Estado de São Paulo,Q10350993,,,,São Paulo,407,04614-012,Rua Demóstenes,24/7,,Campo Belo,2024-08-12,,,,,,,,,,,,,,,,,,,,,,,,,,,,,,,,,,,,,,,,,,,,,,,,,,,,,,,,,,,,,,,,,,,,,,,,,,,,,,,,,
POINT (-46.6165409 -23.503222),police,Grupo de Intervenção Rápida (GIR),,,,,,,1563,,"Av. Zaki Narchi, 1563 - Carandiru, São Paulo - SP, 02029-001",Mo-Su 06:00-06:00,,,,,,,,,,,,,,,,,,,,,,,,,,,,,,,,,,,,,,,,,,,,,,,,,,,,,,,,,,,,,,,,,,,,,,,,,,,,,,,,,,,,
POINT (-46.4414426 -23.496494),police,CPP São Miguel Paulista,,,,,,São Paulo,305-A,,Rua Américo Gomes da Costa,,,São Miguel Paulista,,,,,,,,,,,,,,,,,,,,,,,,,,,,,,,,,,,,,,,,,,,,,,,,,,,,,,,,,,,,,,,,,,,,,,,,,,,,,,,,,,
POINT (-46.6332439 -23.6535817),police,97º Distrito Policial - Americanópolis,Polícia Civil do Estado de São Paulo,Q10350993,,,,,,,,,,,,,,,,,,,,,,,,,,,,,,,,,,,,,,,,,,,,,,,,,,,,,,,,,,,,,,,,,,,,,,,,,,,,,,,,,,,,,,,,,,,,
POINT (-46.6600826 -23.6254987),police,Polícia Federal do Brasil,Polícia Federal do Brasil,Q2289697,,,,,,,,,,,,,,+55 11 5090 9046,,,,,,,,,,aero.congonhas@dpf.gov.br,,,,,,Federal Police of Brazil,Polícia Federal do Brasil,pt:Polícia Federal do Brasil,,,,,,,,,,,,,,,,,,,,,,,,,,,,,,,,,,,,,,,,,,,,,,,,,,,,,,,,,,,,
POINT (-46.6161834 -23.5043691),police,Base de Escolta da Polícia Penal,,,,,,São Paulo,1563,02029-001,Avenida Zaki Narchi,24 HORAS,,Carandiru,,,,,,,,,,,,,,,,,,,,,,,,,,,,,,,,,,,,,,,,,,,,,,,,,,,,,,,,,,,,,,,,,,,,,,,,,,,,,,,,,,
POINT (-46.5864731 -23.5353822),fire_station,GAED - Estação de Bombeiros Belém,Corpo de Bombeiros Militar do Estado de São Paulo,Q10260738,,,,,,,,,,,,,,,,,,,,,,,,,,,,,,,,,,,,,,,,,,,,,,,,,,,,,,,,,,,,,,,,,,,,,,,,,,,,,,,,,,,,,,,,,,,,
POINT (-46.5856201 -23.5337666),police,Batalhão,Polícia Militar do Estado de São Paulo,Q10351025,military,police,PMESP,,,,,,,,,,,,,,,,,,,,,,,,,,,,,,,,,,,,,,,,,,,,,,,,,,,,,,,,,,,,,,,,,,,,,,,,,,,,,,,,,,,,,,,,,
POINT (-46.6445638 -23.6265837),police,1ª Delegacia de Crimes Fazendários,Polícia Civil do Estado de São Paulo,Q10350993,,,,,,,,,,,,,,,,,,,,,,,,,,,,,,,,,,,,,,,,,,,,,,,,,,,,,,,,,,,,,,,,,,,,,,,,,,,,,,,,,,,,,,,,,,,,
POINT (-46.6488901 -23.5004508),police,4ª Delegacia Seccional de Policia Norte,Polícia Civil do Estado de São Paulo,Q10350993,,,,São Paulo,697,,Rua Leão XIII,,,,,,,,,,,,,,,,,,,,,,,,,,,,,,,,,,,,,,,,,,,,,,,,,,,,,,,,,,,,,,,,,,,,,,,,,,,,,,,,,,,,,
POINT (-46.6438402 -23.5351424),police,Posto da Polícia Militar,Polícia Militar do Estado de São Paulo,Q10351025,military,police,PMESP,,,,,,,,,,,,,,,,,,,,,,,,,,,,,,,,,,,,,,,,,,,,,,,,,,,,,,,,,,,,,,,,,,,,,,,,,,,,,,,,,,,,,,,,,
POINT (-46.5023712 -23.5637073),police,Base Comunitária Aricanduva,Polícia Militar do Estado de São Paulo,Q10351025,military,,PMESP,,,,,,,,,,,,,,,,,,,,,,,,,,,,,,,,,,,,,,,,,,,,,,,,,,,,,,,,,,,,,,,,,,,,,,,,,,,,,,,,,,,,,,,,,
POINT (-46.4887771 -23.6134322),police,Instituto de Criminalística - EPC,Polícia Científica de São Paulo,Q10374973,military,police,,São Paulo,150,03977-414,Rua Alexandre Groppali,Mo-Fr 09:00-17:00,,Fazenda da Juta,,,,,,,,,,,,,,,,,,,,,,,,,,,,,,,,,,,,,,,,,,,,,,,,,,,,,,,,,,,,,,,,,,,,,,,,,,,,,,,,,,
POINT (-46.4882721 -23.613172),police,CPA/M-9 - Comando de Policiamento de Área,Polícia Militar do Estado de São Paulo,Q10351025,military,police,PMESP,São Paulo,,,Rua Augustin Luberti,24/7,,Fazenda da Juta,,,,,,,,,,,,,,,,,,,,,,,"Contém o (CAEP) - Companhia de Ações Especiais de Polícia.
O CAEP atua na extensão de toda área do CPA/M-9 e reforça o policiamento, em ocorrências complexas e apoio ao policiamento de área.",,,,,,,,,,,,,,,,,,,,,,,,,,,,,,,,,,,,,,,,,,,,,,,,,,,,,,,,,,,
POINT (-46.71952 -23.6429581),police,PM,Polícia Militar do Estado de São Paulo,Q10351025,military,police,PMESP,,,,,,,,,,,,,,,,,,,,,,,,,,,,,,,,,,,,,,,,,,,,,,,,,,,,,,,,,,,,,,,,,,,,,,,,,,,,,,,,,,,,,,,,,
POINT (-46.7361213 -23.6083619),police,89º Distrito Policial,Polícia Civil do Estado de São Paulo,Q10350993,,,,,,,,,,,,,,,,,,,,,,,,,,,,,,,,,,,,,,,,,,,,,,,,,,,,,,,,,,,,,,,,,,,,,,,,,,,,,,,,,,,,,,,,,,,,
POINT (-46.6286391 -23.6415965),police,Polícia Ambiental - 1º BPAMB - 2ª CIA,Polícia Militar do Estado de São Paulo,Q10351025,military,police,PMESP,,,,,,,,,,,,,,,,,,,,,,,,,,,,,,,,,,,,,,,,,,,,,,,,,,,,,,,,,,,,,,,,,,,,,,,,,,,,,,,,,,,,,,,,,
POINT (-46.6563185 -23.5618442),police,Base Comunitária de Segurança,Polícia Militar do Estado de São Paulo,Q10351025,military,police,PMESP,,,,Avenida Paulista,24/7,https://www.policiamilitar.sp.gov.br/institucional/policiamento-comunitario,,,,,,,,,,,,,,,,,,,,,,,,,,,,,,,,,,,,,,,,,,,,,,,,,,,,,,,,,,,,,,,,,,,,,,,,,,,,,,,,,,,
POINT (-46.65017 -23.55543),police,Base Comunitária de Segurança,,,,,,,,,Praça 14 Bis,24/7,https://www.policiamilitar.sp.gov.br/institucional/policiamento-comunitario,,,,,,,,,,,,,,,,,,,,,,,,,,,,,,,,,,,,,,,,,,,,,,,,,,,,,,,,,,,,,,,,,,,,,,,,,,,,,,,,,,,
POINT (-46.6719949 -23.5555311),police,Base Comunitária de Segurança,,,,,,,560,,Avenida Doutor Eneas Carvalho de Aguiar,24/7,https://www.policiamilitar.sp.gov.br/institucional/policiamento-comunitario,,,,,,,,,,,,,,,,,,,,,,,,,,,,,,,,,,,,,,,,,,,,,,,,,,,,,,,,,,,,,,,,,,,,,,,,,,,,,,,,,,,
POINT (-46.5980095 -23.6274311),police,,Polícia Rodoviária do Estado de São Paulo,Q7665658,,,,,,,,,,,,,,,,,,,,,,,,,,,,,,,,,,,,,,,,,,,,,,,,,,,,,,,,,,,,,,,,,,,,,,,,,,,,,,,,,,,,,,,,,,,,
POINT (-46.7091634 -23.9069853),police,Base Comunitária de Segurança Marsilac,Polícia Militar do Estado de São Paulo,Q10351025,military,police,PMESP,,,,,,,,,,,,,,,,,,,,,,,,,,,,,,,,,,,,,,,,,,,,,,,,,,,,,,,,,,,,,,,,,,,,,,,,,,,,,,,,,,,,,,,,,
POINT (-46.4115165 -23.5202411),police,67º Distrito Policial,Polícia Civil do Estado de São Paulo,Q10350993,,,,,,,,,,,,,,,,,,,,,,67º DP,,,,,,,,,,,,,,,,,,,,,,,,,,,,,,,,,,,,,,,,,,,,,,,,,,,,,,,,,,,,,,,,,,,,,,
POINT (-46.3967784 -23.5051043),police,50º Distrito Policial,Polícia Civil do Estado de São Paulo,Q10350993,,,,,,,,,,,,,,,,,,,,,,50º DP,,,,,,,,,,,,,,,,,,,,,,,,,,,,,,,,,,,,,,,,,,,,,,,,,,,,,,,,,,,,,,,,,,,,,,
POINT (-46.4463707 -23.5095833),police,63º Distrito Policial,Polícia Civil do Estado de São Paulo,Q10350993,,,,,,,,,,,,,,,,,,,,,,63º DP,,,,,,,,,,,,,,,,,,,,,,,,,,,,,,,,,,,,,,,,,,,,,,,,,,,,,,,,,,,,,,,,,,,,,,
POINT (-46.6467869 -23.6255492),police,Administração da Sub - Frota - DECAP,Polícia Civil do Estado de São Paulo,Q10350993,,,,,,,,,,,,,,,,,,,,,,,,,,,,,,,,,,Administração da Sub-Frota-DECAP,,,,,,,,,,,,,,,,,,,,,,,,,,,,,,,,,,,,,,,,,,,,,,,,,,,,,,,,,,
POINT (-46.623435 -23.5942087),police,Polícia Militar - Base Comunitária Chácara Klabin,Polícia Militar do Estado de São Paulo,Q10351025,military,police,PMESP,,,,,,,,,,,,,,,,,,,,,,,,,,,,,,,,,,,,,,,,,,,,,,,,,,,,,,,,,,,,,,,,,,,,,,,,,,,,,,,,,,,,,,,,,
POINT (-46.6456302 -23.6101447),police,Polícia Militar - Força Tática do 3º BPM/M,Polícia Militar do Estado de São Paulo,Q10351025,military,police,PMESP,,,,,,,,,,,,,,,,,,,,,,,,,,,,,,,,,,,,,,,,,,,,,,,,,,,,,,,,,,,,,,,,,,,,,,,,,,,,,,,,,,,,,,,,,
POINT (-46.6562476 -23.5925212),police,Polícia Militar - Base Comunitária de Segurança Jardim Lusitânia,Polícia Militar do Estado de São Paulo,Q10351025,military,police,PMESP,,,,,,,,,,,,,,,,,,,,,,,,,,,,,,,,,,,,,,,,,,,,,,,,,,,,,,,,,,,,,,,,,,,,,,,,,,,,,,,,,,,,,,,,,
POINT (-46.6454417 -23.5933287),police,Polícia Militar - CPA/M2 - 2ª Companhia do 12º BPM/M,Polícia Militar do Estado de São Paulo,Q10351025,military,police,PMESP,,,,,,,,,,,,,,,,,,,,,,,,,,,,,,,,,,,,,,,,,,,,,,,,,,,,,,,,,,,,,,,,,,,,,,,,,,,,,,,,,,,,,,,,,
POINT (-46.5948631 -23.6037553),police,95º Distrito Policial,Polícia Civil do Estado de São Paulo,Q10350993,,,,,,,,,,,,,,,,,,,,,,95º DP,,,,,,,,,,,,,,,,,,,,,,,,,,,,,,,,,,,,,,,,,,,,,,,,,,,,,,,,,,,,,,,,,,,,,,
POINT (-46.728446 -23.6324062),police,Polícia Militar - 1ª Companhia do 16º BPM/M,Polícia Militar do Estado de São Paulo,Q10351025,military,police,PMESP,,,,,,,,,,,,,,,,,,,,,,,,,,,,,,,,,,,,,,,,,,,,,,,,,,,,,,,,,,,,,,,,,,,,,,,,,,,,,,,,,,,,,,,,,
POINT (-46.5985091 -23.601656),police,Polícia Militar - Base Comunitária de Segurança Almirante Delamare,Polícia Militar do Estado de São Paulo,Q10351025,military,police,PMESP,,,,,,,,,,,,,,,,,,,,,,,,,,,,,,,,,,,,,,,,,,,,,,,,,,,,,,,,,,,,,,,,,,,,,,,,,,,,,,,,,,,,,,,,,
POINT (-46.6929262 -23.6044026),police,96º Distrito Policial,Polícia Civil do Estado de São Paulo,Q10350993,,,,,,,,,,,,,,,,,,,,,,96º DP,,,,,,,,,,,,,,,,,,,,,,,,,,,,,,,,,,,,,,,,,,,,,,,,,,,,,,,,,,,,,,,,,,,,,,
POINT (-46.7705904 -23.6330896),police,Polícia Militar - 3ª Cia. do 16º BPM/M,Polícia Militar do Estado de São Paulo,Q10351025,military,police,PMESP,,,,,,,,,,,,,,,,,,,,,,,,,,,,,,,,,,,,,,,,,,,,,,,,,,,,,,,,,,,,,,,,,,,,,,,,,,,,,,,,,,,,,,,,,
POINT (-46.6744935 -23.581828),police,15º Distrito Policial,Polícia Civil do Estado de São Paulo,Q10350993,,,,,,,,,,,,,,,,,,,,,,15º DP,,,,,,,,,,,,,,,,,,,,,,,,,,,,,,,,,,,,,,,,,,,,,,,,,,,,,,,,,,,,,,,,,,,,,,
POINT (-46.7704428 -23.6329041),police,37º Distrito Policial,Polícia Civil do Estado de São Paulo,Q10350993,,,,,,,,,,,,,,,,,,,,,,37º DP,,,,,,,,,,,,,,,,,,,,,,,,,,,,,,,,,,,,,,,,,,,,,,,,,,,,,,,,,,,,,,,,,,,,,,
POINT (-46.6628342 -23.6267186),police,Polícia Militar - 12º BPM/M,Polícia Militar do Estado de São Paulo,Q10351025,military,police,PMESP,,,,,,,,,,,,,,,,,,,,,,,,,,,,,,,,,,,,,,,,,,,,,,,,,,,,,,,,,,,,,,,,,,,,,,,,,,,,,,,,,,,,,,,,,
POINT (-46.7074176 -23.6468383),police,11º Distrito Policial,Polícia Civil do Estado de São Paulo,Q10350993,,,,,,,,24/7,,,,,,,,,,,,,,11º DP,,,,,,,,,,,,,,,,,,,,,,,,,,,,,,,,,,,,,,,,,,,,,,,,,,,,,,,,,,,,,,,,,,,,,,
POINT (-46.6436753 -23.6394747),police,Polícia Militar - 1ª Cia. do 3º BPM/M,Polícia Militar do Estado de São Paulo,Q10351025,military,police,PMESP,,,,,,,,,,,,,,,,,,,,,,,,,,,,,,,,,,,,,,,,,,,,,,,,,,,,,,,,,,,,,,,,,,,,,,,,,,,,,,,,,,,,,,,,,
POINT (-46.7123606 -23.8619179),police,Polícia Militar - 1ª Cia. do 50º BPM/M,Polícia Militar do Estado de São Paulo,Q10351025,military,police,PMESP,,,,,,,,,,,,,,,,,,,,,,,,,,,,,,,,,,,,,,,,,,,,,,,,,,,,,,,,,,,,,,,,,,,,,,,,,,,,,,,,,,,,,,,,,
POINT (-46.7168193 -23.7669016),police,Polícia Militar - Força Tática,Polícia Militar do Estado de São Paulo,Q10351025,military,police,PMESP,,,,,,,,,,,,,,,,,,,,,,,,,,,,,,,,,,,,,,,,,,,,,,,,,,,,,,,,,,,,,,,,,,,,,,,,,,,,,,,,,,,,,,,,,
POINT (-46.7413559 -23.8810782),police,Polícia Militar - BCS Embura - 27º BPM/M,Polícia Militar do Estado de São Paulo,Q10351025,military,police,PMESP,,,,,,,,,,,,,,,,,,,,,,,,,,,,,,,,,,,,,,,,,,,,,,,,,,,,,,,,,,,,,,,,,,,,,,,,,,,,,,,,,,,,,,,,,
POINT (-46.6972215 -23.8474582),police,Polícia Militar - Posto Colônia,Polícia Militar do Estado de São Paulo,Q10351025,military,police,PMESP,,,,,,,,,,,,,,,,,,,,,,,,,,,,,,,,,,,,,,,,,,,,,,,,,,,,,,,,,,,,,,,,,,,,,,,,,,,,,,,,,,,,,,,,,
POINT (-46.7488643 -23.650043),police,Polícia Militar - 1ª Cia. do 1º BPM/M,Polícia Militar do Estado de São Paulo,Q10351025,military,police,PMESP,,,,,,,,,,,,,,,,,,,,,,,,,,,,,,,,,,,,,,,,,,,,,,,,,,,,,,,,,,,,,,,,,,,,,,,,,,,,,,,,,,,,,,,,,
POINT (-46.7732551 -23.6895974),police,Polícia Militar,Polícia Militar do Estado de São Paulo,Q10351025,military,police,PMESP,,,,,,,,,,,,,,,,,,,,,,,,,,,,,,,,,,,,,,,,,,,,,,,,,,,,,,,,,,,,,,,,,,,,,,,,,,,,,,,,,,,,,,,,,
POINT (-46.7672235 -23.7162174),police,Polícia Militar - 2ª Cia. do 37º BPM/M,Polícia Militar do Estado de São Paulo,Q10351025,military,police,PMESP,,,,,,,,,,,,,,,,,,,,,,,,,,,,,,,,,,,,,,,,,,,,,,,,,,,,,,,,,,,,,,,,,,,,,,,,,,,,,,,,,,,,,,,,,
POINT (-46.7831257 -23.6645116),police,Polícia Militar,Polícia Militar do Estado de São Paulo,Q10351025,military,police,PMESP,,,,,,,,,,,,,,,,,,,,,,,,,,,,,,,,,,,,,,,,,,,,,,,,,,,,,,,,,,,,,,,,,,,,,,,,,,,,,,,,,,,,,,,,,
POINT (-46.7074999 -23.658742),police,Polícia Militar,Polícia Militar do Estado de São Paulo,Q10351025,military,police,PMESP,,,,,,,,,,,,,,,,,,,,,,,,,,,,,,,,,,,,,,,,,,,,,,,,,,,,,,,,,,,,,,,,,,,,,,,,,,,,,,,,,,,,,,,,,
POINT (-46.7069447 -23.6540228),police,Polícia Militar,Polícia Militar do Estado de São Paulo,Q10351025,military,police,PMESP,,,,,,,,,,,,,,,,,,,,,,,,,,,,,,,,,,,,,,,,,,,,,,,,,,,,,,,,,,,,,,,,,,,,,,,,,,,,,,,,,,,,,,,,,
POINT (-46.7039634 -23.6475851),police,Polícia Militar,Polícia Militar do Estado de São Paulo,Q10351025,military,police,PMESP,,,,,,,,,,,,,,,,,,,,,,,,,,,,,,,,,,,,,,,,,,,,,,,,,,,,,,,,,,,,,,,,,,,,,,,,,,,,,,,,,,,,,,,,,
POINT (-46.7162046 -23.6515829),police,Polícia Militar,Polícia Militar do Estado de São Paulo,Q10351025,military,police,PMESP,,,,,,,,,,,,,,,,,,,,,,,,,,,,,,,,,,,,,,,,,,,,,,,,,,,,,,,,,,,,,,,,,,,,,,,,,,,,,,,,,,,,,,,,,
POINT (-46.7006994 -23.6827385),police,Polícia Militar,Polícia Militar do Estado de São Paulo,Q10351025,military,police,PMESP,,,,,,,,,,,,,,,,,,,,,,,,,,,,,,,,,,,,,,,,,,,,,,,,,,,,,,,,,,,,,,,,,,,,,,,,,,,,,,,,,,,,,,,,,
POINT (-46.6700873 -23.7432191),police,Polícia Militar - 4ª Cia. do 27º BPM/M - CPA/M-10,Polícia Militar do Estado de São Paulo,Q10351025,military,police,PMESP,,,,,,,,,,,,,,,,,,,,,,,,,,,,,,,,,,,,,,,,,,,,,,,,,,,,,,,,,,,,,,,,,,,,,,,,,,,,,,,,,,,,,,,,,
POINT (-46.7212637 -23.5448079),police,Polícia Militar,Polícia Militar do Estado de São Paulo,Q10351025,military,police,PMESP,,,,,,,,,,,,,,,,,,,,,,,,,,,,,,,,,,,,,,,,,,,,,,,,,,,,,,,,,,,,,,,,,,,,,,,,,,,,,,,,,,,,,,,,,
POINT (-46.6899231 -23.4690496),police,45º Distrito Policial,Polícia Civil do Estado de São Paulo,Q10350993,,,,,,,,,,,,,,,,,,,,,,45º DP,,,,,,,,,,,,,,,,,,,,,,,,,,,,,,,,,,,,,,,,,,,,,,,,,,,,,,,,,,,,,,,,,,,,,,
POINT (-46.6902027 -23.4692262),police,Polícia Militar - 3ª Cia. do 18º BPM/M,Polícia Militar do Estado de São Paulo,Q10351025,military,police,PMESP,,,,,,,,,,,,,,,,,,,,,,,,,,,,,,,,,,,,,,,,,,,,,,,,,,,,,,,,,,,,,,,,,,,,,,,,,,,,,,,,,,,,,,,,,
POINT (-46.4702228 -23.6236033),police,55º Distrito Policial,Polícia Civil do Estado de São Paulo,Q10350993,,,,,,,,,,,,,,,,,,,,,,55º DP,,,,,,,,,,,,,,,,,,,,,,,,,,,,,,,,,,,,,,,,,,,,,,,,,,,,,,,,,,,,,,,,,,,,,,
POINT (-46.5009436 -23.6083064),police,69º Distrito Policial,Polícia Civil do Estado de São Paulo,Q10350993,,,,,,,,,,,,,,,,,,,,,,69º DP,,,,,,,,,,,,,,,,,,,,,,,,,,,,,,,,,,,,,,,,,,,,,,,,,,,,,,,,,,,,,,,,,,,,,,
POINT (-46.4369149 -23.5519597),police,103º Distrito Policial,Polícia Civil do Estado de São Paulo,Q10350993,,,,,,,,,,,,,,,,,,,,,,103º DP,,,,,,,,,,,,,,,,,,,,,,,,,,,,,,,,,,,,,,,,,,,,,,,,,,,,,,,,,,,,,,,,,,,,,,
POINT (-46.4818396 -23.4894722),police,62º Distrito Policial,Polícia Civil do Estado de São Paulo,Q10350993,,,,,,,,,,,,,,,,,,,,,,62º DP,,,,,,,,,,,,,,,,,,,,,,,,,,,,,,,,,,,,,,,,,,,,,,,,,,,,,,,,,,,,,,,,,,,,,,
POINT (-46.5853419 -23.4586254),police,73º Distrito Policial,Polícia Civil do Estado de São Paulo,Q10350993,,,,,,,,,,,,,,,,,,,,,,73º DP,,,,,,,,,,,,,,,,,,,,,,,,,,,,,,,,,,,,,,,,,,,,,,,,,,,,,,,,,,,,,,,,,,,,,,
POINT (-46.73803 -23.4043901),police,46º Distrito Policial,Polícia Civil do Estado de São Paulo,Q10350993,,,,,,,,,,,,,,,,,,,,,,46º DP,,,,,,,,,,,,,,,,,,,,,,,,,,,,,,,,,,,,,,,,,,,,,,,,,,,,,,,,,,,,,,,,,,,,,,
POINT (-46.738085 -23.4041156),police,Polícia Militar - 1ª Cia. do 49º BPM/M,Polícia Militar do Estado de São Paulo,Q10351025,military,police,PMESP,,,,,,,,,,,,,,,,,,,,,,,,,,,,,,,,,,,,,,,,,,,,,,,,,,,,,,,,,,,,,,,,,,,,,,,,,,,,,,,,,,,,,,,,,
POINT (-46.7459523 -23.4972381),police,33º Distrito Policial,Polícia Civil do Estado de São Paulo,Q10350993,,,,,,,,,,,,,,,,,,,,,,33º DP,,,,,,,,,,,,,,,,,,,,,,,,,,,,,,,,,,,,,,,,,,,,,,,,,,,,,,,,,,,,,,,,,,,,,,
POINT (-46.7460985 -23.4974607),police,Polícia Militar - 3ª Cia. do 49º BPM/M,Polícia Militar do Estado de São Paulo,Q10351025,military,police,PMESP,,,,,,,,,,,,,,,,,,,,,,,,,,,,,,,,,,,,,,,,,,,,,,,,,,,,,,,,,,,,,,,,,,,,,,,,,,,,,,,,,,,,,,,,,
POINT (-46.584373 -23.5177723),police,Polícia Militar - 2ª Cia. do 5º BPM/M,Polícia Militar do Estado de São Paulo,Q10351025,military,police,PMESP,,,,,,,,,,,,,,,,,,,,,,,,,,,,,,,,,,,,,,,,,,,,,,,,,,,,,,,,,,,,,,,,,,,,,,,,,,,,,,,,,,,,,,,,,
POINT (-46.5934127 -23.527146),fire_station,Centro de Suprimentos e Manutenção do Material Operacional de Bombeiros CSM/MOpB,Corpo de Bombeiros Militar do Estado de São Paulo,Q10260738,,,,,,,,,,,,,,,,,,,,,,,,,,,,,,,,,,,,,,,,,,,,,,,,,,,,,,,,,,,,,,,,,,,,,,,,,,,,,,,,,,,,,,,,,,,,
POINT (-46.5925852 -23.5273446),police,Polícia de Choque - 3º Batalhão Humaitá,Polícia Militar do Estado de São Paulo,Q10351025,military,police,PMESP,,,,,,,,,,,,,,,,,,,,,,,,,,,,,,,,,,,,,,,,,,,,,,,,,,,,,,,,,,,,,,,,,,,,,,,,,,,,,,,,,,,,,,,,,
POINT (-46.6108019 -23.580524),police,Polícia Militar - 3ª Cia. do 1º BPTran,Polícia Militar do Estado de São Paulo,Q10351025,military,police,PMESP,,,,,,,,,,,,,,,,,,,,,,,,,,,,,,,,,,,,,,,,,,,,,,,,,,,,,,,,,,,,,,,,,,,,,,,,,,,,,,,,,,,,,,,,,
POINT (-46.6985518 -23.5483131),police,Polícia Militar,Polícia Militar do Estado de São Paulo,Q10351025,military,police,PMESP,,,,,,,,,,,,,,,,,,,,,,,,,,,,,,,,,,,,,,,,,,,,,,,,,,,,,,,,,,,,,,,,,,,,,,,,,,,,,,,,,,,,,,,,,
POINT (-46.6086205 -23.5912149),police,Polícia Militar - 2ª Cia. do 46º BPM/M,Polícia Militar do Estado de São Paulo,Q10351025,military,police,PMESP,,,,,,,,,,,,,,,,,,,,,,,,,,,,,,,,,,,,,,,,,,,,,,,,,,,,,,,,,,,,,,,,,,,,,,,,,,,,,,,,,,,,,,,,,
POINT (-46.6248793 -23.559147),police,Polícia Militar - 2ª Cia. do 11º BPM/M,Polícia Militar do Estado de São Paulo,Q10351025,military,police,PMESP,,,,,,,,,,,,,,,,,,,,,,,,,,,,,,,,,,,,,,,,,,,,,,,,,,,,,,,,,,,,,,,,,,,,,,,,,,,,,,,,,,,,,,,,,
POINT (-46.5811842 -23.4596334),police,Polícia Militar - 1ª Cia. do 43º BPM/M,Polícia Militar do Estado de São Paulo,Q10351025,military,police,PMESP,,,,,,,,,,,,,,,,,,,,,,,,,,,,,,,,,,,,,,,,,,,,,,,,,,,,,,,,,,,,,,,,,,,,,,,,,,,,,,,,,,,,,,,,,
POINT (-46.6391957 -23.5652463),police,Polícia Militar - Comando de Policiamento de Área Metropolitana - 1,Polícia Militar do Estado de São Paulo,Q10351025,military,police,PMESP,,,,,,,,,,,,,,,,,,,,,,,,,,,,,,,,,,,,,,,,,,,,,,,,,,,,,,,,,,,,,,,,,,,,,,,,,,,,,,,,,,,,,,,,,
POINT (-46.6383695 -23.5768204),police,Polícia Militar - 1º BPTran,Polícia Militar do Estado de São Paulo,Q10351025,military,police,PMESP,,,,,,,,,,,,,,,,,,,,,,,,,,,,,,,,,,,,,,,,,,,,,,,,,,,,,,,,,,,,,,,,,,,,,,,,,,,,,,,,,,,,,,,,,
POINT (-46.6452331 -23.5330547),police,Polícia Militar,Polícia Militar do Estado de São Paulo,Q10351025,military,police,PMESP,,,,,,,,,,,,,,,,,,,,,,,,,,,,,,,,,,,,,,,,,,,,,,,,,,,,,,,,,,,,,,,,,,,,,,,,,,,,,,,,,,,,,,,,,
POINT (-46.6456548 -23.5323846),police,Polícia Militar,Polícia Militar do Estado de São Paulo,Q10351025,military,police,PMESP,,,,,,,,,,,,,,,,,,,,,,,,,,,,,,,,,,,,,,,,,,,,,,,,,,,,,,,,,,,,,,,,,,,,,,,,,,,,,,,,,,,,,,,,,
POINT (-46.6387921 -23.5650177),police,Polícia Militar - Sede do 11º BPM/M,Polícia Militar do Estado de São Paulo,Q10351025,military,police,PMESP,,,,,,,,,,,,,,,,,,,,,,,,,,,,,,,,,,,,,,,,,,,,,,,,,,,,,,,,,,,,,,,,,,,,,,,,,,,,,,,,,,,,,,,,,
POINT (-46.6649852 -23.5368873),police,Polícia Militar - 3ª Cia. do 4º BPM/M,Polícia Militar do Estado de São Paulo,Q10351025,military,police,PMESP,,,,,,,,,,,,,,,,,,,,,,,,,,,,,,,,,,,,,,,,,,,,,,,,,,,,,,,,,,,,,,,,,,,,,,,,,,,,,,,,,,,,,,,,,
POINT (-46.6203228 -23.4851481),police,Polícia Militar - 43º BPM/M,Polícia Militar do Estado de São Paulo,Q10351025,military,police,PMESP,,,,,,,,,,,,,,,,,,,,,,,,,,,,,,,,,,,,,,,,,,,,,,,,,,,,,,,,,,,,,,,,,,,,,,,,,,,,,,,,,,,,,,,,,
POINT (-46.6267832 -23.4636245),police,Polícia de Choque - 5º Batalhão,Polícia Militar do Estado de São Paulo,Q10351025,military,police,PMESP,,,,,,,,,,,,,,,,,,,,,,,,,,,,,,,,,,,,,,,,,,,,,,,,,,,,,,,,,,,,,,,,,,,,,,,,,,,,,,,,,,,,,,,,,
POINT (-46.6172753 -23.4644607),police,Polícia Militar - Centro de Pesquisa e Desenvolvimento em Reprodução Canina,Polícia Militar do Estado de São Paulo,Q10351025,military,police,PMESP,,,,,,,,,,,,,,,,,,,,,,,,,,,,,,,,,,,,,,,,,,,,,,,,,,,,,,,,,,,,,,,,,,,,,,,,,,,,,,,,,,,,,,,,,
POINT (-46.6362693 -23.6321737),police,Polícia Militar - Sede do 3º BPM/M,Polícia Militar do Estado de São Paulo,Q10351025,military,police,PMESP,,,,,,,,,,,,,,,,,,,,,,,,,,,,,,,,,,,,,,,,,,,,,,,,,,,,,,,,,,,,,,,,,,,,,,,,,,,,,,,,,,,,,,,,,
POINT (-46.5798036 -23.4542958),police,Polícia Militar - BCS Jova Rural - 1ª Cia. do 43º BPM/M,Polícia Militar do Estado de São Paulo,Q10351025,military,police,PMESP,,,,,,,,,,,,,,,,,,,,,,,,,,,,,,,,,,,,,,,,,,,,,,,,,,,,,,,,,,,,,,,,,,,,,,,,,,,,,,,,,,,,,,,,,
POINT (-46.6241372 -23.4599956),police,Polícia Militar,Polícia Militar do Estado de São Paulo,Q10351025,military,police,PMESP,,,,,,,,,,,,,,,,,,,,,,,,,,,,,,,,,,,,,,,,,,,,,,,,,,,,,,,,,,,,,,,,,,,,,,,,,,,,,,,,,,,,,,,,,
POINT (-46.6252327 -23.4630837),police,Polícia Militar - Operações Especiais,Polícia Militar do Estado de São Paulo,Q10351025,military,police,PMESP,,,,,,,,,,,,,,,,,,,,,,,,,,,,,,,,,,,,,,,,,,,,,,,,,,,,,,,,,,,,,,,,,,,,,,,,,,,,,,,,,,,,,,,,,
POINT (-46.5900686 -23.4833225),police,Polícia Militar,Polícia Militar do Estado de São Paulo,Q10351025,military,police,PMESP,,,,,,,,,,,,,,,,,,,,,,,,,,,,,,,,,,,,,,,,,,,,,,,,,,,,,,,,,,,,,,,,,,,,,,,,,,,,,,,,,,,,,,,,,
POINT (-46.5653087 -23.4767324),police,Polícia Militar,Polícia Militar do Estado de São Paulo,Q10351025,military,police,PMESP,,,,,,,,,,,,,,,,,,,,,,,,,,,,,,,,,,,,,,,,,,,,,,,,,,,,,,,,,,,,,,,,,,,,,,,,,,,,,,,,,,,,,,,,,
POINT (-46.5009117 -23.5259169),police,Polícia Militar,Polícia Militar do Estado de São Paulo,Q10351025,military,police,PMESP,,,,,,,,,,,,,,,,,,,,,,,,,,,,,,,,,,,,,,,,,,,,,,,,,,,,,,,,,,,,,,,,,,,,,,,,,,,,,,,,,,,,,,,,,
POINT (-46.6114605 -23.595137),police,Polícia Militar,Polícia Militar do Estado de São Paulo,Q10351025,military,police,PMESP,,,,,,,,,,,,,,,,,,,,,,,,,,,,,,,,,,,,,,,,,,,,,,,,,,,,,,,,,,,,,,,,,,,,,,,,,,,,,,,,,,,,,,,,,
POINT (-46.6006649 -23.5970338),police,Polícia Militar,Polícia Militar do Estado de São Paulo,Q10351025,military,police,PMESP,,,,,,,,,,,,,,,,,,,,,,,,,,,,,,,,,,,,,,,,,,,,,,,,,,,,,,,,,,,,,,,,,,,,,,,,,,,,,,,,,,,,,,,,,
POINT (-46.6021884 -23.6230048),police,Polícia Militar - 3ª Cia. do 46º BPM/M,Polícia Militar do Estado de São Paulo,Q10351025,military,police,PMESP,,,,,,,,,,,,,,,,,,,,,,,,,,,,,,,,,,,,,,,,,,,,,,,,,,,,,,,,,,,,,,,,,,,,,,,,,,,,,,,,,,,,,,,,,
POINT (-46.6121213 -23.5295272),police,Polícia Militar - 3ª Cia. do 13º BPM/M - CPA/M-1,Polícia Militar do Estado de São Paulo,Q10351025,military,police,PMESP,,,,,,,,,,,,,,,,,,,,,,,,,,,,,,,,,,,,,,,,,,,,,,,,,,,,,,,,,,,,,,,,,,,,,,,,,,,,,,,,,,,,,,,,,
POINT (-46.547725 -23.5784832),police,Polícia Militar - 3ª Cia. do 21º BPM/M,Polícia Militar do Estado de São Paulo,Q10351025,military,police,PMESP,,,,,,,,,,,,,,,,,,,,,,,,,,,,,,,,,,,,,,,,,,,,,,,,,,,,,,,,,,,,,,,,,,,,,,,,,,,,,,,,,,,,,,,,,
POINT (-46.5876964 -23.5359921),police,Polícia Militar,Polícia Militar do Estado de São Paulo,Q10351025,military,police,PMESP,,,,,,,,,,,,,,,,,,,,,,,,,,,,,,,,,,,,,,,,,,,,,,,,,,,,,,,,,,,,,,,,,,,,,,,,,,,,,,,,,,,,,,,,,
POINT (-46.5697286 -23.5313183),police,Polícia Militar - CPA/M-11,Polícia Militar do Estado de São Paulo,Q10351025,military,police,PMESP,,,,,,,,,,,,,,,,,,,,,,,,,,,,,,,,,,,,,,,,,,,,,,,,,,,,,,,,,,,,,,,,,,,,,,,,,,,,,,,,,,,,,,,,,
POINT (-46.5832304 -23.5868346),police,Polícia Militar - 4ª Cia. do 21º BPM/M,Polícia Militar do Estado de São Paulo,Q10351025,military,police,PMESP,,,,,,,,,,,,,,,,,,,,,,,,,,,,,,,,,,,,,,,,,,,,,,,,,,,,,,,,,,,,,,,,,,,,,,,,,,,,,,,,,,,,,,,,,
POINT (-46.5917636 -23.570699),police,Polícia Militar - 1ª Cia. do 21º BPM/M - CPA/M-11,Polícia Militar do Estado de São Paulo,Q10351025,military,police,PMESP,,,,,,,,,,,,,,,,,,,,,,,,,,,,,,,,,,,,,,,,,,,,,,,,,,,,,,,,,,,,,,,,,,,,,,,,,,,,,,,,,,,,,,,,,
POINT (-46.5574085 -23.5733084),police,Polícia Militar - 2ª Cia. do 21º BPM/M,Polícia Militar do Estado de São Paulo,Q10351025,military,police,PMESP,,,,,,,,,,,,,,,,,,,,,,,,,,,,,,,,,,,,,,,,,,,,,,,,,,,,,,,,,,,,,,,,,,,,,,,,,,,,,,,,,,,,,,,,,
POINT (-46.468655 -23.5169545),police,Polícia Militar - 29º BPM/M,Polícia Militar do Estado de São Paulo,Q10351025,military,police,PMESP,,,,,,,,,,,,,,,,,,,,,,,,,,,,,,,,,,,,,,,,,,,,,,,,,,,,,,,,,,,,,,,,,,,,,,,,,,,,,,,,,,,,,,,,,
POINT (-46.4606325 -23.4975278),police,Polícia Militar - 2ª Cia. do 2º BPM/M - CPA/M-4,Polícia Militar do Estado de São Paulo,Q10351025,military,police,PMESP,,,,,,,,,,,,,,,,,,,,,,,,,,,,,,,,,,,,,,,,,,,,,,,,,,,,,,,,,,,,,,,,,,,,,,,,,,,,,,,,,,,,,,,,,
POINT (-46.4403533 -23.4932344),police,Polícia Militar,Polícia Militar do Estado de São Paulo,Q10351025,military,police,PMESP,,,,,,,,,,,,,,,,,,,,,,,,,,,,,,,,,,,,,,,,,,,,,,,,,,,,,,,,,,,,,,,,,,,,,,,,,,,,,,,,,,,,,,,,,
POINT (-46.4804255 -23.5049627),police,Polícia Militar - 3ª Cia. do 2º BPM/M,Polícia Militar do Estado de São Paulo,Q10351025,military,police,PMESP,,,,,,,,,,,,,,,,,,,,,,,,,,,,,,,,,,,,,,,,,,,,,,,,,,,,,,,,,,,,,,,,,,,,,,,,,,,,,,,,,,,,,,,,,
POINT (-46.4071663 -23.5885719),police,Polícia Militar - Força Tática - 28º BPM/M,Polícia Militar do Estado de São Paulo,Q10351025,military,police,PMESP,,,,,,,,,,,,,,,,,,,,,,,,,,,,,,,,,,,,,,,,,,,,,,,,,,,,,,,,,,,,,,,,,,,,,,,,,,,,,,,,,,,,,,,,,
POINT (-46.4137681 -23.5238333),police,Polícia Militar - 1ª Cia. do 48º BPM/M,Polícia Militar do Estado de São Paulo,Q10351025,military,police,PMESP,,,,,24/7,,,,,,,,,,,,,,,,,,,,,,,,,,,,,,,,,,,,,,,,,,,,,,,,,,,,,,,,,,,,,,,,,,,,,,,,,,,,,,,,,,,,
POINT (-46.5174344 -23.5796091),police,Polícia Militar,Polícia Militar do Estado de São Paulo,Q10351025,military,police,PMESP,,,,,,,,,,,,,,,,,,,,,,,,,,,,,,,,,,,,,,,,,,,,,,,,,,,,,,,,,,,,,,,,,,,,,,,,,,,,,,,,,,,,,,,,,
POINT (-46.423845 -23.6190093),police,Polícia Militar - 1ª Cia. do 38º BPM/M,Polícia Militar do Estado de São Paulo,Q10351025,military,police,PMESP,,,,,,,,,,,,,,,,,,,,,,,,,,,,,,,,,,,,,,,,,,,,,,,,,,,,,,,,,,,,,,,,,,,,,,,,,,,,,,,,,,,,,,,,,
POINT (-46.4752475 -23.6116818),police,Polícia Militar - 2ª Cia. do 38º BPM/M - PPM São Mateus,Polícia Militar do Estado de São Paulo,Q10351025,military,police,PMESP,,,,,,,,,,,,,,,,,,,,,,,,,,,,,,,,,,,,,,,,,,,,,,,,,,,,,,,,,,,,,,,,,,,,,,,,,,,,,,,,,,,,,,,,,
POINT (-46.4599987 -23.6078561),police,Polícia Militar - 2ª Cia. do 38º BPM/M,Polícia Militar do Estado de São Paulo,Q10351025,military,police,PMESP,,,,,,,,,,,,,,,,,,,,,,,,,,,,,,,,,,,,,,,,,,,,,,,,,,,,,,,,,,,,,,,,,,,,,,,,,,,,,,,,,,,,,,,,,
"POLYGON ((-46.7132492 -23.5668411, -46.7132515 -23.5668412, -46.7132943 -23.5657886, -46.7132328 -23.5657869, -46.7131807 -23.5657854, -46.7127013 -23.5657684, -46.7126785 -23.5657677, -46.7126297 -23.565766, -46.7125756 -23.5657641, -46.7125362 -23.5657628, -46.7124904 -23.5668132, -46.7131637 -23.5668379, -46.7132492 -23.5668411), (-46.7126506 -23.566674, -46.7126531 -23.5665918, -46.7131365 -23.5666086, -46.713133 -23.5666928, -46.7126506 -23.566674), (-46.7126594 -23.5664496, -46.7126611 -23.5663647, -46.7131463 -23.5663815, -46.7131413 -23.5664659, -46.7126594 -23.5664496), (-46.712668 -23.5662222, -46.7126718 -23.5661371, -46.7131549 -23.5661547, -46.7131515 -23.5662379, -46.712668 -23.5662222), (-46.7126777 -23.5659947, -46.7126804 -23.5659098, -46.713164 -23.5659268, -46.713161 -23.5660105, -46.7126777 -23.5659947))",police,Academia de Polícia - Campus I,Polícia Civil do Estado de São Paulo,Q10350993,,,,,,,,,,,,,,,academy,,,,,,,,,,,,,,,,,,,,yes,,,,,,,,,,,,,,,,,,,,,,,,,,,,,,,,,,,,,,,,,Q9571151,pt:Academia de Polícia do Estado de São Paulo,,,,,,,Category:Academia de Polícia do Estado de São Paulo,,,,,,multipolygon,,
"POLYGON ((-46.7128188 -23.5672848, -46.7128359 -23.5672849, -46.7128355 -23.5672984, -46.7126141 -23.5672918, -46.7125957 -23.567769, -46.712814 -23.5677764, -46.7128136 -23.5677866, -46.7127979 -23.567787, -46.7128093 -23.5678404, -46.7129406 -23.5678454, -46.7129567 -23.5677918, -46.712941 -23.5677913, -46.7129415 -23.5677808, -46.7132553 -23.5677916, -46.7132545 -23.5678028, -46.7132372 -23.5678024, -46.7132507 -23.5678553, -46.7133806 -23.5678603, -46.7133986 -23.5678074, -46.7133812 -23.5678066, -46.7133819 -23.5677961, -46.7136016 -23.5678036, -46.7136208 -23.5673265, -46.7134008 -23.5673196, -46.713401 -23.5673071, -46.7134187 -23.5673082, -46.7134055 -23.5672547, -46.713275 -23.5672509, -46.7132597 -23.5673013, -46.7132755 -23.5673016, -46.7132752 -23.5673157, -46.7129612 -23.5673034, -46.7129615 -23.567293, -46.7129788 -23.5672932, -46.7129655 -23.5672389, -46.7128352 -23.5672344, -46.7128188 -23.5672848), (-46.7133844 -23.5677511, -46.7133995 -23.5673632, -46.713494 -23.5673668, -46.7134791 -23.5677559, -46.7133844 -23.5677511), (-46.7131622 -23.5677444, -46.7131801 -23.5673547, -46.7132743 -23.5673575, -46.7132574 -23.5677481, -46.7131622 -23.5677444), (-46.7129495 -23.5675839, -46.7129557 -23.5674399, -46.7129596 -23.5673479, -46.7130543 -23.5673517, -46.7130505 -23.5674429, -46.7130446 -23.5675869, -46.7130382 -23.5677406, -46.7129428 -23.5677376, -46.7129495 -23.5675839), (-46.7127271 -23.5676343, -46.7127298 -23.5675684, -46.7127389 -23.5673399, -46.7128328 -23.5673434, -46.7128243 -23.5675716, -46.7128232 -23.5675998, -46.7128183 -23.5677333, -46.7127233 -23.56773, -46.7127271 -23.5676343))",police,Superintendência de Polícia Técnico-Científica,Polícia Científica de São Paulo,Q10374973,,,,,,,,,,,,,,,,,,,,,,,,,,,,,,,,,,,yes,,,,,,,,,,,,,,,,,,,,,,,,,,,,,,,,,,,,,,,,,,,,,,,,,,,,,,,multipolygon,,
"POLYGON ((-46.6358682 -23.5383626, -46.6358476 -23.5382641, -46.6358219 -23.5381412, -46.6356815 -23.5381665, -46.6356442 -23.5381732, -46.6355153 -23.5381964, -46.6355594 -23.5383724, -46.6355907 -23.538497, -46.6356421 -23.5384811, -46.6356358 -23.5384438, -46.6356596 -23.5384404, -46.6356653 -23.5384739, -46.6358777 -23.538408, -46.6358682 -23.5383626), (-46.6356991 -23.5383699, -46.6357208 -23.538366, -46.6357249 -23.5383858, -46.6356634 -23.5383967, -46.6356593 -23.5383773, -46.6356815 -23.5383734, -46.6356754 -23.538344, -46.6356931 -23.5383408, -46.6356991 -23.5383699))",police,IIRGD - Instituto de Identificação Ricardo Gumbleton Daunt,Polícia Civil do Estado de São Paulo,Q10350993,,,,São Paulo,370,,Avenida Cásper Líbero,,,,,,,,,,,,,,,,,,,,,,,,,,,,yes,,,15.59,,,,,,,,,,,,,,,,,,,,,,,,,,,,,,,,,,,,,,,,,,,,,,,,,,,,multipolygon,,
"POLYGON ((-46.6912986 -23.5619378, -46.6913784 -23.5618216, -46.6910515 -23.5616311, -46.6909718 -23.5617473, -46.6910048 -23.5617666, -46.691134 -23.5618419, -46.6912986 -23.5619378), (-46.6911309 -23.5617427, -46.6911136 -23.5617674, -46.6910166 -23.5617098, -46.6910339 -23.561685, -46.6911309 -23.5617427))",police,14º DP,Polícia Civil do Estado de São Paulo,Q10350993,,,,São Paulo,372,05418-000,Rua Deputado Lacerda Franco,,,,,,,,,,,,,,,,,,,,,pmsp,,,,,,,yes,,,9.375,,,,,,,,,,,,,,,,,,,,,,,,,,,,,,,,,,,,,,,,,,,,,,,,,,,,multipolygon,,
"POLYGON ((-46.6693817 -23.5079416, -46.6693978 -23.5080173, -46.6693195 -23.5080312, -46.6694316 -23.5085607, -46.6695098 -23.5085468, -46.6695237 -23.5086127, -46.6702458 -23.5084843, -46.6701038 -23.5078131, -46.6693817 -23.5079416), (-46.6695258 -23.5084423, -46.6695064 -23.5083503, -46.6697203 -23.5083122, -46.6697398 -23.5084043, -46.6695258 -23.5084423), (-46.6700095 -23.5083563, -46.6697787 -23.5083973, -46.6697592 -23.5083053, -46.66999 -23.5082642, -46.6700095 -23.5083563), (-46.6694543 -23.5081042, -46.6696682 -23.5080661, -46.6696859 -23.5081496, -46.6694719 -23.5081876, -46.6694543 -23.5081042), (-46.669938 -23.5080181, -46.6699556 -23.5081016, -46.6697248 -23.5081426, -46.6697071 -23.5080592, -46.669938 -23.5080181))",courthouse,Fórum Criminal e Cível de Santana,,,,,,São Paulo,594,02520-310,Avenida Engenheiro Caetano Alvares,,,Casa Verde,,,,,,,,,,,,,,,,,,,,,,,,,yes,,,,,,,,,,,,,,,,,,,,,,,,,,,,,,,,,,,,,,,,,,,,,,,,,,,,,,,multipolygon,,
"POLYGON ((-46.6121491 -23.5296318, -46.6124039 -23.5299057, -46.612465 -23.5298574, -46.6125188 -23.5298149, -46.6122639 -23.5295409, -46.6121491 -23.5296318), (-46.6122432 -23.5296203, -46.6122529 -23.5296126, -46.6122927 -23.5296553, -46.6122688 -23.5296743, -46.6122218 -23.5296238, -46.6122361 -23.5296126, -46.6122432 -23.5296203))",police,12º Distrito Policial,Polícia Civil do Estado de São Paulo,Q10350993,,,,São Paulo,950,03023-000,Rua Rio Bonito,,,,,,,,,,,,,,,,,,,,,pmsp,,,,,,12ª Delegacia de Policia,yes,,,6.97,,,,,,,,,,,,,,,,,,,,,,,,,,,,,,,,,,,,,,,,,,,,,,,,,,,,multipolygon,,
"POLYGON ((-46.6956535 -23.7125173, -46.6958017 -23.7125218, -46.6958144 -23.7121639, -46.6956663 -23.7121594, -46.6956535 -23.7125173), (-46.6957168 -23.7123959, -46.6957477 -23.7123967, -46.6957446 -23.7125024, -46.6957137 -23.7125017, -46.6957168 -23.7123959))",police,48º DP - Cidade Dutra - Polícia Civil - Distrito Policial,Polícia Civil do Estado de São Paulo,Q10350993,,,,São Paulo,87,04810-050,Rua Aníbal dos Anjos Carvalho,,https://www.policiacivil.sp.gov.br/,Vila Santa Maria,,yes,,+55 11 5666-0723,,,,,,,,,,dgpad@policiacivil.sp.gov.br,+55 11 5666-0723,5,,pmsp;survey;local knowledge;gps;aerial imagery;streetlevel imagery,1971,,,,,,yes,,,8.63,,,,,,,,,,,,,,,,,,,,,,,,,,,,,,,,,,,,,,,,,,,,,,,,,,,,multipolygon,,
"POLYGON ((-46.7090727 -23.7417699, -46.7090659 -23.7417872, -46.7092201 -23.7418382, -46.7092252 -23.741825, -46.7092348 -23.7418006, -46.7092462 -23.7417717, -46.7092767 -23.7416938, -46.7090936 -23.7416371, -46.7090449 -23.7417606, -46.7090727 -23.7417699), (-46.7091834 -23.741736, -46.7092153 -23.741747, -46.7092038 -23.7417751, -46.7091719 -23.7417642, -46.7091834 -23.741736))",police,50º Batalhão de Polícia Militar Metropolitano PMESP,Polícia Militar do Estado de São Paulo,Q10351025,military,police,PMESP,São Paulo,397,04836-130,Avenida Carlos Oberhuber,,https://www.policiamilitar.sp.gov.br/,Jardim Floresta,,,,+55 11 5925-6685,,,,,,,,,,,+55 11 5925-6685,,,pmsp;local knowledge;aerial imagery,2008,,,,,,yes,,,5.49,,,,,,,,,,,,,,,,,,,,,,,,,,,,,,,,,,,,,,,,,,,,,,,,,,,,multipolygon,,
"POLYGON ((-46.7202924 -23.5029948, -46.720228 -23.5027476, -46.7203112 -23.502734, -46.7203125 -23.5026984, -46.7203756 -23.5026922, -46.7201835 -23.5025738, -46.7199305 -23.5024177, -46.7197947 -23.5025871, -46.7198901 -23.5028029, -46.7196648 -23.5028976, -46.7192772 -23.5028497, -46.7190707 -23.5029382, -46.7191096 -23.5029754, -46.7191547 -23.5030062, -46.7192048 -23.5030297, -46.7192584 -23.5030452, -46.7193087 -23.503052, -46.7193596 -23.5030518, -46.7194098 -23.5030445, -46.7194583 -23.5030304, -46.719638 -23.5029726, -46.7196739 -23.5029672, -46.7197104 -23.5029677, -46.7197455 -23.5029741, -46.7197788 -23.5029862, -46.7198646 -23.5030391, -46.7198898 -23.5030548, -46.7199183 -23.5030649, -46.7199402 -23.5030684, -46.7199625 -23.5030686, -46.720012 -23.5030587, -46.7200671 -23.5030461, -46.7202924 -23.5029948))",police,Policia Militar 2 CIA do 49 Batalhão,Polícia Militar do Estado de São Paulo,Q10351025,military,police,PMESP,São Paulo,2165,02675-031,Avenida Raimundo Pereira de Magalhães,24/7,,Jardim Iris,,,,,,,,,,,,,,,,,,,,,,,,,,,,,,,wall,,,,,,,,,,,,,,,,,,,,,,,,,,,,,,,,,,,,,,,,,,,,,,,,,multipolygon,,
"POLYGON ((-46.5848512 -23.5019453, -46.5848909 -23.5019453, -46.585033 -23.5019453, -46.5851233 -23.5019215, -46.5852573 -23.5018375, -46.5852696 -23.5017785, -46.5852477 -23.5017485, -46.585152 -23.5017133, -46.5850193 -23.5015905, -46.5849455 -23.501435, -46.5849359 -23.5013497, -46.5849372 -23.5013399, -46.5849482 -23.5012519, -46.5849838 -23.501193, -46.5850152 -23.5011541, -46.5848101 -23.5007328, -46.5847076 -23.5007804, -46.5847443 -23.500841, -46.5847305 -23.5008656, -46.5847262 -23.5008732, -46.5846113 -23.5011015, -46.5845842 -23.5010907, -46.5845808 -23.5010974, -46.5845025 -23.5010601, -46.5844287 -23.5012419, -46.5843562 -23.5014362, -46.5843083 -23.501529, -46.5842427 -23.5016293, -46.5843357 -23.5017096, -46.5846078 -23.5018964, -46.5848512 -23.5019453))",fire_station,Segundo Grupamento de Bombeiros,PMSP,,,,,São Paulo,,02136-000,Avenida Doutor Benedito Estevam dos Santos,,,Vila Maria Alta,,,,,,,,,,,,2º Grupamento de Bombeiros,,,,,,,,,,,,,,,,,,,,,,,,,,,,,,,,,,,,,,,,,,,,,,,,,,,,,,,,,,,,,,,,,,,,multipolygon,,
"POLYGON ((-46.6176707 -23.4870004, -46.6176898 -23.4868935, -46.6177159 -23.4867566, -46.6177328 -23.4866683, -46.6175852 -23.4866458, -46.6174765 -23.4866157, -46.6174526 -23.4866086, -46.6174008 -23.4866368, -46.617371 -23.4866529, -46.6173494 -23.4866647, -46.6173275 -23.4872308, -46.6173625 -23.4872312, -46.617488 -23.4872327, -46.6175204 -23.4872331, -46.6175962 -23.487234, -46.6176476 -23.4872346, -46.6176651 -23.4872349, -46.6177079 -23.4872354, -46.6177619 -23.4872363, -46.6178207 -23.4872371, -46.6178893 -23.4872382, -46.6179127 -23.4872386, -46.6179769 -23.4872399, -46.6179961 -23.4872403, -46.6180485 -23.4872414, -46.6180692 -23.4872418, -46.6181212 -23.4872429, -46.6181719 -23.4871901, -46.6181936 -23.4871676, -46.6182392 -23.4871201, -46.618073 -23.4871112, -46.6180395 -23.4871094, -46.6179998 -23.4871088, -46.6178086 -23.4871057, -46.6176871 -23.4871038, -46.6176531 -23.4870994, -46.617655 -23.4870887, -46.6176707 -23.4870004))",police,9º Batalhão da Policia Militar,Polícia Militar do Estado de São Paulo,Q10351025,military,police,PMESP,São Paulo,842,02330-001,Avenida Nova Cantareira,,,Tucuruvi,,,,,,,,,,,,,,,,,,,,,,pt:Polícia Militar do Estado de São Paulo,,Nono  Batalhão da Policia Militar,,,,,,,,,,,,,,,,,,,,,,,,,,,,,,,,,,,,,,,,,,,,,,,,,,,,,,,,multipolygon,,
"POLYGON ((-46.617919 -23.5225794, -46.6179092 -23.5225318, -46.6179069 -23.5225204, -46.6178736 -23.5223657, -46.6178598 -23.5223013, -46.6171125 -23.5224506, -46.6169136 -23.5224845, -46.6169071 -23.5224951, -46.616916 -23.5225265, -46.6169691 -23.522714, -46.6170062 -23.5228464, -46.6170098 -23.5228614, -46.6170132 -23.5228753, -46.6170169 -23.5228908, -46.6170264 -23.5229302, -46.6170292 -23.5229417, -46.6170584 -23.5229334, -46.6179408 -23.5226866, -46.617919 -23.5225794))",police,Batalhão de Trânsito,Polícia Militar do Estado de São Paulo,Q10351025,military,police,PMESP,São Paulo,98,03034-050,Rua Azurita,,,Canindé,,,,,,,,,,,,,,,,,,,,,,pt:Polícia Militar do Estado de São Paulo,,,,,,,,,wall,,,,,,,,,,,,,,,,,,,,,,,,,,,,,,,,,,,,,,,,,,,,,,,,,multipolygon,,
"POLYGON ((-46.5579455 -23.5737718, -46.5577956 -23.5734476, -46.557787 -23.573429, -46.5578781 -23.5733948, -46.5579652 -23.573362, -46.5580603 -23.5733264, -46.55815 -23.5732927, -46.5580228 -23.5730231, -46.5579871 -23.5730383, -46.5578505 -23.5730941, -46.5576668 -23.5731692, -46.5574925 -23.5732351, -46.5573031 -23.5733067, -46.5573516 -23.573415, -46.557395 -23.5735101, -46.5575449 -23.5738384, -46.5575476 -23.5738442, -46.5575651 -23.5738827, -46.5575739 -23.5738859, -46.5575885 -23.5738864, -46.5578125 -23.5738145, -46.557872 -23.5737954, -46.5579455 -23.5737718))",police,29º Distrito policial,Polícia Civil do Estado de São Paulo,Q10350993,,,,São Paulo,3259,03345-001,Avenida Sapopemba,,,,,,,,,,,,,,,,,,,,,,,,,pt:Polícia Civil do Estado de São Paulo,,,,,,,,,,,,,,,,,,,,,,,,,,,,,,,,,,,,,,,,,,,,,,,,,,,,,,,,,,multipolygon,,
"POLYGON ((-46.6703833 -23.5086483, -46.6703519 -23.508209, -46.6702526 -23.5081277, -46.6702393 -23.50804, -46.6702033 -23.5078017, -46.6703156 -23.507697, -46.6703065 -23.5075728, -46.6701127 -23.5076242, -46.6700438 -23.5076425, -46.6692708 -23.507904, -46.669456 -23.5087532, -46.669609 -23.5087359, -46.6703833 -23.5086483))",courthouse,Fórum Criminal e Cível de Santana,,,,,,São Paulo,,,,,,,,,,,,,,,,,,,,,,,,,,,,,,,,,,,,,wall,,,,,,,,,,,,,,,,,,,,,,,,,,,,,,,,,,,,,,,,,,,,,,,,,multipolygon,,
"POLYGON ((-46.5938427 -23.54828, -46.5938063 -23.5482504, -46.5937685 -23.5482197, -46.5936638 -23.5481345, -46.5936047 -23.5482462, -46.5934369 -23.5485637, -46.5937278 -23.5487973, -46.5940828 -23.548477, -46.5940442 -23.5484453, -46.5938427 -23.54828))",police,8º Distrito Policial Belenzinho,Polícia Civil do Estado de São Paulo,Q10350993,,,,São Paulo,206,03170-050,Rua Sapucaia,,,Belenzinho,,,,,,,,,,,,,,,,,,,,,,,,,,,,,,,,,,,,,,,,,,,,,,,,,,,,,,,,,,,,,,,,,,,,,,,,,,,,,,,,multipolygon,,
"POLYGON ((-46.620854 -23.4780925, -46.6207926 -23.4780507, -46.6205832 -23.4779082, -46.6205435 -23.4779562, -46.620292 -23.4782698, -46.6205064 -23.4784116, -46.6207027 -23.4785415, -46.6207208 -23.4785534, -46.6211686 -23.4784374, -46.6211731 -23.478422, -46.6211011 -23.4782957, -46.6209796 -23.4781857, -46.6209452 -23.4781545, -46.620854 -23.4780925))",police,20º Distrito Policial,Polícia Civil do Estado de São Paulo,Q10350993,,,,São Paulo,34,02338-070,Rua São Zeferino,24/7,,Agua Fria,,,,,,,,,,,,,,,,,,,,,,,,,,,,,,,,,,,,,,,,,,,,,,,,,,,,,,,,,,,,,,,,,,,,,,,,,,,,,,,asphalt,multipolygon,,
"POLYGON ((-46.4414253 -23.4971582, -46.4413171 -23.496915, -46.4412817 -23.4968429, -46.4411213 -23.4969107, -46.4413 -23.4973029, -46.4413233 -23.4973047, -46.4414253 -23.4971582))",fire_station,Posto de Bombeiros São Miguel,Corpo de Bombeiros Militar do Estado de São Paulo,Q10260738,,,,São Paulo,,,Avenida Nordestina,,,,,,,,,,,,,,,,,,,,,,,,,,,,,,,,,,wall,,,,,,,,,,,,,,,,,,,,,,,,,,,,,,,,,,,,,,,,,,,,,,,,,multipolygon,,
"POLYGON ((-46.7251879 -23.4823556, -46.7255775 -23.4821464, -46.7251808 -23.4815894, -46.7247298 -23.4818438, -46.7247158 -23.4818776, -46.7251879 -23.4823556))",police,87º Distrito Policial,Polícia Civil do Estado de São Paulo,Q10350993,,,,São Paulo,286,02945-000,Avenida Menotti Laudisio,,,Jardim Cidade Pirituba,,,,,,,,,,,,,,,,,,,,,,,,87º DP,,,,,,,,,,,,,,,,,,,,,,,,,,,,,,,,,,,,,,,,,,,,,,,,,,,,,,,,multipolygon,,
"POLYGON ((-46.4033096 -23.5462792, -46.4032435 -23.5459888, -46.4029891 -23.5460528, -46.4029502 -23.5460626, -46.4029044 -23.5460741, -46.4026568 -23.5461365, -46.4026951 -23.546271, -46.4027423 -23.5464372, -46.4028743 -23.5464026, -46.4032274 -23.5463025, -46.4033096 -23.5462792))",courthouse,Juizado Especial Cível e CEJUSC Guainases Itaquera,,,,,,São Paulo,696,08460-000,Estrada de Poá,"Mo-Fr 09:00-19:00,PH off",,Jardim Soares,,,,+55 11 2554-2270,,,,,,BR,,,,,+55 11 2554-3007,,,,,,,,,,,,,,+55 11 2554-1019,,wall,,,,,,,outside,,,,,,,,,,,,,,,,,,,,,,,,,,,,,,,,,,,,,,,,,,multipolygon,,
"POLYGON ((-46.6495695 -23.5368965, -46.6490628 -23.5365901, -46.6489291 -23.5365092, -46.6485388 -23.5370762, -46.6487686 -23.5372326, -46.6489054 -23.5370452, -46.6490558 -23.5369321, -46.6491977 -23.5368903, -46.649436 -23.536898, -46.6495695 -23.5368965))",police,77º Distrito Policial,Polícia Civil do Estado de São Paulo,Q10350993,,,,São Paulo,827,01215-001,Alameda Glete,,,Santa Cecília,,,,,,,,,,,,,,,,,,,,,,,,77º DP,,,,,,,,,,,,,,,,,,,,,,,,,,,,,,,,,,,,,,,,,,,,,,,,,,,,,,,,multipolygon,,
"POLYGON ((-46.4757335 -23.5240434, -46.4755213 -23.5239678, -46.4752624 -23.5238785, -46.4752307 -23.5238798, -46.4752108 -23.5238943, -46.4750997 -23.5244667, -46.4755283 -23.5249081, -46.47556 -23.524936, -46.4757335 -23.5240434))",police,64º Distrito Policial,Polícia Civil do Estado de São Paulo,Q10350993,,,,São Paulo,638,03685-000,Rua Sonho Gaúcho,,,,,,,,,,,,,,,,,,,,,,,,,,,64º DP,,,,,,,,,,,,,,,,,,,,,,,,,,,,,,,,,,,,,,,,,,,,,,,,,,,,,,,,multipolygon,,
"POLYGON ((-46.4767782 -23.5168307, -46.476575 -23.5168812, -46.4764475 -23.5169128, -46.4763917 -23.5172536, -46.4767001 -23.5172982, -46.4767782 -23.5168307))",fire_station,Bombeiros - 3ª GB - 1º SGB - PB Águia de Haia,Corpo de Bombeiros Militar do Estado de São Paulo,Q10260738,,,,São Paulo,,,Avenida Águia de Haia,24/7,,,,,,,,,,,,,,,,,,,,,,,,,,,,,,,,,,,,,,,,,,,,,,,,,,,,,,,,,,,,,,,,,,,,,,,,,,,,,,,,,,multipolygon,,
"POLYGON ((-46.5193537 -23.5230099, -46.5193368 -23.5229883, -46.519202 -23.5229376, -46.5191436 -23.5229157, -46.5185796 -23.522704, -46.5181008 -23.5230188, -46.5183579 -23.5233294, -46.5183911 -23.5233696, -46.5185434 -23.5235536, -46.5193436 -23.5230357, -46.5193537 -23.5230099))",police,Polícia Militar - 2º BPM/M - CPA/M-4,Polícia Militar do Estado de São Paulo,Q10351025,military,police,PMESP,São Paulo,2774,03652-000,Avenida Amador Bueno da Veiga,,,,,,,,,,,,,,,,,,,,,,,,,,,,,,,,,,,,,,,,,,,,,,,,,,,,,,,,,,,,,,,,,,,,,,,,,,,,,,,,,,,multipolygon,,
"POLYGON ((-46.5185434 -23.5235536, -46.5183911 -23.5233696, -46.5183579 -23.5233294, -46.5181008 -23.5230188, -46.5178324 -23.523178, -46.5182437 -23.5237019, -46.5183869 -23.5236193, -46.5185434 -23.5235536))",fire_station,Corpo de Bombeiros - Estação de Bombeiros Vila Esperança - 3º GB,Corpo de Bombeiros Militar do Estado de São Paulo,Q10260738,,,,,,,,,,,,,,,,,,,,,,,,,,,,,,,,,,,,,,,,,,,,,,,,,,,,,,,,,,,,,,,,,,,,,,,,,,,,,,,,,,,,,,,,,,multipolygon,,
"POLYGON ((-46.6239616 -23.5138285, -46.6239413 -23.5129184, -46.6239379 -23.512763, -46.6239204 -23.5119777, -46.6234659 -23.5119538, -46.6233043 -23.5123701, -46.6231756 -23.5123392, -46.6230894 -23.5125696, -46.6228592 -23.5125108, -46.6220245 -23.5125239, -46.6220325 -23.5128398, -46.6220015 -23.5130736, -46.6219384 -23.5133315, -46.621925 -23.5133549, -46.6219193 -23.5133723, -46.6218511 -23.5134968, -46.6217099 -23.5137032, -46.6216789 -23.5137716, -46.6216639 -23.5138274, -46.6216605 -23.5138632, -46.6216766 -23.5138885, -46.6217322 -23.5139303, -46.622606 -23.5145746, -46.6227111 -23.5147182, -46.6227708 -23.5148045, -46.622795 -23.5148235, -46.6228202 -23.5148277, -46.6228444 -23.5148331, -46.6228509 -23.514774, -46.6228598 -23.5145114, -46.6229144 -23.5144606, -46.6229964 -23.5143917, -46.6231598 -23.5142497, -46.6233498 -23.514413, -46.6235008 -23.5142771, -46.6234945 -23.5142466, -46.6236079 -23.5141483, -46.6236349 -23.5141564, -46.6238238 -23.5139864, -46.6238983 -23.513901, -46.6239616 -23.5138285))",police,CMM,Polícia Militar do Estado de São Paulo,Q10351025,military,police,PMESP,São Paulo,161,02032-030,Rua Coronel Antônio de Carvalho,24/7,,,,,,,,,,,,,,,,,,,,,,,,,,,,,,,,,,,,,,,,,,,,,,,,,,,,,,,,,,,,,,,,,,,,,,,,,,,,,,,,,,multipolygon,,
"POLYGON ((-46.4711907 -23.6059358, -46.4711425 -23.6058485, -46.4710931 -23.6057212, -46.4710563 -23.6056201, -46.4710141 -23.6054691, -46.4700347 -23.6056348, -46.4701171 -23.6061336, -46.4701479 -23.6061298, -46.4703314 -23.6061017, -46.4705505 -23.6060594, -46.4711907 -23.6059358))",police,49º DP,Polícia Civil do Estado de São Paulo,Q10350993,,,,São Paulo,830,,Avenida Ragueb Chohfi,,,,,,,,,,,,,,,,,,,,,,,,,,,,,,,,,,,,,,,,,,,,,,,,,,,,,,,,,,,,,,,,,,,,,,,,,,,,,,,,,,,multipolygon,,
"POLYGON ((-46.6319707 -23.5313625, -46.6318532 -23.5313885, -46.6318099 -23.5314001, -46.6315944 -23.5314579, -46.6315927 -23.5314495, -46.6314032 -23.5314987, -46.6314055 -23.5315082, -46.6311125 -23.5315842, -46.6310274 -23.5316063, -46.6310003 -23.5316133, -46.63103 -23.5317034, -46.6310517 -23.5317153, -46.6311162 -23.5319369, -46.6310568 -23.531952, -46.6310685 -23.531992, -46.6310533 -23.5319956, -46.6311054 -23.5321715, -46.6311238 -23.5321672, -46.631133 -23.5322036, -46.6311957 -23.5321882, -46.6312646 -23.5324126, -46.6312507 -23.5324271, -46.6312812 -23.532523, -46.6316827 -23.532414, -46.6316857 -23.5324237, -46.6318741 -23.5323742, -46.6318706 -23.5323639, -46.6321331 -23.5322971, -46.632214 -23.5322754, -46.6322168 -23.5322863, -46.6322552 -23.5322757, -46.6322334 -23.5321906, -46.6322198 -23.5321813, -46.6322068 -23.5321843, -46.632119 -23.5319047, -46.632133 -23.5319017, -46.6321429 -23.5318996, -46.6320883 -23.5317246, -46.6320784 -23.5317264, -46.6319954 -23.5314486, -46.6319707 -23.5313625), (-46.632055 -23.532015, -46.632103 -23.5321679, -46.6321008 -23.5321769, -46.6320965 -23.5321836, -46.6320885 -23.5321884, -46.6317958 -23.5322635, -46.6315469 -23.5323268, -46.6313894 -23.5323685, -46.631369 -23.532361, -46.6313441 -23.5322726, -46.6314358 -23.5322492, -46.6314079 -23.5321552, -46.6313169 -23.532178, -46.631306 -23.5321463, -46.6312788 -23.5321535, -46.6312706 -23.5321264, -46.6312973 -23.5321185, -46.6312433 -23.531946, -46.631216 -23.5319523, -46.631132 -23.5316727, -46.6314435 -23.5315901, -46.6314837 -23.5315798, -46.6314848 -23.5315822, -46.6314919 -23.5316079, -46.6318832 -23.5315068, -46.6318882 -23.5315073, -46.6318977 -23.5315122, -46.6319039 -23.5315182, -46.6319749 -23.5317541, -46.6320263 -23.5319304, -46.6320283 -23.5319298, -46.632055 -23.532015))",police,ROTA - Rondas Ostensivas Tobias de Aguiar,Polícia Militar do Estado de São Paulo,Q10351025,,,PMESP,São Paulo,440,01101-010,Avenida Tiradentes,24/7,https://www.policiamilitar.sp.gov.br/,Luz,,,,,,,,,,,,,,,,,,pmsp,,,,,,,government;yes,1,,7.504;14.664;13.804;6.394,,,,,,,,,,,,,,,,,,,,,,,,,,,,,,,,,,,,,,,,,,,,,,,,,,,,multipolygon,"1° Batalhão de Choque ""Tobias de Aguiar""",
"POLYGON ((-46.6378958 -23.6015956, -46.637816 -23.6015963, -46.6376326 -23.6015979, -46.6375265 -23.6015989, -46.6373945 -23.6016001, -46.6373941 -23.6016349, -46.6373981 -23.6018927, -46.6373983 -23.6019051, -46.6373997 -23.6020664, -46.6374009 -23.6021936, -46.6375647 -23.6021924, -46.6378957 -23.6021851, -46.6378958 -23.6015956))",police,16° Distrito Policial e 2° Delegacia de Defesa da Mulher,Polícia Civil do Estado de São Paulo,Q10350993,,,,São Paulo,89,,Avenida Onze de Junho,,,,,,,,,,,,,,,16° DP e 2° D.D.M.,,,,,,,,,,,,Segunda Delegacia de Defesa da Mulher,,,,,+55 11 5573-0363,,,,,,,,,,,,,,,,,,,,,,,,,,,,,,,,,,,,,,,,,,,,,,,,,,,multipolygon,,Delegacia de Defesa da Mulher
"POLYGON ((-46.4190726 -23.5429268, -46.4188879 -23.5421544, -46.4187491 -23.542182, -46.4184745 -23.5422365, -46.4186693 -23.5429808, -46.4190726 -23.5429268))",police,44º Distrito Policial,Polícia Civil do Estado de São Paulo,Q10350993,,,,São Paulo,386,08410-000,Rua Salvador Gianetti,,,,,,,,,,,,,,,,,,,,,,,,,,,,,,,,,,,,,,,,,,,,,,,,,,,,,,,,,,,,,,,,,,,,,,,,,,,,,,,,,,,multipolygon,,
"POLYGON ((-46.7361641 -23.4751811, -46.7361349 -23.4751738, -46.7360374 -23.475098, -46.73599 -23.4750637, -46.7358667 -23.474934, -46.7357609 -23.4748003, -46.735544 -23.4744442, -46.735544 -23.474317, -46.7357601 -23.473965, -46.7359471 -23.473471, -46.7360154 -23.4731933, -46.7360122 -23.4725524, -46.7358957 -23.4722203, -46.7354363 -23.4713142, -46.7351458 -23.4707823, -46.7350602 -23.4704981, -46.735086 -23.4702911, -46.7352763 -23.4700278, -46.7355988 -23.4696284, -46.7357117 -23.4696166, -46.7357697 -23.4697053, -46.7358987 -23.4698385, -46.7360567 -23.4699272, -46.7361567 -23.4699331, -46.7363244 -23.4698592, -46.7364018 -23.4696314, -46.7363567 -23.4688386, -46.7364179 -23.4681848, -46.7366308 -23.4675133, -46.7367727 -23.4669809, -46.736863 -23.4665223, -46.7368662 -23.4660668, -46.7367566 -23.4654899, -46.7367533 -23.4653509, -46.7368307 -23.4652266, -46.7369565 -23.4651408, -46.7370952 -23.4650757, -46.737508 -23.4650077, -46.7378111 -23.4649308, -46.7380691 -23.4648065, -46.7383658 -23.464558, -46.7386077 -23.464422, -46.7388367 -23.4643746, -46.74164 -23.4667407, -46.7434226 -23.4681158, -46.7448965 -23.4691327, -46.7441516 -23.469764, -46.7439831 -23.4699069, -46.7430194 -23.4704269, -46.7423707 -23.4706811, -46.7413566 -23.4711779, -46.7404873 -23.4717268, -46.7387111 -23.4730094, -46.7377789 -23.4736854, -46.7368593 -23.4743614, -46.7361641 -23.4751811))",police,Escola Superior de Soldados da Polícia Militar de São Paulo,Polícia Militar do Estado de São Paulo,Q10351025,military,police,PMESP,,,,,,,,,,,,academy,,,,,,,,,,,,,,,,,,,,,,,,,,,,,,,,,,,,,,,,,,,,,,,,,,,,,,,,,,,,,,,,,,,,,,,,,,,,,
"POLYGON ((-46.5335574 -23.5792232, -46.5330141 -23.579591, -46.5335163 -23.5802423, -46.534073 -23.5798743, -46.5335574 -23.5792232))",police,,,,,,,,,,,,,,,,,,,,,,,,,,,,,,,,,,,,,,yes,1,,,,,,,,,,,,,,,,,,,,,,,,,,,,,,,,,,,,,,,,,,,,,,,,,,,,,,,,
"POLYGON ((-46.6359092 -23.5518986, -46.635928 -23.5518415, -46.635905 -23.5518351, -46.635923 -23.5517801, -46.6359472 -23.5517868, -46.6359708 -23.5517149, -46.6359802 -23.5517175, -46.6360351 -23.5515501, -46.6360405 -23.5515335, -46.6365166 -23.5516662, -46.6365073 -23.5516912, -46.6364483 -23.5518496, -46.6364621 -23.5518534, -46.6364364 -23.5519318, -46.636459 -23.5519381, -46.6364412 -23.5519924, -46.6364161 -23.5519854, -46.6363997 -23.5520353, -46.6362743 -23.5520003, -46.6361578 -23.5519679, -46.6360184 -23.551929, -46.6359092 -23.5518986))",courthouse,Fórum Hely Lopes Meirelles,,,,,,,,,,,,,,,,,,,,,,,,,,,,,,,,,,,,Fórum da Fazenda Pública,yes,,,,,,,,,,,,,,,,,,,,,,,,,,,,,,,,,,,,,,,,,,,,,,,,,,,,,,,,,
"POLYGON ((-46.6341114 -23.5532726, -46.6341412 -23.553257, -46.6341648 -23.5532997, -46.6341771 -23.5533137, -46.6341904 -23.553323, -46.634203 -23.5533299, -46.6342167 -23.5533348, -46.6342312 -23.5533372, -46.6342458 -23.5533373, -46.6342603 -23.5533349, -46.634274 -23.5533302, -46.6342867 -23.5533233, -46.6342977 -23.5533145, -46.6343069 -23.5533039, -46.634314 -23.553292, -46.6343185 -23.5532792, -46.6343221 -23.5532685, -46.6343223 -23.5532533, -46.6343202 -23.5532384, -46.6343001 -23.5531903, -46.6343273 -23.5531774, -46.634265 -23.5530513, -46.6340579 -23.552648, -46.6340366 -23.5526569, -46.6340266 -23.5526367, -46.6336083 -23.5528128, -46.6336094 -23.552815, -46.6336009 -23.5528189, -46.6335889 -23.5528267, -46.6335787 -23.5528365, -46.6335706 -23.5528477, -46.6335649 -23.5528602, -46.6335617 -23.5528734, -46.6335612 -23.5528869, -46.6335633 -23.5529003, -46.6335681 -23.552913, -46.6335754 -23.5529248, -46.6335849 -23.5529351, -46.6335962 -23.5529437, -46.6335956 -23.5529464, -46.6341114 -23.5532726))",courthouse,Fórum João Mendes,,,,,,,,,,,,,2024-07-27,,,,,,,,,,,,,,,,,,,,,,,Foro Central João Mendes,yes,,21,93.29,,,,,,,,,,,,,,,,,,,,,,,,,,,,,,,,,,,,,,,,,,,,,,,,,,,,,,
"POLYGON ((-46.6330639 -23.5523823, -46.6330041 -23.5522621, -46.6329877 -23.552269, -46.6329333 -23.5521598, -46.6329476 -23.5521537, -46.6328401 -23.5519381, -46.6328249 -23.5519445, -46.6327694 -23.5518331, -46.6328906 -23.5517817, -46.6328981 -23.5517968, -46.6330302 -23.5517408, -46.633022 -23.5517244, -46.633264 -23.5516219, -46.6332737 -23.5516416, -46.6334049 -23.551586, -46.6333967 -23.5515696, -46.6335179 -23.5515183, -46.6335732 -23.551629, -46.63355 -23.5516388, -46.6336578 -23.551855, -46.6336779 -23.5518464, -46.6337316 -23.5519539, -46.633708 -23.5519639, -46.6337685 -23.5520856, -46.6337046 -23.5521127, -46.6337019 -23.5521074, -46.6335421 -23.552175, -46.6335537 -23.5521982, -46.6334984 -23.5522216, -46.6335015 -23.5522278, -46.6333592 -23.552288, -46.6333558 -23.5522812, -46.6332995 -23.5523049, -46.6332884 -23.5522826, -46.6331279 -23.5523505, -46.6331298 -23.5523544, -46.6330639 -23.5523823))",courthouse,Tribunal de Justiça de São Paulo,,,,,,,,,,,,,,,,,,,,,,,,,,,,,,,,,,,,,yes,,5,,,,,,,,,,,,,,,,,,,,,,,,,,,,,,,,,,,,,,,,,,,,,,,,,,,,,,,
"POLYGON ((-46.6334793 -23.5484541, -46.6335291 -23.5483317, -46.6334321 -23.5482965, -46.6334557 -23.5482451, -46.6335493 -23.5482822, -46.6335504 -23.5482794, -46.6335816 -23.5481573, -46.6334969 -23.548131, -46.6333922 -23.5480984, -46.6333636 -23.5481135, -46.6333171 -23.5482188, -46.6332669 -23.5483325, -46.6332777 -23.5483624, -46.6334793 -23.5484541))",courthouse,Tribunal de Justiça de São Paulo,,,,,,,,,,,,,,,,,,,,,,,,,,,,,,,,,,,,1º TAC;1º Tribunal de Alçada Cível,yes,,,47.28,,,,,,,,,,,,,,,,,,,,,,,,,,,,,,,,,,,,,,,,,,,,,,,,,,,,,,
"POLYGON ((-46.694871 -23.6375199, -46.6951586 -23.6373491, -46.6951716 -23.6373275, -46.6951698 -23.6373056, -46.6949444 -23.6369808, -46.6946128 -23.637175, -46.694871 -23.6375199))",courthouse,Foro Regional II - Santo Amaro,Tribunal de Justiça do Estado de São Paulo,Q125454187,,,,São Paulo,1992,04734-003,Avenida Adolfo Pinheiro,,,,,,,,,,,,,BR,,,,,,,,,,,,,,,,,,,+55 11 5522 8833,http://www.tj.sp.gov.br/,,,,,,,,,,,,,,,,,,,,,,,,,,,,,,,,,,,,,,,,,,,,,,,,,,,,
"POLYGON ((-46.633845 -23.530701, -46.6338598 -23.5307543, -46.6338971 -23.5308774, -46.6339341 -23.5310018, -46.6339703 -23.5311237, -46.6339864 -23.5311777, -46.6339928 -23.5311993, -46.6340127 -23.5312664, -46.634147 -23.5317183, -46.6341787 -23.5318248, -46.634197 -23.5318867, -46.6342073 -23.5319213, -46.6342124 -23.5319371, -46.6334595 -23.5320383, -46.633463 -23.5320484, -46.6329662 -23.5321768, -46.6329293 -23.5321856, -46.6328823 -23.532032, -46.6329222 -23.5320241, -46.6331847 -23.531954, -46.6333648 -23.531907, -46.633312 -23.5317402, -46.6333221 -23.5317374, -46.6332967 -23.531653, -46.633508 -23.5316001, -46.6334721 -23.5314803, -46.6334578 -23.5314638, -46.6334255 -23.5313466, -46.6333505 -23.5310914, -46.6332778 -23.5308442, -46.6335757 -23.5307644, -46.633845 -23.530701))",police,Polícia Militar - Comando de Policiamento da Capital,Polícia Militar do Estado de São Paulo,Q10351025,military,police,PMESP,São Paulo,140,01122-000,Rua Ribeiro de Lima,,,Luz,,,,,,,,,,,,,,,,,,,,,,pt:Polícia Militar do Estado de São Paulo,,,,,,,,,,,,,,,,,,,,,,,,,,,,,,,,,,,,,,,,,,,,,,,,,,,,,,,,,,,,
"POLYGON ((-46.6872045 -23.6617752, -46.6872838 -23.6621067, -46.6868706 -23.6623353, -46.6865746 -23.6618323, -46.6868254 -23.6618323, -46.6872045 -23.6617752))",police,99º Distrito Policial de São Paulo,Polícia Civil do Estado de São Paulo,Q10350993,,,,São Paulo,115,04675-050,Rua Sargento Manoel Barbosa da Silva,,https://www.policiacivil.sp.gov.br/,,,,,,,,,,,BR,,99º DP - Campo Grande,,,,,,,,,,,,,,,,,,,,,,,,,,,,,,,,,,,,,,,,,,,,,,,,,,,,,,,,,,,,,,,,,,,,,,
"POLYGON ((-46.6947772 -23.6375766, -46.69444 -23.6371126, -46.6943174 -23.6371799, -46.6942813 -23.6371994, -46.6946067 -23.6376722, -46.6946908 -23.6376255, -46.6947772 -23.6375766))",courthouse,Foro de Santo Amaro - Cível,Tribunal de Justiça do Estado de São Paulo,Q125454187,,,,São Paulo,206,04717-000,Rua Alexandre Dumas,,,,,,,,,,,,,BR,,,,,,,,,,,,,,Foro Regional II - Santo Amaro,,,,,+55 11 5548 3199,http://www.tj.sp.gov.br/,,,,,,,,,,,,,,,,,,,,,,,,,,,,,,,,,,,,,,,,,,,,,,,,,,,,
"POLYGON ((-46.652687 -23.6002263, -46.6540426 -23.6001427, -46.653949 -23.598969, -46.6533509 -23.5989536, -46.6531449 -23.5989641, -46.6516644 -23.59902, -46.6515881 -23.5990655, -46.6515538 -23.5991319, -46.6516696 -23.5992808, -46.6520765 -23.5996878, -46.652355 -23.5999326, -46.6524854 -23.6000738, -46.652687 -23.6002263))",courthouse,Tribunal de Contas do Município de São Paulo,,,,,,São Paulo,1130,04027-000,Avenida Professor Ascendino Reis,,,,,,,,,,,,,BR,,,,,,,,,,,,,,TCMSP,,,,,+55 11 5080 1000,http://www.tcm.sp.gov.br/,,,,,,,,,,,,,,,,,,,,,,,,,,,,,,,,,,,,,,,,,,,,,,,,,,,,
"POLYGON ((-46.6337108 -23.600964, -46.6337073 -23.600571, -46.6342346 -23.6005531, -46.6342387 -23.6007983, -46.6348436 -23.6007829, -46.6348651 -23.6012151, -46.6342776 -23.6012419, -46.634273 -23.6011438, -46.6342639 -23.600947, -46.6337108 -23.600964))",courthouse,Foro do Jabaquara,,,,,,São Paulo,424,04128-080,Rua Joel Jorge de Mello,,,,,,,,,,,,,BR,,,,,,,,,,,,,,Foro Regional III - Jabaquara e Saúde,,,,,+55 11 5574 0355,http://www.tj.sp.gov.br/,,,,,,,,,,,,,,,,,,,,,,,,,,,,,,,,,,,,,,,,,,,,,,,,,,,,
"POLYGON ((-46.7962242 -23.5972446, -46.7962254 -23.597357, -46.795905 -23.5973397, -46.7959061 -23.5972997, -46.7958566 -23.5972988, -46.7958589 -23.5972628, -46.7959083 -23.5972603, -46.7959097 -23.5972275, -46.7962242 -23.5972446))",police,75º Distrito Policial (Jardim Arpoador),Polícia Civil do Estado de São Paulo,Q10350993,,,,,,,Rua Mário Ancona,,,,,,,,,,,,,,,,,,,,,,,,,,,,yes,,,,,,,,,,,,,,,,,,,,,,,,,,,,,,,,,,,,,,,,,,,,,,,,,,,,,,,,,
"POLYGON ((-46.7465703 -23.5626708, -46.7465015 -23.5626462, -46.7462765 -23.5624975, -46.7460597 -23.5622586, -46.7459358 -23.5621037, -46.7458738 -23.56194, -46.7457809 -23.5617718, -46.7456614 -23.5615815, -46.7453605 -23.5613205, -46.7441923 -23.5605638, -46.7438188 -23.5602919, -46.7440846 -23.5587702, -46.745206 -23.5586572, -46.7461966 -23.5585573, -46.7463909 -23.5585905, -46.7463256 -23.5589066, -46.7471786 -23.5590236, -46.7472838 -23.5591321, -46.7472582 -23.5592792, -46.7472158 -23.5595226, -46.7472284 -23.5595984, -46.7472013 -23.5597251, -46.7467374 -23.5618908, -46.7467187 -23.5619779, -46.7465703 -23.5626708))",police,16º Batalhão da Polícia Militar,Polícia Militar do Estado de São Paulo,Q10351025,military,police,PMESP,,,,,,,,,,,,,,,,,,,,,,,,,,,,,,,,,,,,,,wall,,,,,,,,,,,,,,,,,,,,,,,,,,,,,,,,,,,,,,,,,,,,,,,,,,,
"POLYGON ((-46.7468134 -23.558784, -46.7467841 -23.5587796, -46.7467903 -23.5587445, -46.7465479 -23.5587084, -46.746528 -23.558822, -46.7467727 -23.5588584, -46.7467795 -23.5588199, -46.7468064 -23.5588239, -46.746829 -23.5588272, -46.746836 -23.5587873, -46.7468134 -23.558784))",police,93º Distrito Policial,Polícia Civil do Estado de São Paulo,Q10350993,,,,,,,,,,,,,,,,,,,,,,93º DP,,,,,,,,,,,,93º Distrito Policial Jaguaré,yes,,,13.168,,,,grey,hipped,,,,,,,,,,,,,,,,,,,,,,,,,,,,,,,,,,,,,,,,,,,,,,,,,
"POLYGON ((-46.6434969 -23.6393273, -46.6433682 -23.6392657, -46.6431723 -23.6395559, -46.6432845 -23.6396203, -46.6433935 -23.6394697, -46.6434969 -23.6393273))",police,35º Distrito Policial,Polícia Civil do Estado de São Paulo,Q10350993,,,,,,,,,,,,,,,,,,,,,,,,,,,,,,,,,,,yes,,,,,,,,,,,,,,,,,,,,,,,,,,,,,,,,,,,,,,,,,,,,,,,,,,,,,,,,,
"POLYGON ((-46.7042612 -23.5112226, -46.7043079 -23.5111124, -46.7043738 -23.5111344, -46.7044187 -23.5110465, -46.7044038 -23.5109889, -46.704853 -23.5107664, -46.7049021 -23.5107948, -46.7050044 -23.510955, -46.704902 -23.5112101, -46.7048105 -23.5113901, -46.7048319 -23.5114516, -46.7047649 -23.5116041, -46.7046925 -23.5115795, -46.7044013 -23.5121809, -46.7041295 -23.5124118, -46.7038457 -23.5125605, -46.7037089 -23.5126321, -46.7033971 -23.5127345, -46.7031224 -23.5127292, -46.7030165 -23.5125456, -46.703028 -23.5123829, -46.7031255 -23.5122552, -46.7031816 -23.5122081, -46.7036288 -23.5120418, -46.7037976 -23.5119343, -46.7039636 -23.5117664, -46.7041054 -23.5115754, -46.7041327 -23.5115135, -46.7042612 -23.5112226))",police,Polícia Federal Superintendência Regional de São Paulo,Polícia Federal do Brasil,Q2289697,,,,São Paulo,95,05038-090,Rua Hugo D'Antola,,http://www.dpf.gov.br/institucional/pf-pelo-brasil/sao-paulo/superintendencia-regional-de-sao-paulo,Lapa de Baixo,,,,+55 11 3538 5000,,,,,,,,,,nutel.srsp@dpf.gov.br,,,,,,Federal Police of Brazil,Polícia Federal do Brasil,pt:Polícia Federal do Brasil,,,,,,,,,,,,,,,,,,,,,,,,,,,,,,,,,,,,,,,,,,,,,,,,,,,,,,,,,,,,
"POLYGON ((-46.6040244 -23.5830783, -46.6040624 -23.5830812, -46.6043168 -23.5831005, -46.6043369 -23.5829058, -46.6037868 -23.5828628, -46.6037781 -23.582946, -46.6037642 -23.5829448, -46.6037679 -23.5829097, -46.6037409 -23.5829073, -46.6037345 -23.5829687, -46.603777 -23.5829725, -46.6037681 -23.5830589, -46.6040244 -23.5830783))",courthouse,Forum Regional  Ipiranga,Tribunal de Justiça do Estado de São Paulo,Q125454187,,,,São Paulo,1455,04206-000,Rua Agostinho Gomes,Mo-Fr 12:30-19:00; PH off,,Ipiranga,,,,,,,,,,,,,,,,,,pmsp,,,,,,Foro X Ipiranga,yes,,3,14.837,,,,,,,,,,,,,,,,,,,,,,,,,,,,,,,,,,,,,,,,,,,,,,,,,,,,,,
"POLYGON ((-46.7379206 -23.5834607, -46.7379255 -23.5836302, -46.7379485 -23.5838012, -46.7379795 -23.583931, -46.7379927 -23.5840526, -46.7379485 -23.5841865, -46.737891 -23.5842635, -46.7371816 -23.584108, -46.7372562 -23.5838436, -46.7371989 -23.583762, -46.7377007 -23.5833023, -46.7379206 -23.5834607))",fire_station,4º GB - São Paulo/1º PB Butantã,,,,,,São Paulo,800,05593-090,Rua Azém Abdalla Azém,,,,,,,,,,,,,,,,,,,,,,,,,,,,,,,,,,,,,,,,,,,,,,,,,,,,,,,,,,,,,,,,,,,,,,,,,,,,,,,,,,,,,
"POLYGON ((-46.6619119 -23.5225484, -46.6617932 -23.5225678, -46.6617727 -23.5225579, -46.6616832 -23.5225698, -46.6616863 -23.5225912, -46.6616732 -23.5225939, -46.6616718 -23.5225824, -46.6616594 -23.5225736, -46.6616269 -23.5225791, -46.6616167 -23.5225922, -46.6616181 -23.5226026, -46.6616047 -23.5226053, -46.6616039 -23.5225941, -46.6615919 -23.5225844, -46.6615584 -23.5225897, -46.661547 -23.5226022, -46.661549 -23.5226129, -46.6615349 -23.5226153, -46.6615325 -23.5225949, -46.6614424 -23.5226077, -46.6615133 -23.5229921, -46.6616003 -23.5229787, -46.6615978 -23.5229577, -46.6616122 -23.5229555, -46.6616139 -23.5229653, -46.6616284 -23.5229735, -46.6616616 -23.5229691, -46.6616693 -23.5229578, -46.6616688 -23.5229456, -46.6616826 -23.5229443, -46.661684 -23.5229559, -46.6616975 -23.5229627, -46.6617307 -23.5229591, -46.6617368 -23.5229469, -46.661735 -23.5229305, -46.6617485 -23.5229292, -46.6617526 -23.5229557, -46.6618455 -23.5229412, -46.6618603 -23.5229231, -46.6619119 -23.5229148, -46.6620138 -23.5228983, -46.6620331 -23.5229114, -46.662121 -23.5228963, -46.6621183 -23.5228761, -46.6621289 -23.5228751, -46.6621319 -23.5228861, -46.6621479 -23.5228929, -46.6621801 -23.5228873, -46.6621897 -23.5228748, -46.6621877 -23.5228653, -46.6622015 -23.5228634, -46.6622025 -23.5228735, -46.6622164 -23.5228823, -46.6622489 -23.5228767, -46.6622563 -23.5228657, -46.6622552 -23.5228547, -46.6622684 -23.5228528, -46.6622705 -23.5228736, -46.6623581 -23.5228588, -46.6622915 -23.5224738, -46.6622046 -23.5224883, -46.662207 -23.522509, -46.6621936 -23.5225115, -46.6621919 -23.5225017, -46.6621808 -23.522492, -46.6621458 -23.522497, -46.6621365 -23.5225086, -46.6621379 -23.5225202, -46.6621251 -23.5225221, -46.6621234 -23.5225102, -46.6621073 -23.5225014, -46.6620766 -23.522507, -46.6620665 -23.5225198, -46.6620685 -23.5225313, -46.6620554 -23.5225338, -46.6620507 -23.5225125, -46.6619612 -23.522525, -46.6619486 -23.5225424, -46.6619119 -23.5225484))",courthouse,Fórum Trabalhista,,,,,,São Paulo,1444,01136-001,Rua do Bosque,,,Barra Funda,,,,,,,,,,,,,,,,,,pmsp,,,,,,Predio do Lalau,yes,,,66.387,,,,,,,,,,,,,,,,,,,,,,,,,,,,,,,,,,,,,,,,,,,,,,,,,,,,,,
"POLYGON ((-46.6471042 -23.5019114, -46.6468915 -23.5015626, -46.6463197 -23.5018954, -46.6460771 -23.5020366, -46.6463659 -23.5023953, -46.6465899 -23.5022357, -46.6468241 -23.5020823, -46.6471042 -23.5019114))",police,Núcleo de Perícias Criminalísticas - EPC NORTE,Polícia Científica de São Paulo,Q10374973,,,,,400,02506-000,Rua Leão XIII,,,Jardim São Bento,2025-01-08,,,+55 11 2256 5466,,,,,,,,,,,,,,http://www.policiacientifica.sp.gov.br/ic-instituto-de-criminalistica/,,,,,,,,,,,+55 11 2239 0122,,,,,,,,,,,,,,,,,,,,,,,,,,,,,,,,,,,,,,,,,,,,,,,,,,,,,
"POLYGON ((-46.533472 -23.5984804, -46.5323026 -23.5988502, -46.5324125 -23.5991643, -46.5336836 -23.5988336, -46.533472 -23.5984804))",police,70ª DP,Polícia Civil do Estado de São Paulo,Q10350993,,,,,390,,Rua Otávio Alves Dundas,,,,,,,+55 11 2702 0454,,,,,,,,,,,,,,,,,,,,,,,,,,,,,,,,,,,,,,,,,,,,,,,,,,,,,,,,,,,,,,,,,,,,,,,,,,,,,,
"POLYGON ((-46.5672824 -23.5940132, -46.5676065 -23.5937822, -46.5674542 -23.5936092, -46.5674001 -23.5935492, -46.5673136 -23.5935916, -46.5671647 -23.5935933, -46.5670618 -23.5935812, -46.567049 -23.5935772, -46.5670344 -23.5937394, -46.5672824 -23.5940132))",police,56º DP Vila Alpina,Polícia Civil do Estado de São Paulo,Q10350993,,,,,,,,,,,,,,,,,,,,,,,,,,,,,,,,,,,,,,,,,,,,,,,,,,,,,,,,,,,,,,,,,,,,,,,,,,,,,,,,,,,,,,,,,,,,
"POLYGON ((-46.6304983 -23.532718, -46.6301656 -23.5316316, -46.6317991 -23.5312064, -46.6318532 -23.5313885, -46.6319707 -23.5313625, -46.632108 -23.5318032, -46.6322552 -23.5322757, -46.6304983 -23.532718))",police,Rondas Ostensivas Tobias de Aguiar,Polícia Militar do Estado de São Paulo,Q10351025,military,police,PMESP,São Paulo,440,01102-000,Avenida Tiradentes,,,Luz,,,,,,,,,,,,ROTA,,,,,,,,,,pt:Polícia Militar do Estado de São Paulo,,,,,,,,,,,,,,,,,,,,,,,,,,,,,,,,,,,,,,,,,,,,,,,,,,,,,,,,,,,,
"POLYGON ((-46.3986793 -23.5358278, -46.3982252 -23.535556, -46.3981792 -23.5356277, -46.3978825 -23.5360779, -46.3983412 -23.5363491, -46.3984097 -23.5362488, -46.3983803 -23.5362313, -46.3984168 -23.5361764, -46.3985017 -23.5360484, -46.3985341 -23.5360666, -46.3985677 -23.5360174, -46.3986214 -23.5359387, -46.3986793 -23.5358278))",police,68º Delegacia de Policia,Polícia Civil do Estado de São Paulo,Q10350993,,,,São Paulo,229,08452-250,Rua João da Silva Aguiar,,,Lajeado,,,,,,,,,,,,,,,,,,,,,,,,,,,,,,,wall,,,,,,,,,,,,,,,,,,,,,,,,,,,,,,,,,,,,,,,,,,,,,,,,,,,
"POLYGON ((-46.5268581 -23.4956574, -46.5270023 -23.4956577, -46.5270033 -23.4953182, -46.5268591 -23.4953178, -46.5268581 -23.4956574))",police,Polícia Ambiental,Polícia Militar do Estado de São Paulo,Q10351025,military,police,PMESP,,,,,,,,,,,,,,,,,,,,,,,,,,,,,,,,,,,,,,,,,,,,,,,,,,,,,,,,,,,,,,,,,,,,,,,,,,,,,,,,,,,,,,,,,
"POLYGON ((-46.5980726 -23.6273843, -46.5979861 -23.6273419, -46.5979179 -23.6274587, -46.5980044 -23.6275012, -46.5980726 -23.6273843))",police,"Polícia Militar Rodoviária - Base SP-150/1 - km 10,7 Sul - São Paulo",Polícia Rodoviária do Estado de São Paulo,Q7665658,,,,,,,,,,,,,,,traffic_police,,,,,,,,,,,,,,,,,,,,yes,,,,,,,,,,,,,,,,,,,,,,,,,,,,,,,,,,,,,,,,,,,,,,,,,,,,,,,,,
"POLYGON ((-46.6329 -23.5540291, -46.632798 -23.5536934, -46.6327681 -23.5536925, -46.6327461 -23.5536942, -46.6327244 -23.5536977, -46.6327032 -23.5537032, -46.6326826 -23.5537105, -46.6326629 -23.5537195, -46.6326382 -23.5537342, -46.6327371 -23.5540608, -46.6327399 -23.5540703, -46.632762 -23.5540706, -46.6327839 -23.5540691, -46.6328057 -23.554066, -46.6328271 -23.5540611, -46.6328479 -23.5540545, -46.6328681 -23.5540464, -46.6328937 -23.554033, -46.6329 -23.5540291))",courthouse,Edificio 23 de Maio - Tribunal de Justiça de São Paulo - Segunda Instância - Direito Privado I,Tribunal de Justiça do Estado de São Paulo,Q125454187,,,,São Paulo,38,01512-000,Rua Conde de Sarzedas,,,,,,,,,,,,,,,,,,,,,,,,,,,Tribunal de Justiça,yes,,14,50.86,,,,,,,,,,,,,,,,,,,,,,,,,,,,,,,,,,,,,,,,,,,,,,,,,,,,,,
"POLYGON ((-46.6378241 -23.6539862, -46.6375451 -23.6541164, -46.6372474 -23.6542343, -46.6371589 -23.6541974, -46.6370999 -23.6541311, -46.6371803 -23.653711, -46.6372635 -23.6532859, -46.6373225 -23.6532466, -46.6374083 -23.6532172, -46.6375076 -23.6532172, -46.6375585 -23.6532687, -46.6376014 -23.6533105, -46.6377945 -23.6535464, -46.6378884 -23.6537134, -46.6379072 -23.6538068, -46.6378911 -23.6538707, -46.6378696 -23.6539198, -46.6378241 -23.6539862))",fire_station,Corpo de Bombeiros - 1º GB - Posto Jabaquara,Corpo de Bombeiros Militar do Estado de São Paulo,Q10260738,,,CBPMESP,São Paulo,3305,,Avenida Engenheiro Armando de Arruda Pereira,,,Vila Fachini,,,,,,,,,,,,,,,,,,,,,,,,,,,,,,,,,,,,,,,,,,,,,,,,,,,,,,,,,,,,,,,,,,,,,,,,,,,,,,,,,,
"POLYGON ((-46.6635765 -23.5083197, -46.6640963 -23.50914, -46.6637127 -23.5093341, -46.6631121 -23.5084017, -46.6635765 -23.5083197))",police,1º Batalhão de Policia Ambiental,Polícia Militar do Estado de São Paulo,Q10351025,military,police,PMESP,São Paulo,150,02518-020,Rua Mourão Vieira,,,,,,,,,,,,,,,,,,,,,,,,,,,,,,,,,,fence,,,,,,,,,,,,,,,,,,,,,,,,,,,,,,,,,,,,,,,,,,,,,,,,,,,
"POLYGON ((-46.6580236 -23.5894645, -46.6578587 -23.5895765, -46.6578941 -23.5896202, -46.658059 -23.5895082, -46.6580236 -23.5894645))",police,Guarda Civil,,,,,,,,,,,,,,,,,,,,,,,,,,,,,,pmsp,,,,,,,yes,,,3.309,,,,,,,,,,,,,,,,,,,,,,,,,,,,,,,,,,,,,,,,,,,,,,,,,,,,,,
"POLYGON ((-46.6234086 -23.5117162, -46.6230471 -23.5117333, -46.622693 -23.5117275, -46.6223387 -23.5117139, -46.6219843 -23.5116867, -46.6220245 -23.5125239, -46.6220739 -23.5125226, -46.6228592 -23.5125108, -46.6230894 -23.5125696, -46.6231756 -23.5123392, -46.6234086 -23.5117162))",police,DEIC,Polícia Civil do Estado de São Paulo,Q10350993,,,,São Paulo,,,Avenida Zaki Narchi,,,Santana,,,,,,,,,,,,,,,,,,,,,,,,,,,,,,,,,,,,,,,,,,,,,,,,,,,,,,,,,,,,,,,,,,,,,,,,,,,,,,,,,,
"POLYGON ((-46.6655114 -23.5131983, -46.6654807 -23.5132039, -46.6653315 -23.5123635, -46.6656954 -23.5123229, -46.665692 -23.5122641, -46.6658615 -23.5121507, -46.6659577 -23.5120876, -46.6661235 -23.5120745, -46.6661443 -23.5122823, -46.6661058 -23.5125001, -46.6660514 -23.5126733, -46.6658736 -23.5130648, -46.6658282 -23.5130428, -46.6657263 -23.5131612, -46.6655114 -23.5131983))",fire_station,2º Grupamento de Bombeiros,Secretaria de Segurança Publica do Estado de SP,,,,,São Paulo,1020,02518-130,Avenida Ordem e Progresso,,,Jardim das Laranjeiras,2025-11-17,,,,,,,,,,,,,,,,,,,,,,,,,,,,,,,,,,,,,,,,,,,,,,,,,,,,,,,,,,,,,,,,,,,,,,,,,,,,,,,,,
"POLYGON ((-46.7560623 -23.6625811, -46.7558692 -23.6630745, -46.7564058 -23.6632328, -46.7564465 -23.6632253, -46.756603 -23.6626984, -46.7560623 -23.6625811))",police,92º DP,Polícia Civil do Estado de São Paulo,Q10350993,,,,São Paulo,300,05861-280,Rua Maria Benedita Rodrigues,,,Parque Santo Antônio,,,,,,,,,,,,,,,,,,,,,,,,,,,,,,,,,,,,,,,,,,,,,,,,,,,,,,,,,,,,,,,,,,,,,,,,,,,,,,,,,,
"POLYGON ((-46.5700824 -23.5008711, -46.5697599 -23.500528, -46.5693202 -23.5013506, -46.569506 -23.5013492, -46.5696015 -23.5013491, -46.5697078 -23.5013455, -46.5698656 -23.5013413, -46.5700824 -23.5008711))",police,90ª Delegacia de Policia,Polícia Civil do Estado de São Paulo,Q10350993,,,,São Paulo,52,02145-040,Alameda Terceiro Sargento Alcides de Oliveira,,,,,,,,,,,,,,,,,,,,,,,,,,,,,,,,,,wall,,,,,,,,,,,,,,,,,,,,,,,,,,,,,,,,,,,,,,,,,,,,,,,,,,,
"POLYGON ((-46.4495933 -23.529233, -46.450043 -23.5288123, -46.4498019 -23.5285956, -46.4496008 -23.5287838, -46.4493522 -23.5290164, -46.4495933 -23.529233))",courthouse,Fórum Regional de Itaquera,,,,,,São Paulo,3915,08240-000,Avenida Pires do Rio,,,,,,,+55 11 2051 3607,,,,,,,,,,,,,,pmsp,,,,,,,yes,,,12.605,,,,,,government,,,,,,,,,,,,,,,,,,,,,,,,,,,,,,,,,,,,,,,,,,,,,,,,
"POLYGON ((-46.6319775 -23.5513566, -46.631955 -23.5513822, -46.6319306 -23.5514099, -46.6318724 -23.5514759, -46.6317788 -23.5515653, -46.631767 -23.5515766, -46.6317617 -23.5515817, -46.6317168 -23.5516245, -46.6316923 -23.5516479, -46.6316716 -23.5516677, -46.6316285 -23.5517089, -46.6315865 -23.551749, -46.6315833 -23.5517521, -46.6315616 -23.5517728, -46.6317561 -23.551964, -46.6317848 -23.5519921, -46.6320305 -23.5522337, -46.6320726 -23.5522751, -46.6321224 -23.5523241, -46.6321576 -23.5522851, -46.6322419 -23.5521917, -46.632193 -23.5521542, -46.6322933 -23.5520571, -46.6323654 -23.5521204, -46.6324514 -23.5520482, -46.6323734 -23.5519796, -46.6324155 -23.5519389, -46.6324253 -23.5519294, -46.6323589 -23.5518444, -46.6322911 -23.5517577, -46.6322103 -23.5516543, -46.6319775 -23.5513566))",fire_station,Comando do Corpo de Bombeiros,Corpo de Bombeiros Militar do Estado de São Paulo,Q10260738,,,,São Paulo,521,01018-020,Rua Anita Garibaldi,,,,,,,,,,,,,,,,,,,,,,,,,,,,,,,,,,,,,,,,,,,,,,,,,,,,,,,,,,,,,,,,,,,,,,,,,,,,,,,,,,,,,
"POLYGON ((-46.6137813 -23.6564215, -46.6136699 -23.6564586, -46.6137858 -23.656665, -46.6138959 -23.6566131, -46.6137813 -23.6564215))",police,83° Distrito Policial,Polícia Civil do Estado de São Paulo,Q10350993,,,,São Paulo,,,Avenida Alberto Fontana,,,Vila Moraes,,,,,,,,,,,,,,,,,,,,,,,,,yes,,,,,,,,,,,,,,,,,,,,,,,,,,,,,,,,,,,,,,,,,,,,,,,,,,,,,,,,,
"POLYGON ((-46.6537507 -23.6250282, -46.6536827 -23.6249864, -46.6537211 -23.6249339, -46.6536842 -23.6249112, -46.6536398 -23.6249718, -46.6535449 -23.6249134, -46.6535862 -23.6248571, -46.6537417 -23.6246447, -46.6538221 -23.6246941, -46.6537805 -23.6247509, -46.6538369 -23.6247855, -46.6538852 -23.6247195, -46.6539484 -23.6247583, -46.6537507 -23.6250282))",fire_station,,,,,,,,,,,,,,,,,,,,,,,,,,,,,,,,,,,,,,yes,,,,,,,,,,,,,,,,,,,,,,,,,,,,,,,,,,,,,,,,,,,,,,,,,,,,,,,,,
"POLYGON ((-46.6533855 -23.5489345, -46.6533602 -23.5489724, -46.6533351 -23.5489582, -46.6532499 -23.5490862, -46.6532744 -23.5491001, -46.6532461 -23.5491427, -46.6532839 -23.549164, -46.6532872 -23.549159, -46.6534544 -23.5492536, -46.6534511 -23.5492586, -46.6534881 -23.5492795, -46.6535155 -23.5492383, -46.6535432 -23.549254, -46.6536283 -23.5491262, -46.6536037 -23.5491122, -46.653629 -23.5490742, -46.6535885 -23.5490513, -46.6535862 -23.5490546, -46.6534231 -23.5489625, -46.6534263 -23.5489575, -46.6533855 -23.5489345))",courthouse,Tribunal Regional do Trabalho 2ª Região,,,,,,São Paulo,1236,01302-001,Rua da Consolação,,,,,,,,,,,,,,,,,,,,,,,,,,,,commercial,,,111.39,,,,,,,,,,,,,,,,,,,,,,,,,,,,,,,,,,,,,,,,,,,,,,,,,,,,,,
"POLYGON ((-46.7227085 -23.5716828, -46.7217996 -23.5709883, -46.7215908 -23.5712754, -46.7221505 -23.5716156, -46.7223466 -23.5716863, -46.7224463 -23.5717135, -46.7226282 -23.5718036, -46.7227085 -23.5716828))",police,51ª Delegacia de Polícia Rio Pequeno,Polícia Civil do Estado de São Paulo,Q10350993,,,,Sao Paulo,46,,Rua Barroso Neto,,,Vila Indiana,,,,+55 11 3727-1211,,,,,,BR,Sao Paulo,,,,,,,,,,,,,51ª DP Rio Pequeno,,,,,,,,,,,,,,,,,,,,,,,,,,,,,,,,,,,,,,,,,,,,,,,,,,,,,,,,,,
"POLYGON ((-46.6248576 -23.5337431, -46.6248604 -23.5342013, -46.6248621 -23.5343258, -46.6245856 -23.5343964, -46.6245589 -23.534308, -46.6244199 -23.5338471, -46.6248576 -23.5337431))",police,Polícia Militar de Trânsito,,,,,,São Paulo,2023,01107-000,Avenida do Estado,,,,,,,,,,,,,,,,,,,,,,,,,,,,,,,,,,wall,,,,,,,,,,,,,,,,,,,,,,,,,,,,,,,,,,,,,,,,,,,,,,,,,,,
"POLYGON ((-46.7229374 -23.5604668, -46.7228794 -23.5604938, -46.7229418 -23.5606066, -46.7229998 -23.5605797, -46.7229374 -23.5604668))",police,Posto da Guarda Universitária,,,,,,,,,,,,,2025-07-10,,,,,,,,,,,,,,,,,,,,,,,,yes,,,3.39,,,,,,,Base 1,,,,,,,,,,,,,,,,,,,,,,,,,,,,,,,,,,,,,,,,,,,,,,,
"POLYGON ((-46.5323173 -23.5892759, -46.5322403 -23.5892681, -46.5322244 -23.5894011, -46.5323013 -23.5894088, -46.5323173 -23.5892759))",police,Policia Militar 19ª BPM 3ªCIA,,,,,,,,,,,,,,,,,,,,,,,,,,,,,,,,,,,,,yes,,,,,,,,,,,,,,,,,,,,,,,,,,,,,,,,,,,,,,,,,,,,,,,,,,,,,,,,,
"POLYGON ((-46.7227149 -23.571558, -46.7227623 -23.5715976, -46.7228717 -23.571487, -46.7228276 -23.57145, -46.7227149 -23.571558))",police,3ª Cia,Polícia Militar do Estado de São Paulo,Q10351025,military,police,PMESP,,,,,,,,,,,,,,,,,,,,,,,,,,,,,,,,yes,,,3.73,,,,,,,,,,,,,,,,,,,,,,,,,,,,,,,,,,,,,,,,,,,,,,,,,,,,,,
"POLYGON ((-46.7167588 -23.5693413, -46.7165159 -23.5692588, -46.716487 -23.5692496, -46.7160954 -23.5691697, -46.7160183 -23.5693571, -46.7160829 -23.5693843, -46.7163569 -23.5694997, -46.716373 -23.5694727, -46.7164428 -23.5695022, -46.7164287 -23.5695286, -46.7165224 -23.5695685, -46.716631 -23.5696147, -46.7167588 -23.5693413))",courthouse,Foro Regional do Butantã,,,,,,São Paulo,150,05582-000,Avenida Vital Brasil,,,,,,,,,,,,,BR,SP,,,,,,,,,,,,,,yes,,,11.99,+55 11 3721-6830,,,,,,,,,,,,,,,,,,,,,,,,,,,,,,,,,,,,,,,,,,,,,,,,,,,,,
"POLYGON ((-46.6565484 -23.5604995, -46.6568122 -23.5607554, -46.6566917 -23.560861, -46.6564279 -23.560605, -46.6565484 -23.5604995))",courthouse,Justiça Federal Fórum Ministro Pedro Lessa,,,,,,São Paulo,1682,01310-200,Avenida Paulista,,,,,,,,,,,,,,,,,,,,,,,,,,,,yes,1,,66.651,,,,,,,,9.121,,,,,,,,,,,,,,,,,,,,,,,,,,,,,,,,,,,,,,,,,,,,,,
"POLYGON ((-46.6566903 -23.5603064, -46.6567175 -23.5603326, -46.6567569 -23.5603706, -46.6567977 -23.5604099, -46.6568139 -23.5604255, -46.6569329 -23.5603206, -46.656811 -23.560203, -46.6567157 -23.5602846, -46.6566903 -23.5603064))",courthouse,Justiça Federal,,,,,,São Paulo,768,01409-000,Rua Peixoto Gomide,,,,,,,,,,,,,,,,,,,,,,,,,,,,yes,,,45.831,,,,,,,,,,,,,,,,,,,,,,,,,,,,,,,,,,,,,,,,,,,,,,,,,,,,,,
"POLYGON ((-46.7734314 -23.4414909, -46.7734227 -23.4415031, -46.7733747 -23.4414743, -46.7733858 -23.4414613, -46.7733243 -23.4414212, -46.7733768 -23.4413534, -46.7735593 -23.4414722, -46.7735069 -23.44154, -46.7734314 -23.4414909))",police,Polícia Rodoviária Estadual,Polícia Rodoviária do Estado de São Paulo,Q7665658,,,,,,,,,,,,,,,traffic_police,,,,,,,,,,,,,,,,,,,,yes,,,,,,,,,,,,Rodoanel Mário Covas - km 5,,,,,,,,,,,,,,,,,,,,,,,,,,,,,,,,,,,,,,,,,,,,,
"POLYGON ((-46.6608623 -23.5192269, -46.6608918 -23.5188976, -46.6606899 -23.5188829, -46.6595779 -23.5188016, -46.6595911 -23.5186366, -46.6594667 -23.5186264, -46.6594521 -23.5187925, -46.6593682 -23.5187873, -46.659216 -23.5205465, -46.6592094 -23.5206226, -46.6601677 -23.5206917, -46.6607322 -23.5207324, -46.6608567 -23.5192762, -46.6608623 -23.5192269))",courthouse,Fórum Criminal Ministro Mário Guimarães,,,,,,São Paulo,313,,Avenida Doutor Abraão Ribeiro,,,Barra Funda,,,,+55 11 2127-9000,,,,,,,,,,,,,,,,,,,,,,,,,,,,,,,,,,outside,,,,,,,,,,,,,,,,,,,,,,,,,,,,,,,,,,,,,,,,,,,,
"POLYGON ((-46.6502618 -23.5462361, -46.6498282 -23.5462452, -46.6498327 -23.5464272, -46.6499226 -23.5464261, -46.6499203 -23.5463299, -46.6499631 -23.546329, -46.6499654 -23.5464255, -46.6500117 -23.5464249, -46.6500856 -23.546424, -46.6501223 -23.5464236, -46.6501312 -23.5464234, -46.6501296 -23.5463606, -46.6501723 -23.5463598, -46.6501739 -23.5464229, -46.6502035 -23.5464225, -46.6502679 -23.5464217, -46.650265 -23.5463326, -46.6502618 -23.5462361))",courthouse,Tribunal de Justiça Militar,,,,,,,,,,Mo-Fr 11:00-19:00,,,,limited,,,,,,,,,,,,,,,,,,,,,,,yes,,,18.44,,,,,,,,,,,,,,,,,,,,,,,,,,,,,,,,,,,,,,,,,,,,,,,,,,,,,,
"POLYGON ((-46.6490288 -23.5452886, -46.6490457 -23.5453007, -46.6490908 -23.5452987, -46.6490692 -23.5452672, -46.6490281 -23.5452654, -46.6490288 -23.5452886))",police,Base Comunitária de Segurança,Polícia Militar do Estado de São Paulo,Q10351025,,,PMESP,,,,Rua Major Sertório,24/7,https://www.policiamilitar.sp.gov.br/institucional/policiamento-comunitario,,,,,,,,,,,,,,,,,,,,,,,,,,yes,,1,3.9,,,,,,,,,,,,,,,,,,,,,,,,,,,,,,,,,,,,,,,,,,,,,,,,,,,,,,
"POLYGON ((-46.6454105 -23.539638, -46.6453037 -23.5396968, -46.6451889 -23.53976, -46.6453359 -23.5398687, -46.645534 -23.539754, -46.6454105 -23.539638))",police,Departamento de Polícia de Proteção à Cidadania,Polícia Civil do Estado de São Paulo,Q10350993,,,,São Paulo,1247,01035-100,Avenida São João,,,,,,,,,,,,,,,DPPC,,,,,,,,,,,,,yes,,,37.1,,,,,,,,,,,,,,,,,,,,,,,,,,,,,,,,,,,,,,,,,,,,,,,,,,,,,,
"POLYGON ((-46.6398078 -23.539317, -46.6396911 -23.5392404, -46.6395792 -23.5393854, -46.6396959 -23.5394619, -46.6398078 -23.539317))",police,3ª Delegacia de Polícia,Polícia Civil do Estado de São Paulo,Q10350993,,,,São Paulo,322,01209-000,Rua Aurora,,,,,,,,,,,,,,,,,,,,,,,,,,,,yes,,,23.35,,,,,,,,,,,,,,,,,,,,,,,,,,,,,,,,,,,,,,,,,,,,,,,,,,,,,,
"POLYGON ((-46.6364517 -23.5384216, -46.6364966 -23.5384404, -46.6364822 -23.5384697, -46.6364615 -23.5384611, -46.6364317 -23.5385215, -46.6364525 -23.5385304, -46.6364353 -23.5385651, -46.6364489 -23.5385709, -46.6365759 -23.5385356, -46.6365977 -23.5384906, -46.6366175 -23.5384497, -46.6364659 -23.5383931, -46.6364517 -23.5384216))",police,Divisão de Esporte e Cultura (DEC) da Guarda Civil Metropolitana,Guarda Civil Metropolitana,Q111137534,,,,São Paulo,120,01212-030,Rua General Couto de Magalhães,,,,,,,+55 11 3209-6694,,,,,,,,,,,,,,,,,,,,,yes,,,8.47,,,,,,,,,,,,,,,,,,,,,,,,,,,,,,,,,,,,,,,,,,,,,,,,,,,,,,
"POLYGON ((-46.6368675 -23.5354806, -46.6367098 -23.5354878, -46.6366273 -23.5354916, -46.6366291 -23.5356249, -46.6368705 -23.5356183, -46.6368691 -23.5355531, -46.6368684 -23.5355226, -46.6368675 -23.5354806))",police,Comando Geral da Guarda Civil Metropolitana,Guarda Civil Metropolitana,Q111137534,,,,São Paulo,444,01212-030,Rua General Couto de Magalhães,24/7,http://www.prefeitura.sp.gov.br,,,,,+55 11 3396-5900,,,,,,,,,,,,,,,,,,,,,yes,,,23.45,,,,,,,,,,,General Command of the Metropolitan Civil Guard,,,,,,,,,,,,,,,,,,,,,,,,,,,,,,,,,,,,,,,,,,,
"POLYGON ((-46.6425767 -23.5330162, -46.6426432 -23.533059, -46.6426708 -23.5330205, -46.6426967 -23.5330363, -46.6427172 -23.5330078, -46.642772 -23.5330412, -46.6428063 -23.5329933, -46.6427489 -23.5329581, -46.6427764 -23.5329197, -46.6426857 -23.5328644, -46.6425767 -23.5330162))",police,Base Comunitária de Segurança POLÍCIA MILITAR,Polícia Militar do Estado de São Paulo,Q10351025,military,police,PMESP,,,,,,,,,,,,,,,,,,,,,,,,,,,,,,,,yes,,,2.965,,,,,,,,,,,,,,,,,,,,,,,,,,,,,,,,,,,,,,,,,,,,,,,,,,,,,,
"POLYGON ((-46.6571241 -23.5208858, -46.6556549 -23.5208525, -46.6556199 -23.5219488, -46.6561171 -23.5219677, -46.6562592 -23.5219731, -46.6571241 -23.5208858))",courthouse,Tribunal Regional do Trabalho da Segunda Região - Unidade Administrativa 2,,,,,,,500,,Rua James Holland,,http://www.trtsp.jus.br,,,,,,,,,,,,,,,,,,,,,,,,,,,,,,,,,,,,,,,,,,,,,,,,,,,,,,,,,,,,,,,,,,,,,,,,,,,,,,,,,,,
"POLYGON ((-46.6338668 -23.5558448, -46.6338362 -23.5558431, -46.6338333 -23.5558899, -46.6337845 -23.5558873, -46.633774 -23.5560537, -46.6338496 -23.5560578, -46.633882 -23.5560595, -46.6338954 -23.5558463, -46.6338668 -23.5558448))",courthouse,Vara de Execuções Fiscais,,,,,,São Paulo,35,01510-010,Praça Almeida Júnior,,,Liberdade,,,,,,,,,,,,,,,,,,,,,,,,,yes,,,41.71,,,,,,,,,,,,,,,,,,,,,,,,,,,,,,,,,,,,,,,,,,,,,,,,,,,,,,
"POLYGON ((-46.6367991 -23.5389763, -46.6368778 -23.5389732, -46.6369535 -23.5389933, -46.6370183 -23.5390345, -46.6370653 -23.5390925, -46.6370898 -23.5391612, -46.637089 -23.5392335, -46.6370632 -23.5393017, -46.6370149 -23.5393589, -46.6369465 -23.5394001, -46.6368669 -23.5394183, -46.6367854 -23.5394112, -46.6367109 -23.5393798, -46.636652 -23.5393276, -46.6366153 -23.5392604, -46.6366049 -23.5391859, -46.6366221 -23.5391124, -46.6366648 -23.5390483, -46.6367255 -23.5390022, -46.6367991 -23.5389763))",police,Edifício Garagem Alfredo Issa,Polícia Civil do Estado de São Paulo,Q10350993,,,,São Paulo,,,Praça Alfredo Issa,,,,,,,,,,,,,,,,,,,,,,,,,,,,yes,,,36,,,,,,,,,,outside,,public_service,government,Poupatempo,,,,,,,,,,,,,,,,,,,,,,,,,,,,,,,,,,,,,,,,
"POLYGON ((-46.6508236 -23.5789744, -46.6508047 -23.5793385, -46.6509461 -23.5793446, -46.6509649 -23.5789805, -46.6508236 -23.5789744))",police,DECAP - 2ª Delegacia Seccional de Polícia - 36º DP,Polícia Civil do Estado de São Paulo,Q10350993,,,,,,04007-005,Rua Tutóia,,,,,,,+55 11 3884 0267,,,,,,,,,,spaulo.dp036@policiacivil.sp.gov.br,,,,,,,,,,,yes,,,5.782,,,,,,,,,,,,,,,,,,,,,,,,,,,,,,,,,,,,,,,,,,,,,,,,,,,,,,
"POLYGON ((-46.6396206 -23.5694826, -46.6396159 -23.5694437, -46.6395903 -23.5694456, -46.6394991 -23.5694525, -46.6394649 -23.5694551, -46.6393513 -23.5694637, -46.639343 -23.5694644, -46.6393514 -23.56954, -46.6393615 -23.5696313, -46.6397177 -23.5695975, -46.6397199 -23.5695632, -46.6396998 -23.5695648, -46.6397039 -23.569475, -46.6396206 -23.5694826))",courthouse,Juizado Especial Cível Central,,,,,,,,,,,,,,,,,,,,,,,,,,,,,,pmsp,,,,,,,yes,,,3.033,,,,,,,,,,,,,,,,,,,,,,,,,,,,,,,,,,,,,,,,,,,,,,,,,,,,,,
"POLYGON ((-46.4453444 -23.5088375, -46.4448241 -23.5087907, -46.4445643 -23.5094986, -46.4441789 -23.5102948, -46.4443494 -23.5103171, -46.4446566 -23.5103466, -46.444753 -23.5103145, -46.4450628 -23.5097082, -46.4452185 -23.5093886, -46.4453444 -23.5088375))",courthouse,Fórum de São Miguel,,,,,,,,,Avenida Afonso Lopez de Baião,,,,,,,,,,,,,,,,,,,,,,,,,,,,,,,,,,,,,,,,,,,,,,,,,,,,,,,,,,,,,,,,,,,,,,,,,,,,,,,,,,,,,
"POLYGON ((-46.6196038 -23.5457006, -46.6194092 -23.5459777, -46.6200386 -23.5463534, -46.6202332 -23.5460763, -46.6196038 -23.5457006))",courthouse,Poder Judiciário - Fórum Brás,Tribunal de Justiça do Estado de São Paulo,Q125454187,,,,São Paulo,105,03042-001,Rua Piratininga,,,Brás,,,,,,,,,,,,,,,,,,pmsp,,,,,,,,,,,,,,,,,,,,,,,,,,,,,,,,,,,,,,,,,,,,,,,,,,,,,,,,,,,,,,,,
"POLYGON ((-46.614561 -23.6083384, -46.6140782 -23.6079772, -46.6138717 -23.608336, -46.6142338 -23.6086211, -46.6143035 -23.6084884, -46.6144269 -23.608336, -46.6145047 -23.6083827, -46.614561 -23.6083384))",police,Policia Cívil - Divisão de Transportes,Polícia Civil do Estado de São Paulo,Q10350993,,,,,,,Rua Doutor Malta Cardoso,,,,,,,,,,,,,,,,,,,,,,,,,,,,,,,,,,,,,,,,,,,,,,,,,,,,,,,,,,,,,,,,,,,,,,,,,,,,,,,,,,,,,
"POLYGON ((-46.688273 -23.5522349, -46.6881964 -23.5523468, -46.6882101 -23.5523548, -46.6882016 -23.5523672, -46.688187 -23.5523587, -46.6881575 -23.5524019, -46.688341 -23.5525086, -46.6884166 -23.5523982, -46.6884022 -23.5523898, -46.6884094 -23.5523793, -46.6884246 -23.5523881, -46.6884569 -23.5523409, -46.6883406 -23.5522733, -46.6883316 -23.5522865, -46.6883215 -23.5522806, -46.68833 -23.5522681, -46.688273 -23.5522349))",courthouse,Fórum Regional de Pinheiros,,,,,,,,,,,,,,,,,,,,,,,,,,,,,,pmsp,,,,,,,yes,,,27.751,,,,,,,,,,,,,,,,,,,,,,,,,,,,,,,,,,,,,,,,,,,,,,,,,,,,,,
"POLYGON ((-46.6342133 -23.5227111, -46.6342308 -23.5227589, -46.6342704 -23.5227458, -46.6343185 -23.5228798, -46.6347089 -23.5227598, -46.6346743 -23.5226615, -46.6343482 -23.5227594, -46.6343371 -23.522727, -46.6343767 -23.5227152, -46.6343528 -23.5226438, -46.6342049 -23.5226881, -46.6342133 -23.5227111))",police,Guarda Civil Metropolitana,Guarda Civil Metropolitana,Q111137534,,,,São Paulo,680,,Avenida do Estado,,,,2024-04-13,,,,,,,,,,,,,,,,,pmsp,,,,,,,yes,,,6.416,,,,,,,,,,,,,,,,,,,,,,,,,,,,,,,,,,,,,,,,,,,,,,,,,,,,,,
"POLYGON ((-46.4362041 -23.544735, -46.4362879 -23.5452729, -46.4361093 -23.5452963, -46.4360255 -23.5447584, -46.4362041 -23.544735))",police,Policia Militar de SP,Polícia Militar do Estado de São Paulo,Q10351025,military,police,PMESP,,,,,,,,,,,,,,,,,,,,,,,,,,,,,,,,,,,,,,,,,,,,,,,,,,,,,,,,,,,,,,,,,,,,,,,,,,,,,,,,,,,,,,,,,
"POLYGON ((-46.5845077 -23.517549, -46.5842682 -23.5177086, -46.5842878 -23.5177337, -46.5843153 -23.5177687, -46.5843574 -23.5178225, -46.5843764 -23.5178467, -46.5843802 -23.5178516, -46.5843839 -23.5178563, -46.5844079 -23.5178869, -46.58467 -23.5182214, -46.584714 -23.5181917, -46.5847487 -23.5181683, -46.58479 -23.5181405, -46.5848267 -23.5181158, -46.5848699 -23.5180866, -46.5850271 -23.5179807, -46.585064 -23.5179558, -46.5848166 -23.5176451, -46.5846635 -23.5174452, -46.5845077 -23.517549))",police,19º Distrito Policial,Polícia Civil do Estado de São Paulo,Q10350993,,,,São Paulo,1181,02115-001,Rua Amambaí,,,Vila Maria,,,,,,,,,,,,,,,,,,,,,,,,,,,,,,,,,,,,,,,,,,,,,,,,,,,,,,,,,,,,,,,,,,,,,,,,,,,,,,,,,,
"POLYGON ((-46.6252519 -23.5290464, -46.6251925 -23.5290478, -46.6251958 -23.5291731, -46.6251992 -23.5293045, -46.6252587 -23.5293032, -46.6252552 -23.5291707, -46.6252519 -23.5290464))",police,Centro Administrativo da Polícia Militar,Polícia Militar do Estado de São Paulo,Q10351025,,,PMESP,São Paulo,250,03033-020,Avenida Cruzeiro do Sul,,,,,,,,,,,,,,,,,,,,,pmsp,,,,,,,roof,1,,2.985,,,,,,,,,,,,,,,,,,,,,,,,,,,,,,,,,,,,,,,,,,,,,,,,,,,,,,
"POLYGON ((-46.6027882 -23.5296083, -46.6027687 -23.5296329, -46.6027629 -23.5296328, -46.6027556 -23.5296338, -46.6027487 -23.5296359, -46.6027422 -23.5296391, -46.6027365 -23.5296433, -46.6027316 -23.5296483, -46.6027277 -23.529654, -46.602725 -23.5296603, -46.6027235 -23.5296669, -46.6027233 -23.5296737, -46.6027243 -23.5296803, -46.6027266 -23.5296867, -46.6027301 -23.5296927, -46.6027346 -23.529698, -46.6027401 -23.5297025, -46.6027463 -23.5297061, -46.6027524 -23.5297099, -46.6027591 -23.5297126, -46.6027662 -23.5297141, -46.6027736 -23.5297144, -46.6027808 -23.5297134, -46.6027877 -23.5297112, -46.6027941 -23.5297078, -46.6027996 -23.5297034, -46.6028041 -23.5296981, -46.6028075 -23.5296921, -46.6028096 -23.5296856, -46.6028104 -23.5296789, -46.6028097 -23.5296722, -46.6028077 -23.5296657, -46.6028043 -23.5296594, -46.6028252 -23.5296348, -46.6027882 -23.5296083))",police,Posto da Polícia Militar,,,,,,São Paulo,,,Rua Marcos Arruda,,,Belenzinho,,,,,,,,,,,,,,,,,,pmsp,,,,,,,yes,,,4.06,,,,,,,,,,,,,,,,,,,,,,,,,,,,,,,,,,,,,,,,,,,,,,,,,,,,,,
"POLYGON ((-46.5936718 -23.5486716, -46.5937382 -23.5487248, -46.5937851 -23.5486749, -46.5937661 -23.5486576, -46.593756 -23.5486677, -46.5936575 -23.5485903, -46.5936674 -23.5485794, -46.5936067 -23.5485319, -46.5935594 -23.5485815, -46.5936718 -23.5486716))",police,Polícia Militar,Polícia Militar do Estado de São Paulo,Q10351025,military,police,PMESP,,,,,,,,,,,,,,,,,,,,,,,,,pmsp,,,,,,,yes,,,7.085,,,,,,,,,,,,,,,,,,,,,,,,,,,,,,,,,,,,,,,,,,,,,,,,,,,,,,
"POLYGON ((-46.5999871 -23.5576412, -46.6000212 -23.5576957, -46.6000516 -23.557656, -46.6000212 -23.5576207, -46.5999871 -23.5576412))",police,Policia Militar,,,,,,São Paulo,21,03119-000,Rua Madre de Deus,,,Mooca,,,,,,,,,,,,,,,,,,pmsp,,,,,,,yes,,,3.4,,,,,,,,,,,,,,,,,,,,,,,,,,,,,,,,,,,,,,,,,,,,,,,,,,,,,,
"POLYGON ((-46.4669677 -23.5670073, -46.4665385 -23.5671253, -46.4662918 -23.5664074, -46.4667209 -23.5662845, -46.4669677 -23.5670073))",fire_station,2º Subgrupamento de Bombeiros Itaquera,Corpo de Bombeiros Militar do Estado de São Paulo,Q10260738,,,CBPMESP,São Paulo,154,08270-700,Avenida Oswaldo Pucci,,,Parque do Carmo,,,,+55 11 3396-2640,,,,,,,,,,,,,,,,,,,,,,,,,,,,,,,,,,,,,,,,,,,,,,,,,,,,,,,,,,,,,,,,,,,,,,,,,,,,,,
"POLYGON ((-46.4662101 -23.5664202, -46.4658879 -23.566519, -46.4661612 -23.5672539, -46.4664793 -23.5671576, -46.4662101 -23.5664202))",police,53º Distrito Policial Parque do Carmo,Polícia Civil do Estado de São Paulo,Q10350993,,,,São Paulo,180,08270-700,Avenida Oswaldo Pucci,,,Parque do Carmo,,,,+55 11 2748-4900,,,,,,,,,,,,,,,,,,,,,,,,,,,,,,,,,,,,,,,,,,,,,,,,,,,,,,,,,,,,,,,,,,,,,,,,,,,,,,
"POLYGON ((-46.6948269 -23.6331582, -46.6950177 -23.6328946, -46.6948611 -23.6327995, -46.6947794 -23.6329123, -46.694801 -23.6329254, -46.6946919 -23.6330762, -46.6948269 -23.6331582))",fire_station,,,,,,,São Paulo,116,,Rua Henri Dunant,,,,,,,,,,,,,BR,,,,,,,,,,,,,,,yes,,,,,,,,,,,,,,,,,,,,,,,,,,,,,,,,,,,,,,,,,,,,,,,,,,,,,,,,,
"POLYGON ((-46.7270757 -23.5881312, -46.7269792 -23.5887334, -46.7269255 -23.5888035, -46.7263636 -23.5884102, -46.726601 -23.588114, -46.7265594 -23.5880857, -46.7267096 -23.5879001, -46.7270757 -23.5881312))",police,34º Distrito Delegacia de Polícia Civil,Polícia Civil do Estado de São Paulo,Q10350993,,,,,2971,,Avenida Professor Francisco Morato,,,,,,,,,,,,,,,,,,,,,,,,,,,,,,,,,,,,,,,,,,,,,,,,,,,,,,,,,,,,,,,,,,,,,,,,,,,,,,,,,,,,,
"POLYGON ((-46.6282677 -23.5036804, -46.6282946 -23.503919, -46.627675 -23.5039583, -46.6276535 -23.5037788, -46.6282677 -23.5036804))",fire_station,2º PB SANTANA,,,,,,São Paulo,3351,02022-011,Avenida Brás Leme,,,Santana,,,,,,,,,,,,,,,,,,,,,,,,,,,,,,,,,,,,,,,,,,,,,,,,,,,,,,,,,,,,,,,,,,,,,,,,,,,,,,,,,,
"POLYGON ((-46.620429 -23.4782375, -46.6205079 -23.4781354, -46.6204371 -23.4780888, -46.6203958 -23.4781404, -46.6203572 -23.4781885, -46.620429 -23.4782375))",police,3ª Cia 43º BPM,Polícia Militar do Estado de São Paulo,Q10351025,military,police,PMESP,,,,,,,,,,,,,,,,,,,,,,,,,pmsp,,,,,,,yes,,,6.869,,,,,,,,,,,,,,,,,,,,,,,,,,,,,,,,,,,,,,,,,,,,,,,,,,,,,,
"POLYGON ((-46.5634514 -23.5367571, -46.5632314 -23.5367177, -46.5633521 -23.5359824, -46.5635828 -23.5360144, -46.5634514 -23.5367571))",police,52º Distrito Policial do Parque São Jorge,Polícia Civil do Estado de São Paulo,Q10350993,,,,São Paulo,400,,Rua Doutor Coryntho Baldoíno Costa,,,Parque São Jorge,,,,,,,,,,,,,,,,,,,,,,,,5ª Delegacia de Defesa da Mulher de São Paulo,,,,,,,,,,,,,,,,,,,,,,,,,,,,,,,,,,,,,,,,,,,,,,,,,,,,,,,,,,
"POLYGON ((-46.6698895 -23.538426, -46.6697581 -23.5382536, -46.6696764 -23.5383072, -46.6697163 -23.5383589, -46.6697053 -23.5383662, -46.6697104 -23.5383728, -46.669834 -23.5385329, -46.6698528 -23.5385573, -46.6698953 -23.5386131, -46.669987 -23.5385539, -46.6698895 -23.538426))",courthouse,Juizado Especial Cível Central Puc São Paulo,,,,,,São Paulo,295,05008-000,"Rua João Ramalho,",,,Perdizes,,,,,,,,,,,,,,,,,,pmsp,,,,,,,yes,,,3.002,,,,,,,,,,,,,,,,,,,,,,,,,,,,,,,,,,,,,,,,,,,,,,,,,,,,,,
"POLYGON ((-46.6655818 -23.5949729, -46.665495 -23.5950319, -46.6655173 -23.5950598, -46.665481 -23.5950845, -46.665501 -23.5951095, -46.6655394 -23.5950834, -46.6655463 -23.5950921, -46.665639 -23.5950291, -46.6655996 -23.5949798, -46.6655917 -23.5949852, -46.6655818 -23.5949729))",police,Polícia Militar. 3ª Companhia do 12º BPM/M,Polícia Militar do Estado de São Paulo,Q10351025,military,police,PMESP,São Paulo,1450,,Avenida Quarto Centenário,,,Jardim Luzitânia,,,,,,,,,,,,,,,,,,pmsp,,,,,,,yes,,,7.26,,,,,,,,,,,,,,,,,,,,,,,,,,,,,,,,,,,,,,,,,,,,,,,,,,,,,,
"POLYGON ((-46.6997231 -23.7285509, -46.6997553 -23.7287253, -46.6993825 -23.7287253, -46.699405 -23.7285171, -46.6994435 -23.7284857, -46.6997231 -23.7285509))",police,,,,,,,São Paulo,,,,,,Jardim Presidente,,,,,,,,,,,,,,,,,,,,,,,,,,,,,,,,,,,,,,,,,,,,,,,,,,,,,,,,,,,,,,,,,,,,,,,,,,,,,,,,,,
"POLYGON ((-46.6359593 -23.5963516, -46.6360762 -23.5963478, -46.6361126 -23.5963482, -46.6362317 -23.5963495, -46.6362588 -23.5963498, -46.6364138 -23.5963515, -46.6364612 -23.596352, -46.6364594 -23.5964912, -46.6364549 -23.5968392, -46.6364535 -23.5969419, -46.6359573 -23.5969243, -46.6359561 -23.596883, -46.6359571 -23.5968061, -46.6359575 -23.5967766, -46.6359609 -23.596516, -46.6359613 -23.5964858, -46.635959 -23.5963866, -46.6359593 -23.5963516))",fire_station,Corpo de Bombeiros Vila Mariana,,,,,,,,,,,,,,,,,,,,,,,,,,,,,,,,,,,,,,,,,,,,,,,,,,,,,,,,,,,,,,,,,,,,,,,,,,,,,,,,,,,,,,,,,,,,,,
"POLYGON ((-46.7386441 -23.4911725, -46.7388819 -23.4912489, -46.738707 -23.4915433, -46.7385558 -23.4914776, -46.7385005 -23.4915776, -46.7382285 -23.4914862, -46.7384063 -23.4912135, -46.7386441 -23.4911725))",fire_station,2º GRUPAMENTO DO BATALHAO DO CORPO DE BOMBEIROS,,,,,,,,,,,,,,,,,,,,,,,,,,,,,,,,,,,,,yes,,,,,,,,,,,,,,,,,,,,,,,,,,,,,,,,,,,,,,,,,,,,,,,,,,,,,,,,,
"POLYGON ((-46.4437861 -23.530656, -46.4438557 -23.5309791, -46.4437676 -23.5311008, -46.4437519 -23.5311224, -46.4436362 -23.5312822, -46.443088 -23.5309364, -46.4437861 -23.530656))",police,3ª Companhia de Radio Patrulhamento,Polícia Militar do Estado de São Paulo,Q10351025,military,,PMESP,São Paulo,3,,Estrada Itaquera-Guaianazes,,,,,,,,,,,,,,,,,,,,,,,,,,,,,,,,,,wall,,,,,,,,,,,,,,,,,,,,,,,,,,,,,,,,,,,,,,,,,,,,,,,,,,,
"POLYGON ((-46.688255 -23.6882185, -46.688152 -23.6883044, -46.6879213 -23.6880725, -46.6880243 -23.6879866, -46.688255 -23.6882185))",police,22º Batalhão da Polícia Militar,Polícia Militar do Estado de São Paulo,Q10351025,military,police,PMESP,São Paulo,,04444-000,Rua Miguel Yunes,,,Vila Arriete,,,,,,,,,,,,,,,,,,,,,,,,,yes,,,,,,,,,,,,,,,,,,,,,,,,,,,,,,,,,,,,,,,,,,,,,,,,,,,,,,,,,
"POLYGON ((-46.6395169 -23.5037515, -46.6394605 -23.5037231, -46.6394405 -23.5037569, -46.6394969 -23.5037853, -46.6395169 -23.5037515))",police,Base Comunitaria,Polícia Militar do Estado de São Paulo,Q10351025,,,PMESP,São Paulo,,,Avenida Bráz Leme,,,Santana,,,,,,,,,,,,,,,,,,pmsp,,,,pt:Polícia Militar do Estado de São Paulo,,,yes,,,3.833,,,,,,,,,,,,,,,,,,,,,,,,,,,,,,,,,,,,,,,,,,,,,,,,,,,,,,
"POLYGON ((-46.7317443 -23.8059738, -46.731694 -23.8057809, -46.7315214 -23.8058234, -46.7315651 -23.8060145, -46.7317443 -23.8059738))",police,Guarda Civil Metropolitana,,,,,,São Paulo,620,04883-210,Rua Antônio Marcondes Boeta,,www.gcm.sp.gov.br,Jardim Aladim,,,,+55 11 5926-4048,,,,,,,,,,gcmirdamcapivarimonos@prefeitura.sp.gov.br,+55 11 5920-8054,,,pmsp;local knowledge;aerial imagery,,,,,,,yes,,,3.066,,,,,,,,,,,,,,,,,,,,,,,,,,,,,,,,,,,,,,,,,,,,,,,,,,,,,,
"POLYGON ((-46.7322321 -23.826182, -46.7323561 -23.8263041, -46.7324086 -23.8262594, -46.7322834 -23.8261369, -46.7322321 -23.826182))",police,50º Batalhão de Polícia Militar,Polícia Militar do Estado de São Paulo,Q10351025,military,police,PMESP,São Paulo,6755,04865-005,Avenida Sadamu Inoue,,https://www.policiamilitar.sp.gov.br/,Jardim do Centro,,,PMESP,+55 11 5920-8527,,,,,,,,,,,,,,pmsp;local knowledge;aerial imagery,,,,,,,yes,,,6.183,,,,,,,,,,,,,,,,,,,,,,,,,,,,,,,,,,,,,,,,,,,,,,,,,,,,,,
"POLYGON ((-46.7350596 -23.8256595, -46.7349849 -23.8255949, -46.7349791 -23.8255988, -46.7348302 -23.8254658, -46.7347968 -23.8254359, -46.7346449 -23.8255848, -46.7348302 -23.8257439, -46.7349083 -23.8258109, -46.7349217 -23.8257975, -46.7349477 -23.8257715, -46.7348833 -23.825715, -46.7349546 -23.8256447, -46.7350202 -23.8256989, -46.735056 -23.8256631, -46.7350596 -23.8256595))",police,25° Distrito Policial - Parelheiros,Polícia Civil do Estado de São Paulo,Q10350993,,,,São Paulo,9,04888-000,Rua Umberto Ravello,,https://www.policiacivil.sp.gov.br/,Jardim do Centro,,,,+55 11 5920-8959,,,,,,,,,,,,,,pmsp;local knowledge;aerial imagery,1989,,,,,,police,,,3.363,,,,,,,,,,,,,,,,,,,,,,,,,,,,,,,,,,,,,,,,,,,,,,,,,,,,,,
"POLYGON ((-46.7364044 -23.8158509, -46.736368 -23.8159145, -46.7365439 -23.8159993, -46.736616 -23.8158726, -46.7365094 -23.8158213, -46.7364736 -23.8158842, -46.7364044 -23.8158509))",police,Guarda Civil Metropolitana,Guarda Civil Metropolitana,Q111137534,,,,São Paulo,5252,04883-025,Avenida Sadamu Inoue,24/7,www.gcm.sp.gov.br,Jardim dos Alamos,,yes,"Os seus efetivos tiveram participação na Segunda Guerra Mundial, recebendo, dentre as várias missões, a incumbência de formar a primeira unidade de Polícia Militar do Exército Brasileiro, a atual Polícia do Exército.",+55 11 5921-4828,,,,attraction,,,,,,gcmirpa@prefeitura.sp.gov.br,+55 11 5921-4217,3,,pmsp;survey;local knowledge;gps;aerial imagery;streetlevel imagery,1991,,,,Inspetoria Regional Parelheiros - IR-PA,,yes,,,7.081,,,,,,,,,,,,,,,760,"A Guarda Civil do Estado de São Paulo e uma corporação uniformizada criada para realizar o policiamento ostensivo das áreas urbanas do estado, zelando pela segurança pública e pela incolumidade pessoal e patrimonial dos cidadãos.",yes,yes,yes,yes,yes,yes,yes,yes,yes,yes,yes,yes,yes,yes,yes,yes,yes,yes,yes,yes,yes,Q10292474,pt:Guarda Civil do Estado de São Paulo,,,,,,,,,,,,,,,
"POLYGON ((-46.6877541 -23.7477492, -46.6878109 -23.7477555, -46.6878224 -23.7476681, -46.6877655 -23.7476617, -46.6877541 -23.7477492))",police,Base Comunitária da Polícia Militar,Polícia Militar do Estado de São Paulo,Q10351025,military,police,PMESP,São Paulo,2080,04846-000,Avenida Dona Belmira Marin,24/7,https://www.policiamilitar.sp.gov.br/,Parque Grajaú,,yes,,+55 11 5972-6061,,,,,,,,,,dpdsaatend@policiamilitar.sp.gov.br,+55 11 5972-6061,3,,pmsp;survey;local knowledge;gps;aerial imagery;streetlevel imagery,1999,,,,,,yes,,,4.33,,,,,,,,,,,,,,,,,,,,,,,,,,,,,,,,,,,,,,,,,,,,,,,,,,,,,,
"POLYGON ((-46.6969899 -23.7705471, -46.6969661 -23.770588, -46.6969295 -23.7705699, -46.6968129 -23.7707699, -46.6967716 -23.7708407, -46.6968801 -23.7708943, -46.6969204 -23.7708251, -46.697038 -23.7706234, -46.6970011 -23.7706052, -46.6970249 -23.7705644, -46.6969899 -23.7705471))",police,85° Distrito Policial - Jardim Myrna - Polícia Civil,Polícia Civil do Estado de São Paulo,Q10350993,,,,São Paulo,141,04856-140,Rua Doutor Juvenal Hudson Ferreira,,https://www.policiacivil.sp.gov.br/,Jardim Myrna,,,,+55 11 5526-9955,,,,,,,,,,,+55 11 5526 9955,,,pmsp;local knowledge;aerial imagery;streetlevel imagery,,,,pt:Polícia Civil do Estado de São Paulo,,,yes,,,10.88,,,,,,,,,,,,,,,,,,,,,,,,,,,,,,,,,,,,,,,,Category:Polícia Civil do Estado de São Paulo,,,,,,,,,,,,,,
"POLYGON ((-46.7015409 -23.7212096, -46.7016155 -23.7211926, -46.7016374 -23.7211876, -46.7016268 -23.7211481, -46.7015332 -23.7211695, -46.7015255 -23.7211404, -46.7015144 -23.7211429, -46.7015043 -23.7211053, -46.7014806 -23.7211107, -46.701472 -23.721079, -46.7014821 -23.7210766, -46.7014646 -23.7210115, -46.7014216 -23.7210212, -46.7014232 -23.7210274, -46.7012871 -23.7210584, -46.7013224 -23.72119, -46.7013157 -23.7211915, -46.7013222 -23.7212154, -46.7013288 -23.721214, -46.7013372 -23.7212451, -46.7014366 -23.7212225, -46.7014393 -23.7212327, -46.7014823 -23.7212229, -46.7014774 -23.7212018, -46.7015352 -23.7211886, -46.7015409 -23.7212096))",police,Guarda Civil Metropolitana,GCM,,,,,São Paulo,499,04827-110,Rua Cassiano dos Santos,24/7,www.gcm.sp.gov.br,Jardim Cliper,,yes,,+55 11 5667-6409,,,,,,,,,,gcmcos@prefeitura.sp.gov.br,+55 11 5669-1435,3,,pmsp;survey;local knowledge;gps;aerial imagery;streetlevel imagery,1993,,,,,,yes,,,3.39,,,,,,,,,,,,,,,,,,,,,,,,,,,,,,,,,,,,,,,,,,,,,,,,,,,,,,
"POLYGON ((-46.6948129 -23.729307, -46.6948562 -23.729324, -46.6948711 -23.7293299, -46.6948777 -23.729318, -46.6950022 -23.7293692, -46.6950393 -23.7292983, -46.6949474 -23.7292625, -46.6949356 -23.729284, -46.6948997 -23.7292696, -46.6949112 -23.7292484, -46.6948523 -23.7292255, -46.6948129 -23.729307))",police,Polícia Militar,PM,,,,,São Paulo,115,04824-120,Rua Antônio Febraio Filho,24/7,https://www.policiamilitar.sp.gov.br/,Parque das Árvores,,yes,,+55 11 5663-5569,,,,,,,,,,,+55 11 5663-5569,4,,pmsp;survey;local knowledge;gps;aerial imagery;streetlevel imagery,2005,,,,,,yes,,,2.25,,,,,,,,,,,,,,,,,,,,,,,,,,,,,,,,,,,,,,,,,,,,,,,,,,,,,,
"POLYGON ((-46.7094751 -23.7295663, -46.7094425 -23.7296148, -46.7094462 -23.7296293, -46.7094337 -23.7296478, -46.7094291 -23.7296451, -46.7092552 -23.7299042, -46.7093028 -23.7299313, -46.7092887 -23.7299522, -46.7093264 -23.7299736, -46.7093399 -23.7299534, -46.7093874 -23.7299804, -46.7096123 -23.7296439, -46.7094751 -23.7295663))",police,Polícia Civil - 101º Distrito Policial,Polícia Civil do Estado de São Paulo,Q10350993,,,,São Paulo,370,04829-170,Rua Carolina Michaelis,24/7,https://www.policiacivil.sp.gov.br/,Jardim das Imbuias,,yes,,+55 11 5928-5952,,,,,,,,,,,+55 11 5928-1271,4,,pmsp;survey;local knowledge;gps;aerial imagery;streetlevel imagery,1975,,,,,,yes,,,7.8,,,,,,,,,,,,,,,,,,,,,,,,,,,,,,,,,,,,,,,,,,,,,,,,,,,,,,
"POLYGON ((-46.7011084 -23.7019406, -46.7011065 -23.7019491, -46.7012072 -23.7019676, -46.701252 -23.7017603, -46.701163 -23.7017438, -46.7011549 -23.7017809, -46.7011172 -23.701774, -46.7011231 -23.7017464, -46.7010065 -23.701725, -46.7009928 -23.7017881, -46.7010077 -23.7017909, -46.7010005 -23.7018237, -46.701027 -23.7018287, -46.7010217 -23.701853, -46.7010829 -23.7018642, -46.7010679 -23.7019331, -46.7011084 -23.7019406))",police,CPA M10 / 27º BPM/M,Polícia Militar do Estado de São Paulo,Q10351025,military,police,PMESP,São Paulo,37,04801-010,Avenida Senador Teotônio Vilela,24/7,,Interlagos,,,,+55 11 5667-6990,,,,,,,,,,27bpmm4cia@polmil.sp.gov.br,+55 11 5660 6390,,,pmsp;survey;local knowledge;gps;aerial imagery;streetlevel imagery,1990,,,,,,yes,,,4.21,,,,,,,,,,,,,,,760,,,,,,,,,,,,,,,,,,,,,,,,,,,,,,,,,,,,,,,
"POLYGON ((-46.7120787 -23.6761735, -46.7120699 -23.6761961, -46.7120149 -23.6761779, -46.7119117 -23.6764421, -46.7119556 -23.6764566, -46.7119491 -23.6764731, -46.7119467 -23.6764791, -46.7120073 -23.6764991, -46.7120158 -23.6764775, -46.7120597 -23.676492, -46.7121628 -23.676228, -46.7121116 -23.676211, -46.7121291 -23.6761662, -46.7120871 -23.6761523, -46.7120787 -23.6761735))",police,102° DP - Socorro - Polícia Civil - Distrito Policial,Polícia Civil do Estado de São Paulo,Q10350993,,,,São Paulo,1171,04768-200,Avenida Atlântica,24/7,https://www.policiacivil.sp.gov.br/,Socorro,,yes,Polícia Civil do Estado de São Paulo,+55 11 5686-3594,,,,attraction,,,,,,dgpad@policiacivil.sp.gov.br,+55 11 5686-3594,5,,pmsp;survey;local knowledge;gps;aerial imagery;streetlevel imagery,1975,,,pt:Polícia Civil do Estado de São Paulo,Polícia Civil do Estado de São Paulo (PCESP),,yes,,,11.08,,,,,,,,,,,,,,,760,"É a Polícia Judiciária do estado de São Paulo, Brasil, órgão do sistema de segurança pública ao qual compete, ressalvada a competência específica da União, as atividades de polícia judiciária e de apuração (investigação) das infrações penais.",yes,yes,,,yes,,yes,yes,yes,yes,yes,yes,yes,yes,yes,,yes,yes,yes,yes,yes,,,Category:Polícia Civil do Estado de São Paulo,yes,yes,yes,,,,,,,,,,,
"POLYGON ((-46.7151357 -23.6878371, -46.7151352 -23.6878546, -46.7150652 -23.687853, -46.715063 -23.6879339, -46.7152779 -23.6879271, -46.7152778 -23.6879359, -46.714914 -23.6879572, -46.714914 -23.6879616, -46.7148802 -23.6879608, -46.7148794 -23.6879899, -46.7148793 -23.6879945, -46.714917 -23.6879951, -46.7150093 -23.6879899, -46.7153218 -23.6879722, -46.7153221 -23.6879882, -46.7155023 -23.6879779, -46.7155041 -23.6879097, -46.7153866 -23.6879072, -46.7153869 -23.6878964, -46.7153232 -23.6878949, -46.7153238 -23.6878753, -46.715277 -23.6878754, -46.7152762 -23.6879152, -46.7152596 -23.6879148, -46.7152624 -23.6878469, -46.7151897 -23.6878496, -46.7151899 -23.6878382, -46.7151357 -23.6878371))",police,Guarda Civil Metropolitana,GCM,Q111137534,,,,São Paulo,2450,04772-003,Avenida Atlântica,24/7,http://www.gcm.sp.gov.br,Jardim Três Marias,,yes,,+55 11 5665-8127,,,,,,,,,,gcmircs@prefeitura.sp.gov.br,+55 11 5665-8247,3,,pmsp;survey;local knowledge;gps;aerial imagery;streetlevel imagery,1995,,,,,,yes,,,2.72,,,,,,,,,,,,,,,,,,,,,,,,,,,,,,,,,,,,,,,,,,,,,,,,,,,,,,
"POLYGON ((-46.7796927 -23.6937325, -46.7797166 -23.6937668, -46.7797115 -23.6937697, -46.7797643 -23.6938337, -46.7798158 -23.6938005, -46.7798313 -23.6937438, -46.7797539 -23.6936955, -46.7796927 -23.6937325))",police,Base Comunitária de Segurança do Jardim Ranieri,Polícia Militar do Estado de São Paulo,Q10351025,military,police,PMESP,,,,,,,,,,,,,,,,,,,,,,,,,pmsp,,,,,,,yes,,,3.08,,,,,,,,,,,,,,,,,,,,,,,,,,,,,,,,,,,,,,,,,,,,,,,,,,,,,,
"POLYGON ((-46.7003354 -23.654551, -46.6997131 -23.6548285, -46.6998712 -23.6549717, -46.7003337 -23.6546551, -46.7003354 -23.654551))",police,Guarda Civil Metropolitana,,,,,,,,,,,,,,,,,,,,,,,,,,,,,,,,,,,,,yes,,,,,,,,,,,,,,,,,,,,,,,,,,,,,,,,,,,,,,,,,,,,,,,,,,,,,,,,,
"POLYGON ((-46.7828096 -23.6645408, -46.7829956 -23.6648539, -46.7831251 -23.6647887, -46.7829391 -23.6644755, -46.7828096 -23.6645408))",police,47º Distrito Policial,Polícia Civil do Estado de São Paulo,Q10350993,,,,,,,,,,,,,,,,,,,,,,47º DP,,,,,,pmsp,,,,,,,yes,,,6.6,,,,,,,,,,,,,,,,,,,,,,,,,,,,,,,,,,,,,,,,,,,,,,,,,,,,,,
"POLYGON ((-46.5734713 -23.4840859, -46.5734356 -23.4841509, -46.5735264 -23.4841932, -46.5735403 -23.4841677, -46.5735742 -23.4841835, -46.573585 -23.4841638, -46.5735786 -23.484136, -46.5734713 -23.4840859))",police,Policia Militar,Polícia Militar do Estado de São Paulo,Q10351025,military,police,PMESP,São Paulo,,,Praça Augusta Vitória,24/7,,Jardim Brasil,,,,,,,,,,,,,,,,,,pmsp,,,,,,,yes,,,3.08,,,,,,,,,,,,,,,,,,,,,,,,,,,,,,,,,,,,,,,,,,,,,,,,,,,,,,
"POLYGON ((-46.7169717 -23.4455438, -46.7168208 -23.4455384, -46.7168077 -23.4458471, -46.7168483 -23.4458486, -46.7168462 -23.4458976, -46.7169097 -23.4458998, -46.7169118 -23.4458526, -46.7169584 -23.4458542, -46.7169717 -23.4455438))",police,74º DP,Polícia Civil do Estado de São Paulo,Q10350993,,,,SP,,02815-000,Avenida Elísio Teixeira Leite,,,Taipas,,,,,,,,,,,,,,,,,,pmsp,,,,,,,yes,,2,12.499,,,,,,,,,,,,,,,,,,,,,,,,,,,,,,,,,,,,,,,,,,,,,,,,,,,,,,
"POLYGON ((-46.4100298 -23.4875688, -46.4103651 -23.4875559, -46.4103644 -23.4875404, -46.4103599 -23.487443, -46.4100246 -23.4874563, -46.4100263 -23.4874928, -46.4100281 -23.4875325, -46.4100298 -23.4875688))",police,59º Distrito Policial,Polícia Civil do Estado de São Paulo,Q10350993,,,,,,,,,,,,,,,,,,,,,,59º DP,,,,,,pmsp,,,,,,,yes,,,10.717,,,,,,,,,,,,,,,,,,,,,,,,,,,,,,,,,,,,,,,,,,,,,,,,,,,,,,
"POLYGON ((-46.4091165 -23.5844482, -46.409118 -23.5844199, -46.4092076 -23.5844243, -46.4092244 -23.5841305, -46.4091286 -23.5841259, -46.4091193 -23.5842886, -46.4090927 -23.5842873, -46.4090836 -23.5844474, -46.4091165 -23.5844482))",police,3ª Cia. do 28º BPM/M Cidade Tiradentes,Polícia Militar do Estado de São Paulo,Q10351025,military,police,PMESP,,,,,,,,,,,,,,,,,,,,,,,,,pmsp,,,,,,,yes,,,6.976,,,,,,,,,,,,,,,,,,,,,,,,,,,,,,,,,,,,,,,,,,,,,,,,,,,,,,
"POLYGON ((-46.5023611 -23.6058327, -46.5018837 -23.6062726, -46.5023182 -23.6066634, -46.5026186 -23.6063635, -46.5027903 -23.6061743, -46.5028171 -23.6061153, -46.502809 -23.6060784, -46.5023611 -23.6058327))",fire_station,Corpo de Bombeiros - 3º Grupamento de Bombeiros - PB Sapopemba,Corpo de Bombeiros Militar do Estado de São Paulo,Q10260738,,,,,,,,,,,,,,,,,,,,,,,,,,,,,,,,,,,,,,,,,,,,,,,,,,,,,,,,,,,,,,,,,,,,,,,,,,,,,,,,,,,,,,,,,,,,
"POLYGON ((-46.5959854 -23.4870978, -46.5952307 -23.4870686, -46.5949914 -23.4870594, -46.5949918 -23.4870839, -46.5949927 -23.4871135, -46.5950089 -23.4875406, -46.5952994 -23.4875555, -46.5959664 -23.4875898, -46.5959718 -23.4874705, -46.5959761 -23.4873762, -46.5959795 -23.4873022, -46.5959803 -23.4872838, -46.5959822 -23.487216, -46.5959854 -23.4870978))",police,5º Batalhão Policia militar,Polícia Militar do Estado de São Paulo,Q10351025,military,police,PMESP,,,,,,,,,,,,,,,,,,,,,,,,,,,,,,,,,,,,,,wall,,,,,,,,,,,,,,,,,,,,,,,,,,,,,,,,,,,,,,,,,,,,,,,,,,,
"POLYGON ((-46.5596735 -23.5972531, -46.5596426 -23.597301, -46.5595926 -23.5972739, -46.5596235 -23.597226, -46.5596735 -23.5972531))",police,Polícia Militar,Polícia Militar do Estado de São Paulo,Q10351025,military,police,PMESP,,,,,,,,,,,,,,,,,,,,,,,,,,,,,,,,yes,,,,,,,,,,,,,,,,,,,,,,,,,,,,,,,,,,,,,,,,,,,,,,,,,,,,,,,,,
"POLYGON ((-46.6301656 -23.5316316, -46.6292755 -23.5318593, -46.6295743 -23.5329446, -46.6305079 -23.5327155, -46.6301656 -23.5316316))",police,Regimento de Polícia Montada 9 de Julho,Polícia Militar do Estado de São Paulo,Q10351025,military,police,PMESP,São Paulo,238,01106-000,Rua Doutor Jorge Miranda,,,Luz,,,,,,,,,,,,,,,,,,,,,,pt:Polícia Militar do Estado de São Paulo,,,,,,,,,,,,,,,,,,,,,,,,,,,,,,,,,,,,,,,,,,,,,,,,,,private,horse_riding,,,,,,,,,
"POLYGON ((-46.7176758 -23.7662465, -46.7175708 -23.7662313, -46.7175661 -23.7662583, -46.7175515 -23.766343, -46.7175378 -23.766341, -46.7175329 -23.7663696, -46.7175466 -23.7663716, -46.7175221 -23.7665141, -46.7176271 -23.7665292, -46.71767 -23.7662802, -46.7176758 -23.7662465))",fire_station,Posto de Bombeiros Teotônio Vilela,Corpo de Bombeiros Militar do Estado de São Paulo,Q10260738,,,,São Paulo,,,Avenida Senador Teotônio Vilela,,,Balneário São José,,,,,,,,,,,,,,,,,,,,,,,4º Grupamento de Bombeiros,,yes,,,,,,,,,,,,,,,,,,,,,,,,,,,,,,,,,,,,,,,,,,,,,,,,,,,,,,,,,
"POLYGON ((-46.7124339 -23.5670944, -46.7124386 -23.5669726, -46.7125331 -23.5654119, -46.7126354 -23.5653621, -46.7127272 -23.5653503, -46.7128279 -23.5654146, -46.7129442 -23.5654551, -46.7130522 -23.5654779, -46.7132318 -23.565485, -46.713336 -23.5654641, -46.7134776 -23.5653647, -46.7137368 -23.5653558, -46.7137259 -23.5654886, -46.7137303 -23.5657496, -46.7137524 -23.5659443, -46.7138498 -23.5661921, -46.714202 -23.5667574, -46.7142925 -23.5669829, -46.7142595 -23.5669815, -46.714103 -23.5669749, -46.713276 -23.5669398, -46.7132712 -23.5671261, -46.7124339 -23.5670944))",police,Academia de Polícia,Polícia Civil do Estado de São Paulo,Q10350993,,,,,,,,,,,,,,,academy,,,,,,,,,,,,,,,,,,,,,,,,,,,,,,,,,,,,,,,,,,,,,,,,,,,,,,,,,,,,,Q9571151,pt:Academia de Polícia do Estado de São Paulo,,,,,,,Category:Academia de Polícia do Estado de São Paulo,,,,,,,,
"POLYGON ((-46.6374013 -23.6802424, -46.637239 -23.6801312, -46.6374623 -23.6798371, -46.6379882 -23.6801823, -46.6375282 -23.6800817, -46.6374013 -23.6802424))",police,Guarda Civil Metropolitana,,,,,,,,,Rua Doutor Sílvio de Campos,,,,,,,,,,,,,,,,,,,,,,,,,,,,,,,,,,,,,,,,,,,,,,,,,,,,,,,,,,,,,,,,,,,,,,,,,,,,,,,,,,,,,
"POLYGON ((-46.6371876 -23.6849897, -46.6371787 -23.6853077, -46.6370528 -23.6853047, -46.6370617 -23.6849867, -46.6371876 -23.6849897))",police,98º DP - Jardim Miriam,Polícia Civil do Estado de São Paulo,Q10350993,,,,,,,Avenida Ângelo Cristianini,,,Jardim Miriam,,,,,,,,,,,,,,,,,,,,,,,,,yes,,,,,,,,,,,,,,,,,,,,,,,,,,,,,,,,,,,,,,,,,,,,,,,,,,,,,,,,,
"POLYGON ((-46.5880695 -23.5877948, -46.5882286 -23.5879509, -46.5878367 -23.5883483, -46.5876906 -23.5882144, -46.5878934 -23.5880048, -46.5880695 -23.5877948))",fire_station,,,,,,,São Paulo,116,,Rua Pindamonhangaba,,,Quinta da Paineira,,,,,,,,,,,,,,,,,,,,,,,,,,,,,,,,,,,,,,,,,,,,,,,,,,,,,,,,,,,,,,,,,,,,,,,,,,,,,,,,,,
"POLYGON ((-46.6652293 -23.53659, -46.6648242 -23.5367732, -46.6651072 -23.5371408, -46.665236 -23.5372958, -46.6653263 -23.5372395, -46.6654905 -23.537137, -46.6655708 -23.537087, -46.6656302 -23.5370499, -46.665598 -23.537013, -46.665528 -23.5369327, -46.6654371 -23.5368285, -46.6653678 -23.536749, -46.6653099 -23.5366825, -46.6652293 -23.53659))",police,23 ° Distrito policial,Polícia Civil do Estado de São Paulo,Q10350993,,,,São Paulo,80,01235-000,Rua Itapicuru,,,Perdizes,,,,,,,,,,,,,,,,,,,,,,,,,,,,,,,fence,,,,,,,,,,,,,,,,,,,,,,,,,,,,,,,,,,,,,,,,,,,,,,,,,,,
"POLYGON ((-46.6969099 -23.4864955, -46.6969594 -23.4865733, -46.6971239 -23.4864578, -46.6970609 -23.4863855, -46.6969099 -23.4864955))",police,,,,,,,,,,,,,,,,,,,,,,,,,,,,,,,,,,,,,,yes,,,,,,,,,,,,,,,,,,,,,,,,,,,,,,,,,,,,,,,,,,,,,,,,,,,,,,,,,
"POLYGON ((-46.4565173 -23.53894, -46.4565442 -23.5389795, -46.4565059 -23.5390014, -46.456479 -23.5389619, -46.4565173 -23.53894))",police,Policia Militar,Secretaria da Segurança Pública do Estado de São Paulo,,,,,,,,,,,,,,,,,,,,,,,,,,,,,,,,,,,,yes,,,,,,,,,,,,,,,,,,,,,,,,,,,,,,,,,,,,,,,,,,,,,,,,,,,,,,,,,
"POLYGON ((-46.6323575 -23.5538708, -46.6322946 -23.5538976, -46.6322698 -23.5539233, -46.6322687 -23.5539769, -46.6322856 -23.5540387, -46.6322889 -23.5540706, -46.632271 -23.5541005, -46.632235 -23.5541263, -46.6321754 -23.5541273, -46.6320582 -23.5541121, -46.6320579 -23.5542131, -46.632138 -23.5542157, -46.6322345 -23.554219, -46.6323836 -23.554224, -46.6324519 -23.5542231, -46.6323575 -23.5538708))",courthouse,Edifício 9 de Julho - Tribunal de Justiça de São Paulo - Segunda Instância - Direito Privado II,Tribunal de Justiça do Estado de São Paulo,Q125454187,,,,,,,,,,,,,,,,,,,,,,,,,,,,,,,,,,,yes,,,80,,,,,,,,,,,,,,,,,,,,,,,,,,,,,,,,,,,,,,,,,,,,,,,,,,,,,,
"POLYGON ((-46.5947989 -23.5407127, -46.5947862 -23.5407128, -46.5947741 -23.5407091, -46.5947639 -23.5407022, -46.5947565 -23.5406927, -46.5947527 -23.5406815, -46.5947529 -23.5406699, -46.5947577 -23.5406579, -46.5947667 -23.5406481, -46.5947787 -23.5406417, -46.5947925 -23.5406395, -46.5948062 -23.5406417, -46.5948183 -23.540648, -46.5948273 -23.5406578, -46.5948321 -23.5406698, -46.5948324 -23.5406814, -46.5948286 -23.5406926, -46.5948213 -23.5407021, -46.594811 -23.5407091, -46.5947989 -23.5407127))",police,,,,,,,,,,,24/7,,,,,,,,,,,,,,,,,,,,,,,,,,,yes,,,3,,,,,,,,,,,,,,,,,,,,,,,,,,,,,,,,,,,,,,,,,,,,,,,,,,,,,,
"POLYGON ((-46.6012333 -23.5069118, -46.6011686 -23.5069363, -46.6011901 -23.5069779, -46.6012105 -23.5069696, -46.6012272 -23.5070018, -46.6012334 -23.506999, -46.6012414 -23.5070152, -46.6012772 -23.506999, -46.6012333 -23.5069118))",police,Polícia Comunitária,Polícia Militar do Estado de São Paulo,Q10351025,military,police,PMESP,São Paulo,,02067-070,Praça Oscar da Silva,24/7,,Vila Guilherme,,,,,,,,,,,,,,,,,,pmsp,,,,pt:Polícia Militar do Estado de São Paulo,,,yes,,,3.186,,,,,,,,,,,,,,,,,,,,,,,,,,,,,,,,,,,,,,,,,,,,,,,,,,,,,,
"POLYGON ((-46.6129408 -23.503284, -46.6129058 -23.5031492, -46.6125292 -23.5032322, -46.6125641 -23.5033671, -46.6129408 -23.503284))",police,9º Distrito Policial,Polícia Civil do Estado de São Paulo,Q10350993,,,,São Paulo,,02068-030,Rua dos Camarés,,,,,,,,,,,,,,,,,,,,,pmsp,,,,,,,yes,,,6.429,,,,,,,,,,,,,,,,,,,,,,,,,,,,,,,,,,,,,,,,,,,,,,,,,,,,,,
"POLYGON ((-46.609622 -23.4949234, -46.6096693 -23.4949077, -46.609626 -23.4947971, -46.6092684 -23.494916, -46.6093117 -23.4950266, -46.6095658 -23.4949421, -46.609622 -23.4949234))",police,Corregedoria da Polícia Militar São Paulo,Polícia Militar do Estado de São Paulo,Q10351025,military,police,PMESP,São Paulo,130,02082-000,Rua Santa Leocádia,,,,,,,,,,,,,,,,,,,,,pmsp,,,,,,,yes,,,4.31,,,,,gabled,,,,,,,,,,,,,,,,,,,,,,,,,,,,,,,,,,,,,,,,,,,,,,,,,
"POLYGON ((-46.5959411 -23.5191279, -46.5958525 -23.519011, -46.5960371 -23.5188865, -46.5958874 -23.5186981, -46.5957049 -23.5188207, -46.5956491 -23.5187552, -46.595606 -23.5187833, -46.5955984 -23.5187738, -46.5954616 -23.5188671, -46.5957629 -23.5192478, -46.5959411 -23.5191279))",police,Polícia Rodoviária Federal,Polícia Rodoviária Federal,Q1158853,,,,São Paulo,255,02064-120,Rua Deputado Vicente Penido,,,Vila Guilherme,,,,,traffic_police,,,,,,,,,,,,,pmsp,,,,,,,yes,,,44.063,,,,gray,,,,,,,,,,,,,,,,,,,,,,,,,,,,,,,,,,,,,,,,,,,,,,,,,,
"POLYGON ((-46.580635 -23.5188624, -46.5808203 -23.5187103, -46.5806234 -23.5185064, -46.5806157 -23.5185127, -46.5805691 -23.5184645, -46.5806203 -23.5184224, -46.5805148 -23.5183215, -46.5802906 -23.5185056, -46.5804372 -23.5186566, -46.580635 -23.5188624))",police,Superintendência da PRF em São Paulo,Polícia Rodoviária Federal,Q1158853,,,,,,,,Mo-Fr 08:00-17:00,,,,,,+55 11 2795 2300,,,,,,,,,,,,,,pmsp,,,,pt:Polícia Rodoviária Federal,,,yes,,,9.206,,,,,,,,,,,,,,,,,,,,,,,,,,,,,,,,,,,,,,,,,,,,,,,,,,,,,,
"POLYGON ((-46.5370662 -23.5489891, -46.5370892 -23.5490326, -46.537237 -23.5493129, -46.5373712 -23.5492527, -46.5371998 -23.5489276, -46.5370655 -23.5489878, -46.5370662 -23.5489891))",police,DECAP - 5ª Delegacia Seccional de Polícia - 31º DP,Polícia Civil do Estado de São Paulo,Q10350993,,,,,2580,,Avenida Conselheiro Carrão,24/7,,,,,,+55 11 2225 0702,,,,,,,,,,dp031.spaulo@policiacivil.sp.gov.br,,,,pmsp,,,,,,,yes,,,5.93,,,,,,,,,,,,,,,,,,,,,,,,,,,,,,,,,,,,,,,,,,,,,,,,,,,,,,
"POLYGON ((-46.6134413 -23.4750239, -46.6132193 -23.4749363, -46.6130867 -23.4752191, -46.6133086 -23.4753067, -46.6134413 -23.4750239))",fire_station,,,,,,,São Paulo,2641,,Avenida Nova Cantareira,,,,,,,,,,,,,,,,,,,,,,,,,,,,yes,,,,,,,,,,,,,,,,,,,,,,,,,,,,,,,,,,,,,,,,,,,,,,,,,,,,,,,,,
"POLYGON ((-46.6279926 -23.4692905, -46.6280334 -23.4693479, -46.6280743 -23.4694053, -46.6285727 -23.4691034, -46.628491 -23.4689886, -46.6279926 -23.4692905))",police,COE Comandos e Operações Especiais,Polícia Militar do Estado de São Paulo,Q10351025,,,PMESP,São Paulo,,,Rua Adolfo Samuel,,,,,,,,,,,,,,,,,,,,,pmsp,,,,,,,yes,,,4.508,,,,,,,,,,,,,,,,,,,,,,,,,,,,,,,,,,,,,,,,,,,,,,,,,,,,,,
"POLYGON ((-46.6156789 -23.5030231, -46.6156291 -23.5030143, -46.6156172 -23.5030716, -46.6156669 -23.5030804, -46.6156789 -23.5030231))",police,Entrada da Base de escolta de São Paulo,,,,,,São Paulo,1563,02029-001,Avenida Zaki Narchi,24/7,http://www.sap.sp.gov.br/,,,,,,,,,,,,,,,,,,,,,,,,Base de escolta de São Paulo,,roof,1,,,,,,,,,,,,,,,,,,,,,,,,,,,,,,,,,,,,,,,,,,,,,,,,,,,,,,,,
"POLYGON ((-46.7506941 -23.4651742, -46.7505877 -23.4651385, -46.7505281 -23.4652881, -46.7506345 -23.4653238, -46.7506941 -23.4651742))",police,"Polícia Militar Rodoviária - Base SP-348/1 - km 20,0 Norte - São Paulo",Polícia Rodoviária do Estado de São Paulo,Q7665658,,,,,,,,,,,,,,,traffic_police,,,,,,,,,,,,,,,,,,,,yes,,,,,,,,,,,,,,,,,,,,,,,,,,,,,,,,,,,,,,,,,,,,,,,,,,,,,,,,,
"POLYGON ((-46.7444474 -23.5193219, -46.7433211 -23.5192159, -46.7430701 -23.5191922, -46.7428262 -23.5191609, -46.7427479 -23.5191508, -46.7415696 -23.5190848, -46.7411165 -23.5190853, -46.7411098 -23.5188028, -46.7411188 -23.5187407, -46.7411391 -23.5186869, -46.7411707 -23.5186269, -46.741217 -23.5185772, -46.7412768 -23.5185317, -46.7413276 -23.5185017, -46.7413795 -23.5184841, -46.7414506 -23.5184686, -46.7420351 -23.5184665, -46.7425204 -23.518504, -46.7430084 -23.5185833, -46.7430318 -23.5185894, -46.7431253 -23.5186139, -46.7431539 -23.5186214, -46.7435213 -23.5186972, -46.7438045 -23.5187593, -46.7439806 -23.5188152, -46.7441352 -23.5188918, -46.7443101 -23.5189787, -46.7444263 -23.5190408, -46.7444523 -23.519078, -46.7444474 -23.5193219))",police,Polícia Militar Rodoviária - Comando do Policiamento Rodoviário - Gabinete de Treinamento,Polícia Rodoviária do Estado de São Paulo,Q7665658,military,,,,,,,,,,,,,,traffic_police,,,,,,,,,,,,,,,,,,,,,,,,,,wall,,,,,,,,,,,,,,,,,,,,,,,,,,,,,,,,,,,,,,,,,,,,,,,,,,,
"POLYGON ((-46.5897856 -23.4829744, -46.5897709 -23.482978, -46.5897512 -23.4829838, -46.5896644 -23.4830091, -46.5896311 -23.4830189, -46.5897894 -23.4834648, -46.5898421 -23.483489, -46.5901234 -23.4834279, -46.5905473 -23.4833358, -46.5905544 -23.4833047, -46.590529 -23.4832697, -46.5904386 -23.4831707, -46.5904326 -23.4831655, -46.5904107 -23.4831475, -46.5903883 -23.48313, -46.5903655 -23.483113, -46.5903242 -23.4830846, -46.590185 -23.4830027, -46.590171 -23.4830253, -46.5900858 -23.4831465, -46.5900805 -23.4831485, -46.5900766 -23.48315, -46.5899191 -23.4830557, -46.5897856 -23.4829744))",police,39º Distrito Policial,Polícia Civil do Estado de São Paulo,Q10350993,,,,São Paulo,797,02208-000,Rua da Esperança,,,,,,,+55 11 2989-6328,,,,,,,,,,,,,,,,,,,,,,,,,,,wall,,,,,,,,,,,,,,,,,,,,,,,,,,,,,,,,,,,,,,,,,,,,yes,,,,,,,
"POLYGON ((-46.7339442 -23.6693381, -46.733993 -23.6694061, -46.7340382 -23.6693688, -46.7339442 -23.6693381))",police,Polícia Militar,Polícia Militar do Estado de São Paulo,Q10351025,military,police,PMESP,,,,,,,,,,,,,,,,,,,,,,,,,,,,,,,,commercial,,,,,,,,,,,,,,,,,,,,,,,,,,,,,,,,,,,,,,,,,,,,,,,,,,,,,,,,,
"POLYGON ((-46.6097405 -23.5796062, -46.6097874 -23.5797006, -46.6097082 -23.5797337, -46.6096612 -23.5796392, -46.6097405 -23.5796062))",police,,,,,,,,,,,,,,,,,,,,,,,,,,,,,,,,,,,,,,yes,1,,,,,,,,,,,,,,,,,,,,,,,,,,,,,,,,,,,,,,,,,,,,,,,,,,,,,,,,
"POLYGON ((-46.6106706 -23.5862247, -46.6100857 -23.5861844, -46.6100432 -23.5867028, -46.610628 -23.5867431, -46.6106434 -23.5865551, -46.6106706 -23.5862247))",fire_station,Corpo de Bombeiros Ipiranga,,,,,,,,,,,,,,,,,,,,,,,,,,,,,,,,,,,,,,,,,,,,,,,,,,,,,,,,,,,,,,,,,,,,,,,,,,,,,,,,,,,,,,,,,,,,,,
"POLYGON ((-46.604551 -23.6307217, -46.6045186 -23.6308026, -46.6044688 -23.6307881, -46.6044978 -23.630706, -46.604551 -23.6307217))",police,Base Comunitária,Polícia Militar do Estado de São Paulo,Q10351025,military,police,PMESP,,,,,,,,,,,,,,,,,,,,,,,,,,,,,,,,yes,,,,,,,,,,,,,,,,,,,,,,,,,,,,,,,,,,,,,,,,,,,,,,,,,,,,,,,,,
"POLYGON ((-46.6598065 -23.6737724, -46.6597792 -23.6737503, -46.6598156 -23.6737123, -46.6597807 -23.6736842, -46.6597603 -23.6737055, -46.659726 -23.6736779, -46.6595121 -23.6739005, -46.6596086 -23.6739783, -46.6598065 -23.6737724))",police,80º Dp Vila Joaniza,Polícia Civil do Estado de São Paulo,Q10350993,,,,,,,,,,,,,,,,,,,,,,,,,,,,,,,,,,,yes,,,,,,,,,,,,,,,,,,,,,,,,,,,,,,,,,,,,,,,,,,,,,,,,,,,,,,,,,
"POLYGON ((-46.7867412 -23.4360032, -46.7868217 -23.435639, -46.7870524 -23.4356808, -46.7869813 -23.4359886, -46.7869188 -23.4360299, -46.7867412 -23.4360032))",police,Base Comunitária Jardim Britânia,PM,,,,,,,,,24/7,,,,,,,,,,,,,,,,,,,,,,,,,,,,,,,,,,,,,,,,,,,,,,,,,,,,,,,,,,,,,,,,,,,,,,,,,,,,,,,,,,,,
"POLYGON ((-46.697416 -23.5633346, -46.6974148 -23.5633082, -46.6979443 -23.5633008, -46.6979684 -23.5633015, -46.697972 -23.5634485, -46.6979755 -23.5635903, -46.6977944 -23.5635883, -46.6977386 -23.5635821, -46.6976818 -23.5635758, -46.6976282 -23.5635698, -46.6975916 -23.5635658, -46.6975763 -23.5635641, -46.6975208 -23.5635579, -46.6974799 -23.5635533, -46.6974257 -23.5635473, -46.6974172 -23.5635463, -46.6974177 -23.5634376, -46.697416 -23.5633346))",police,Decap Departamento de Polícia Judiciaria da Cpaital,Polícia Civil,,,,,São Paulo,653,05428-002,Rua Ferreira de Araújo,,,,,,,,,,,,,,,,,,,,,,,,,,,,yes,,,,,,,,,,,,,,,,,,,,,,,,,,,,,,,,,,,,,,,,,,,,,,,,,,,,,,,,,
"POLYGON ((-46.6970291 -23.563503, -46.6970937 -23.5635102, -46.6971378 -23.5635151, -46.6972297 -23.5635254, -46.6972917 -23.5635323, -46.6973309 -23.5635367, -46.69737 -23.563541, -46.6974172 -23.5635463, -46.6974177 -23.5634376, -46.697416 -23.5633346, -46.6974148 -23.5633082, -46.6972115 -23.5633111, -46.6970268 -23.5633137, -46.6966921 -23.5633184, -46.696668 -23.5633187, -46.6965738 -23.5633196, -46.6966018 -23.5633666, -46.6966026 -23.563454, -46.6970291 -23.563503))",police,Demarco,Policia Civil,,,,,Sao Paulo,396,05427-020,Rua Padre Carvalho,,,,,,,,,,,,,,,,,,,,,,,,,,,,yes,,,,,,,,,,,,,,,,,,,,,,,,,,,,,,,,,,,,,,,,,,,,,,,,,,,,,,,,,
"POLYGON ((-46.5943451 -23.6455875, -46.5943827 -23.6456563, -46.5942895 -23.6456563, -46.5943451 -23.6455875))",police,Polícia Militar,Polícia Militar do Estado de São Paulo,Q10351025,military,police,PMESP,,,,,,,,,,,,,,,,,,,,,,,,,,,,,,,,yes,,,,,,,,,,,,,,,,,,,,,,,,,,,,,,,,,,,,,,,,,,,,,,,,,,,,,,,,,
"POLYGON ((-46.681556 -23.6538055, -46.6813228 -23.6537951, -46.681333 -23.6536036, -46.6815662 -23.653614, -46.681556 -23.6538055))",police,Polícia Militar,Polícia Militar do Estado de São Paulo,Q10351025,military,police,PMESP,,,,,,,,,,,,,,,,,,,,,,,,,,,,,,,,yes,,,,,,,,,,,,,,,,,,,,,,,,,,,,,,,,,,,,,,,,,,,,,,,,,,,,,,,,,
"POLYGON ((-46.6720312 -23.6245519, -46.6717479 -23.6247937, -46.6714368 -23.6244949, -46.6717715 -23.6242747, -46.6720312 -23.6245519))",police,12o Batalhão da PM,Polícia Militar do Estado de São Paulo,Q10351025,military,police,PMESP,São Paulo,1119,,R. República do Iraque,,,,,,,,,,,,,,,,,,,,,,,,,,,,,,,,,,,,,,,,,,,,,,,,,,,,,,,,,,,,,,,,,,,,,,,,,,,,,,,,,,,,,
"POLYGON ((-46.6094664 -23.4952159, -46.6094982 -23.4952074, -46.6095703 -23.4951879, -46.6096605 -23.4951636, -46.6097535 -23.4951385, -46.60985 -23.4951125, -46.6098938 -23.4951003, -46.609944 -23.4950863, -46.609978 -23.4950768, -46.6099981 -23.4950711, -46.6100382 -23.4950599, -46.6101494 -23.4950289, -46.6101081 -23.494949, -46.6100718 -23.4948812, -46.6099492 -23.4946355, -46.6096927 -23.4947234, -46.6092408 -23.4948783, -46.6092304 -23.4948818, -46.6093541 -23.4952467, -46.6093583 -23.4952455, -46.6094664 -23.4952159))",police,Polícia Militar,Polícia Militar do Estado de São Paulo,Q10351025,military,police,PMESP,,,,,,,,,,,,,,,,,,,,,,,,,,,,,,,,,,,,,,wall,,,,,,,,,,,,,,,,,,,,,,,,,,,,,,,,,,,,,,,,,,,,,,,,,,,
"POLYGON ((-46.6171966 -23.5418238, -46.6171658 -23.541805, -46.6171178 -23.5418712, -46.6171486 -23.54189, -46.6171966 -23.5418238))",police,Policia Militar do Estado de São Paulo,Polícia Militar do Estado de São Paulo,Q10351025,military,police,PMESP,São Paulo,,03012-010,Largo da Concórdia,24/7,,,,,,,,,,,,,,,,,,,yes,,,,,pt:Polícia Militar do Estado de São Paulo,,,yes,,,7,,,,,,,,,,,,,,,,,,,,,,,,,,,,,,,,,,,,,,,,,,,,,,,,,,,,,,
"POLYGON ((-46.6944823 -23.5020279, -46.6944559 -23.5019775, -46.6943769 -23.5019574, -46.6943769 -23.5020621, -46.6944823 -23.5020279))",police,Base do Clipper,Polícia Militar do Estado de São Paulo,,,,,,,,,,,,,,,,,,,,,,,,,,,,,,,,,,,,yes,,,,,,,,,,,,,,,,,,,,,,,,,,,,,,,,,,,,,,,,,,,,,,,,,,,,,,,,,
"POLYGON ((-46.7002855 -23.4994304, -46.7003579 -23.4994445, -46.7004652 -23.4990752, -46.7004425 -23.4990626, -46.7005007 -23.4989074, -46.7005483 -23.49891, -46.7005659 -23.4988563, -46.7004577 -23.4988584, -46.7002855 -23.4994304))",police,18º BPM/M,Polícia Militar do Estado de São Paulo,Q10351025,military,police,PMESP,,,,,,,,,,,,,,,,,,,,,,,,,,,,,,,,yes,,,,,,,,,,,,,,,,,,,,,,,,,,,,,,,,,,,,,,,,,,,,,,,,,,,,,,,,,
"POLYGON ((-46.697717 -23.4944182, -46.6980724 -23.4944407, -46.6980667 -23.4944923, -46.6981372 -23.4944989, -46.6981468 -23.4944002, -46.697723 -23.4943694, -46.697717 -23.4944182))",police,Polícia Militar do Estado de São Paulo,Polícia Militar do Estado de São Paulo,Q10351025,military,police,PMESP,São Paulo,777,,Avenida Itaberaba,,,Freguesia do Ó,,,,,,,,,,,,,,,,,,,,,,,,,yes,,,8,,,,silver,hipped,,,,,,,,,,,,,,,,,,,,,,,,,,,,,,,,,,,,,,,,,,,,,,,,,
"POLYGON ((-46.6630646 -23.6261388, -46.6627098 -23.626375, -46.6628621 -23.626567, -46.6632168 -23.6263307, -46.6630646 -23.6261388))",fire_station,Grupo de Ações em Emergências e Desastres,Corpo de Bombeiros Militar do Estado de São Paulo,Q10260738,,,,São Paulo,,04615-060,,,https://www.bombeiros.go.gov.br/,Vila Congonhas,,,,,,,,,,,,GAED,,,,,,,,,,,,,yes,,,,,,,,,,,,,,,,,,,,,,,,,,,,,,,,,,,,,,,,,,,,,,,,,,,,,,,,,
"POLYGON ((-46.7571657 -23.5386817, -46.7570938 -23.5390175, -46.7568759 -23.5389784, -46.7566581 -23.5389392, -46.7567299 -23.5386033, -46.7571657 -23.5386817))",police,4ª Companhia da Polícia Militar,Polícia Militar do Estado de São Paulo,Q10351025,military,police,PMESP,Osasco,18,,Rua Doutor Aluisio Fagundes,,,,,,,,,,,,,,,,,,,,,,,,,,,,,,,,,,,,,,,,,,,,,,,,,,,,,,,,,,,,,,,,,,,,,,,,,,,,,,,,,,,,,
"POLYGON ((-46.6271698 -23.5322545, -46.6271298 -23.5322357, -46.6270888 -23.5322165, -46.6270465 -23.5321967, -46.6270175 -23.5321831, -46.6270045 -23.532177, -46.6269866 -23.5321687, -46.6269616 -23.532157, -46.6269313 -23.5321428, -46.6269174 -23.5321363, -46.6268775 -23.5321176, -46.6268593 -23.532109, -46.6268382 -23.5320991, -46.6268139 -23.5320877, -46.6267933 -23.532078, -46.6267552 -23.5320601, -46.6267099 -23.5320388, -46.626678 -23.5320238, -46.6266688 -23.5320193, -46.6266257 -23.5319982, -46.6265857 -23.5319787, -46.6265422 -23.5319574, -46.6265021 -23.5319378, -46.6264921 -23.5319329, -46.6264884 -23.5319311, -46.6264597 -23.5319172, -46.6264434 -23.5319094, -46.6264155 -23.5318959, -46.6263967 -23.5318869, -46.6263743 -23.5318761, -46.6263728 -23.5318753, -46.6263441 -23.5318615, -46.6263415 -23.5318603, -46.6263354 -23.5318573, -46.6263156 -23.5318478, -46.6262912 -23.531836, -46.626249 -23.5318157, -46.6261898 -23.5319321, -46.6261158 -23.5320767, -46.6262673 -23.5324641, -46.6262814 -23.5324712, -46.6263111 -23.532473, -46.6268667 -23.5323332, -46.6269078 -23.5323232, -46.6271729 -23.5322559, -46.6271698 -23.5322545))",police,Batalhão de Choque,Polícia Militar do Estado de São Paulo,Q10351025,military,police,PMESP,São Paulo,,01106-000,Rua Doutor Jorge Miranda,,,Luz,,,,,,,,,,,,,,,,,,,,,,pt:Polícia Militar do Estado de São Paulo,,,,,,,,,wall,,,,,,,,,,,,,,,,,,,,,,,,,,,,,,,,,,,,,,,,,,,,,,,,,,,
"POLYGON ((-46.5741842 -23.5454733, -46.5741141 -23.5454614, -46.5740971 -23.5455455, -46.5741673 -23.5455574, -46.5741842 -23.5454733))",police,Policia Militar,,,,,,,,,,,,,,,,,,,,,,,,,,,,,,,,,,,,,yes,,,3.5,,,,,,,,,,,,,,,,,,,,,,,,,,,,,,,,,,,,,,,,,,,,,,,,,,,,,,
"POLYGON ((-46.6672784 -23.4740305, -46.667254 -23.474035, -46.6672611 -23.4740676, -46.6672855 -23.4740631, -46.6672784 -23.4740305))",police,Policia Militar,9º BPM/M,,,,,São Paulo,66,02611-002,Avenida Parada Pinto,,,Vila Nova Cachoerinha,,,,,,,,,,,,,,,,,,,,,,,,,yes,,,3.5,,,,,,,,,,,,,,,,,,,,,,,,,,,,,,,,,,,,,,,,,,,,,,,,,,,,,,
"POLYGON ((-46.5869444 -23.5151011, -46.5868845 -23.5150968, -46.5868869 -23.5150681, -46.5869468 -23.5150724, -46.5869444 -23.5151011))",police,Base Comunitaria da PM,Policia Militar,,,,,São Paulo,,,Praça Santo Eduardo,24/7,,Vila Maria,,,,,,,,,,,,,,,,,,,,,,,,,yes,,,3.5,,,,,,,,,,,,,,,,,,,,,,,,,,,,,,,,,,,,,,,,,,,,,,,,,,,,,,
"POLYGON ((-46.6011757 -23.5281125, -46.6016151 -23.5282637, -46.601638 -23.5282715, -46.6016547 -23.5282773, -46.6021338 -23.5284421, -46.6021559 -23.5284596, -46.6021654 -23.5285002, -46.6021363 -23.5289998, -46.6021135 -23.5293921, -46.6021077 -23.5294911, -46.6020766 -23.5294907, -46.6010364 -23.5294774, -46.6009812 -23.5292731, -46.6010378 -23.5289852, -46.6010963 -23.5289335, -46.6011308 -23.5285683, -46.6011368 -23.5285051, -46.6011537 -23.5283265, -46.6011598 -23.5282617, -46.6011646 -23.5282109, -46.6011712 -23.5281408, -46.6011757 -23.5281125))",police,Centro de Treinamento da Guarda Municipal,GCM,,,,,São Paulo,64,03021-020,Avenida Ariston Azevedo,,,Belenzinho,,,,,,,,,,,,,,,,,,,,,,,,,,,,,,,wall,,,,,,,,,,,,,,,,,,,,,,,,,,,,,,,,,,,,,,,,,,,,,,,,,,,
"POLYGON ((-46.678329 -23.4940589, -46.6777771 -23.4940102, -46.6776928 -23.4943596, -46.6776646 -23.4944749, -46.6776115 -23.4946924, -46.6776135 -23.4947116, -46.6776315 -23.4947271, -46.6776504 -23.4947226, -46.6777162 -23.494644, -46.6780162 -23.4943752, -46.678329 -23.4940589))",police,40º Distrito Policial,Polícia Civil do Estado de São Paulo,Q10350993,,,,São Paulo,1251,02721-000,Avenida Deputado Emílio Carlos,,,Limão,,,,,,,,,,,,,,,,,,,,,,,,,,,,,,,wall,,,,,,,,,,,,,,,,,,,,,,,,,,,,,,,,,,,,,,,,,,,,,,,,,,,
"POLYGON ((-46.6779483 -23.4940428, -46.6778154 -23.4940319, -46.6778083 -23.4941046, -46.6779412 -23.4941155, -46.6779483 -23.4940428))",police,9º BPM 2ª Cia,Polícia Militar do Estado de São Paulo,Q10351025,military,police,PMESP,,,,,,,,,,,,,,,,,,,,,,,,,,,,,,,,yes,,,12,,,,silver,hipped,,,,,,,,,,,,,,,,,,,,,,,,,,,,,,,,,,,,,,,,,,,,,,,,,
"POLYGON ((-46.6291238 -23.5317493, -46.6286201 -23.5318791, -46.6285027 -23.5319103, -46.6283853 -23.5319414, -46.6276763 -23.5321223, -46.627691 -23.5320126, -46.6276931 -23.5319967, -46.6276948 -23.5319814, -46.6276965 -23.5319662, -46.6276981 -23.5319521, -46.6277002 -23.5319324, -46.6277037 -23.5319013, -46.627705 -23.53189, -46.6277079 -23.5318635, -46.6277121 -23.5318253, -46.6277165 -23.5317855, -46.6277208 -23.5317459, -46.6277246 -23.5317054, -46.6277264 -23.5316861, -46.6277285 -23.5316637, -46.6277309 -23.5316379, -46.6277474 -23.5314612, -46.6277603 -23.5313874, -46.627764 -23.5313475, -46.6277716 -23.5312649, -46.6277758 -23.5312199, -46.6277823 -23.5311554, -46.6277866 -23.5311122, -46.6277914 -23.5310652, -46.6277957 -23.5310228, -46.6277977 -23.5310016, -46.6278001 -23.530974, -46.627804 -23.5309289, -46.6278078 -23.5308846, -46.6278119 -23.5308381, -46.6278165 -23.530792, -46.6278236 -23.5307791, -46.6278376 -23.5307537, -46.6278536 -23.5307246, -46.627866 -23.530702, -46.6278797 -23.5306773, -46.6278998 -23.5306376, -46.6279053 -23.5306267, -46.627919 -23.5305999, -46.6279369 -23.5305646, -46.6279451 -23.5305484, -46.6279608 -23.5305176, -46.6279823 -23.5304751, -46.628005 -23.5304305, -46.6280241 -23.5303931, -46.6280315 -23.5303784, -46.6280444 -23.530353, -46.6280666 -23.5303094, -46.628091 -23.5302614, -46.6280973 -23.5302489, -46.6281023 -23.5302445, -46.6281269 -23.5302241, -46.6281503 -23.5302107, -46.6281833 -23.5301918, -46.6282219 -23.5301697, -46.6282459 -23.5301554, -46.6282611 -23.5301334, -46.6283324 -23.5300284, -46.6283386 -23.5300188, -46.6283449 -23.5300091, -46.6283908 -23.5299387, -46.6284183 -23.5298765, -46.6284482 -23.5297984, -46.6284497 -23.5297862, -46.6285094 -23.5297685, -46.6285718 -23.5297499, -46.6286332 -23.5299767, -46.6286767 -23.5301351, -46.6286779 -23.5301395, -46.6286886 -23.5301788, -46.6287168 -23.5302812, -46.6287414 -23.530371, -46.6287527 -23.5304122, -46.6288161 -23.53064, -46.6288223 -23.5306622, -46.6288374 -23.5307163, -46.6289789 -23.5312309, -46.629005 -23.5313267, -46.6290311 -23.5314224, -46.6291238 -23.5317493))",police,2º B P Choque,Polícia Militar do Estado de São Paulo,Q10351025,military,police,PMESP,São Paulo,367,01106-000,Rua Doutor Jorge Miranda,,,Luz,,,,,,,,,,,,,,,,,,,,,,pt:Polícia Militar do Estado de São Paulo,,,,,,,,,,,,,,,,,,,,,,,,,,,,,,,,,,,,,,,,,,,,,,,,,,,,,,,,,,,,
"POLYGON ((-46.6290772 -23.5296366, -46.6290353 -23.5296139, -46.6288409 -23.5296708, -46.6289076 -23.5299132, -46.6286332 -23.5299767, -46.6286767 -23.5301351, -46.6286779 -23.5301395, -46.6286886 -23.5301788, -46.6287168 -23.5302812, -46.6287414 -23.530371, -46.6287527 -23.5304122, -46.6288161 -23.53064, -46.6288223 -23.5306622, -46.6288374 -23.5307163, -46.629005 -23.5313267, -46.6290311 -23.5314224, -46.6291238 -23.5317493, -46.6291919 -23.531732, -46.6296231 -23.5316212, -46.6296259 -23.5316174, -46.6296265 -23.5316119, -46.6296064 -23.5315477, -46.6295887 -23.5314839, -46.6295614 -23.5313862, -46.6294988 -23.5311612, -46.6294913 -23.5311337, -46.6294837 -23.5311061, -46.629442 -23.5309544, -46.6293984 -23.5307954, -46.6293829 -23.5307401, -46.6293202 -23.5305175, -46.6292179 -23.5301519, -46.6291806 -23.5300182, -46.6291681 -23.5299722, -46.6291397 -23.5298672, -46.6291078 -23.5297496, -46.6290772 -23.5296366))",police,Corregedoria da Polícia Militar,Polícia Militar do Estado de São Paulo,Q10351025,military,police,PMESP,São Paulo,58,01106-010,Rua Alfredo Maia,,,Luz,,,,,,,,,,,,,,,,,,,,,,pt:Polícia Militar do Estado de São Paulo,,,,,,,,,,,,,,,,,,,,,,,,,,,,,,,,,,,,,,,,,,,,,,,,,,,,,,,,,,,,
"POLYGON ((-46.627401 -23.5323501, -46.6286128 -23.5320328, -46.6286337 -23.532106, -46.6286585 -23.5321872, -46.6286204 -23.5321962, -46.6286258 -23.5322296, -46.6287062 -23.5325036, -46.6287894 -23.5324827, -46.6287963 -23.5325026, -46.6288488 -23.5324908, -46.628873 -23.5325735, -46.628886 -23.5325706, -46.6288956 -23.5326038, -46.6288765 -23.5326079, -46.6288909 -23.5326514, -46.628909 -23.5326476, -46.6289105 -23.5326474, -46.6289204 -23.53268, -46.6289081 -23.5326834, -46.6289348 -23.5327681, -46.6288824 -23.5327793, -46.628889 -23.5328004, -46.6288019 -23.5328198, -46.6288861 -23.5330962, -46.6287566 -23.5331309, -46.6286701 -23.533154, -46.627858 -23.5333706, -46.627809 -23.5333829, -46.6278034 -23.5333674, -46.627714 -23.5333905, -46.627401 -23.5323501))",police,Policia Militar,Polícia Militar do Estado de São Paulo,Q10351025,military,police,PMESP,São Paulo,413,01105-000,Rua João Teodoro,,,Luz,,,,,,,,,,,,,,,,,,,,,,pt:Polícia Militar do Estado de São Paulo,,,,,,,,,,,,,,,,,,,,,,,,,,,,,,,,,,,,,,,,,,,,,,,,,,,,,,,,,,,,
"POLYGON ((-46.6343139 -23.5305916, -46.6342521 -23.530606, -46.6342198 -23.5306135, -46.6341578 -23.530628, -46.6338808 -23.5306926, -46.633845 -23.530701, -46.6338598 -23.5307543, -46.6338971 -23.5308774, -46.6339341 -23.5310018, -46.6339703 -23.5311237, -46.6339864 -23.5311777, -46.6339928 -23.5311993, -46.6340127 -23.5312664, -46.634147 -23.5317183, -46.6341787 -23.5318248, -46.634197 -23.5318867, -46.6342073 -23.5319213, -46.6342124 -23.5319371, -46.6342605 -23.5319247, -46.634352 -23.5319104, -46.6345092 -23.5318858, -46.6345841 -23.5318741, -46.6346689 -23.5318523, -46.6346861 -23.5318226, -46.6346594 -23.5317343, -46.6346303 -23.5316381, -46.634554 -23.5313858, -46.6345254 -23.5312922, -46.6343139 -23.5305916))",police,COPOM   Centro de Operações da Polícia Militar do Estado de São Paulo,Polícia Militar do Estado de São Paulo,Q10351025,military,police,PMESP,São Paulo,158,01122-000,Rua Ribeiro de Lima,,,Luz,,,,,,,,,,,,,,,,,,,,,,pt:Polícia Militar do Estado de São Paulo,,,,,,,,,,,,,,,,,,,,,,,,,,,,,,,,,,,,,,,,,,,,,,,,,,,,,,,,,,,,
"POLYGON ((-46.7702145 -23.6841455, -46.7702143 -23.6842243, -46.7701259 -23.6842241, -46.7701261 -23.6841452, -46.7702145 -23.6841455))",police,Base Comunitária,Polícia Militar do Estado de São Paulo,Q10351025,military,police,PMESP,São Paulo,4000,,Estrada do M'Boi Mirim,,,,,,,,,,,,,,,,,,,,,,,,,pt:Polícia Militar do Estado de São Paulo,,,yes,,,3.5,,,,,,,,,,,,,,,,,,,,,,,,,,,,,,,,,,,,,,,,,,,,,,,,,,,,,,
"POLYGON ((-46.6235042 -23.6174136, -46.6234614 -23.6174257, -46.6234304 -23.6174344, -46.6234899 -23.6176124, -46.6235638 -23.6175917, -46.6235042 -23.6174136))",police,,Polícia Militar do Estado de São Paulo,Q10351025,military,police,PMESP,São Paulo,256,04149-120,Rua Marcos Fernandes,24/7,,Jardim da Saúde,,,,190,,,,,,,,,,,,,,,,,,pt:Polícia Militar do Estado de São Paulo,,,yes,,,3.5,,,,,,,,,,,,,,,,,,,,,,,,,,,,,,,,,,,,,,,,,,,,,,,,,,,,,,
"POLYGON ((-46.6796307 -23.4631711, -46.6788704 -23.4626091, -46.6787923 -23.4627411, -46.6787307 -23.4628787, -46.6793129 -23.4634338, -46.6794486 -23.4633217, -46.6796307 -23.4631711))",police,4ª cia 9º BPMM,Polícia Militar do Estado de São Paulo,Q10351025,military,police,PMESP,São Paulo,546,02870-000,Rua São Gonçalo do Abaeté,,,Parque Tietê,,,,,,,,,,,,,,,,,,,,,,pt:Polícia Militar do Estado de São Paulo,,,,,,,,,,,,,,,,,,,,,,,,,,,,,,,,,,,,,,,,,,,,,,,,,,,,,,,,,,,,
"POLYGON ((-46.6787307 -23.4628787, -46.678669 -23.4630484, -46.6785888 -23.4632652, -46.6785662 -23.4634028, -46.6786649 -23.4636102, -46.6786808 -23.4636293, -46.6788421 -23.4638231, -46.6789433 -23.4637395, -46.6791192 -23.463594, -46.6791521 -23.4635669, -46.6793129 -23.4634338, -46.6787307 -23.4628787))",police,,Polícia Civil do Estado de São Paulo,Q10350993,,,,,,,,,,,,,,,,,,,,,,,,,,,,,,,,pt:Polícia Civil do Estado de São Paulo,,,,,,,,,,,,,,,,,,,,,,,,,,,,,,,,,,,,,,,,,,,,,,,,,,,,,,,,,,,,
"POLYGON ((-46.6790652 -23.4633756, -46.6788152 -23.4636013, -46.6787885 -23.4635765, -46.6787506 -23.4636108, -46.6787116 -23.4635744, -46.6787504 -23.4635393, -46.6787255 -23.463516, -46.6789746 -23.4632911, -46.6790652 -23.4633756))",police,72º Distrito Policial,Polícia Civil do Estado de São Paulo,Q10350993,,,,São Paulo,500,02871-050,Rua Silvio Bueno Peruche,24/7,,Jardim Ondina,,,,,,,,,,,,,,,,,,,,,,,,,yes,,,7.44,,,,,,,,,,,,,,,,,,,,,,,,,,,,,,,,,,,,,,,,,,,,,,,,,,,,,,
"POLYGON ((-46.5848419 -23.5355688, -46.5842585 -23.53542, -46.5846609 -23.5347462, -46.5850176 -23.534836, -46.5850364 -23.5349872, -46.5849975 -23.5351372, -46.5848419 -23.5355688))",police,81º Distrito Policial,Polícia Civil do Estado de São Paulo,Q10350993,,,,São Paulo,2875,03063-000,Avenida Celso Garcia,,,Belem,,,,,,,,,,,,,,,,,,,,,,pt:Polícia Civil do Estado de São Paulo,,,,,,,,,wall,,,,,,,,,,,,,,,,,,,,,,,,,,,,,,,,,,,,,,,,,,,,,,,,,,,
"POLYGON ((-46.6493627 -23.5006207, -46.6492747 -23.5006181, -46.6492677 -23.5008189, -46.6493056 -23.50082, -46.6493062 -23.5008023, -46.6493563 -23.5008037, -46.6493627 -23.5006207))",police,1ª Cia 9º BPMM,Polícia Militar do Estado de São Paulo,Q10351025,military,police,PMESP,São Paulo,677,02519-100,Avenida Casa Verde,,,Jardim São Bento,,,,,,,,,,,,Primeira Compania  Nono Batalhao da Policia Militar,,,,,,,,,,pt:Polícia Militar do Estado de São Paulo,,,yes,,,9,,,,whitesmoke,gabled,,,,,,,,,,,,,,,,,,,,,,,,,,,,,,,,,,,,,,,,,,,,,,,,,
"POLYGON ((-46.6211766 -23.5626498, -46.6211437 -23.5626898, -46.6211141 -23.5626692, -46.621147 -23.5626293, -46.6211766 -23.5626498))",police,2ª CIA - 11º BPM/M,Polícia Militar do Estado de São Paulo,Q10351025,military,police,PMESP,,,,,24/7,,,,,,,,,,,,,,,,,,,,,,,,pt:Polícia Militar do Estado de São Paulo,,,yes,,,3.6,,,,,,,,,,,,,,,,,,,,,,,,,,,,,,,,,,,,,,,,,,,,,,,,,,,,,,
"POLYGON ((-46.7057757 -23.5057068, -46.7057766 -23.5056333, -46.7052868 -23.5056141, -46.7051892 -23.5058059, -46.7053234 -23.5058602, -46.7053835 -23.5057427, -46.7054899 -23.5057427, -46.7054916 -23.505702, -46.7057757 -23.5057068))",police,,,,,,,,,,Avenida General Edgard Facó,,,,,,,,,,,,,,,,,,,,,,,,,,,,yes,,2,6,,,,,,,,,,,,,,,,,,,,,,,,,,,,,,,,,,,,,,,,,,,,,,,,,,,,,,
"POLYGON ((-46.7327293 -23.5235452, -46.7323439 -23.5234361, -46.7322672 -23.5236261, -46.7321936 -23.523807, -46.7320344 -23.5241196, -46.7324991 -23.524341, -46.7325475 -23.5242228, -46.7327293 -23.5235452))",police,2ª CIA do 4º BPM/M,Polícia Militar do Estado de São Paulo,Q10351025,military,police,PMESP,São Paulo,1601,05085-000,Rua Passo da Pátria,,,Bela Aliança,,yes,,,,,,,,,,,,,,,,,,,,pt:Polícia Militar do Estado de São Paulo,,,,,,,,,,,,,,,,,,,,,,,,,,,,,,,,,,,,,,,,,,,,,,,,,,,,,,,,,,,,
"POLYGON ((-46.6952556 -23.5292954, -46.6952556 -23.5292932, -46.6952179 -23.5292935, -46.6951461 -23.5292942, -46.695037 -23.5292962, -46.6950365 -23.5293232, -46.6950437 -23.5296939, -46.6950493 -23.5299897, -46.6951778 -23.5299874, -46.6952531 -23.5299861, -46.6952534 -23.5297449, -46.6952547 -23.5294734, -46.6952556 -23.5292954))",police,7º Distrito Policial,Polícia Civil do Estado de São Paulo,Q10350993,,,,São Paulo,317,05045-020,Rua Camilo,,,Vila Romana,,,,,,,,,,,,,,,,,,,,,,,,Setimo Distrito Policial,,,,,,,,,,,,,,,,,,,,,,,,,,,,,,,,,,,,,,,,,,,,,,,,,,,,,,,,,,
"POLYGON ((-46.6954485 -23.5297446, -46.6954491 -23.5299826, -46.6952531 -23.5299861, -46.6952552 -23.5299077, -46.6952534 -23.5297449, -46.6954485 -23.5297446))",police,4ºBPM - 1ª CIA,Polícia Militar do Estado de São Paulo,Q10351025,military,police,PMESP,São Paulo,801,05044-050,Rua Vespasiano,,,,,,,,,,,,,,,,,,,,,,,,,,,,,,,,,,,,,,,,,,,,,,,,,,,,,,,,,,,,,,,,,,,,,,,,,,,,,,,,,,,,,
"POLYGON ((-46.6022322 -23.6173861, -46.6018679 -23.6175477, -46.6018691 -23.6178269, -46.6023057 -23.6176365, -46.6022322 -23.6173861))",police,Policia Militar do Estado de São Paulo,Polícia Militar do Estado de São Paulo,Q10351025,military,police,PMESP,,,,Rua Volga,,,,,,,,,,,,,,,,,,,,,,,,,,,,,,,,,,,,,,,,,,,,,,,,,,,,,,,,,,,,,,,,,,,,,,,,,,,,,,,,,,,,,
"POLYGON ((-46.602411 -23.6228487, -46.6022031 -23.623173, -46.6019203 -23.6229686, -46.6019372 -23.622593, -46.602411 -23.6228487))",police,26º Distrito Policial da Cidade de São Paulo,Polícia Civil do Estado de São Paulo,Q10350993,,,,,,,Rua Dom Vilares,,,,,,,,,,,,,,,,,,,,,,,,,,,,,,,,,,,,,,,,,,,,,,,,,,,,,,,,,,,,,,,,,,,,,,,,,,,,,,,,,,,,,
"POLYGON ((-46.5843794 -23.5688717, -46.5841402 -23.568885, -46.5841486 -23.5689219, -46.5841526 -23.5689557, -46.5841307 -23.5689996, -46.5841117 -23.5690142, -46.5842832 -23.5694354, -46.5849332 -23.5692509, -46.5848816 -23.5690903, -46.5848459 -23.5685683, -46.5844274 -23.5685929, -46.5844482 -23.56885, -46.5844497 -23.568868, -46.5843794 -23.5688717))",police,57º DP Parque da Mooca,Polícia Civil do Estado de São Paulo,Q10350993,,,,São Paulo,,03195-000,Rua do Oratório,24/7,,Mooca,,,,,,,,,,,,,,,,,,,,,,,,,,,,,,,,,,,,,,,,,,,,,,,,,,,,,,,,,,,,,,,,,,,,,,,,,,,,,,,,,,
"POLYGON ((-46.5919416 -23.570632, -46.5918559 -23.5705569, -46.5915091 -23.5702601, -46.5914289 -23.5703435, -46.5913599 -23.5704153, -46.5913494 -23.5704314, -46.591359 -23.5704579, -46.5913735 -23.5704799, -46.5915619 -23.5707651, -46.5916389 -23.5708818, -46.5916652 -23.5708906, -46.5916863 -23.570885, -46.5919416 -23.570632))",police,18º DP,Polícia Civil do Estado de São Paulo,Q10350993,,,,São Paulo,350,03124-020,Rua Juventus,24/7,,Parque da Moóca,,,,,,,,,,,,,,,,,,,,,,,,,,,,,,,,,,,,,,,,,,,,,,,,,,,,,,,,,,,,,,,,,,,,,,,,,,,,,,,,,,
"POLYGON ((-46.6405238 -23.4668297, -46.6404857 -23.467001, -46.6403837 -23.466979, -46.6402842 -23.4669641, -46.6402782 -23.4669477, -46.64028 -23.4669311, -46.6403096 -23.4668212, -46.6403235 -23.4668137, -46.6403631 -23.4668116, -46.6404784 -23.4668255, -46.6405238 -23.4668297))",police,Polícia Militar,Polícia Militar do Estado de São Paulo,Q10351025,military,police,PMESP,São Paulo,3132,,Avenida Parada Pinto,,,,,,,,,,,,,,,,,,,,,,,,,,,,yes,,,6,,,,,,,,,,,,,,,,,,,,,,,,,,,,,,,,,,,,,,,,,,,,,,,,,,,,,,
"POLYGON ((-46.5991654 -23.5473013, -46.5985479 -23.5472205, -46.5985661 -23.5470043, -46.5991346 -23.5470669, -46.5991654 -23.5473013))",police,Guarda Civil Metropolitana,,,,,,,,,,,,,,,,,,,,,,,,,,,,,,,,,,,,,,,,,,,,,,,,,,,,,,,,,,,,,,,,,,,,,,,,,,,,,,,,,,,,,,,,,,,,,,
"POLYGON ((-46.6443495 -23.5234585, -46.6441698 -23.5233794, -46.6441654 -23.5233872, -46.6441034 -23.5233607, -46.644147 -23.5232652, -46.6442591 -23.523053, -46.6444892 -23.5231504, -46.6444988 -23.5231815, -46.6443495 -23.5234585))",police,2º Distrito Policial,Polícia Civil do Estado de São Paulo,Q10350993,,,,São Paulo,383,01129-000,Rua Jaraguá,24 horas,,Bom Retiro,,,,+55 11 3221-0043,,,,,,,,,,,,,,,,,,,,,,,,,,,,,,,,,,,,,,,,,,,,,,,,,,,,,,,,,,,,,,,,,,,,,,,,,,,,,,
"POLYGON ((-46.5547192 -23.5292881, -46.5544231 -23.5291199, -46.55439 -23.5291681, -46.5546873 -23.5293344, -46.5547192 -23.5292881))",police,Polícia Militar,Polícia Militar do Estado de São Paulo,Q10351025,military,police,PMESP,São Paulo,69A,03090-000,Avenida Aírton Pretini,,,Penha,,,,,,,,,,,,,,,,,,,,,,,,,,,,,,,,,,,,,,,,,,,,,,,,,,,,,,,,,,,,,,,,,,,,,,,,,,,,,,,,,,
"POLYGON ((-46.5544231 -23.5291199, -46.5547192 -23.5292881, -46.5548142 -23.5291501, -46.5550579 -23.528782, -46.5547911 -23.528627, -46.5547625 -23.5286186, -46.5546085 -23.5288461, -46.5545928 -23.5288693, -46.5545075 -23.5289954, -46.5544231 -23.5291199))",police,10º Distrito Policial,Polícia Civil do Estado de São Paulo,Q10350993,,,,São Paulo,69,03090-000,Avenida Aírton Pretini,,,Penha,,,,,,,,,,,,,,,,,,,,,,,,,,,,,,,,,,,,,,,,,,,,,,,,,,,,,,,,,,,,,,,,,,,,,,,,,,,,,,,,,,
"POLYGON ((-46.4413626 -23.4961029, -46.4408454 -23.4963067, -46.4409474 -23.4965291, -46.4410173 -23.4966815, -46.4415411 -23.4964741, -46.4414739 -23.4963343, -46.4413626 -23.4961029))",police,22º Distrito Policial,Polícia Civil do Estado de São Paulo,Q10350993,,,,São Paulo,305,,Rua Américo Gomes da Costa,,,,,,,,,,,,,,,,,,,,,,,,,,,,,,,,,,,,,,,,,,,,,,,,,,,,,,,,,,,,,,,,,,,,,,,,,,,,,,,,,,,,,
"POLYGON ((-46.4412817 -23.4968429, -46.4416449 -23.4966892, -46.4416887 -23.4967801, -46.4414253 -23.4971582, -46.4412817 -23.4968429))",police,29ºBPM/M 2ª Cia PM,Polícia Militar do Estado de São Paulo,Q10351025,military,police,PMESP,São Paulo,,,Avenida Nordestina,,,,,,,,,,,,,,,,,,,,,,,,,,,,,,,,,,wall,,,,,,,,,,,,,,,,,,,,,,,,,,,,,,,,,,,,,,,,,,,,,,,,,,,
"POLYGON ((-46.7058928 -23.5056099, -46.705208 -23.5056038, -46.7048391 -23.5063938, -46.7050622 -23.5065802, -46.7058928 -23.5056099))",police,18º BPM,Polícia Militar do Estado de São Paulo,Q10351025,military,police,PMESP,São Paulo,88,02924-000,Avenida General Edgard Facó,,,,,,,,,,,,,,,,,,,,,,,,,,,,,,,,,,,,,,,,,,,,,,,,,,,,,,,,,,,,,,,,,,,,,,,,,,,,,,,,,,,,,
"POLYGON ((-46.5175844 -23.5789775, -46.5175691 -23.5789687, -46.5170926 -23.5792117, -46.5173607 -23.5799617, -46.5178936 -23.5797653, -46.517831 -23.5795923, -46.5177152 -23.5792889, -46.5176079 -23.5790062, -46.5175844 -23.5789775))",police,41º Distrito Policial - Vila Rica,Polícia Civil do Estado de São Paulo,Q10350993,,,,São Paulo,688,03911-000,Avenida Inconfidência Mineira,,,,,,,+55 11 2724-6200,,,,,,,SP,41º DP - Vila Rica,,,,,,Polícia Civil SP,,,,,,,,,,,,,,,,,,,,,,,,,,,,,,,,,,,,,,,,,,,,,,,,,,,,,,,,,,public,,,,,,
"POLYGON ((-46.6355021 -23.5385245, -46.6349503 -23.5386957, -46.634906 -23.5385486, -46.6348456 -23.5383484, -46.6353759 -23.5381844, -46.6355021 -23.5385245))",police,DHPP,Polícia Civil do Estado de São Paulo,Q10350993,,,,São Paulo,,,Rua Brigadeiro Tobias,24/7,,Santa Ifigênia,,,,,,,,,,,,,,,,,,,,,,,,,,,,,,,,,,,,,,,,,,,,,,,,,,,,,,,,,,,,,,,,,,,,,,,,,,,,,,,,,,
"POLYGON ((-46.4812896 -23.5442739, -46.481336 -23.5442103, -46.4813736 -23.5441497, -46.4813961 -23.5440554, -46.4814116 -23.5439902, -46.4814422 -23.543828, -46.4811419 -23.5437233, -46.4808604 -23.5436166, -46.4808606 -23.5436257, -46.4808501 -23.5436504, -46.4807542 -23.5438756, -46.4806761 -23.544059, -46.4812896 -23.5442739))",police,65º DP,Polícia Civil do Estado de São Paulo,Q10350993,,,,São Paulo,750,03590-060,Avenida Padre Estanislau de Campos,24/7,,Conjunto Habitacional Padre Manoel da Nobrega,,,,,,,,,,,,,,,,,,,,,,,,65 º Distrito Policial;65 DP;65 Delegacia de Policia,,,,,,,,,,,,,,,,,,,,,,,,,,,,,,,,,,,,,,,,,,,,,,,,,,,,,,,,,,
"POLYGON ((-46.5264072 -23.5367895, -46.5266461 -23.5367337, -46.5267008 -23.5367209, -46.5267391 -23.5367119, -46.5267699 -23.5367238, -46.5267963 -23.5367502, -46.5267845 -23.5368089, -46.5267097 -23.5371815, -46.5267082 -23.5371889, -46.5266854 -23.5373025, -46.5263204 -23.5372196, -46.5263531 -23.5370574, -46.5264072 -23.5367895))",police,21º Distrito Policial,Polícia Civil do Estado de São Paulo,Q10350993,,,,São Paulo,1416,03509-000,Avenida Marcondes de Brito,,,Vila Matilde,,,,,,,,,,,,,,,,,,,,,,,,21º DP Vila Matilde,,,,,,,,,,,,,,,,,,,,,,,,,,,,,,,,,,,,,,,,,,,,,,,,,,,,,,,,,,
"POLYGON ((-46.5267082 -23.5371889, -46.5264853 -23.5371444, -46.5264969 -23.5370845, -46.5263531 -23.5370574, -46.5263204 -23.5372196, -46.5266854 -23.5373025, -46.5267082 -23.5371889))",police,Polícia Militar - 3ª Cia. do 8º BPM/M,Polícia Militar do Estado de São Paulo,Q10351025,military,police,PMESP,São Paulo,1416,,Avenida Marcondes de Brito,,,,,,,,,,,,,,,,,,,,,,,,,,,,,,,,,,,,,,,,,,,,,,,,,,,,,,,,,,,,,,,,,,,,,,,,,,,,,,,,,,,,,
"POLYGON ((-46.476684 -23.5184827, -46.4762029 -23.5184458, -46.4762465 -23.5181068, -46.4762925 -23.5178416, -46.4763453 -23.5175372, -46.4763917 -23.5172536, -46.4767001 -23.5172982, -46.4766438 -23.5177678, -46.4766255 -23.5179699, -46.4766473 -23.5181773, -46.4766737 -23.5183689, -46.476684 -23.5184827))",police,Polícia Militar - 39º BPM/M,Polícia Militar do Estado de São Paulo,Q10351025,military,police,PMESP,São Paulo,3311,,Avenida Águia de Haia,24/7,,,,,,,,,,,,,,,,,,,,,,,,,,,,,,,,,,,,,,,,,,,,,,,,,,,,,,,,,,,,,,,,,,,,,,,,,,,,,,,,,,,,
"POLYGON ((-46.6373144 -23.5234223, -46.6374711 -23.524149, -46.637269 -23.5242085, -46.6360808 -23.5245581, -46.6360587 -23.5244895, -46.6358753 -23.523917, -46.6373144 -23.5234223))",police,Denarc,Polícia Civil do Estado de São Paulo,Q10350993,,,,São Paulo,636,01121-010,Rua Rodolfo Miranda,,,Bom Retiro,,,,,,,,,,,,,,,,,,,,,,,,,,,,,,,,,,,,,,,,,,,,,,,,,,,,,,,,,,,,,,,,,,,,,,,,,,,,,,,,,,
"POLYGON ((-46.7142925 -23.5669829, -46.7142597 -23.5680918, -46.7123979 -23.5680029, -46.7124339 -23.5670944, -46.7132712 -23.5671261, -46.713276 -23.5669398, -46.7142925 -23.5669829))",police,Polícia Técnico-Científica,Polícia Científica de São Paulo,Q10374973,,,,,,,,,,,,,,,,,,,,,,,,,,,,,,,,,,,,,,,,,,,,,,,,,,,,,,,,,,,,,,,,,,,,,,,,,,,,,,,,,,,,,,,,,,,,
"POLYGON ((-46.6624786 -23.5229084, -46.6624622 -23.5227626, -46.6624113 -23.5224832, -46.6624095 -23.5224441, -46.6623902 -23.5223625, -46.6618166 -23.5224635, -46.6613818 -23.52254, -46.6613612 -23.5225552, -46.6613533 -23.5225764, -46.6614269 -23.5237016, -46.6614446 -23.5237239, -46.6614684 -23.5237313, -46.6616018 -23.5237053, -46.6617473 -23.5236775, -46.6619848 -23.5236266, -46.661904 -23.5230248, -46.6622362 -23.5229805, -46.6623087 -23.5234919, -46.6624386 -23.523425, -46.6625288 -23.5233786, -46.6624786 -23.5229084))",courthouse,,,,,,,São Paulo,1444,01136-001,Rua do Bosque,,,,,,,,,,,,,,,,,,,,,,,,,,,,,,,,,,,,,,,,,,,,,,,,,,,,,,,,,,,,,,,,,,,,,,,,,,,,,,,,,,,,,
"POLYGON ((-46.6277503 -23.5534499, -46.6273994 -23.5536069, -46.62731 -23.5541992, -46.627339 -23.554256, -46.6280132 -23.5539594, -46.6277503 -23.5534499))",fire_station,Corpo de Bombeiros,,,,,,,,,,,,,,,,,,,,,,,,,,,,,,,,,,,,,,,,,,,,,,,,,,,,,,,,,,,,,,,,,,,,,,,,,,,,,,,,,,,,,,,,,,,,,,
"POLYGON ((-46.6335271 -23.5575745, -46.6335529 -23.5571305, -46.6333442 -23.5571173, -46.6333202 -23.5575642, -46.6335271 -23.5575745))",courthouse,Tribunal de Justiça de São Paulo,,,,,,São Paulo,72,01510-010,Praça Almeida Júnior,,,Liberdade,,,,,,,,,,,,,,,,,,,,,,,,,,,,,,,wall,,,,,,,,,,,,,,,,,,,,,,,,,,,,,,,,,,,,,,,,,,,,,,,,,,,
"POLYGON ((-46.6561195 -23.5518335, -46.6561724 -23.5517515, -46.6563484 -23.5514791, -46.6563734 -23.5514402, -46.6565576 -23.5515356, -46.6563336 -23.5518823, -46.6561195 -23.5518335))",fire_station,"Corpo de Bombeiros, 1ºGB Posto Consolação",,,,,,São Paulo,1663,01301-100,Rua da Consolação,,,,,,,,,,,,,,,,,,,,,,,,,,,,,,,,,,,,,,,,,,,,,,,,,,,,,,,,,,,,,,,,,,,,,,,,,,,,,,,,,,,,,
"POLYGON ((-46.6505335 -23.5509013, -46.6499896 -23.5507219, -46.6498193 -23.5506651, -46.6498501 -23.5505804, -46.6498808 -23.5504958, -46.650609 -23.5507309, -46.6505335 -23.5509013))",police,4º Distrito Policial,Polícia Civil do Estado de São Paulo,Q10350993,,,,São Paulo,246,01303-050,Rua Marquês de Paranaguá,,,,,,,,,,,,,,,,,,,,,,,,,,,,,,,,,,,,,,,,,,,,,,,,,,,,,,,,,,,,,,,,,,,,,,,,,,,,,,,,,,,,,
"POLYGON ((-46.5455998 -23.5622732, -46.545565 -23.5628293, -46.5455399 -23.5628438, -46.5454962 -23.5628511, -46.5452952 -23.562702, -46.5452238 -23.5626341, -46.5451312 -23.5625686, -46.5450598 -23.5625237, -46.5451217 -23.5624164, -46.5452172 -23.562251, -46.5452664 -23.5622541, -46.5455998 -23.5622732))",police,58ºDP,Polícia Civil do Estado de São Paulo,Q10350993,,,,São Paulo,362,,Rua Antúrios,,,,,,,,,,,,,,,,,,,,,,,,,,,58º Distrito Policial,,,,,,,,,,,,,,,,,,,,,,,,,,,,,,,,,,,,,,,,,,,,,,,,,,,,,,,,,,
"POLYGON ((-46.6974403 -23.4943489, -46.697723 -23.4943694, -46.6982514 -23.4944055, -46.6982733 -23.4946252, -46.6983476 -23.4947679, -46.6980563 -23.4948383, -46.6979746 -23.494863, -46.6976506 -23.4949416, -46.6975539 -23.4946226, -46.6974403 -23.4943489))",police,28º Distrito Policial,Polícia Civil do Estado de São Paulo,Q10350993,,,,São Paulo,751,,Avenida Itaberaba,,,,,,,,,,,,,,,,,,,,,,,,,,,,,,,,,,,,,,,,,,,,,,,,,,,,,,,,,,,,,,,,,,,,,,,,,,,,,,,,,,,,,
"POLYGON ((-46.6488706 -23.5003655, -46.6488157 -23.5005054, -46.6487791 -23.5005827, -46.6486716 -23.5008095, -46.6487557 -23.5008376, -46.6487699 -23.5008246, -46.6489806 -23.5008863, -46.6491661 -23.5008682, -46.6491764 -23.5008672, -46.6492489 -23.5008673, -46.6493805 -23.5007945, -46.6493766 -23.5006392, -46.649455 -23.5005665, -46.6495802 -23.5004902, -46.6494447 -23.500435, -46.6493315 -23.5004028, -46.6489615 -23.5003311, -46.6489432 -23.5003276, -46.6489113 -23.5003283, -46.6488809 -23.5003392, -46.6488706 -23.5003655))",police,13º Distrito Policial,Polícia Civil do Estado de São Paulo,Q10350993,,,,São Paulo,677,02519-100,Avenida Casa Verde,,,,,,,,,,,,,,,Decimo Treceiro Distrito Policial,,,,,,,,,,pt:Polícia Civil do Estado de São Paulo,,,,,,,,,,,,,,,,,,,,,,,,,,,,,,,,,,,,,,,,,,,,,,,,,,,,,,,,,,,,
"POLYGON ((-46.6611912 -23.5225739, -46.6611638 -23.5225664, -46.6608695 -23.5226114, -46.6605682 -23.5226574, -46.66058 -23.5227523, -46.6606453 -23.523277, -46.6609121 -23.5232397, -46.6609002 -23.5231562, -46.6610531 -23.5231352, -46.6610521 -23.5231243, -46.6612168 -23.5231034, -46.6611976 -23.5225998, -46.6611912 -23.5225739))",courthouse,TRT 2ª Região,,,,,,São Paulo,121,01139-003,Avenida Marquês de São Vicente,,,,,,,,,,,,,,,,,,,,,,,,,,,,,,,,,,,,,,,,,,,,,,,,,,,,,,,,,,,,,,,,,,,,,,,,,,,,,,,,,,,,,
"POLYGON ((-46.5352864 -23.5996076, -46.5348746 -23.5998372, -46.535072 -23.6001542, -46.5354875 -23.5999294, -46.5352864 -23.5996076))",police,Polícia Militar - 3ª Cia. do 19º BPM/M,Polícia Militar do Estado de São Paulo,Q10351025,military,police,PMESP,,,,,,,,,,,,,,,,,,,,,,,,,,,,,,,,,,,,,,,,,,,,,,,,,,,,,,,,,,,,,,,,,,,,,,,,,,,,,,,,,,,,,,,,,
"POLYGON ((-46.5303678 -23.572181, -46.5301795 -23.5718283, -46.5301559 -23.5717836, -46.5297557 -23.5719636, -46.5299457 -23.5723718, -46.5303678 -23.572181))",fire_station,Policia Militar de São Paulo,,,,,,São Paulo,180,03463-060,Rua Cácio de Moura,,,,,,,,,,,,,,,,,,,,,,,,,,,,,,,,,,,,,,,,,,,,,,,,,,,,,,,,,,,,,,,,,,,,,,,,,,,,,,,,,,,,,
"POLYGON ((-46.6348091 -23.6836642, -46.6346577 -23.6837566, -46.6346267 -23.6835985, -46.6347179 -23.6835434, -46.6348091 -23.6836642))",police,2ª CIA do 22º BPM/M,Polícia Militar do Estado de São Paulo,Q10351025,military,police,PMESP,,,,Avenida Cupecê,,,Jardim Miriam,,,,,,,,,,,,,,,,,,,,,,,,,yes,,,,,,,,,,,,,,,,,,,,,,,,,,,,,,,,,,,,,,,,,,,,,,,,,,,,,,,,,
"POLYGON ((-46.6692284 -23.6563689, -46.6691861 -23.6562865, -46.6689181 -23.6563536, -46.6689515 -23.6564684, -46.6689541 -23.6564769, -46.6689668 -23.6565179, -46.6690112 -23.6566627, -46.669037 -23.6567458, -46.6690586 -23.6568156, -46.6690757 -23.6568708, -46.6695057 -23.6567647, -46.6695635 -23.6567504, -46.6697416 -23.656707, -46.669672 -23.6565848, -46.6696406 -23.6565325, -46.669545 -23.6563704, -46.6695048 -23.6563047, -46.6694156 -23.6563254, -46.6692284 -23.6563689))",police,43º Distrito Policial,Polícia Civil do Estado de São Paulo,Q10350993,,,,São Paulo,1349,04655-002,Rua Antônio Gil,,,,,,,,,,,,,,,,,,,,,,,,,,,43º DP,,,,,,,,,,,,,,,,,,,,,,,,,,,,,,,,,,,,,,,,,,,,,,,,,,,,,Cidade Ademar,,,,,
"POLYGON ((-46.6695401 -23.656671, -46.6695635 -23.6567504, -46.6697416 -23.656707, -46.6696406 -23.6565325, -46.669598 -23.6565454, -46.6696485 -23.656645, -46.6695401 -23.656671))",police,Conseg,Polícia Militar do Estado de São Paulo,Q10351025,military,police,PMESP,,,,,,,,,,,,,,,,,,,,,,,,,,,,,,,,yes,,,5,,,,,,,,,,,,,,,,,,,,,,,,,,,,,,,,,,,,,,,,,,,,,,,,,,,,,,
"POLYGON ((-46.6694156 -23.6563254, -46.6694425 -23.6563866, -46.6694464 -23.6563955, -46.669545 -23.6563704, -46.6695048 -23.6563047, -46.6694156 -23.6563254))",police,3° CIA DO 22°BP,Polícia Militar do Estado de São Paulo,Q10351025,military,police,PMESP,São Paulo,85,,Rua Coronel Francisco Júlio César Alfieri,,,,,,,,,,,,,,,,,,,,,,,,,,,,yes,,,4,,,,,,,,,,,,,,,,,,,,,,,,,,,,,,,,,,,,,,,,,,,,,,,,,,,,,,
"POLYGON ((-46.6238615 -23.5675697, -46.6235727 -23.567623, -46.6236688 -23.5681494, -46.6239607 -23.5680982, -46.6238615 -23.5675697))",police,6º DP,Polícia Civil do Estado de São Paulo,Q10350993,,,,São Paulo,70,,Rua Hermínio Lemos,,,,,limited,,+55 11 3208-6065,,,,,,,,,,,,,,,,,,,,,,,,,,,,,,,,,,,,,,,,,,,,,,,,,,,,,,,,,,,,,,,,,,,,,,,,,,,,,,
"POLYGON ((-46.7397369 -23.4465086, -46.7397649 -23.4464958, -46.7397691 -23.4465208, -46.739754 -23.4466888, -46.7397446 -23.4467926, -46.7397288 -23.4469699, -46.7396148 -23.4478234, -46.7391585 -23.4477781, -46.7392755 -23.4467509, -46.7392823 -23.4467288, -46.7392997 -23.4467078, -46.7396811 -23.446534, -46.7397369 -23.4465086))",fire_station,,,,,,,,,,,,,,,,,,,,,,,,,,,,,,,,,,,,,,,,,,,,wall,,,,,,,,,,,,,,,,,,,,,,,,,,,,,,,,,,,,,,,,,,,,,,,,,,,
"POLYGON ((-46.4885998 -23.6129618, -46.4885295 -23.6129219, -46.4884702 -23.6128914, -46.4881869 -23.6126991, -46.4877986 -23.6129851, -46.487594 -23.6132111, -46.4874969 -23.6133986, -46.4874261 -23.6136438, -46.4876126 -23.613652, -46.4877836 -23.6136589, -46.4880446 -23.6136628, -46.4885738 -23.6136721, -46.4885846 -23.6133677, -46.4885998 -23.6129618))",police,CPA/M-9 - Comando de Policiamento de Área,Polícia Militar do Estado de São Paulo,Q10351025,military,police,PMESP,São Paulo,12.370,,Avenida Sapopemba,24/7,,Fazenda da Juta,,,,,,,,,,,,,,,,,,,,,,,"Contém o (CAEP) - Companhia de Ações Especiais de Polícia.
O CAEP atua na extensão de toda área do CPA/M-9 e reforça o policiamento, em ocorrências complexas e apoio ao policiamento de área.",,,,,,,,,,,,,,,,,,,,,,,,,,,,,,,,,,,,,,,,,,,,,,,,,,,,,,,,,,,
"POLYGON ((-46.6333208 -23.5474839, -46.6332779 -23.5474418, -46.6332584 -23.5474585, -46.6333013 -23.5475006, -46.6333208 -23.5474839))",police,,Polícia Militar do Estado de São Paulo,Q10351025,,,PMESP,São Paulo,86,01015-000,Rua General Carneiro,,,,,,,,,,,,,,,,,,,,,,,,,,,,yes,,,,,,,,,,,,,,,,,,,,,,,,,,,,,,,,,,,,,,,,,,,,,,,,,,,,,,,,,
"POLYGON ((-46.4364945 -23.5964503, -46.436271 -23.5965752, -46.4361592 -23.5964086, -46.4363257 -23.5963146, -46.4363401 -23.5963077, -46.4363506 -23.5963048, -46.4363629 -23.5963044, -46.436381 -23.5963054, -46.4363999 -23.5963088, -46.4364161 -23.5963137, -46.4364256 -23.5963181, -46.4364347 -23.5963272, -46.4364772 -23.5964008, -46.4364891 -23.5964295, -46.4364945 -23.5964503))",police,Inspetoria Regional de São Mateus,Guarda Civil Metropolitana,Q111137534,,,,,,,,,,,,,,,,,,,,,,,,,,,,,,,,,,,,,,,,,,,,,,,,,,,,,,,,,,,,,,,,,,,,,,,,,,,,,,,,,,,,,,,,,,,,
"POLYGON ((-46.6481659 -23.4692189, -46.6485883 -23.4693628, -46.6483872 -23.4697713, -46.647899 -23.4696741, -46.6481659 -23.4692189))",police,38º Distrito Policial - Vila Amália,Polícia Civil do Estado de São Paulo,Q10350993,,,,São Paulo,2387,02611-003,Avenida Parada Pinto,,,Vila Amália,,,,,,,,,,,,,,,,,,,,,,,,,no,,,,,,,,,,,,,,,,,,,,,,,,,,,,,,,,,,,,,,,,,,,,,,,,,,,,,,,,,
"POLYGON ((-46.6398732 -23.543824, -46.6398419 -23.5438559, -46.6399232 -23.5439316, -46.6399328 -23.5439241, -46.6399372 -23.5439192, -46.6399404 -23.5439131, -46.6399418 -23.5439074, -46.639943 -23.5438999, -46.6399431 -23.5438948, -46.6399419 -23.5438882, -46.6399393 -23.5438809, -46.6399346 -23.5438742, -46.6399271 -23.5438664, -46.6398732 -23.543824))",police,Polícia Militar - 2ª CIA do 7º BPM/M,Polícia Militar do Estado de São Paulo,Q10351025,military,police,PMESP,São Paulo,258,01038-000,Rua Dom José de Barros,,,,,,,,,,,,,,,,,,,,,,,,,,,,,,,,,,,,,,,,,,,,,,,,,,,,,,,,,,,,,,,,,,,,,,,,,,,,,,,,,,,,,
"POLYGON ((-46.6108108 -23.4956631, -46.6107903 -23.4957078, -46.6107343 -23.4956861, -46.6107549 -23.4956415, -46.6108108 -23.4956631))",police,Policia Militar,,,,,,São Paulo,,,Praça José Felipetti,,,Parada Inglesa,,,,,,,,,,,,,,,,,,,,,,,,,yes,,,3,,,,,,,,,,,,,,,,,,,,,,,,,,,,,,,,,,,,,,,,,,,,,,,,,,,,,,
"POLYGON ((-46.5941251 -23.5687524, -46.5937714 -23.5688542, -46.5936456 -23.5688904, -46.5937724 -23.5692466, -46.5938078 -23.5693459, -46.5945723 -23.569126, -46.5944301 -23.568979, -46.5943504 -23.5688904, -46.5942906 -23.5688274, -46.5942517 -23.5687899, -46.5942278 -23.5687725, -46.5941919 -23.5687543, -46.594172 -23.5687442, -46.5941251 -23.5687524))",police,Policia Militar de São Paulo,Polícia Militar do Estado de São Paulo,Q10351025,military,police,PMESP,,,,,,,,,,,,,,,,,,,,,,,,,,,,,,,,,,,,,,,,,,,,,,,,,,,,,,,,,,,,,,,,,,,,,,,,,,,,,,,,,,,,,,,,,
"POLYGON ((-46.6375586 -23.6015986, -46.6375635 -23.6020672, -46.6375642 -23.6021432, -46.6375647 -23.6021924, -46.6374553 -23.6021931, -46.6374009 -23.6021936, -46.6373945 -23.6016001, -46.6375586 -23.6015986))",police,3ª Cia,Polícia Militar do Estado de São Paulo,Q10351025,military,police,PMESP,São Paulo,75,,Avenida Onze de Junho,24/7,,,,,,,,,,,,,,,,,,,,,,,,,,,,,,,,,,,,,,,,,,,,,,,,,,,,,,,,,,,,,,,,,,,,,,,,,,,,,,,,,,,,
"POLYGON ((-46.5369808 -23.5489425, -46.5364998 -23.5491584, -46.5367221 -23.5495693, -46.5372484 -23.5493327, -46.5370863 -23.5490631, -46.5370499 -23.5490753, -46.5369808 -23.5489425))",police,Polícia Militar,Polícia Militar do Estado de São Paulo,Q10351025,military,police,PMESP,,2582,,Avenida Conselheiro Carrão,,,,,,,,,,,,,,,,,,,,,,,,,,,,,,,,,,,,,,,,,,,,,,,,,,,,,,,,,,,,,,,,,,,,,,,,,,,,,,,,,,,,,
"POLYGON ((-46.7819869 -23.6630075, -46.7815425 -23.6632533, -46.7812128 -23.6629617, -46.7816596 -23.6627715, -46.7816774 -23.6627641, -46.7817526 -23.6627744, -46.7819869 -23.6630075))",police,37º Batalhão da Policia Militar,Polícia Militar do Estado de São Paulo,Q10351025,military,police,PMESP,,,,Estrada de Itapecerica,,,,,,,,,,,,,,,,,,,,,,,,,,,,,,,,,,,,,,,,,,,,,,,,,,,,,,,,,,,,,,,,,,,,,,,,,,,,,,,,,,,,,
"POLYGON ((-46.4433552 -23.5800379, -46.4431893 -23.5807264, -46.4427692 -23.5806294, -46.4429453 -23.5799225, -46.4433552 -23.5800379))",police,,Polícia Militar do Estado de São Paulo,Q10351025,military,,PMESP,São Paulo,2700,,Avenida Jacu-Pêssego,,,,,,,,,,,,,,,,,,,,,,,,,,,,,,,,,,,,,,,,,,,,,,,,,,,,,,,,,,,,,,,,,,,,,,,,,,,,,,,,,,,,,
"POLYGON ((-46.6722565 -23.5187866, -46.6717294 -23.5187509, -46.671759 -23.5183722, -46.6722552 -23.518564, -46.6722713 -23.5185972, -46.6722565 -23.5187866))",police,Departamento de Operações Policiais Estratégicas,Polícia Civil do Estado de São Paulo,Q10350993,,,,São Paulo,200,011400-130,Rua Tenente Alberto Spicciati,,,Barra Funda,,,,,,,,,,,,DOPE,,,,,,,,,,,,,yes,,,,,,,,,,,,,,,,,,,,,,,,,,,,,,,,,,,,,,,,,,,,,,,,,,,,,,,,,
"POLYGON ((-46.4375843 -23.4853007, -46.4382907 -23.4852124, -46.4382856 -23.4853259, -46.4378618 -23.4856514, -46.4382349 -23.4861159, -46.437643 -23.4865179, -46.4375031 -23.4863728, -46.4373524 -23.4862856, -46.4370443 -23.4860653, -46.4369935 -23.4859901, -46.4369673 -23.4858944, -46.4370641 -23.4856948, -46.4373469 -23.4853631, -46.4374762 -23.485316, -46.4375843 -23.4853007))",police,4º BAEP,Secretaria da Segurança Pública do Estado de São Paulo,Q10295162,,,,,981,,Avenida Doutor José Artur Nova,,,,,,,,,,,,,,,,,,,,,,,,,,,,,,,,,,,,,,,,,,,,,,,,,,,,,,,,,,,,,,,,,,,,,,,,,,,,,,,,,,,,,
"POLYGON ((-46.6342267 -23.5442801, -46.6341992 -23.5442313, -46.6341548 -23.5442524, -46.6341399 -23.5442595, -46.6341674 -23.5443082, -46.6342267 -23.5442801))",police,Posto Policial,Polícia Militar do Estado de São Paulo,Q10351025,military,police,PMESP,,,,,24/7,,,,,,,,,,,,,,,,,,,,,,,,,,,,,,,,,,,,,,,,,,,,,,,,,,,,,,,,,,,,,,,,,,,,,,,,,,,,,,,,,,,,
"POLYGON ((-46.669172 -23.5657565, -46.6695037 -23.5660884, -46.6693111 -23.5662453, -46.6689412 -23.5658806, -46.6691284 -23.565715, -46.669172 -23.5657565))",police,78º Distrito Policial,Polícia Civil do Estado de São Paulo,Q10350993,,,,,,,,,,,2024-05-15,,,,,,,,,,,,,,,,,,,,,,,,,,,,,,,,,,,,,,,,,,,,,,,,,,,,,,,,,,,,,,,,,,,,,,,,,,,,,,,,,
"POLYGON ((-46.4830672 -23.5501115, -46.4828536 -23.5499286, -46.4828491 -23.5499204, -46.482967 -23.5498715, -46.4830752 -23.5498336, -46.4831286 -23.54982, -46.4831992 -23.5498069, -46.4832097 -23.5498349, -46.4832401 -23.549952, -46.4831979 -23.5499878, -46.4830672 -23.5501115))",police,39º BPM/M 2ª CIA,Polícia Militar do Estado de São Paulo,Q10351025,military,,PMESP,São Paulo,1156,03589-001,Avenida Waldemar Tietz,,,,,,,,,,,,,,,,,,,,,,,,,,,,,,,,,,,,,,,,,,,,,,,,,,,,,,,,,,,,,,,,,,,,,,,,,,,,,,,,,,,,,
"POLYGON ((-46.5532511 -23.5753949, -46.553579 -23.5752921, -46.5535903 -23.5753238, -46.5537284 -23.5758092, -46.5537828 -23.5760004, -46.5534511 -23.5760888, -46.5532511 -23.5753949))",courthouse,Forum Regional Vila Prudente,,,,,,São Paulo,3740,,Avenida Sapopemba,,,,,,,,,,,,,,,,,,,,,,,,,,,,,,,,,,,,,,,,,,,,,,,,,,,,,,,,,,,,,,,,,,,,,,,,,,,,,,,,,,,,,
"POLYGON ((-46.648722 -23.456579, -46.6486639 -23.4565954, -46.6485975 -23.4566123, -46.6485785 -23.4566184, -46.6485045 -23.4566184, -46.6486043 -23.456747, -46.6486843 -23.4567343, -46.6487372 -23.4566118, -46.648722 -23.456579))",police,,Polícia Militar do Estado de São Paulo,Q10351025,,,PMESP,São Paulo,,,Avenida Santa Inês,,,,,,,,,,,,,,,,,,,,,,,,,,,,,,,,,,,,,,,,,,,,,,,,,,,,,,,,,,,,,,,,,,,,,,,,,,,,,,,,,yes,asphalt,,,
"POLYGON ((-46.4921278 -23.5538484, -46.4921297 -23.5537561, -46.4921309 -23.5536448, -46.4923224 -23.5535895, -46.4923887 -23.5535703, -46.4924557 -23.5535531, -46.4924694 -23.5535542, -46.49247 -23.5535714, -46.4924358 -23.5538396, -46.4924259 -23.5539173, -46.4923111 -23.5542539, -46.492273 -23.5542981, -46.4922442 -23.5543182, -46.4922129 -23.5543319, -46.4921804 -23.554329, -46.4919364 -23.5542212, -46.4921278 -23.5538484))",police,66º Distrito Policial / 8ª DDM - Delegacia de Polícia de Defesa da Mulher,Polícia Civil do Estado de São Paulo,Q10350993,,,,São Paulo,190,03584-010,Avenida Osvaldo Valle Cordeiro,,,Jardim Brasília,,,,+55 11 2743 3288,,,,,,,,,,,,,,,,,,,,,,,,,,,,,,,,,,,,,,,,,,,,,,,,,,,,,,,,,,,,,,,,,,,,,,,,,,,,,,
"POLYGON ((-46.5673008 -23.5369713, -46.5672087 -23.5371996, -46.5672929 -23.5372264, -46.5673802 -23.5370064, -46.5673008 -23.5369713))",police,Polícia Militar - 8º BPM/M,Polícia Militar do Estado de São Paulo,Q10351025,military,police,PMESP,São Paulo,307,,Rua Vilela,,,,,,,,,,,,,,,,,,,,,,,,,,,,,,,,,,,,,,,,,,,,,,,,,,,,,,,,,,,,,,,,,,,,,,,,,,,,,,,,,,,,,
"POLYGON ((-46.5679892 -23.5317232, -46.5678242 -23.5316796, -46.5677646 -23.5316655, -46.5676538 -23.5320328, -46.5677938 -23.532068, -46.5679436 -23.5321056, -46.5679611 -23.5320466, -46.5678972 -23.5320306, -46.5679873 -23.5317296, -46.5679892 -23.5317232))",courthouse,Forum Regional VIII,Tribunal de Justiça do Estado de São Paulo,Q125454187,,,,São Paulo,,03085-000,Rua Santa Maria,,,,,,,,,,,,,,,,,,,,,,,,,,,,,,,,,,,,,,,,,,,,,,,,,,,,,,,,,,,,,,,,,,,,,,,,,,,,,,,,,,,,,
"POLYGON ((-46.5680925 -23.531401, -46.5675544 -23.5312638, -46.5676485 -23.5309478, -46.5676496 -23.5309449, -46.5676534 -23.5309392, -46.5676584 -23.5309343, -46.5676644 -23.5309306, -46.5676711 -23.5309281, -46.5676782 -23.5309269, -46.5676855 -23.5309271, -46.5676925 -23.5309287, -46.5677174 -23.5309351, -46.5680087 -23.5310103, -46.5681948 -23.531056, -46.5680925 -23.531401))",courthouse,TJSP Almoxerifado Central,,,,,,São Paulo,50,,Rua Carlota Luísa de Jesus,,,,,,,,,,,,,,,,,,,,,,,,,,,,,,,,,,,,,,,,,,,,,,,,,,,,,,,,,,,,,,,,,,,,,,,,,,,,,,,,,,,,,
